<?xml version='1.0' encoding='utf-8'?>
<gpx xmlns="http://www.topografix.com/GPX/1/1" xmlns:xsi="http://www.w3.org/2001/XMLSchema-instance" xsi:schemaLocation="http://www.topografix.com/GPX/1/1 http://www.topografix.com/GPX/1/1/gpx.xsd" version="1.1" creator="FATMAP.com"><metadata /><wpt lat="45.87125" lon="7.05301"><ele>1859.40</ele><name>Arnuva (Start)</name><sym>icons/start.svg</sym><desc>Val Ferret valley bottom checkin.</desc><extensions><station id="arnuva-start" type="start" subtype="start"><accessibility crew_allowed="true" pacer_allowed="false" vehicle_tier="easy" drop_bag_allowed="false" /><services water="true" unmanaged_water="false" food="true" hot_food="true" toilets="true" medical="true" sleep_area="false" /><passes><pass num="1" dist_m="0.00" label="Arnuva (Start)" /></passes></station></extensions></wpt><wpt lat="45.87147" lon="7.05153"><ele>1852.04</ele><name>Arnuva (End)</name><sym>icons/finish.svg</sym><desc>Val Ferret valley bottom checkin.</desc><extensions><station id="arnuva-end" type="finish" subtype="finish"><accessibility crew_allowed="true" pacer_allowed="false" vehicle_tier="easy" drop_bag_allowed="false" /><services water="true" unmanaged_water="false" food="true" hot_food="true" toilets="true" medical="true" sleep_area="false" /><passes><pass num="1" dist_m="26.00" label="Arnuva (End)" /></passes></station></extensions></wpt><wpt lat="45.88471" lon="7.06787"><ele>2184.75</ele><name>Rifugio Elena</name><sym>icons/refuge.svg</sym><desc>Hut below Grand Col Ferret, famous for hot chocolate.</desc><extensions><station id="rifugio-elena" type="segmenting" subtype="aid_station"><accessibility crew_allowed="false" pacer_allowed="false" vehicle_tier="none" drop_bag_allowed="false" /><services water="true" unmanaged_water="false" food="true" hot_food="true" toilets="true" medical="false" sleep_area="false" /><passes><pass num="1" dist_m="2410.16" label="Rifugio Elena" /></passes></station></extensions></wpt><wpt lat="45.88866" lon="7.07779"><ele>2471.12</ele><name>Grand Col Ferret</name><sym>icons/summit.svg</sym><desc>Italy / Switzerland border pass summit (UTMB 62-mile mark).</desc><extensions><station id="grand-col-ferret" type="informational" subtype="summit"><accessibility crew_allowed="false" pacer_allowed="false" vehicle_tier="none" drop_bag_allowed="false" /><services water="false" unmanaged_water="false" food="false" hot_food="false" toilets="false" medical="false" sleep_area="false" /><passes><pass num="1" dist_m="4459.15" label="Grand Col Ferret" /></passes></station></extensions></wpt><wpt lat="45.89907" lon="7.11254"><ele>2088.22</ele><name>La Peule</name><sym>icons/aid_station.svg</sym><desc>Swiss alpage yurt dairy farm refreshment stop.</desc><extensions><station id="la-peule" type="segmenting" subtype="aid_station"><accessibility crew_allowed="false" pacer_allowed="false" vehicle_tier="none" drop_bag_allowed="false" /><services water="true" unmanaged_water="false" food="true" hot_food="true" toilets="true" medical="false" sleep_area="false" /><passes><pass num="1" dist_m="8027.65" label="La Peule" /></passes></station></extensions></wpt><wpt lat="45.9172" lon="7.1008"><ele>1696.89</ele><name>Ferret</name><sym>icons/aid_station.svg</sym><desc>First Swiss village in Val Ferret.</desc><extensions><station id="ferret" type="segmenting" subtype="aid_station"><accessibility crew_allowed="true" pacer_allowed="false" vehicle_tier="easy" drop_bag_allowed="false" /><services water="true" unmanaged_water="false" food="false" hot_food="false" toilets="true" medical="false" sleep_area="false" /><passes><pass num="1" dist_m="11412.42" label="Ferret" /></passes></station></extensions></wpt><wpt lat="45.93329" lon="7.09872"><ele>1602.54</ele><name>La Fouly (Start)</name><sym>icons/start.svg</sym><desc>La Fouly Swiss village start point.</desc><extensions><station id="la-fouly-start" type="start" subtype="start"><accessibility crew_allowed="true" pacer_allowed="false" vehicle_tier="easy" drop_bag_allowed="true" /><services water="true" unmanaged_water="false" food="true" hot_food="true" toilets="true" medical="true" sleep_area="false" /><passes><pass num="1" dist_m="13636.01" label="La Fouly (Start)" /></passes></station></extensions></wpt><wpt lat="45.93274" lon="7.09906"><ele>1602.54</ele><name>La Fouly (End)</name><sym>icons/finish.svg</sym><desc>La Fouly Swiss village checkin.</desc><extensions><station id="la-fouly-end" type="finish" subtype="finish"><accessibility crew_allowed="true" pacer_allowed="false" vehicle_tier="easy" drop_bag_allowed="true" /><services water="true" unmanaged_water="false" food="true" hot_food="true" toilets="true" medical="true" sleep_area="false" /><passes><pass num="1" dist_m="13636.01" label="La Fouly (End)" /></passes></station></extensions></wpt><trk><name /><desc /><trkseg><trkpt lat="45.87125" lon="7.05301"><ele>1859.395578157</ele></trkpt><trkpt lat="45.87125" lon="7.05301"><ele>1859.395578157</ele></trkpt><trkpt lat="45.87125" lon="7.05301"><ele>1859.395578157</ele></trkpt><trkpt lat="45.87125327099999" lon="7.053002367000001"><ele>1859.185350402</ele></trkpt><trkpt lat="45.87127672899998" lon="7.052947632999999"><ele>1857.684040419</ele></trkpt><trkpt lat="45.87128000000002" lon="7.05294"><ele>1857.475530879</ele></trkpt><trkpt lat="45.871281062" lon="7.052931151"><ele>1857.282071936</ele></trkpt><trkpt lat="45.871308938000006" lon="7.052698849"><ele>1852.231896081</ele></trkpt><trkpt lat="45.87131000000001" lon="7.052689999999999"><ele>1852.040593784</ele></trkpt><trkpt lat="45.87131014700001" lon="7.052698969000001"><ele>1852.214170823</ele></trkpt><trkpt lat="45.87131985299998" lon="7.053291031"><ele>1864.590701616</ele></trkpt><trkpt lat="45.87132" lon="7.053299999999999"><ele>1864.887057211</ele></trkpt><trkpt lat="45.871322108000015" lon="7.053308430999999"><ele>1865.128973956</ele></trkpt><trkpt lat="45.871347892000024" lon="7.053411569"><ele>1868.094490546</ele></trkpt><trkpt lat="45.871350000000014" lon="7.05342"><ele>1868.337425424</ele></trkpt><trkpt lat="45.87135417499998" lon="7.053426679999999"><ele>1868.48395108</ele></trkpt><trkpt lat="45.871545825000005" lon="7.05373332"><ele>1875.339727794</ele></trkpt><trkpt lat="45.87155000000002" lon="7.0537399999999995"><ele>1875.49191707</ele></trkpt><trkpt lat="45.87155554300001" lon="7.053744158"><ele>1875.534626715</ele></trkpt><trkpt lat="45.871704457" lon="7.053855841999999"><ele>1876.719299436</ele></trkpt><trkpt lat="45.871710000000014" lon="7.0538599999999985"><ele>1876.764789234</ele></trkpt><trkpt lat="45.87171289200002" lon="7.053867954"><ele>1876.986397994</ele></trkpt><trkpt lat="45.871747107999994" lon="7.053962046"><ele>1879.615453153</ele></trkpt><trkpt lat="45.87175" lon="7.053969999999999"><ele>1879.838339772</ele></trkpt><trkpt lat="45.871754584" lon="7.053976112000001"><ele>1879.969105287</ele></trkpt><trkpt lat="45.87186541599998" lon="7.054123888"><ele>1883.167821571</ele></trkpt><trkpt lat="45.87186999999999" lon="7.054129999999999"><ele>1883.301641041</ele></trkpt><trkpt lat="45.87187255999998" lon="7.054138191"><ele>1883.541468462</ele></trkpt><trkpt lat="45.87191743999999" lon="7.054281809"><ele>1887.761455638</ele></trkpt><trkpt lat="45.87191999999995" lon="7.054289999999999"><ele>1888.002965344</ele></trkpt><trkpt lat="45.87192412499999" lon="7.05429675"><ele>1888.168837955</ele></trkpt><trkpt lat="45.872025875" lon="7.0544632499999995"><ele>1892.29853097</ele></trkpt><trkpt lat="45.87203000000001" lon="7.054469999999999"><ele>1892.467497641</ele></trkpt><trkpt lat="45.87203256000002" lon="7.0544781930000005"><ele>1892.712124937</ele></trkpt><trkpt lat="45.87207744000001" lon="7.054621807"><ele>1897.014726708</ele></trkpt><trkpt lat="45.872079999999976" lon="7.0546299999999995"><ele>1897.261036808</ele></trkpt><trkpt lat="45.87208513299998" lon="7.054635133"><ele>1897.359798234</ele></trkpt><trkpt lat="45.87218486699998" lon="7.054734866999999"><ele>1899.301551468</ele></trkpt><trkpt lat="45.87219" lon="7.05474"><ele>1899.402643175</ele></trkpt><trkpt lat="45.87219623899998" lon="7.054740623999999"><ele>1899.327776543</ele></trkpt><trkpt lat="45.872283760999984" lon="7.054749376"><ele>1898.279283543</ele></trkpt><trkpt lat="45.87228999999999" lon="7.05475"><ele>1898.204670169</ele></trkpt><trkpt lat="45.87229284899999" lon="7.054757978"><ele>1898.443343187</ele></trkpt><trkpt lat="45.87233715100002" lon="7.054882022000001"><ele>1902.167133046</ele></trkpt><trkpt lat="45.87233999999999" lon="7.05489"><ele>1902.40743461</ele></trkpt><trkpt lat="45.87234600900001" lon="7.054887597"><ele>1902.230613864</ele></trkpt><trkpt lat="45.87238399099998" lon="7.054872403"><ele>1901.11142418</ele></trkpt><trkpt lat="45.87239000000001" lon="7.054869999999999"><ele>1900.934145672</ele></trkpt><trkpt lat="45.872396228" lon="7.054869999999999"><ele>1900.839209988</ele></trkpt><trkpt lat="45.87242377199999" lon="7.054869999999999"><ele>1900.419353823</ele></trkpt><trkpt lat="45.872430000000016" lon="7.054869999999999"><ele>1900.324418139</ele></trkpt><trkpt lat="45.87243413499999" lon="7.054876616"><ele>1900.497966856</ele></trkpt><trkpt lat="45.87247586500003" lon="7.054943384000001"><ele>1902.256161359</ele></trkpt><trkpt lat="45.87248" lon="7.054949999999999"><ele>1902.431023752</ele></trkpt><trkpt lat="45.872485823" lon="7.054952911"><ele>1902.447711962</ele></trkpt><trkpt lat="45.87255417699998" lon="7.054987089"><ele>1902.649107451</ele></trkpt><trkpt lat="45.87255999999999" lon="7.05499"><ele>1902.666730644</ele></trkpt><trkpt lat="45.872564477000005" lon="7.054996155000001"><ele>1902.821511222</ele></trkpt><trkpt lat="45.872635522999985" lon="7.055093844999999"><ele>1905.293912014</ele></trkpt><trkpt lat="45.872640000000004" lon="7.0551"><ele>1905.450705281</ele></trkpt><trkpt lat="45.87264330499999" lon="7.055107435999999"><ele>1905.671265994</ele></trkpt><trkpt lat="45.87275669500001" lon="7.055362563999999"><ele>1913.3026815</ele></trkpt><trkpt lat="45.87275999999999" lon="7.055369999999999"><ele>1913.526999316</ele></trkpt><trkpt lat="45.872764828000015" lon="7.055375518"><ele>1913.65990057</ele></trkpt><trkpt lat="45.87282517199999" lon="7.055444482"><ele>1915.330655611</ele></trkpt><trkpt lat="45.87282999999999" lon="7.0554499999999996"><ele>1915.465113815</ele></trkpt><trkpt lat="45.872835605000006" lon="7.055453881"><ele>1915.528853265</ele></trkpt><trkpt lat="45.87295439500001" lon="7.055536119"><ele>1916.901754067</ele></trkpt><trkpt lat="45.87296000000002" lon="7.05554"><ele>1916.967583529</ele></trkpt><trkpt lat="45.87296000000002" lon="7.055548651999999"><ele>1917.28684503</ele></trkpt><trkpt lat="45.87296000000002" lon="7.055551348"><ele>1917.386295061</ele></trkpt><trkpt lat="45.87296000000002" lon="7.05556"><ele>1917.705556562</ele></trkpt><trkpt lat="45.87295420300002" lon="7.055563313"><ele>1917.907458077</ele></trkpt><trkpt lat="45.872825796999976" lon="7.055636687"><ele>1922.358175749</ele></trkpt><trkpt lat="45.872819999999976" lon="7.0556399999999995"><ele>1922.558152482</ele></trkpt><trkpt lat="45.872816359000005" lon="7.055647282000002"><ele>1922.874000935</ele></trkpt><trkpt lat="45.87281364100001" lon="7.055652718000001"><ele>1923.109747638</ele></trkpt><trkpt lat="45.872810000000015" lon="7.0556600000000005"><ele>1923.425395612</ele></trkpt><trkpt lat="45.872814059999996" lon="7.055666767000001"><ele>1923.618001204</ele></trkpt><trkpt lat="45.87283594000002" lon="7.055703233000001"><ele>1924.65797974</ele></trkpt><trkpt lat="45.872840000000004" lon="7.055710000000001"><ele>1924.851345303</ele></trkpt><trkpt lat="45.872845395000006" lon="7.0557144140000005"><ele>1924.940703228</ele></trkpt><trkpt lat="45.87294460499998" lon="7.055795586"><ele>1926.602176906</ele></trkpt><trkpt lat="45.87295000000001" lon="7.0558"><ele>1926.693534064</ele></trkpt><trkpt lat="45.872954516999975" lon="7.055806023000001"><ele>1926.855938129</ele></trkpt><trkpt lat="45.872975483000005" lon="7.055833977"><ele>1927.611240011</ele></trkpt><trkpt lat="45.87297999999997" lon="7.055840000000001"><ele>1927.774308579</ele></trkpt><trkpt lat="45.87298078000002" lon="7.055848844000001"><ele>1928.090780515</ele></trkpt><trkpt lat="45.87300922" lon="7.056171156"><ele>1939.644754495</ele></trkpt><trkpt lat="45.873009999999994" lon="7.056180000000001"><ele>1939.962345258</ele></trkpt><trkpt lat="45.873012351999975" lon="7.056188231"><ele>1940.237820609</ele></trkpt><trkpt lat="45.873087647999995" lon="7.056451769000001"><ele>1949.101920887</ele></trkpt><trkpt lat="45.87309" lon="7.0564599999999995"><ele>1949.380163425</ele></trkpt><trkpt lat="45.873094095999996" lon="7.056466553"><ele>1949.575540398</ele></trkpt><trkpt lat="45.873135904" lon="7.056533446999999"><ele>1951.576478706</ele></trkpt><trkpt lat="45.87313999999999" lon="7.056539999999999"><ele>1951.773158125</ele></trkpt><trkpt lat="45.873140976999984" lon="7.056548790000001"><ele>1952.089569397</ele></trkpt><trkpt lat="45.873149022999996" lon="7.056621210000001"><ele>1954.698017349</ele></trkpt><trkpt lat="45.87315000000001" lon="7.056629999999999"><ele>1955.014772004</ele></trkpt><trkpt lat="45.87315000000001" lon="7.0566388270000004"><ele>1955.344122785</ele></trkpt><trkpt lat="45.87315000000001" lon="7.056671172999999"><ele>1956.550919079</ele></trkpt><trkpt lat="45.87315000000001" lon="7.056679999999999"><ele>1956.88026986</ele></trkpt><trkpt lat="45.873153065" lon="7.056687150999999"><ele>1957.112426306</ele></trkpt><trkpt lat="45.87317693500001" lon="7.056742849"><ele>1958.92376758</ele></trkpt><trkpt lat="45.87318" lon="7.056750000000001"><ele>1959.156758002</ele></trkpt><trkpt lat="45.87318597899999" lon="7.056750746999999"><ele>1959.117895791</ele></trkpt><trkpt lat="45.87325402100002" lon="7.056759253000001"><ele>1958.676970365</ele></trkpt><trkpt lat="45.87326000000001" lon="7.056759999999999"><ele>1958.638347658</ele></trkpt><trkpt lat="45.87326608399999" lon="7.056758175000001"><ele>1958.501947965</ele></trkpt><trkpt lat="45.87335391599998" lon="7.056731824999998"><ele>1956.5273517</ele></trkpt><trkpt lat="45.87336" lon="7.05673"><ele>1956.390209885</ele></trkpt><trkpt lat="45.87336590300003" lon="7.056732214000001"><ele>1956.407621572</ele></trkpt><trkpt lat="45.87343409700001" lon="7.056757786"><ele>1956.612862575</ele></trkpt><trkpt lat="45.87344000000001" lon="7.056759999999999"><ele>1956.630984433</ele></trkpt><trkpt lat="45.87344615500002" lon="7.056758769"><ele>1956.515631304</ele></trkpt><trkpt lat="45.873483845" lon="7.056751231000001"><ele>1955.808509375</ele></trkpt><trkpt lat="45.873490000000004" lon="7.056750000000001"><ele>1955.692922575</ele></trkpt><trkpt lat="45.873494376000004" lon="7.056755835000001"><ele>1955.86606629</ele></trkpt><trkpt lat="45.873515624" lon="7.056784165"><ele>1956.708357627</ele></trkpt><trkpt lat="45.87352" lon="7.05679"><ele>1956.882148642</ele></trkpt><trkpt lat="45.87351521299999" lon="7.056795744"><ele>1957.15408056</ele></trkpt><trkpt lat="45.873474787000006" lon="7.056844256"><ele>1959.445857468</ele></trkpt><trkpt lat="45.873470000000005" lon="7.056849999999999"><ele>1959.71666493</ele></trkpt><trkpt lat="45.873470000000005" lon="7.056858612"><ele>1960.043932137</ele></trkpt><trkpt lat="45.873470000000005" lon="7.056891388"><ele>1961.289531983</ele></trkpt><trkpt lat="45.873470000000005" lon="7.0569"><ele>1961.61679919</ele></trkpt><trkpt lat="45.873475587000016" lon="7.056903352000001"><ele>1961.683619043</ele></trkpt><trkpt lat="45.87351441300001" lon="7.056926648000001"><ele>1962.150213602</ele></trkpt><trkpt lat="45.87352" lon="7.0569299999999995"><ele>1962.217678046</ele></trkpt><trkpt lat="45.87352380400001" lon="7.056936657"><ele>1962.430428453</ele></trkpt><trkpt lat="45.87355619600002" lon="7.056993343000001"><ele>1964.246348729</ele></trkpt><trkpt lat="45.873560000000005" lon="7.056999999999999"><ele>1964.460142435</ele></trkpt><trkpt lat="45.873566003" lon="7.057002001000001"><ele>1964.472773738</ele></trkpt><trkpt lat="45.873733996999974" lon="7.057057999"><ele>1964.847379271</ele></trkpt><trkpt lat="45.87374" lon="7.05706"><ele>1964.861517896</ele></trkpt><trkpt lat="45.873744931999994" lon="7.057064931999999"><ele>1965.000075598</ele></trkpt><trkpt lat="45.87377506799999" lon="7.057095068"><ele>1965.849055684</ele></trkpt><trkpt lat="45.873780000000004" lon="7.057100000000001"><ele>1965.988362175</ele></trkpt><trkpt lat="45.87378076700001" lon="7.057108434000001"><ele>1966.306554547</ele></trkpt><trkpt lat="45.873789233" lon="7.057201566"><ele>1969.8221678</ele></trkpt><trkpt lat="45.87378999999999" lon="7.05721"><ele>1970.140697322</ele></trkpt><trkpt lat="45.87379615700001" lon="7.057210684"><ele>1970.104512375</ele></trkpt><trkpt lat="45.873963843000006" lon="7.057229316"><ele>1969.126035198</ele></trkpt><trkpt lat="45.87396999999999" lon="7.05723"><ele>1969.090365165</ele></trkpt><trkpt lat="45.87397454600001" lon="7.057223939"><ele>1968.807332669</ele></trkpt><trkpt lat="45.87402545399999" lon="7.057156060999999"><ele>1965.629573921</ele></trkpt><trkpt lat="45.874030000000005" lon="7.05715"><ele>1965.345086169</ele></trkpt><trkpt lat="45.874036221999994" lon="7.05715"><ele>1965.280955432</ele></trkpt><trkpt lat="45.87417377800002" lon="7.05715"><ele>1963.863032659</ele></trkpt><trkpt lat="45.87417999999999" lon="7.05715"><ele>1963.798901922</ele></trkpt><trkpt lat="45.87418470299999" lon="7.057155533"><ele>1963.969253308</ele></trkpt><trkpt lat="45.874345297" lon="7.057344467"><ele>1969.853785107</ele></trkpt><trkpt lat="45.87434999999999" lon="7.057349999999999"><ele>1970.02809633</ele></trkpt><trkpt lat="45.874356070000005" lon="7.057352023"><ele>1970.048927049</ele></trkpt><trkpt lat="45.87440393000002" lon="7.057367977000001"><ele>1970.21504618</ele></trkpt><trkpt lat="45.87441000000003" lon="7.05737"><ele>1970.236349315</ele></trkpt><trkpt lat="45.87441511399999" lon="7.057375114000001"><ele>1970.390891357</ele></trkpt><trkpt lat="45.874584886" lon="7.057544885999999"><ele>1975.585135015</ele></trkpt><trkpt lat="45.874590000000005" lon="7.05755"><ele>1975.743549652</ele></trkpt><trkpt lat="45.87459562099999" lon="7.057553934999998"><ele>1975.849596331</ele></trkpt><trkpt lat="45.874684379" lon="7.057616065"><ele>1977.536751088</ele></trkpt><trkpt lat="45.874689999999994" lon="7.05762"><ele>1977.644405647</ele></trkpt><trkpt lat="45.87469400300001" lon="7.057626671"><ele>1977.878415084</ele></trkpt><trkpt lat="45.874745996999984" lon="7.057713328999999"><ele>1980.640249341</ele></trkpt><trkpt lat="45.87475" lon="7.05772"><ele>1980.840652624</ele></trkpt><trkpt lat="45.874755075999985" lon="7.057725076"><ele>1980.957390088</ele></trkpt><trkpt lat="45.87486492400001" lon="7.057834924"><ele>1983.430898639</ele></trkpt><trkpt lat="45.874869999999994" lon="7.05784"><ele>1983.542755223</ele></trkpt><trkpt lat="45.87487165900001" lon="7.057848293"><ele>1983.844784963</ele></trkpt><trkpt lat="45.874878340999985" lon="7.057881707000001"><ele>1985.060489067</ele></trkpt><trkpt lat="45.87487999999998" lon="7.05789"><ele>1985.361939998</ele></trkpt><trkpt lat="45.874877397000006" lon="7.057897808"><ele>1985.721649455</ele></trkpt><trkpt lat="45.87484260299995" lon="7.058002192000001"><ele>1990.547083019</ele></trkpt><trkpt lat="45.87484000000003" lon="7.0580099999999995"><ele>1990.909235563</ele></trkpt><trkpt lat="45.87484206499999" lon="7.05801826"><ele>1991.202172704</ele></trkpt><trkpt lat="45.87488793500001" lon="7.058201740000001"><ele>1997.672297862</ele></trkpt><trkpt lat="45.87488999999999" lon="7.05821"><ele>1997.961922071</ele></trkpt><trkpt lat="45.87488380799996" lon="7.058211238"><ele>1998.132538613</ele></trkpt><trkpt lat="45.87484619200001" lon="7.058218762"><ele>1999.170410627</ele></trkpt><trkpt lat="45.87484000000003" lon="7.05822"><ele>1999.341481095</ele></trkpt><trkpt lat="45.87483735199999" lon="7.058227944000002"><ele>1999.712443144</ele></trkpt><trkpt lat="45.874832647999995" lon="7.058242056"><ele>2000.371914901</ele></trkpt><trkpt lat="45.87483000000001" lon="7.058250000000001"><ele>2000.743365611</ele></trkpt><trkpt lat="45.87483358800001" lon="7.058257176"><ele>2000.960919346</ele></trkpt><trkpt lat="45.874886412" lon="7.058362824"><ele>2004.138855237</ele></trkpt><trkpt lat="45.87488999999999" lon="7.058370000000001"><ele>2004.353021841</ele></trkpt><trkpt lat="45.87489472300001" lon="7.058375667999999"><ele>2004.48375871</ele></trkpt><trkpt lat="45.874985277000015" lon="7.058484332"><ele>2006.946939406</ele></trkpt><trkpt lat="45.87499000000001" lon="7.058490000000001"><ele>2007.073157933</ele></trkpt><trkpt lat="45.87499581599998" lon="7.058493131999999"><ele>2007.076288403</ele></trkpt><trkpt lat="45.87511418399999" lon="7.058556868"><ele>2007.106881907</ele></trkpt><trkpt lat="45.87512000000001" lon="7.058560000000001"><ele>2007.106758117</ele></trkpt><trkpt lat="45.875125215000004" lon="7.058564741"><ele>2007.181825481</ele></trkpt><trkpt lat="45.87522478499999" lon="7.058655259"><ele>2008.575313714</ele></trkpt><trkpt lat="45.87522999999999" lon="7.058659999999999"><ele>2008.646224266</ele></trkpt><trkpt lat="45.875236138999995" lon="7.058661534999999"><ele>2008.57367122</ele></trkpt><trkpt lat="45.875263861000015" lon="7.058668465"><ele>2008.245030034</ele></trkpt><trkpt lat="45.87526999999999" lon="7.058669999999999"><ele>2008.172042186</ele></trkpt><trkpt lat="45.875274619999985" lon="7.058675774999999"><ele>2008.294171777</ele></trkpt><trkpt lat="45.875305379999986" lon="7.058714225"><ele>2009.101583975</ele></trkpt><trkpt lat="45.87531000000003" lon="7.058720000000001"><ele>2009.237231052</ele></trkpt><trkpt lat="45.875316134" lon="7.058718247"><ele>2009.031143738</ele></trkpt><trkpt lat="45.875373866" lon="7.0587017529999985"><ele>2007.144527578</ele></trkpt><trkpt lat="45.87538" lon="7.0587"><ele>2006.945517153</ele></trkpt><trkpt lat="45.875384999999994" lon="7.058694999999999"><ele>2006.648096561</ele></trkpt><trkpt lat="45.87539000000001" lon="7.05869"><ele>2006.350885147</ele></trkpt><trkpt lat="45.875396107" lon="7.058691527"><ele>2006.276920332</ele></trkpt><trkpt lat="45.87546389300003" lon="7.058708473"><ele>2005.450649298</ele></trkpt><trkpt lat="45.87547" lon="7.05871"><ele>2005.375740572</ele></trkpt><trkpt lat="45.87547618999999" lon="7.058709047999999"><ele>2005.205996089</ele></trkpt><trkpt lat="45.87559380999998" lon="7.058690952000001"><ele>2001.99019288</ele></trkpt><trkpt lat="45.87559999999995" lon="7.05869"><ele>2001.821434993</ele></trkpt><trkpt lat="45.87560347100001" lon="7.058696941999999"><ele>2002.003136995</ele></trkpt><trkpt lat="45.87561652900002" lon="7.058723057999999"><ele>2002.720360981</ele></trkpt><trkpt lat="45.87561999999998" lon="7.058729999999999"><ele>2002.934732166</ele></trkpt><trkpt lat="45.87561732699997" lon="7.058738019"><ele>2003.327232974</ele></trkpt><trkpt lat="45.875612673" lon="7.058751981"><ele>2004.010590476</ele></trkpt><trkpt lat="45.87560999999999" lon="7.058760000000001"><ele>2004.403094528</ele></trkpt><trkpt lat="45.87561600899999" lon="7.058762002999999"><ele>2004.356400984</ele></trkpt><trkpt lat="45.87563399099998" lon="7.058767997"><ele>2004.216652669</ele></trkpt><trkpt lat="45.87564000000001" lon="7.05877"><ele>2004.169956472</ele></trkpt><trkpt lat="45.875645670999994" lon="7.058766219"><ele>2003.889297881</ele></trkpt><trkpt lat="45.87566432900004" lon="7.058753781"><ele>2002.965910022</ele></trkpt><trkpt lat="45.87567" lon="7.058749999999999"><ele>2002.68525651</ele></trkpt><trkpt lat="45.875674999000005" lon="7.058754999"><ele>2002.785435296</ele></trkpt><trkpt lat="45.875685001" lon="7.058765001"><ele>2002.98588724</ele></trkpt><trkpt lat="45.87569" lon="7.05877"><ele>2003.086061886</ele></trkpt><trkpt lat="45.87569409400001" lon="7.058776433"><ele>2003.265698449</ele></trkpt><trkpt lat="45.87575590600001" lon="7.058873567000001"><ele>2005.977719676</ele></trkpt><trkpt lat="45.87576000000002" lon="7.05888"><ele>2006.157332829</ele></trkpt><trkpt lat="45.875762621" lon="7.058887863"><ele>2006.428501994</ele></trkpt><trkpt lat="45.87582737899997" lon="7.059082136999998"><ele>2013.128411752</ele></trkpt><trkpt lat="45.87582999999999" lon="7.059090000000001"><ele>2013.399551667</ele></trkpt><trkpt lat="45.87583528799998" lon="7.059094531999999"><ele>2013.473935569</ele></trkpt><trkpt lat="45.87589471200001" lon="7.0591454680000005"><ele>2014.309816718</ele></trkpt><trkpt lat="45.875899999999966" lon="7.059150000000001"><ele>2014.384184426</ele></trkpt><trkpt lat="45.875902094" lon="7.059158377"><ele>2014.688181015</ele></trkpt><trkpt lat="45.875907906" lon="7.059181623000001"><ele>2015.531768372</ele></trkpt><trkpt lat="45.875910000000005" lon="7.059190000000002"><ele>2015.835761305</ele></trkpt><trkpt lat="45.87590931700001" lon="7.059198881999998"><ele>2016.221082594</ele></trkpt><trkpt lat="45.87590068300001" lon="7.059311117999999"><ele>2021.089867453</ele></trkpt><trkpt lat="45.875899999999966" lon="7.059319999999999"><ele>2021.475193311</ele></trkpt><trkpt lat="45.87590623500001" lon="7.059319999999999"><ele>2021.33993919</ele></trkpt><trkpt lat="45.87593376500001" lon="7.059319999999999"><ele>2020.742720448</ele></trkpt><trkpt lat="45.87594" lon="7.059319999999999"><ele>2020.607466326</ele></trkpt><trkpt lat="45.87594475700002" lon="7.059325709"><ele>2020.742375455</ele></trkpt><trkpt lat="45.875985243" lon="7.059374290999999"><ele>2021.890471793</ele></trkpt><trkpt lat="45.875990000000016" lon="7.059380000000001"><ele>2022.025366661</ele></trkpt><trkpt lat="45.87599623" lon="7.059380000000001"><ele>2021.890207145</ele></trkpt><trkpt lat="45.87601376999998" lon="7.059380000000001"><ele>2021.509680253</ele></trkpt><trkpt lat="45.87601999999998" lon="7.059380000000001"><ele>2021.374520737</ele></trkpt><trkpt lat="45.876024272999985" lon="7.059386409"><ele>2021.549131435</ele></trkpt><trkpt lat="45.87603572699999" lon="7.059403591"><ele>2022.017256688</ele></trkpt><trkpt lat="45.87603999999999" lon="7.05941"><ele>2022.191861822</ele></trkpt><trkpt lat="45.87604623300002" lon="7.05941"><ele>2022.05663509</ele></trkpt><trkpt lat="45.876073767000015" lon="7.05941"><ele>2021.45926</ele></trkpt><trkpt lat="45.876079999999995" lon="7.05941"><ele>2021.324033268</ele></trkpt><trkpt lat="45.87608492499999" lon="7.059415336"><ele>2021.439710459</ele></trkpt><trkpt lat="45.876195074999984" lon="7.059534664000001"><ele>2024.026360132</ele></trkpt><trkpt lat="45.87619999999998" lon="7.059540000000001"><ele>2024.142003422</ele></trkpt><trkpt lat="45.876206144" lon="7.059541536000001"><ele>2024.072743216</ele></trkpt><trkpt lat="45.876273856" lon="7.059558463999999"><ele>2023.309346587</ele></trkpt><trkpt lat="45.87628000000002" lon="7.059560000000001"><ele>2023.240080118</ele></trkpt><trkpt lat="45.87628486299999" lon="7.059565558"><ele>2023.366328397</ele></trkpt><trkpt lat="45.87648513700002" lon="7.059794442"><ele>2028.563825655</ele></trkpt><trkpt lat="45.87648999999998" lon="7.0598"><ele>2028.690010979</ele></trkpt><trkpt lat="45.87649359700001" lon="7.059807195"><ele>2028.911906565</ele></trkpt><trkpt lat="45.87654640299999" lon="7.059912805000001"><ele>2032.169002941</ele></trkpt><trkpt lat="45.876549999999995" lon="7.05992"><ele>2032.390876121</ele></trkpt><trkpt lat="45.876555107" lon="7.059925107"><ele>2032.492939389</ele></trkpt><trkpt lat="45.876614893" lon="7.059984893"><ele>2033.687567109</ele></trkpt><trkpt lat="45.87661999999999" lon="7.059990000000001"><ele>2033.789612078</ele></trkpt><trkpt lat="45.87662338799999" lon="7.059997453"><ele>2034.026790705</ele></trkpt><trkpt lat="45.87666661200001" lon="7.060092547000001"><ele>2037.052816535</ele></trkpt><trkpt lat="45.87666999999998" lon="7.0601"><ele>2037.289975981</ele></trkpt><trkpt lat="45.876675597999984" lon="7.060103998000001"><ele>2037.335115512</ele></trkpt><trkpt lat="45.877084402000015" lon="7.060396002"><ele>2040.628282814</ele></trkpt><trkpt lat="45.87709000000002" lon="7.0604"><ele>2040.673330859</ele></trkpt><trkpt lat="45.877093779999996" lon="7.060407087999999"><ele>2040.886640565</ele></trkpt><trkpt lat="45.87716622" lon="7.060542912"><ele>2044.9736875</ele></trkpt><trkpt lat="45.87717" lon="7.060550000000001"><ele>2045.186967376</ele></trkpt><trkpt lat="45.87717161299999" lon="7.060558467000001"><ele>2045.504809624</ele></trkpt><trkpt lat="45.877208386999996" lon="7.060751533"><ele>2052.751925009</ele></trkpt><trkpt lat="45.877209999999984" lon="7.06076"><ele>2053.069749311</ele></trkpt><trkpt lat="45.87721601200001" lon="7.060762338"><ele>2053.036525848</ele></trkpt><trkpt lat="45.87738398799998" lon="7.060827662"><ele>2052.107918944</ele></trkpt><trkpt lat="45.877389999999984" lon="7.060829999999999"><ele>2052.074673022</ele></trkpt><trkpt lat="45.877394563" lon="7.060836082999999"><ele>2052.229003325</ele></trkpt><trkpt lat="45.87747543699998" lon="7.0609439169999995"><ele>2054.964364511</ele></trkpt><trkpt lat="45.87747999999998" lon="7.060950000000001"><ele>2055.118666116</ele></trkpt><trkpt lat="45.87748554299999" lon="7.060954156999999"><ele>2055.171393662</ele></trkpt><trkpt lat="45.877554457" lon="7.061005843"><ele>2055.826811167</ele></trkpt><trkpt lat="45.87756000000002" lon="7.0610100000000005"><ele>2055.879521621</ele></trkpt><trkpt lat="45.877566164" lon="7.061010616000001"><ele>2055.771189795</ele></trkpt><trkpt lat="45.877653836" lon="7.061019384"><ele>2054.230439906</ele></trkpt><trkpt lat="45.87765999999998" lon="7.06102"><ele>2054.122104886</ele></trkpt><trkpt lat="45.877664647" lon="7.061025974"><ele>2054.269995127</ele></trkpt><trkpt lat="45.877725353" lon="7.061104026000001"><ele>2056.201896939</ele></trkpt><trkpt lat="45.87772999999998" lon="7.06111"><ele>2056.349765622</ele></trkpt><trkpt lat="45.87773265699999" lon="7.061117971"><ele>2056.624071407</ele></trkpt><trkpt lat="45.877737343" lon="7.061132029"><ele>2057.107860691</ele></trkpt><trkpt lat="45.87774000000002" lon="7.061140000000001"><ele>2057.382163244</ele></trkpt><trkpt lat="45.877741224" lon="7.061148565"><ele>2057.712372073</ele></trkpt><trkpt lat="45.877748776" lon="7.061201435"><ele>2059.75076937</ele></trkpt><trkpt lat="45.877750000000006" lon="7.061209999999999"><ele>2060.080974049</ele></trkpt><trkpt lat="45.87775513199999" lon="7.061215131999999"><ele>2060.183184547</ele></trkpt><trkpt lat="45.877764868" lon="7.061224868000001"><ele>2060.377050205</ele></trkpt><trkpt lat="45.877770000000005" lon="7.061229999999999"><ele>2060.479256491</ele></trkpt><trkpt lat="45.87777612600002" lon="7.061229999999999"><ele>2060.346037756</ele></trkpt><trkpt lat="45.87784387400001" lon="7.061229999999999"><ele>2058.872743856</ele></trkpt><trkpt lat="45.877849999999995" lon="7.061229999999999"><ele>2058.739525121</ele></trkpt><trkpt lat="45.87785541799998" lon="7.061234433"><ele>2058.806362534</ele></trkpt><trkpt lat="45.877954582" lon="7.061315567000001"><ele>2060.029523823</ele></trkpt><trkpt lat="45.877959999999995" lon="7.061320000000002"><ele>2060.09633564</ele></trkpt><trkpt lat="45.87796396499999" lon="7.061326938999999"><ele>2060.299138316</ele></trkpt><trkpt lat="45.87803603500001" lon="7.061453061"><ele>2063.985009403</ele></trkpt><trkpt lat="45.878040000000006" lon="7.061459999999999"><ele>2064.187782948</ele></trkpt><trkpt lat="45.87804048900001" lon="7.061468557000001"><ele>2064.533588748</ele></trkpt><trkpt lat="45.878059511000004" lon="7.061801443"><ele>2077.985189895</ele></trkpt><trkpt lat="45.87806000000001" lon="7.0618099999999995"><ele>2078.330986476</ele></trkpt><trkpt lat="45.87806356499999" lon="7.061817130999999"><ele>2078.550409867</ele></trkpt><trkpt lat="45.87811643500001" lon="7.061922869000001"><ele>2081.803883067</ele></trkpt><trkpt lat="45.878119999999996" lon="7.06193"><ele>2082.023284238</ele></trkpt><trkpt lat="45.87812620599999" lon="7.06193"><ele>2081.888196267</ele></trkpt><trkpt lat="45.87814379400001" lon="7.06193"><ele>2081.505389375</ele></trkpt><trkpt lat="45.87815000000001" lon="7.06193"><ele>2081.370301404</ele></trkpt><trkpt lat="45.878152517" lon="7.061922448000001"><ele>2081.000961795</ele></trkpt><trkpt lat="45.878167483" lon="7.061877552000001"><ele>2078.805362663</ele></trkpt><trkpt lat="45.87817000000001" lon="7.061870000000001"><ele>2078.436030343</ele></trkpt><trkpt lat="45.87817620199999" lon="7.061870000000001"><ele>2078.301052238</ele></trkpt><trkpt lat="45.878203798000015" lon="7.061870000000001"><ele>2077.700430067</ele></trkpt><trkpt lat="45.87820999999999" lon="7.061870000000001"><ele>2077.565451962</ele></trkpt><trkpt lat="45.87821487799999" lon="7.0618651219999995"><ele>2077.256096701</ele></trkpt><trkpt lat="45.878265122" lon="7.061814878"><ele>2074.070140296</ele></trkpt><trkpt lat="45.87827" lon="7.0618099999999995"><ele>2073.760799882</ele></trkpt><trkpt lat="45.87827620199998" lon="7.061810885999999"><ele>2073.66273179</ele></trkpt><trkpt lat="45.87833379799999" lon="7.061819114"><ele>2072.751916289</ele></trkpt><trkpt lat="45.87834000000002" lon="7.06182"><ele>2072.653845076</ele></trkpt><trkpt lat="45.878345466999995" lon="7.061824316000001"><ele>2072.714605507</ele></trkpt><trkpt lat="45.87852453299999" lon="7.061965683999999"><ele>2074.704006987</ele></trkpt><trkpt lat="45.87853000000001" lon="7.06197"><ele>2074.764723441</ele></trkpt><trkpt lat="45.878534195000015" lon="7.061976525999999"><ele>2074.945135129</ele></trkpt><trkpt lat="45.87861580500001" lon="7.062103474"><ele>2078.755881055</ele></trkpt><trkpt lat="45.87862000000001" lon="7.062109999999999"><ele>2078.950835014</ele></trkpt><trkpt lat="45.878626172000004" lon="7.062109999999999"><ele>2078.8396784</ele></trkpt><trkpt lat="45.878713828" lon="7.062109999999999"><ele>2077.261116517</ele></trkpt><trkpt lat="45.87872" lon="7.062109999999999"><ele>2077.149959903</ele></trkpt><trkpt lat="45.87872599400002" lon="7.062112498000001"><ele>2077.144891739</ele></trkpt><trkpt lat="45.87883400600002" lon="7.062157501999999"><ele>2077.041493715</ele></trkpt><trkpt lat="45.87883999999999" lon="7.0621599999999995"><ele>2077.035085259</ele></trkpt><trkpt lat="45.878844496999996" lon="7.062166183000001"><ele>2077.206546803</ele></trkpt><trkpt lat="45.878915502999995" lon="7.062263817000001"><ele>2079.896586365</ele></trkpt><trkpt lat="45.87892" lon="7.06227"><ele>2080.065850433</ele></trkpt><trkpt lat="45.878922922999976" lon="7.062277794000001"><ele>2080.329538755</ele></trkpt><trkpt lat="45.878977077" lon="7.062422205999999"><ele>2085.196188705</ele></trkpt><trkpt lat="45.878980000000006" lon="7.06243"><ele>2085.457783168</ele></trkpt><trkpt lat="45.878984576" lon="7.0624361009999985"><ele>2085.619545103</ele></trkpt><trkpt lat="45.87900542400003" lon="7.062463898999999"><ele>2086.354832087</ele></trkpt><trkpt lat="45.87901" lon="7.062470000000001"><ele>2086.515863853</ele></trkpt><trkpt lat="45.879016158000006" lon="7.062470616000001"><ele>2086.424689216</ele></trkpt><trkpt lat="45.879103842000006" lon="7.062479384"><ele>2085.124578033</ele></trkpt><trkpt lat="45.87910999999999" lon="7.06248"><ele>2085.033131376</ele></trkpt><trkpt lat="45.879115821" lon="7.062483234"><ele>2085.053476453</ele></trkpt><trkpt lat="45.879194179" lon="7.062526766"><ele>2085.318710764</ele></trkpt><trkpt lat="45.87920000000001" lon="7.062530000000001"><ele>2085.337774426</ele></trkpt><trkpt lat="45.87920313300001" lon="7.06253761"><ele>2085.583160445</ele></trkpt><trkpt lat="45.87926686700001" lon="7.06269239"><ele>2090.549934733</ele></trkpt><trkpt lat="45.879269999999984" lon="7.062700000000001"><ele>2090.792925655</ele></trkpt><trkpt lat="45.87927447199999" lon="7.062706149"><ele>2090.95154153</ele></trkpt><trkpt lat="45.87934552799999" lon="7.062803850999999"><ele>2093.454256993</ele></trkpt><trkpt lat="45.879349999999995" lon="7.062809999999999"><ele>2093.61068669</ele></trkpt><trkpt lat="45.879356223" lon="7.062809999999999"><ele>2093.488367029</ele></trkpt><trkpt lat="45.87939377699998" lon="7.062809999999999"><ele>2092.750184187</ele></trkpt><trkpt lat="45.87939999999999" lon="7.062809999999999"><ele>2092.627864526</ele></trkpt><trkpt lat="45.879405998" lon="7.062808001"><ele>2092.430800018</ele></trkpt><trkpt lat="45.879484002" lon="7.062781999000001"><ele>2089.873241937</ele></trkpt><trkpt lat="45.87949000000002" lon="7.062779999999999"><ele>2089.676967999</ele></trkpt><trkpt lat="45.87949620299999" lon="7.062779999999999"><ele>2089.555475159</ele></trkpt><trkpt lat="45.879543797000004" lon="7.062779999999999"><ele>2088.623307511</ele></trkpt><trkpt lat="45.879549999999995" lon="7.062779999999999"><ele>2088.501814671</ele></trkpt><trkpt lat="45.87955579300001" lon="7.062783378999999"><ele>2088.520951687</ele></trkpt><trkpt lat="45.879664206999955" lon="7.062846621000001"><ele>2088.862096289</ele></trkpt><trkpt lat="45.87967000000001" lon="7.06285"><ele>2088.879416694</ele></trkpt><trkpt lat="45.879674484" lon="7.062856166"><ele>2089.031073409</ele></trkpt><trkpt lat="45.87974551599999" lon="7.062953834"><ele>2091.415904015</ele></trkpt><trkpt lat="45.87975" lon="7.0629599999999995"><ele>2091.565368968</ele></trkpt><trkpt lat="45.87975167299998" lon="7.062968363000001"><ele>2091.85619259</ele></trkpt><trkpt lat="45.87975832699998" lon="7.063001637"><ele>2093.012695084</ele></trkpt><trkpt lat="45.87976000000001" lon="7.06301"><ele>2093.303190903</ele></trkpt><trkpt lat="45.879765665" lon="7.063013777"><ele>2093.335495633</ele></trkpt><trkpt lat="45.87981433500001" lon="7.063046223"><ele>2093.608900131</ele></trkpt><trkpt lat="45.879819999999995" lon="7.063049999999999"><ele>2093.640238977</ele></trkpt><trkpt lat="45.87982508799998" lon="7.063055216"><ele>2093.738691341</ele></trkpt><trkpt lat="45.880214911999985" lon="7.063454784000001"><ele>2100.909921603</ele></trkpt><trkpt lat="45.88022000000002" lon="7.06346"><ele>2100.998678934</ele></trkpt><trkpt lat="45.88022287300001" lon="7.063467798"><ele>2101.231556087</ele></trkpt><trkpt lat="45.880287126999995" lon="7.063642202"><ele>2106.412292393</ele></trkpt><trkpt lat="45.880289999999995" lon="7.06365"><ele>2106.642705551</ele></trkpt><trkpt lat="45.880296133" lon="7.063649489"><ele>2106.490871259</ele></trkpt><trkpt lat="45.880403866999984" lon="7.063640510999999"><ele>2103.82592688</ele></trkpt><trkpt lat="45.88040999999999" lon="7.06364"><ele>2103.674366505</ele></trkpt><trkpt lat="45.88041357499999" lon="7.063647150999999"><ele>2103.863254932</ele></trkpt><trkpt lat="45.880456425000006" lon="7.063732848999999"><ele>2106.117614367</ele></trkpt><trkpt lat="45.88046000000001" lon="7.063739999999998"><ele>2106.304940154</ele></trkpt><trkpt lat="45.880462592000015" lon="7.063747776999999"><ele>2106.536858213</ele></trkpt><trkpt lat="45.880477408000004" lon="7.063792223000001"><ele>2107.860574582</ele></trkpt><trkpt lat="45.88048000000001" lon="7.0638"><ele>2108.091855428</ele></trkpt><trkpt lat="45.880485883" lon="7.063797479"><ele>2107.869078413</ele></trkpt><trkpt lat="45.88054411699999" lon="7.063772521000001"><ele>2105.66781833</ele></trkpt><trkpt lat="45.88055000000001" lon="7.063769999999999"><ele>2105.445802304</ele></trkpt><trkpt lat="45.88055622399998" lon="7.063770692"><ele>2105.334894717</ele></trkpt><trkpt lat="45.880633776" lon="7.063779308"><ele>2103.951387654</ele></trkpt><trkpt lat="45.88064000000001" lon="7.0637799999999995"><ele>2103.840207337</ele></trkpt><trkpt lat="45.880646168000006" lon="7.063781451"><ele>2103.758103876</ele></trkpt><trkpt lat="45.88080383200002" lon="7.063818549"><ele>2101.645133651</ele></trkpt><trkpt lat="45.88080999999999" lon="7.06382"><ele>2101.561910964</ele></trkpt><trkpt lat="45.88081565399999" lon="7.063823769999999"><ele>2101.574058942</ele></trkpt><trkpt lat="45.88089434599999" lon="7.063876230000001"><ele>2101.732710069</ele></trkpt><trkpt lat="45.88089999999999" lon="7.06388"><ele>2101.743361439</ele></trkpt><trkpt lat="45.880906221" lon="7.06388"><ele>2101.605409375</ele></trkpt><trkpt lat="45.880953779" lon="7.06388"><ele>2100.550793717</ele></trkpt><trkpt lat="45.88096000000002" lon="7.06388"><ele>2100.412841652</ele></trkpt><trkpt lat="45.88096564299999" lon="7.063883762000001"><ele>2100.422839653</ele></trkpt><trkpt lat="45.881014357" lon="7.063916238"><ele>2100.504999819</ele></trkpt><trkpt lat="45.88102000000001" lon="7.06392"><ele>2100.514035292</ele></trkpt><trkpt lat="45.88102622600002" lon="7.06392"><ele>2100.375380225</ele></trkpt><trkpt lat="45.88104377400001" lon="7.06392"><ele>2099.9846049</ele></trkpt><trkpt lat="45.88105" lon="7.06392"><ele>2099.845949834</ele></trkpt><trkpt lat="45.881055311" lon="7.063924552"><ele>2099.890239186</ele></trkpt><trkpt lat="45.88111468900002" lon="7.063975448000001"><ele>2100.377629992</ele></trkpt><trkpt lat="45.881120000000024" lon="7.063979999999999"><ele>2100.420533107</ele></trkpt><trkpt lat="45.881125742999984" lon="7.063983446"><ele>2100.414305842</ele></trkpt><trkpt lat="45.88116425699998" lon="7.064006554"><ele>2100.37013442</ele></trkpt><trkpt lat="45.88116999999999" lon="7.064009999999999"><ele>2100.363189337</ele></trkpt><trkpt lat="45.881175004999996" lon="7.064015005"><ele>2100.427985347</ele></trkpt><trkpt lat="45.88125499500001" lon="7.064094995"><ele>2101.447589507</ele></trkpt><trkpt lat="45.88125999999999" lon="7.064099999999999"><ele>2101.510383133</ele></trkpt><trkpt lat="45.881265724" lon="7.064103577"><ele>2101.506466772</ele></trkpt><trkpt lat="45.88141427599997" lon="7.064196423000001"><ele>2101.371114991</ele></trkpt><trkpt lat="45.881419999999984" lon="7.064199999999999"><ele>2101.364600618</ele></trkpt><trkpt lat="45.881425312999994" lon="7.064204347000001"><ele>2101.394227529</ele></trkpt><trkpt lat="45.88152468699998" lon="7.064285653"><ele>2101.738797906</ele></trkpt><trkpt lat="45.88152999999999" lon="7.06429"><ele>2101.756231659</ele></trkpt><trkpt lat="45.88153443199999" lon="7.064296093"><ele>2101.850027677</ele></trkpt><trkpt lat="45.881605568" lon="7.064393907"><ele>2103.34986193</ele></trkpt><trkpt lat="45.88161" lon="7.0644"><ele>2103.44293631</ele></trkpt><trkpt lat="45.881613818" lon="7.064393128"><ele>2103.134368594</ele></trkpt><trkpt lat="45.88165618200002" lon="7.064316872"><ele>2099.713214444</ele></trkpt><trkpt lat="45.88166000000002" lon="7.064310000000001"><ele>2099.405144107</ele></trkpt><trkpt lat="45.88166578300001" lon="7.064313061999999"><ele>2099.370019321</ele></trkpt><trkpt lat="45.881824216999995" lon="7.064396937999999"><ele>2098.396973108</ele></trkpt><trkpt lat="45.88183000000001" lon="7.0644"><ele>2098.361060372</ele></trkpt><trkpt lat="45.88183512500002" lon="7.0644051249999995"><ele>2098.406134333</ele></trkpt><trkpt lat="45.881924875000024" lon="7.064494875"><ele>2099.188777113</ele></trkpt><trkpt lat="45.88193" lon="7.064500000000001"><ele>2099.233089037</ele></trkpt><trkpt lat="45.88193546" lon="7.064504014999999"><ele>2099.234267402</ele></trkpt><trkpt lat="45.88226453999999" lon="7.064745985000001"><ele>2099.241853762</ele></trkpt><trkpt lat="45.88227000000001" lon="7.06475"><ele>2099.240927154</ele></trkpt><trkpt lat="45.88227458" lon="7.064756107"><ele>2099.326537626</ele></trkpt><trkpt lat="45.88235542" lon="7.064863892999999"><ele>2100.830420908</ele></trkpt><trkpt lat="45.88236000000001" lon="7.06487"><ele>2100.915213895</ele></trkpt><trkpt lat="45.88236511800001" lon="7.064874652"><ele>2101.005526238</ele></trkpt><trkpt lat="45.882464881999994" lon="7.064965348"><ele>2102.813881695</ele></trkpt><trkpt lat="45.88247000000002" lon="7.06497"><ele>2102.907639069</ele></trkpt><trkpt lat="45.88247505800002" lon="7.064964942"><ele>2102.694135649</ele></trkpt><trkpt lat="45.88248494199999" lon="7.064955058"><ele>2102.27660781</ele></trkpt><trkpt lat="45.88249" lon="7.06495"><ele>2102.062795906</ele></trkpt><trkpt lat="45.88249285000001" lon="7.064942161"><ele>2101.783859648</ele></trkpt><trkpt lat="45.88252714999999" lon="7.064847838999999"><ele>2098.42027298</ele></trkpt><trkpt lat="45.88253" lon="7.064839999999999"><ele>2098.140148098</ele></trkpt><trkpt lat="45.882526887" lon="7.064832217"><ele>2097.925978036</ele></trkpt><trkpt lat="45.882513113" lon="7.064797783"><ele>2096.979541778</ele></trkpt><trkpt lat="45.882509999999996" lon="7.06479"><ele>2096.765908158</ele></trkpt><trkpt lat="45.88250569399999" lon="7.064783541"><ele>2096.607421692</ele></trkpt><trkpt lat="45.882454306" lon="7.064706458999999"><ele>2094.724668841</ele></trkpt><trkpt lat="45.88245000000001" lon="7.064700000000002"><ele>2094.567650618</ele></trkpt><trkpt lat="45.882453526999996" lon="7.064692946"><ele>2094.305281851</ele></trkpt><trkpt lat="45.88245647299999" lon="7.064687054"><ele>2094.086019993</ele></trkpt><trkpt lat="45.88246" lon="7.064680000000001"><ele>2093.823464855</ele></trkpt><trkpt lat="45.882466050999994" lon="7.064680000000001"><ele>2093.756377683</ele></trkpt><trkpt lat="45.882513949" lon="7.064680000000001"><ele>2093.225381371</ele></trkpt><trkpt lat="45.882520000000014" lon="7.064680000000001"><ele>2093.158294199</ele></trkpt><trkpt lat="45.88252562199999" lon="7.0646835779999995"><ele>2093.209813979</ele></trkpt><trkpt lat="45.88262437800001" lon="7.064746422000001"><ele>2094.128117997</ele></trkpt><trkpt lat="45.882629999999985" lon="7.06475"><ele>2094.181162132</ele></trkpt><trkpt lat="45.88263586900001" lon="7.064747485"><ele>2094.036330328</ele></trkpt><trkpt lat="45.88269413099999" lon="7.064722515"><ele>2092.595325118</ele></trkpt><trkpt lat="45.882700000000014" lon="7.0647199999999994"><ele>2092.449834886</ele></trkpt><trkpt lat="45.882705425999966" lon="7.064724275"><ele>2092.527726916</ele></trkpt><trkpt lat="45.88302457399999" lon="7.064975725"><ele>2097.275734666</ele></trkpt><trkpt lat="45.88302999999999" lon="7.06498"><ele>2097.35929048</ele></trkpt><trkpt lat="45.883034101" lon="7.064986664999999"><ele>2097.53532185</ele></trkpt><trkpt lat="45.883105899" lon="7.065103334999999"><ele>2100.634987511</ele></trkpt><trkpt lat="45.88310999999998" lon="7.06511"><ele>2100.813083611</ele></trkpt><trkpt lat="45.883115323000006" lon="7.065114562000001"><ele>2100.909408286</ele></trkpt><trkpt lat="45.88316919434215" lon="7.065160737324261"><ele>2101.909830849955</ele></trkpt><trkpt lat="45.883223065509036" lon="7.065206912596777"><ele>2102.91045244045</ele></trkpt><trkpt lat="45.883276936504835" lon="7.065253087807158"><ele>2103.911273157669</ele></trkpt><trkpt lat="45.88333080733376" lon="7.065299262945027"><ele>2104.912293101791</ele></trkpt><trkpt lat="45.883384678000006" lon="7.065345437999999"><ele>2105.913512373</ele></trkpt><trkpt lat="45.88338999999999" lon="7.065350000000001"><ele>2106.014952062</ele></trkpt><trkpt lat="45.88339604000002" lon="7.065352013"><ele>2106.023892136</ele></trkpt><trkpt lat="45.88350395999998" lon="7.065387986999999"><ele>2106.191983061</ele></trkpt><trkpt lat="45.88351000000001" lon="7.06539"><ele>2106.201859734</ele></trkpt><trkpt lat="45.883515676" lon="7.065393546999999"><ele>2106.267207578</ele></trkpt><trkpt lat="45.883584324" lon="7.0654364529999985"><ele>2107.064090346</ele></trkpt><trkpt lat="45.88358999999999" lon="7.06544"><ele>2107.130514394</ele></trkpt><trkpt lat="45.883596151999996" lon="7.065440769000001"><ele>2107.098001477</ele></trkpt><trkpt lat="45.88374384799999" lon="7.065459231000001"><ele>2106.323282306</ele></trkpt><trkpt lat="45.88374999999999" lon="7.06546"><ele>2106.291252336</ele></trkpt><trkpt lat="45.88375611899998" lon="7.065458776"><ele>2106.191143971</ele></trkpt><trkpt lat="45.88379388099999" lon="7.065451224"><ele>2105.572640173</ele></trkpt><trkpt lat="45.88380000000001" lon="7.06545"><ele>2105.472312613</ele></trkpt><trkpt lat="45.883805846000016" lon="7.065447077"><ele>2105.31603682</ele></trkpt><trkpt lat="45.88389415399999" lon="7.065402923"><ele>2102.946942752</ele></trkpt><trkpt lat="45.88389999999997" lon="7.0654"><ele>2102.789543561</ele></trkpt><trkpt lat="45.88390605099999" lon="7.065402017000001"><ele>2102.801215648</ele></trkpt><trkpt lat="45.884193949" lon="7.065497983000001"><ele>2103.4141274</ele></trkpt><trkpt lat="45.884199999999964" lon="7.065500000000001"><ele>2103.428219624</ele></trkpt><trkpt lat="45.88420579500001" lon="7.065503260000001"><ele>2103.488578345</ele></trkpt><trkpt lat="45.884354204999994" lon="7.06558674"><ele>2105.060527267</ele></trkpt><trkpt lat="45.88436000000001" lon="7.065590000000001"><ele>2105.122937927</ele></trkpt><trkpt lat="45.884366221999976" lon="7.065590414999999"><ele>2105.080272006</ele></trkpt><trkpt lat="45.884503778000024" lon="7.065599585000001"><ele>2104.139670583</ele></trkpt><trkpt lat="45.88450999999999" lon="7.065599999999999"><ele>2104.097248095</ele></trkpt><trkpt lat="45.884512109999996" lon="7.065608441"><ele>2104.380640602</ele></trkpt><trkpt lat="45.88452789000002" lon="7.065671558999999"><ele>2106.501966154</ele></trkpt><trkpt lat="45.88453" lon="7.0656799999999995"><ele>2106.785975072</ele></trkpt><trkpt lat="45.884534892000005" lon="7.065685590000001"><ele>2106.942542049</ele></trkpt><trkpt lat="45.88459510799998" lon="7.06575441"><ele>2108.879062379</ele></trkpt><trkpt lat="45.88460000000002" lon="7.065759999999999"><ele>2109.037115102</ele></trkpt><trkpt lat="45.884605423" lon="7.065764437"><ele>2109.14896328</ele></trkpt><trkpt lat="45.884704577000015" lon="7.065845563000001"><ele>2111.211393782</ele></trkpt><trkpt lat="45.88470999999999" lon="7.06585"><ele>2111.325135938</ele></trkpt><trkpt lat="45.884708282" lon="7.06585859"><ele>2111.651681256</ele></trkpt><trkpt lat="45.884671717999986" lon="7.06604141"><ele>2118.587289989</ele></trkpt><trkpt lat="45.884669999999986" lon="7.066050000000001"><ele>2118.912493009</ele></trkpt><trkpt lat="45.884668899" lon="7.066058807000001"><ele>2119.240398198</ele></trkpt><trkpt lat="45.88466110099999" lon="7.066121193000001"><ele>2121.561943701</ele></trkpt><trkpt lat="45.88466" lon="7.06613"><ele>2121.889528962</ele></trkpt><trkpt lat="45.88466471500001" lon="7.066135894"><ele>2122.064493244</ele></trkpt><trkpt lat="45.884695285" lon="7.066174106"><ele>2123.201540769</ele></trkpt><trkpt lat="45.8847" lon="7.06618"><ele>2123.37735398</ele></trkpt><trkpt lat="45.884702701000016" lon="7.066188102000002"><ele>2123.649489473</ele></trkpt><trkpt lat="45.884737299" lon="7.066291898"><ele>2127.143767596</ele></trkpt><trkpt lat="45.88473999999999" lon="7.066299999999998"><ele>2127.417136643</ele></trkpt><trkpt lat="45.884744568999984" lon="7.066306091"><ele>2127.603011183</ele></trkpt><trkpt lat="45.884765431" lon="7.066333909"><ele>2128.453267498</ele></trkpt><trkpt lat="45.88477" lon="7.066339999999999"><ele>2128.639774387</ele></trkpt><trkpt lat="45.88477579000001" lon="7.066343308000001"><ele>2128.715671715</ele></trkpt><trkpt lat="45.884834210000015" lon="7.066376692"><ele>2129.485865906</ele></trkpt><trkpt lat="45.88484" lon="7.06638"><ele>2129.562630388</ele></trkpt><trkpt lat="45.884846224" lon="7.066379555000001"><ele>2129.498969593</ele></trkpt><trkpt lat="45.88497377600002" lon="7.066370445"><ele>2128.191854981</ele></trkpt><trkpt lat="45.88497999999999" lon="7.06637"><ele>2128.127951419</ele></trkpt><trkpt lat="45.884986087000016" lon="7.066367971000001"><ele>2128.006710545</ele></trkpt><trkpt lat="45.885093912999984" lon="7.066332029000001"><ele>2125.850656585</ele></trkpt><trkpt lat="45.88509999999996" lon="7.066329999999999"><ele>2125.728472259</ele></trkpt><trkpt lat="45.88509999999996" lon="7.066329999999999"><ele>2125.728472259</ele></trkpt><trkpt lat="45.88509999999996" lon="7.066329999999999"><ele>2125.728472259</ele></trkpt><trkpt lat="45.88509999999996" lon="7.066329999999999"><ele>2125.728472259</ele></trkpt><trkpt lat="45.88509999999996" lon="7.066329999999999"><ele>2125.728472259</ele></trkpt><trkpt lat="45.885176975614975" lon="7.066301133929618"><ele>2124.0551174657408</ele></trkpt><trkpt lat="45.885253951000024" lon="7.066272268"><ele>2122.381587585</ele></trkpt><trkpt lat="45.88526" lon="7.06627"><ele>2122.24934352</ele></trkpt><trkpt lat="45.88526363299999" lon="7.066262734999999"><ele>2121.949078486</ele></trkpt><trkpt lat="45.885276367000024" lon="7.066237265000002"><ele>2120.895580955</ele></trkpt><trkpt lat="45.88528000000001" lon="7.06623"><ele>2120.594830527</ele></trkpt><trkpt lat="45.885282373999964" lon="7.066238309999999"><ele>2120.887210551</ele></trkpt><trkpt lat="45.885397625999964" lon="7.066641689999999"><ele>2135.176197067</ele></trkpt><trkpt lat="45.8854" lon="7.066650000000001"><ele>2135.472567208</ele></trkpt><trkpt lat="45.88539962699999" lon="7.066658946000001"><ele>2135.812343575</ele></trkpt><trkpt lat="45.88539037299999" lon="7.066881054000001"><ele>2144.243774304</ele></trkpt><trkpt lat="45.88538999999999" lon="7.066890000000001"><ele>2144.583199108</ele></trkpt><trkpt lat="45.885387321999964" lon="7.0668980349999995"><ele>2144.903407549</ele></trkpt><trkpt lat="45.88530267800003" lon="7.067151965000001"><ele>2154.978081952</ele></trkpt><trkpt lat="45.88530000000001" lon="7.067159999999999"><ele>2155.29542646</ele></trkpt><trkpt lat="45.885296034" lon="7.06716685"><ele>2155.576016793</ele></trkpt><trkpt lat="45.885193965999996" lon="7.067343150000001"><ele>2162.759647775</ele></trkpt><trkpt lat="45.88518999999998" lon="7.06735"><ele>2163.037273297</ele></trkpt><trkpt lat="45.885185416999995" lon="7.067356015"><ele>2163.287156834</ele></trkpt><trkpt lat="45.885034583" lon="7.067553985000001"><ele>2171.448849113</ele></trkpt><trkpt lat="45.885030000000015" lon="7.067560000000001"><ele>2171.694916759</ele></trkpt><trkpt lat="45.88502710800001" lon="7.067567712000001"><ele>2171.994771135</ele></trkpt><trkpt lat="45.88497289200001" lon="7.067712288000002"><ele>2177.598874667</ele></trkpt><trkpt lat="45.88497" lon="7.0677200000000004"><ele>2177.896931179</ele></trkpt><trkpt lat="45.884965389000016" lon="7.067725764000001"><ele>2178.131561854</ele></trkpt><trkpt lat="45.88493461100001" lon="7.067764236"><ele>2179.694802631</ele></trkpt><trkpt lat="45.88493" lon="7.06777"><ele>2179.928600656</ele></trkpt><trkpt lat="45.884924113999986" lon="7.067772803000001"><ele>2180.059640015</ele></trkpt><trkpt lat="45.88472588600002" lon="7.067867197"><ele>2184.433617462</ele></trkpt><trkpt lat="45.88472000000001" lon="7.067870000000001"><ele>2184.562321622</ele></trkpt><trkpt lat="45.88471476500003" lon="7.067874536999999"><ele>2184.750910864</ele></trkpt><trkpt lat="45.88457523500001" lon="7.067995462999999"><ele>2189.741888386</ele></trkpt><trkpt lat="45.884570000000004" lon="7.068"><ele>2189.927796714</ele></trkpt><trkpt lat="45.884563993999976" lon="7.068002183999999"><ele>2190.032267317</ele></trkpt><trkpt lat="45.884466006" lon="7.068037816000001"><ele>2191.729157911</ele></trkpt><trkpt lat="45.884459999999976" lon="7.068040000000001"><ele>2191.832701424</ele></trkpt><trkpt lat="45.884453754" lon="7.068039584"><ele>2191.844226474</ele></trkpt><trkpt lat="45.88431624600002" lon="7.068030415999999"><ele>2192.100652971</ele></trkpt><trkpt lat="45.88430999999999" lon="7.068030000000001"><ele>2192.112422352</ele></trkpt><trkpt lat="45.88430427" lon="7.068033086000001"><ele>2192.246155261</ele></trkpt><trkpt lat="45.88418573000003" lon="7.068096914"><ele>2194.996459827</ele></trkpt><trkpt lat="45.88418000000001" lon="7.0681"><ele>2195.128627594</ele></trkpt><trkpt lat="45.88417379999999" lon="7.068100539"><ele>2195.173057238</ele></trkpt><trkpt lat="45.883956200000014" lon="7.068119461"><ele>2196.723731926</ele></trkpt><trkpt lat="45.88394999999999" lon="7.06812"><ele>2196.767669056</ele></trkpt><trkpt lat="45.883943880000004" lon="7.0681181639999995"><ele>2196.728816096</ele></trkpt><trkpt lat="45.88385611999999" lon="7.068091835999999"><ele>2196.176679172</ele></trkpt><trkpt lat="45.88385" lon="7.06809"><ele>2196.138529741</ele></trkpt><trkpt lat="45.88384386100002" lon="7.068090819"><ele>2196.192112708</ele></trkpt><trkpt lat="45.883706139000004" lon="7.068109181"><ele>2197.388804096</ele></trkpt><trkpt lat="45.88370000000002" lon="7.06811"><ele>2197.441906406</ele></trkpt><trkpt lat="45.883693971999996" lon="7.068111507000001"><ele>2197.518089553</ele></trkpt><trkpt lat="45.883586028" lon="7.068138493"><ele>2198.875921618</ele></trkpt><trkpt lat="45.88358" lon="7.068139999999999"><ele>2198.951403636</ele></trkpt><trkpt lat="45.883573838000004" lon="7.068138716"><ele>2198.932607009</ele></trkpt><trkpt lat="45.883346161999995" lon="7.068091283999999"><ele>2198.260796236</ele></trkpt><trkpt lat="45.88334" lon="7.06809"><ele>2198.243225027</ele></trkpt><trkpt lat="45.88333379599998" lon="7.068090954"><ele>2198.300769839</ele></trkpt><trkpt lat="45.88321620400001" lon="7.068109045999999"><ele>2199.386996</ele></trkpt><trkpt lat="45.88320999999999" lon="7.06811"><ele>2199.44405854</ele></trkpt><trkpt lat="45.883214646999996" lon="7.068115467"><ele>2199.606732425</ele></trkpt><trkpt lat="45.883375353" lon="7.068304532999999"><ele>2205.295919755</ele></trkpt><trkpt lat="45.88338" lon="7.068309999999999"><ele>2205.462283782</ele></trkpt><trkpt lat="45.88338313700002" lon="7.068317320000001"><ele>2205.696488888</ele></trkpt><trkpt lat="45.883406863000005" lon="7.06837268"><ele>2207.470723431</ele></trkpt><trkpt lat="45.88340999999999" lon="7.068380000000001"><ele>2207.70573119</ele></trkpt><trkpt lat="45.883414562999995" lon="7.068385932"><ele>2207.889125664</ele></trkpt><trkpt lat="45.88350543700001" lon="7.068504068"><ele>2211.564370406</ele></trkpt><trkpt lat="45.88351000000001" lon="7.068509999999999"><ele>2211.750075777</ele></trkpt><trkpt lat="45.88351522900002" lon="7.068514754"><ele>2211.893847996</ele></trkpt><trkpt lat="45.883614771000005" lon="7.068605245999999"><ele>2214.650013241</ele></trkpt><trkpt lat="45.88362000000001" lon="7.0686100000000005"><ele>2214.795818464</ele></trkpt><trkpt lat="45.88361379" lon="7.068610123999999"><ele>2214.819083285</ele></trkpt><trkpt lat="45.88312620999998" lon="7.068619876"><ele>2216.635920761</ele></trkpt><trkpt lat="45.88311999999999" lon="7.068620000000001"><ele>2216.658935252</ele></trkpt><trkpt lat="45.88312326300002" lon="7.068627178000001"><ele>2216.886157034</ele></trkpt><trkpt lat="45.88316673700001" lon="7.068722821999999"><ele>2219.923008199</ele></trkpt><trkpt lat="45.883170000000014" lon="7.068730000000001"><ele>2220.151599315</ele></trkpt><trkpt lat="45.883174044" lon="7.0687365049999995"><ele>2220.355788911</ele></trkpt><trkpt lat="45.883395956000015" lon="7.069093495"><ele>2231.726531847</ele></trkpt><trkpt lat="45.8834" lon="7.0691"><ele>2231.936720927</ele></trkpt><trkpt lat="45.88340605499999" lon="7.069102201999999"><ele>2231.998228551</ele></trkpt><trkpt lat="45.88350394599999" lon="7.069137797999999"><ele>2233.000254571</ele></trkpt><trkpt lat="45.88351000000001" lon="7.069139999999999"><ele>2233.062696324</ele></trkpt><trkpt lat="45.883515736" lon="7.0691434420000006"><ele>2233.167793029</ele></trkpt><trkpt lat="45.883704264000016" lon="7.069256558000001"><ele>2236.66662214</ele></trkpt><trkpt lat="45.88371000000001" lon="7.06926"><ele>2236.774448087</ele></trkpt><trkpt lat="45.883714773" lon="7.069265455"><ele>2236.952973302</ele></trkpt><trkpt lat="45.883775227000015" lon="7.069334545"><ele>2239.223190379</ele></trkpt><trkpt lat="45.88378000000001" lon="7.06934"><ele>2239.403168011</ele></trkpt><trkpt lat="45.88378349800002" lon="7.069346995000001"><ele>2239.638209415</ele></trkpt><trkpt lat="45.883826502000005" lon="7.069433005"><ele>2242.536278689</ele></trkpt><trkpt lat="45.88383" lon="7.069440000000001"><ele>2242.772647914</ele></trkpt><trkpt lat="45.883835301000005" lon="7.0694445439999996"><ele>2242.922106379</ele></trkpt><trkpt lat="45.88403469899998" lon="7.069615456"><ele>2248.615378102</ele></trkpt><trkpt lat="45.88403999999999" lon="7.0696200000000005"><ele>2248.768633112</ele></trkpt><trkpt lat="45.884044273000015" lon="7.069626105"><ele>2248.97751151</ele></trkpt><trkpt lat="45.884105726999984" lon="7.0697138950000005"><ele>2251.891725681</ele></trkpt><trkpt lat="45.884109999999964" lon="7.069719999999999"><ele>2252.050367154</ele></trkpt><trkpt lat="45.884116148" lon="7.069718463"><ele>2252.005106741</ele></trkpt><trkpt lat="45.88414385199998" lon="7.069711537"><ele>2251.799670025</ele></trkpt><trkpt lat="45.88415000000002" lon="7.069709999999999"><ele>2251.753741416</ele></trkpt><trkpt lat="45.884155046" lon="7.069715046000001"><ele>2251.88505952</ele></trkpt><trkpt lat="45.884244954" lon="7.069804954"><ele>2254.279594751</ele></trkpt><trkpt lat="45.88425000000001" lon="7.06981"><ele>2254.417065927</ele></trkpt><trkpt lat="45.88424545899998" lon="7.069815839"><ele>2254.577635653</ele></trkpt><trkpt lat="45.88418454099999" lon="7.069894161"><ele>2256.698703068</ele></trkpt><trkpt lat="45.88418000000001" lon="7.069899999999999"><ele>2256.854364858</ele></trkpt><trkpt lat="45.88417413799998" lon="7.069902931"><ele>2256.930760428</ele></trkpt><trkpt lat="45.884105862000006" lon="7.069937068999999"><ele>2257.804246062</ele></trkpt><trkpt lat="45.8841" lon="7.069939999999999"><ele>2257.877851013</ele></trkpt><trkpt lat="45.884096238" lon="7.069946771"><ele>2258.054216303</ele></trkpt><trkpt lat="45.88405376200001" lon="7.070023229"><ele>2260.023074721</ele></trkpt><trkpt lat="45.88404999999998" lon="7.070030000000001"><ele>2260.195419624</ele></trkpt><trkpt lat="45.884044176999986" lon="7.070033235000001"><ele>2260.272455055</ele></trkpt><trkpt lat="45.883515823" lon="7.070326765"><ele>2266.255562692</ele></trkpt><trkpt lat="45.88351000000001" lon="7.07033"><ele>2266.310407094</ele></trkpt><trkpt lat="45.883503770999994" lon="7.07033"><ele>2266.290505159</ele></trkpt><trkpt lat="45.883486229" lon="7.07033"><ele>2266.234452226</ele></trkpt><trkpt lat="45.88348000000001" lon="7.07033"><ele>2266.214550291</ele></trkpt><trkpt lat="45.883476763999994" lon="7.0703375500000005"><ele>2266.373749864</ele></trkpt><trkpt lat="45.883453236000015" lon="7.07039245"><ele>2267.521847195</ele></trkpt><trkpt lat="45.883450000000025" lon="7.070400000000002"><ele>2267.67845174</ele></trkpt><trkpt lat="45.883444897000004" lon="7.070405102999999"><ele>2267.773386077</ele></trkpt><trkpt lat="45.883395102999984" lon="7.070454897"><ele>2268.68225505</ele></trkpt><trkpt lat="45.88338999999999" lon="7.07046"><ele>2268.773592189</ele></trkpt><trkpt lat="45.88338383000001" lon="7.070458972"><ele>2268.726248286</ele></trkpt><trkpt lat="45.88333616999999" lon="7.070451027999998"><ele>2268.363312614</ele></trkpt><trkpt lat="45.88332999999998" lon="7.070449999999999"><ele>2268.316679588</ele></trkpt><trkpt lat="45.883324265000006" lon="7.0704532769999995"><ele>2268.364315469</ele></trkpt><trkpt lat="45.88326573500001" lon="7.070486723"><ele>2268.836641936</ele></trkpt><trkpt lat="45.883260000000014" lon="7.07049"><ele>2268.881573194</ele></trkpt><trkpt lat="45.88325529499998" lon="7.070495881"><ele>2268.98540338</ele></trkpt><trkpt lat="45.88322470499999" lon="7.070534119"><ele>2269.65178211</ele></trkpt><trkpt lat="45.88322000000001" lon="7.070539999999999"><ele>2269.752946639</ele></trkpt><trkpt lat="45.88321876999997" lon="7.070548607000001"><ele>2269.926366642</ele></trkpt><trkpt lat="45.88321123" lon="7.070601393"><ele>2270.986950263</ele></trkpt><trkpt lat="45.88320999999999" lon="7.070610000000001"><ele>2271.159400896</ele></trkpt><trkpt lat="45.883211118" lon="7.070618388"><ele>2271.339013982</ele></trkpt><trkpt lat="45.88322888199999" lon="7.070751612"><ele>2274.208069105</ele></trkpt><trkpt lat="45.88323" lon="7.07076"><ele>2274.389715907</ele></trkpt><trkpt lat="45.88323477500002" lon="7.070764775"><ele>2274.517942336</ele></trkpt><trkpt lat="45.883265225" lon="7.070795225"><ele>2275.342635806</ele></trkpt><trkpt lat="45.883270000000024" lon="7.0708"><ele>2275.473021966</ele></trkpt><trkpt lat="45.88327609999997" lon="7.070800468999999"><ele>2275.520850828</ele></trkpt><trkpt lat="45.88339389999998" lon="7.070809531"><ele>2276.451743927</ele></trkpt><trkpt lat="45.8834" lon="7.07081"><ele>2276.500319335</ele></trkpt><trkpt lat="45.883405701" lon="7.070813258000001"><ele>2276.607770465</ele></trkpt><trkpt lat="45.883464299" lon="7.070846742"><ele>2277.726007962</ele></trkpt><trkpt lat="45.883469999999974" lon="7.07085"><ele>2277.836149022</ele></trkpt><trkpt lat="45.883475127000004" lon="7.070854661"><ele>2277.974252824</ele></trkpt><trkpt lat="45.883574873" lon="7.070945339"><ele>2280.722206602</ele></trkpt><trkpt lat="45.88358" lon="7.07095"><ele>2280.866587222</ele></trkpt><trkpt lat="45.883578660000005" lon="7.070958612"><ele>2281.055972673</ele></trkpt><trkpt lat="45.883511339999984" lon="7.071391388"><ele>2290.382844878</ele></trkpt><trkpt lat="45.88351000000001" lon="7.071400000000001"><ele>2290.564637507</ele></trkpt><trkpt lat="45.88351140700002" lon="7.071408439"><ele>2290.770162483</ele></trkpt><trkpt lat="45.88353859299998" lon="7.071571561000001"><ele>2294.772799978</ele></trkpt><trkpt lat="45.883539999999996" lon="7.07158"><ele>2294.981423627</ele></trkpt><trkpt lat="45.88353968599999" lon="7.071588782000001"><ele>2295.178633973</ele></trkpt><trkpt lat="45.88353031399999" lon="7.071851218"><ele>2301.055951489</ele></trkpt><trkpt lat="45.88353000000001" lon="7.071860000000001"><ele>2301.252069518</ele></trkpt><trkpt lat="45.88352650599999" lon="7.071867376"><ele>2301.374552381</ele></trkpt><trkpt lat="45.88344349400001" lon="7.072042624000001"><ele>2304.187502087</ele></trkpt><trkpt lat="45.88344000000001" lon="7.07205"><ele>2304.301791663</ele></trkpt><trkpt lat="45.88343846399998" lon="7.072058447"><ele>2304.467522415</ele></trkpt><trkpt lat="45.883421536000014" lon="7.072151552999999"><ele>2306.283145877</ele></trkpt><trkpt lat="45.88342000000001" lon="7.07216"><ele>2306.446873709</ele></trkpt><trkpt lat="45.88342000000001" lon="7.072168615"><ele>2306.637185052</ele></trkpt><trkpt lat="45.88342000000001" lon="7.072261385"><ele>2308.686422506</ele></trkpt><trkpt lat="45.88342000000001" lon="7.072269999999999"><ele>2308.876733849</ele></trkpt><trkpt lat="45.88341387500001" lon="7.072269591999999"><ele>2308.771871468</ele></trkpt><trkpt lat="45.88327612500002" lon="7.072260407999999"><ele>2306.421859883</ele></trkpt><trkpt lat="45.883270000000024" lon="7.072259999999999"><ele>2306.31775188</ele></trkpt><trkpt lat="45.88326541699998" lon="7.072266111"><ele>2306.375235635</ele></trkpt><trkpt lat="45.883244583" lon="7.072293889000001"><ele>2306.632002529</ele></trkpt><trkpt lat="45.88324000000001" lon="7.0723"><ele>2306.687491743</ele></trkpt><trkpt lat="45.88323783800003" lon="7.072308215"><ele>2306.825105438</ele></trkpt><trkpt lat="45.883192162" lon="7.072481785"><ele>2309.67916863</ele></trkpt><trkpt lat="45.88319000000001" lon="7.07249"><ele>2309.811735481</ele></trkpt><trkpt lat="45.883187131999996" lon="7.072497886000001"><ele>2309.925206375</ele></trkpt><trkpt lat="45.883112868" lon="7.072702113999999"><ele>2312.762786377</ele></trkpt><trkpt lat="45.88310999999998" lon="7.07271"><ele>2312.868446522</ele></trkpt><trkpt lat="45.88310999999998" lon="7.072718653"><ele>2313.042369271</ele></trkpt><trkpt lat="45.88310999999998" lon="7.072761347"><ele>2313.900476527</ele></trkpt><trkpt lat="45.88310999999998" lon="7.072770000000001"><ele>2314.074399276</ele></trkpt><trkpt lat="45.88310568000001" lon="7.072776480000001"><ele>2314.122980256</ele></trkpt><trkpt lat="45.88309432" lon="7.072793520000001"><ele>2314.249012446</ele></trkpt><trkpt lat="45.88309" lon="7.072800000000001"><ele>2314.296288646</ele></trkpt><trkpt lat="45.88308414199999" lon="7.072802929"><ele>2314.243054821</ele></trkpt><trkpt lat="45.883055858000006" lon="7.072817070999999"><ele>2313.982912398</ele></trkpt><trkpt lat="45.88305" lon="7.072819999999998"><ele>2313.928394451</ele></trkpt><trkpt lat="45.88304528300001" lon="7.0728258959999994"><ele>2313.953968739</ele></trkpt><trkpt lat="45.88301471700003" lon="7.072864104"><ele>2314.111039099</ele></trkpt><trkpt lat="45.88301000000001" lon="7.07287"><ele>2314.133941955</ele></trkpt><trkpt lat="45.883006798" lon="7.0728776049999995"><ele>2314.219302082</ele></trkpt><trkpt lat="45.882933202" lon="7.073052395000001"><ele>2316.095043833</ele></trkpt><trkpt lat="45.88293" lon="7.07306"><ele>2316.172904145</ele></trkpt><trkpt lat="45.88293070299999" lon="7.073068431000001"><ele>2316.347216009</ele></trkpt><trkpt lat="45.88293929700001" lon="7.073171568999999"><ele>2318.48574567</ele></trkpt><trkpt lat="45.88293999999999" lon="7.07318"><ele>2318.661064132</ele></trkpt><trkpt lat="45.882938593999995" lon="7.073188435"><ele>2318.791096408</ele></trkpt><trkpt lat="45.882911406" lon="7.073351565"><ele>2321.276017637</ele></trkpt><trkpt lat="45.88291" lon="7.07336"><ele>2321.402952776</ele></trkpt><trkpt lat="45.882904424" lon="7.073364055000001"><ele>2321.352812162</ele></trkpt><trkpt lat="45.882805575999996" lon="7.073435944999999"><ele>2320.415752095</ele></trkpt><trkpt lat="45.882799999999996" lon="7.073439999999999"><ele>2320.360173565</ele></trkpt><trkpt lat="45.88279794999999" lon="7.073448201000001"><ele>2320.461080758</ele></trkpt><trkpt lat="45.88279204999999" lon="7.073471799000001"><ele>2320.750252468</ele></trkpt><trkpt lat="45.88279000000001" lon="7.07348"><ele>2320.850322484</ele></trkpt><trkpt lat="45.882793437999986" lon="7.073486875"><ele>2321.05505014</ele></trkpt><trkpt lat="45.88280656199999" lon="7.073513125"><ele>2321.839458856</ele></trkpt><trkpt lat="45.88281000000001" lon="7.07352"><ele>2322.045648788</ele></trkpt><trkpt lat="45.882815917" lon="7.073521972"><ele>2322.221665683</ele></trkpt><trkpt lat="45.882894083" lon="7.073548028"><ele>2324.560972211</ele></trkpt><trkpt lat="45.882900000000014" lon="7.07355"><ele>2324.739118724</ele></trkpt><trkpt lat="45.882902029000014" lon="7.073558117000001"><ele>2324.939860256</ele></trkpt><trkpt lat="45.882907971" lon="7.073581883000001"><ele>2325.52884728</ele></trkpt><trkpt lat="45.88291" lon="7.073589999999999"><ele>2325.730419621</ele></trkpt><trkpt lat="45.88290610600001" lon="7.073597008000001"><ele>2325.768169588</ele></trkpt><trkpt lat="45.882763893999986" lon="7.073852992000001"><ele>2326.906862111</ele></trkpt><trkpt lat="45.88275999999997" lon="7.073859999999999"><ele>2326.93146294</ele></trkpt><trkpt lat="45.882757483000006" lon="7.073868181"><ele>2327.012277059</ele></trkpt><trkpt lat="45.882722517" lon="7.073981819"><ele>2328.107549941</ele></trkpt><trkpt lat="45.88272000000001" lon="7.073989999999999"><ele>2328.184426526</ele></trkpt><trkpt lat="45.88271912500001" lon="7.0739987509999995"><ele>2328.314989305</ele></trkpt><trkpt lat="45.88271087499998" lon="7.074081249"><ele>2329.541034922</ele></trkpt><trkpt lat="45.882709999999996" lon="7.07409"><ele>2329.670572314</ele></trkpt><trkpt lat="45.88271480099999" lon="7.074094801"><ele>2329.88612843</ele></trkpt><trkpt lat="45.88276519899999" lon="7.074145199"><ele>2332.166796964</ele></trkpt><trkpt lat="45.88276999999998" lon="7.07415"><ele>2332.385756133</ele></trkpt><trkpt lat="45.88276812699998" lon="7.074158427000001"><ele>2332.484722622</ele></trkpt><trkpt lat="45.882751873000004" lon="7.074231573"><ele>2333.335207476</ele></trkpt><trkpt lat="45.88274999999998" lon="7.074239999999999"><ele>2333.432212291</ele></trkpt><trkpt lat="45.882744260000024" lon="7.074238087"><ele>2333.23579821</ele></trkpt><trkpt lat="45.88269574" lon="7.0742219130000015"><ele>2331.58124417</ele></trkpt><trkpt lat="45.88269" lon="7.07422"><ele>2331.386163296</ele></trkpt><trkpt lat="45.88268437900001" lon="7.0742237470000005"><ele>2331.292892222</ele></trkpt><trkpt lat="45.882665620999994" lon="7.074236253"><ele>2330.979659422</ele></trkpt><trkpt lat="45.88265999999998" lon="7.074239999999999"><ele>2330.885215246</ele></trkpt><trkpt lat="45.88265488399999" lon="7.074245116"><ele>2330.828311181</ele></trkpt><trkpt lat="45.882595116" lon="7.074304883999999"><ele>2330.138619247</ele></trkpt><trkpt lat="45.882589999999986" lon="7.0743100000000005"><ele>2330.077452593</ele></trkpt><trkpt lat="45.882588443000024" lon="7.074318561"><ele>2330.176108109</ele></trkpt><trkpt lat="45.882551556999985" lon="7.074521439"><ele>2332.463849275</ele></trkpt><trkpt lat="45.88255000000003" lon="7.07453"><ele>2332.558278355</ele></trkpt><trkpt lat="45.88255000000003" lon="7.074538801"><ele>2332.703534923</ele></trkpt><trkpt lat="45.88255000000003" lon="7.074791198999999"><ele>2336.869002999</ele></trkpt><trkpt lat="45.88255000000003" lon="7.074800000000001"><ele>2337.014259567</ele></trkpt><trkpt lat="45.88254880199999" lon="7.074808787"><ele>2337.120991179</ele></trkpt><trkpt lat="45.882521198" lon="7.075011213000001"><ele>2339.542337908</ele></trkpt><trkpt lat="45.882520000000014" lon="7.07502"><ele>2339.64581964</ele></trkpt><trkpt lat="45.88251689200002" lon="7.075027770000001"><ele>2339.668880894</ele></trkpt><trkpt lat="45.882483108" lon="7.07511223"><ele>2339.899540006</ele></trkpt><trkpt lat="45.88247999999998" lon="7.075120000000001"><ele>2339.918920171</ele></trkpt><trkpt lat="45.882480661" lon="7.075128590000001"><ele>2340.079304209</ele></trkpt><trkpt lat="45.882489338999996" lon="7.075241409999999"><ele>2342.381808082</ele></trkpt><trkpt lat="45.88249" lon="7.075249999999999"><ele>2342.578031993</ele></trkpt><trkpt lat="45.88248878199999" lon="7.0752585230000005"><ele>2342.708698137</ele></trkpt><trkpt lat="45.88248121800001" lon="7.075311477"><ele>2343.52264555</ele></trkpt><trkpt lat="45.88247999999998" lon="7.07532"><ele>2343.653986604</ele></trkpt><trkpt lat="45.88247492599998" lon="7.075325074"><ele>2343.585010477</ele></trkpt><trkpt lat="45.882405074" lon="7.0753949259999995"><ele>2342.659136572</ele></trkpt><trkpt lat="45.8824" lon="7.075399999999999"><ele>2342.593588623</ele></trkpt><trkpt lat="45.88240206399999" lon="7.075407567"><ele>2342.818663879</ele></trkpt><trkpt lat="45.88242793599999" lon="7.075502432999999"><ele>2345.628487015</ele></trkpt><trkpt lat="45.882429999999985" lon="7.07551"><ele>2345.851656244</ele></trkpt><trkpt lat="45.88243573" lon="7.07551"><ele>2346.040820475</ele></trkpt><trkpt lat="45.88245426999999" lon="7.07551"><ele>2346.652897508</ele></trkpt><trkpt lat="45.88246" lon="7.07551"><ele>2346.842061739</ele></trkpt><trkpt lat="45.88246527199999" lon="7.075505481000001"><ele>2346.924279124</ele></trkpt><trkpt lat="45.882524728000014" lon="7.075454519"><ele>2347.866413175</ele></trkpt><trkpt lat="45.88253" lon="7.07545"><ele>2347.951267796</ele></trkpt><trkpt lat="45.88253559099998" lon="7.075451118"><ele>2348.159730188</ele></trkpt><trkpt lat="45.88257440899999" lon="7.075458882"><ele>2349.605493377</ele></trkpt><trkpt lat="45.88258" lon="7.075459999999999"><ele>2349.813508016</ele></trkpt><trkpt lat="45.88258" lon="7.075468813999999"><ele>2349.988061057</ele></trkpt><trkpt lat="45.88258" lon="7.075591186"><ele>2352.41146191</ele></trkpt><trkpt lat="45.88258" lon="7.0756000000000006"><ele>2352.586014951</ele></trkpt><trkpt lat="45.882582664999994" lon="7.075607994"><ele>2352.831114001</ele></trkpt><trkpt lat="45.882637335000005" lon="7.075772006"><ele>2357.817482514</ele></trkpt><trkpt lat="45.88264" lon="7.07578"><ele>2358.058448964</ele></trkpt><trkpt lat="45.882645542" lon="7.075777228999999"><ele>2358.180613083</ele></trkpt><trkpt lat="45.88265445799998" lon="7.075772771"><ele>2358.377421911</ele></trkpt><trkpt lat="45.88265999999998" lon="7.0757699999999994"><ele>2358.499947274</ele></trkpt><trkpt lat="45.88266432199999" lon="7.075763949"><ele>2358.520038392</ele></trkpt><trkpt lat="45.882705677999994" lon="7.075706051"><ele>2358.724211118</ele></trkpt><trkpt lat="45.882709999999996" lon="7.0757"><ele>2358.746794297</ele></trkpt><trkpt lat="45.882715552000015" lon="7.075702776000002"><ele>2358.978629177</ele></trkpt><trkpt lat="45.88272444800001" lon="7.075707223999999"><ele>2359.349736794</ele></trkpt><trkpt lat="45.88273" lon="7.075710000000001"><ele>2359.581210018</ele></trkpt><trkpt lat="45.88273354900001" lon="7.075717099"><ele>2359.830850418</ele></trkpt><trkpt lat="45.88275645100001" lon="7.075762901"><ele>2361.436150981</ele></trkpt><trkpt lat="45.88275999999997" lon="7.0757699999999994"><ele>2361.684098383</ele></trkpt><trkpt lat="45.88276172" lon="7.075761398999999"><ele>2361.575582095</ele></trkpt><trkpt lat="45.88276827999998" lon="7.075728601"><ele>2361.163035906</ele></trkpt><trkpt lat="45.88276999999998" lon="7.0757200000000005"><ele>2361.05516176</ele></trkpt><trkpt lat="45.882774919999996" lon="7.075715080000001"><ele>2361.119822932</ele></trkpt><trkpt lat="45.882805080000004" lon="7.075684919999999"><ele>2361.520954942</ele></trkpt><trkpt lat="45.88281000000001" lon="7.07568"><ele>2361.587172371</ele></trkpt><trkpt lat="45.88281000000001" lon="7.075671020999999"><ele>2361.418658338</ele></trkpt><trkpt lat="45.88281000000001" lon="7.075618979"><ele>2360.442016849</ele></trkpt><trkpt lat="45.88281000000001" lon="7.07561"><ele>2360.273502815</ele></trkpt><trkpt lat="45.882814214999975" lon="7.075603677999999"><ele>2360.292223026</ele></trkpt><trkpt lat="45.88282578499997" lon="7.075586322"><ele>2360.344844627</ele></trkpt><trkpt lat="45.88283000000001" lon="7.0755799999999995"><ele>2360.364464704</ele></trkpt><trkpt lat="45.882835329999985" lon="7.075575669000001"><ele>2360.45796871</ele></trkpt><trkpt lat="45.88298466999999" lon="7.075454331000001"><ele>2363.162457679</ele></trkpt><trkpt lat="45.882990000000014" lon="7.07545"><ele>2363.262001185</ele></trkpt><trkpt lat="45.882994717" lon="7.075444103999999"><ele>2363.313259588</ele></trkpt><trkpt lat="45.88306528300001" lon="7.075355896"><ele>2364.110035613</ele></trkpt><trkpt lat="45.88307" lon="7.07535"><ele>2364.165296343</ele></trkpt><trkpt lat="45.883073596" lon="7.075342809"><ele>2364.160185525</ele></trkpt><trkpt lat="45.88309640400001" lon="7.075297191"><ele>2364.13319469</ele></trkpt><trkpt lat="45.88310000000001" lon="7.07529"><ele>2364.129795937</ele></trkpt><trkpt lat="45.88310605999998" lon="7.075288347"><ele>2364.307064943</ele></trkpt><trkpt lat="45.88331394" lon="7.075231653"><ele>2370.442569866</ele></trkpt><trkpt lat="45.88331999999999" lon="7.0752299999999995"><ele>2370.623027115</ele></trkpt><trkpt lat="45.883324634" lon="7.075234634"><ele>2370.85808633</ele></trkpt><trkpt lat="45.88333536599997" lon="7.075245366"><ele>2371.401683344</ele></trkpt><trkpt lat="45.88334" lon="7.075249999999999"><ele>2371.636100496</ele></trkpt><trkpt lat="45.88334" lon="7.075257799000001"><ele>2371.763823533</ele></trkpt><trkpt lat="45.88334" lon="7.075272201"><ele>2371.999695959</ele></trkpt><trkpt lat="45.88334" lon="7.075280000000001"><ele>2372.127418996</ele></trkpt><trkpt lat="45.883345507" lon="7.075282754"><ele>2372.35997445</ele></trkpt><trkpt lat="45.883394493000004" lon="7.075307246"><ele>2374.422479462</ele></trkpt><trkpt lat="45.8834" lon="7.075309999999999"><ele>2374.653681932</ele></trkpt><trkpt lat="45.88340199300002" lon="7.075316975"><ele>2374.833553617</ele></trkpt><trkpt lat="45.883418006999996" lon="7.075373025000001"><ele>2376.274420996</ele></trkpt><trkpt lat="45.88342000000001" lon="7.075379999999998"><ele>2376.453160177</ele></trkpt><trkpt lat="45.883426084999996" lon="7.075379999999998"><ele>2376.657628398</ele></trkpt><trkpt lat="45.88344391499998" lon="7.075379999999998"><ele>2377.256697773</ele></trkpt><trkpt lat="45.883450000000025" lon="7.075379999999998"><ele>2377.461165993</ele></trkpt><trkpt lat="45.88344769100002" lon="7.0753879170000005"><ele>2377.509395614</ele></trkpt><trkpt lat="45.883382309000005" lon="7.075612083"><ele>2378.943358986</ele></trkpt><trkpt lat="45.88338" lon="7.07562"><ele>2378.996420905</ele></trkpt><trkpt lat="45.883376727999995" lon="7.075627633999999"><ele>2379.013790133</ele></trkpt><trkpt lat="45.883353271999994" lon="7.075682366"><ele>2379.14492165</ele></trkpt><trkpt lat="45.883350000000014" lon="7.07569"><ele>2379.164130612</ele></trkpt><trkpt lat="45.88334922599999" lon="7.075698904000001"><ele>2379.284651989</ele></trkpt><trkpt lat="45.883330774" lon="7.075911095999999"><ele>2382.175159259</ele></trkpt><trkpt lat="45.88332999999998" lon="7.07592"><ele>2382.297224194</ele></trkpt><trkpt lat="45.88333267299999" lon="7.075928019999999"><ele>2382.512147546</ele></trkpt><trkpt lat="45.88337732699999" lon="7.0760619799999995"><ele>2386.073546712</ele></trkpt><trkpt lat="45.88338" lon="7.076069999999999"><ele>2386.285047722</ele></trkpt><trkpt lat="45.88338386499998" lon="7.076076763999999"><ele>2386.512315536</ele></trkpt><trkpt lat="45.88345613500002" lon="7.076203235999999"><ele>2390.718654387</ele></trkpt><trkpt lat="45.883460000000014" lon="7.076209999999999"><ele>2390.941279105</ele></trkpt><trkpt lat="45.88346488799998" lon="7.076205112"><ele>2391.009932684</ele></trkpt><trkpt lat="45.88349511199998" lon="7.076174887999999"><ele>2391.439170741</ele></trkpt><trkpt lat="45.88349999999999" lon="7.07617"><ele>2391.509371967</ele></trkpt><trkpt lat="45.88350535899998" lon="7.076173573000001"><ele>2391.726205689</ele></trkpt><trkpt lat="45.883524640999994" lon="7.076186427"><ele>2392.504904454</ele></trkpt><trkpt lat="45.88353000000001" lon="7.07619"><ele>2392.720944365</ele></trkpt><trkpt lat="45.883535861" lon="7.076189163"><ele>2392.883509928</ele></trkpt><trkpt lat="45.883594138999996" lon="7.076180836999999"><ele>2394.502236973</ele></trkpt><trkpt lat="45.88360000000001" lon="7.076179999999999"><ele>2394.66528679</ele></trkpt><trkpt lat="45.88360531699998" lon="7.076183867"><ele>2394.883448983</ele></trkpt><trkpt lat="45.88370468299998" lon="7.076256133"><ele>2398.926805948</ele></trkpt><trkpt lat="45.88371000000001" lon="7.07626"><ele>2399.141318432</ele></trkpt><trkpt lat="45.883714948" lon="7.0762550520000005"><ele>2399.215274264</ele></trkpt><trkpt lat="45.883725052" lon="7.076244948"><ele>2399.366970251</ele></trkpt><trkpt lat="45.883730000000014" lon="7.076239999999999"><ele>2399.441597646</ele></trkpt><trkpt lat="45.883730000000014" lon="7.076231021"><ele>2399.310332099</ele></trkpt><trkpt lat="45.883730000000014" lon="7.076198979"><ele>2398.841912546</ele></trkpt><trkpt lat="45.883730000000014" lon="7.07619"><ele>2398.710646999</ele></trkpt><trkpt lat="45.88373490800002" lon="7.076194908000001"><ele>2398.929293668</ele></trkpt><trkpt lat="45.88376509199998" lon="7.076225092"><ele>2400.269043602</ele></trkpt><trkpt lat="45.88376999999999" lon="7.076229999999999"><ele>2400.486137186</ele></trkpt><trkpt lat="45.88377587499999" lon="7.076229999999999"><ele>2400.661012157</ele></trkpt><trkpt lat="45.88381412500001" lon="7.076229999999999"><ele>2401.799675507</ele></trkpt><trkpt lat="45.883820000000014" lon="7.076229999999999"><ele>2401.974550478</ele></trkpt><trkpt lat="45.883821104999996" lon="7.076221158999999"><ele>2401.881836743</ele></trkpt><trkpt lat="45.883828894999986" lon="7.076158841"><ele>2401.230784189</ele></trkpt><trkpt lat="45.88383" lon="7.076149999999999"><ele>2401.138779506</ele></trkpt><trkpt lat="45.883835545" lon="7.076152772"><ele>2401.345038121</ele></trkpt><trkpt lat="45.883844455" lon="7.076157228"><ele>2401.676241531</ele></trkpt><trkpt lat="45.88385" lon="7.07616"><ele>2401.882138804</ele></trkpt><trkpt lat="45.883854959999994" lon="7.076155039999999"><ele>2401.961641389</ele></trkpt><trkpt lat="45.883885039999996" lon="7.07612496"><ele>2402.448518158</ele></trkpt><trkpt lat="45.88389000000001" lon="7.076120000000001"><ele>2402.529587895</ele></trkpt><trkpt lat="45.88389432599998" lon="7.076113751"><ele>2402.573795838</ele></trkpt><trkpt lat="45.883975674000006" lon="7.075996249"><ele>2403.450388025</ele></trkpt><trkpt lat="45.88398000000001" lon="7.075989999999999"><ele>2403.499423607</ele></trkpt><trkpt lat="45.883985156" lon="7.075985312000001"><ele>2403.59536544</ele></trkpt><trkpt lat="45.884084844000014" lon="7.075894687999999"><ele>2405.492997758</ele></trkpt><trkpt lat="45.88409000000001" lon="7.075889999999999"><ele>2405.593371133</ele></trkpt><trkpt lat="45.88409597500001" lon="7.075889004000001"><ele>2405.767474752</ele></trkpt><trkpt lat="45.884264024999986" lon="7.075860996"><ele>2410.686412411</ele></trkpt><trkpt lat="45.88427000000001" lon="7.07586"><ele>2410.862078594</ele></trkpt><trkpt lat="45.884275776" lon="7.075856981"><ele>2411.0069355</ele></trkpt><trkpt lat="45.884704225000014" lon="7.075633019"><ele>2422.191409431</ele></trkpt><trkpt lat="45.88470999999999" lon="7.07563"><ele>2422.348086906</ele></trkpt><trkpt lat="45.884714793" lon="7.075624247999999"><ele>2422.445192161</ele></trkpt><trkpt lat="45.884805207" lon="7.075515752000001"><ele>2424.323444173</ele></trkpt><trkpt lat="45.88481000000001" lon="7.07551"><ele>2424.425487259</ele></trkpt><trkpt lat="45.88481568500001" lon="7.075506304999999"><ele>2424.577241054</ele></trkpt><trkpt lat="45.88500431499998" lon="7.075383695"><ele>2429.719990224</ele></trkpt><trkpt lat="45.88500999999999" lon="7.075379999999998"><ele>2429.878218488</ele></trkpt><trkpt lat="45.88501477599995" lon="7.075374201000001"><ele>2429.98750032</ele></trkpt><trkpt lat="45.885145223999984" lon="7.075215799"><ele>2433.069142055</ele></trkpt><trkpt lat="45.88515" lon="7.07521"><ele>2433.185494743</ele></trkpt><trkpt lat="45.88515574600002" lon="7.075206716"><ele>2433.35608739</ele></trkpt><trkpt lat="45.885354254000006" lon="7.075093284"><ele>2436.58042906</ele></trkpt><trkpt lat="45.88535999999999" lon="7.07509"><ele>2436.661105177</ele></trkpt><trkpt lat="45.885366012" lon="7.0750887979999995"><ele>2436.822470433</ele></trkpt><trkpt lat="45.885403988000014" lon="7.075081202"><ele>2437.839705532</ele></trkpt><trkpt lat="45.885410000000014" lon="7.07508"><ele>2438.0003916</ele></trkpt><trkpt lat="45.88541577600001" lon="7.075082567"><ele>2438.284612155</ele></trkpt><trkpt lat="45.88549422399999" lon="7.075117433"><ele>2442.163745055</ele></trkpt><trkpt lat="45.885500000000015" lon="7.075120000000001"><ele>2442.450742157</ele></trkpt><trkpt lat="45.885504515" lon="7.07512602"><ele>2442.817607931</ele></trkpt><trkpt lat="45.885525485000024" lon="7.07515398"><ele>2444.525968666</ele></trkpt><trkpt lat="45.88553" lon="7.0751599999999994"><ele>2444.894804737</ele></trkpt><trkpt lat="45.885530534" lon="7.075168538999999"><ele>2445.217404107</ele></trkpt><trkpt lat="45.885539466000004" lon="7.075311460999999"><ele>2447.226141695</ele></trkpt><trkpt lat="45.88553999999999" lon="7.07532"><ele>2447.299390658</ele></trkpt><trkpt lat="45.88553999999999" lon="7.075328562999999"><ele>2447.354695696</ele></trkpt><trkpt lat="45.88553999999999" lon="7.075471437"><ele>2448.277473357</ele></trkpt><trkpt lat="45.88553999999999" lon="7.075480000000001"><ele>2448.332778394</ele></trkpt><trkpt lat="45.88554067699999" lon="7.075488798000001"><ele>2448.412007287</ele></trkpt><trkpt lat="45.88557932299998" lon="7.075991202"><ele>2452.847426263</ele></trkpt><trkpt lat="45.885580000000026" lon="7.076"><ele>2452.923535663</ele></trkpt><trkpt lat="45.885583207" lon="7.076007483000001"><ele>2453.069200828</ele></trkpt><trkpt lat="45.88584679299997" lon="7.076622517"><ele>2464.302005582</ele></trkpt><trkpt lat="45.88585" lon="7.076630000000001"><ele>2464.429669227</ele></trkpt><trkpt lat="45.88585420600001" lon="7.076636309"><ele>2464.579113107</ele></trkpt><trkpt lat="45.88588579399999" lon="7.076683691"><ele>2465.69374024</ele></trkpt><trkpt lat="45.88589000000003" lon="7.07669"><ele>2465.841147723</ele></trkpt><trkpt lat="45.88589000000003" lon="7.076698877"><ele>2465.884474118</ele></trkpt><trkpt lat="45.88589000000003" lon="7.076771123"><ele>2466.237082208</ele></trkpt><trkpt lat="45.88589000000003" lon="7.07678"><ele>2466.280408604</ele></trkpt><trkpt lat="45.885892631" lon="7.076787892"><ele>2466.390623275</ele></trkpt><trkpt lat="45.88594736899999" lon="7.076952108"><ele>2468.641486792</ele></trkpt><trkpt lat="45.88595000000001" lon="7.076960000000001"><ele>2468.74761887</ele></trkpt><trkpt lat="45.885954807999994" lon="7.076965374"><ele>2468.899582139</ele></trkpt><trkpt lat="45.886115191999984" lon="7.077144626"><ele>2473.835256688</ele></trkpt><trkpt lat="45.88612" lon="7.07715"><ele>2473.979215598</ele></trkpt><trkpt lat="45.886126146" lon="7.077151023999999"><ele>2474.140607068</ele></trkpt><trkpt lat="45.88617385399998" lon="7.077158975999999"><ele>2475.391350515</ele></trkpt><trkpt lat="45.88618" lon="7.077159999999999"><ele>2475.552244523</ele></trkpt><trkpt lat="45.88618547499999" lon="7.077164106999999"><ele>2475.668191061</ele></trkpt><trkpt lat="45.88621452500003" lon="7.077185892999999"><ele>2475.74409049</ele></trkpt><trkpt lat="45.88622000000001" lon="7.07719"><ele>2475.757767182</ele></trkpt><trkpt lat="45.88622598100001" lon="7.077192393"><ele>2475.765427138</ele></trkpt><trkpt lat="45.88636401899999" lon="7.077247607000001"><ele>2475.906905791</ele></trkpt><trkpt lat="45.88636999999999" lon="7.07725"><ele>2475.911506885</ele></trkpt><trkpt lat="45.88637624699999" lon="7.07725"><ele>2475.909425184</ele></trkpt><trkpt lat="45.88642375300001" lon="7.07725"><ele>2475.893595694</ele></trkpt><trkpt lat="45.886430000000004" lon="7.07725"><ele>2475.891513993</ele></trkpt><trkpt lat="45.88643577499998" lon="7.077253342999999"><ele>2475.897739616</ele></trkpt><trkpt lat="45.88661422500001" lon="7.077356657000001"><ele>2476.005635346</ele></trkpt><trkpt lat="45.886619999999986" lon="7.0773600000000005"><ele>2476.006393115</ele></trkpt><trkpt lat="45.886626060000005" lon="7.077362164000001"><ele>2476.004862656</ele></trkpt><trkpt lat="45.886893939999986" lon="7.077457836000001"><ele>2475.820883951</ele></trkpt><trkpt lat="45.886900000000004" lon="7.077460000000001"><ele>2475.814089993</ele></trkpt><trkpt lat="45.886906187" lon="7.077461301999999"><ele>2475.806716875</ele></trkpt><trkpt lat="45.88708381300002" lon="7.077498698"><ele>2475.56452302</ele></trkpt><trkpt lat="45.88708999999999" lon="7.0775"><ele>2475.555024516</ele></trkpt><trkpt lat="45.887095942" lon="7.077502773"><ele>2475.545084892</ele></trkpt><trkpt lat="45.88723405799998" lon="7.077567227"><ele>2475.272831484</ele></trkpt><trkpt lat="45.88723999999997" lon="7.077570000000001"><ele>2475.259345704</ele></trkpt><trkpt lat="45.887246084" lon="7.0775720280000005"><ele>2475.246326462</ele></trkpt><trkpt lat="45.88750391600002" lon="7.077657972000001"><ele>2474.593895046</ele></trkpt><trkpt lat="45.88751" lon="7.07766"><ele>2474.576124526</ele></trkpt><trkpt lat="45.887516252999994" lon="7.07766"><ele>2474.562661439</ele></trkpt><trkpt lat="45.887553747" lon="7.07766"><ele>2474.481932681</ele></trkpt><trkpt lat="45.88755999999999" lon="7.07766"><ele>2474.468469595</ele></trkpt><trkpt lat="45.887566021" lon="7.077662258"><ele>2474.449683507</ele></trkpt><trkpt lat="45.887873979000005" lon="7.077777742000001"><ele>2473.327812415</ele></trkpt><trkpt lat="45.88788000000001" lon="7.077779999999999"><ele>2473.302733263</ele></trkpt><trkpt lat="45.88788622199998" lon="7.077779111000001"><ele>2473.289579041</ele></trkpt><trkpt lat="45.88801377800001" lon="7.077760889"><ele>2473.03071034</ele></trkpt><trkpt lat="45.888019999999976" lon="7.0777600000000005"><ele>2473.01861168</ele></trkpt><trkpt lat="45.88802622200002" lon="7.077760638000001"><ele>2472.999502844</ele></trkpt><trkpt lat="45.888403778000004" lon="7.0777993619999995"><ele>2471.774047548</ele></trkpt><trkpt lat="45.88840999999999" lon="7.0778"><ele>2471.752764426</ele></trkpt><trkpt lat="45.888416242" lon="7.07779976"><ele>2471.736971464</ele></trkpt><trkpt lat="45.88866375799999" lon="7.07779024"><ele>2471.121423245</ele></trkpt><trkpt lat="45.888669999999976" lon="7.077789999999999"><ele>2471.106171098</ele></trkpt><trkpt lat="45.88867620100002" lon="7.077791033999999"><ele>2471.081481387</ele></trkpt><trkpt lat="45.88878379900001" lon="7.077808965999999"><ele>2470.644038965</ele></trkpt><trkpt lat="45.88878999999999" lon="7.07781"><ele>2470.618305092</ele></trkpt><trkpt lat="45.88879572699998" lon="7.077813579"><ele>2470.57339452</ele></trkpt><trkpt lat="45.88886427299999" lon="7.077856421"><ele>2470.021694931</ele></trkpt><trkpt lat="45.88886999999998" lon="7.07786"><ele>2469.97442438</ele></trkpt><trkpt lat="45.888876203" lon="7.077859162"><ele>2469.962598067</ele></trkpt><trkpt lat="45.889233796999996" lon="7.077810838"><ele>2469.358882011</ele></trkpt><trkpt lat="45.889239999999994" lon="7.07781"><ele>2469.349763026</ele></trkpt><trkpt lat="45.889243886000024" lon="7.077816799999999"><ele>2469.270625304</ele></trkpt><trkpt lat="45.88927611399997" lon="7.0778732"><ele>2468.605218208</ele></trkpt><trkpt lat="45.88928" lon="7.077880000000001"><ele>2468.523900292</ele></trkpt><trkpt lat="45.88928593299998" lon="7.0778824600000005"><ele>2468.48020604</ele></trkpt><trkpt lat="45.889684067000005" lon="7.078047539999999"><ele>2465.252019401</ele></trkpt><trkpt lat="45.88968999999999" lon="7.07805"><ele>2465.199500511</ele></trkpt><trkpt lat="45.889696236" lon="7.078049699000001"><ele>2465.178895424</ele></trkpt><trkpt lat="45.890513763999984" lon="7.078010301000001"><ele>2513.354426264</ele></trkpt><trkpt lat="45.890520000000016" lon="7.07801"><ele>2513.330848155</ele></trkpt><trkpt lat="45.89052506000003" lon="7.078015250000001"><ele>2513.207043585</ele></trkpt><trkpt lat="45.891044940000015" lon="7.078554750000001"><ele>2504.467763855</ele></trkpt><trkpt lat="45.89105" lon="7.0785599999999995"><ele>2504.481906481</ele></trkpt><trkpt lat="45.891056206999984" lon="7.078560652999999"><ele>2504.586161963</ele></trkpt><trkpt lat="45.891233793" lon="7.078579347"><ele>2507.576369693</ele></trkpt><trkpt lat="45.89124000000001" lon="7.07858"><ele>2507.681150324</ele></trkpt><trkpt lat="45.891243967000015" lon="7.078586943"><ele>2507.653016718</ele></trkpt><trkpt lat="45.89127603299999" lon="7.078643057"><ele>2507.430043656</ele></trkpt><trkpt lat="45.891279999999995" lon="7.07865"><ele>2507.403004012</ele></trkpt><trkpt lat="45.89127782899998" lon="7.078658251000001"><ele>2507.243018216</ele></trkpt><trkpt lat="45.891232170999984" lon="7.078831749"><ele>2503.860886413</ele></trkpt><trkpt lat="45.89123" lon="7.0788400000000005"><ele>2503.699174821</ele></trkpt><trkpt lat="45.89123240100002" lon="7.078848269999999"><ele>2503.624002821</ele></trkpt><trkpt lat="45.89131759899998" lon="7.079141729999999"><ele>2501.012741174</ele></trkpt><trkpt lat="45.89132" lon="7.07915"><ele>2500.940737182</ele></trkpt><trkpt lat="45.891321446" lon="7.079158679"><ele>2500.844143967</ele></trkpt><trkpt lat="45.89136855399999" lon="7.079441321"><ele>2497.919263909</ele></trkpt><trkpt lat="45.891369999999995" lon="7.079449999999999"><ele>2497.837044961</ele></trkpt><trkpt lat="45.89137422899999" lon="7.079456608000001"><ele>2497.836698224</ele></trkpt><trkpt lat="45.89152577100001" lon="7.079693392"><ele>2497.793925216</ele></trkpt><trkpt lat="45.89152999999999" lon="7.079700000000002"><ele>2497.791884471</ele></trkpt><trkpt lat="45.89153165200001" lon="7.079708628"><ele>2497.712909834</ele></trkpt><trkpt lat="45.891618348000016" lon="7.080161372000001"><ele>2493.536145657</ele></trkpt><trkpt lat="45.89161999999999" lon="7.080169999999999"><ele>2493.455916522</ele></trkpt><trkpt lat="45.89162440699999" lon="7.080176365"><ele>2493.458292149</ele></trkpt><trkpt lat="45.89170559299999" lon="7.080293635000001"><ele>2493.493798743</ele></trkpt><trkpt lat="45.89170999999999" lon="7.080299999999999"><ele>2493.495277753</ele></trkpt><trkpt lat="45.891712629999994" lon="7.080308120000001"><ele>2493.439644551</ele></trkpt><trkpt lat="45.89193737" lon="7.08100188"><ele>2489.647422858</ele></trkpt><trkpt lat="45.891940000000005" lon="7.081010000000001"><ele>2489.641432961</ele></trkpt><trkpt lat="45.891945097" lon="7.081015097"><ele>2489.740773947</ele></trkpt><trkpt lat="45.89207490300001" lon="7.081144903"><ele>2492.258625684</ele></trkpt><trkpt lat="45.89208" lon="7.08115"><ele>2492.357013404</ele></trkpt><trkpt lat="45.892078545999986" lon="7.081158724000001"><ele>2492.221772554</ele></trkpt><trkpt lat="45.89204145400001" lon="7.081381275999999"><ele>2488.777564993</ele></trkpt><trkpt lat="45.89203999999997" lon="7.08139"><ele>2488.64279034</ele></trkpt><trkpt lat="45.89203638300001" lon="7.081397233999999"><ele>2488.45952972</ele></trkpt><trkpt lat="45.89199361699999" lon="7.081482765999999"><ele>2486.29538871</ele></trkpt><trkpt lat="45.89199" lon="7.0814900000000005"><ele>2486.112593259</ele></trkpt><trkpt lat="45.89198927199999" lon="7.081498881999999"><ele>2485.998056666</ele></trkpt><trkpt lat="45.891940728000016" lon="7.082091118"><ele>2478.303101989</ele></trkpt><trkpt lat="45.891940000000005" lon="7.0821000000000005"><ele>2478.165478029</ele></trkpt><trkpt lat="45.89194198399999" lon="7.082108503"><ele>2478.112103156</ele></trkpt><trkpt lat="45.89200801599999" lon="7.082391497"><ele>2476.350393166</ele></trkpt><trkpt lat="45.892010000000006" lon="7.082399999999999"><ele>2476.297899499</ele></trkpt><trkpt lat="45.89201462400001" lon="7.082406046000001"><ele>2476.355244422</ele></trkpt><trkpt lat="45.892135376" lon="7.082563953999999"><ele>2477.868004934</ele></trkpt><trkpt lat="45.89213999999998" lon="7.08257"><ele>2477.926504861</ele></trkpt><trkpt lat="45.89213974699999" lon="7.082578852"><ele>2477.804418342</ele></trkpt><trkpt lat="45.89213025300002" lon="7.082911148000001"><ele>2473.218979543</ele></trkpt><trkpt lat="45.89213000000002" lon="7.08292"><ele>2473.096761559</ele></trkpt><trkpt lat="45.892133646999994" lon="7.082927295"><ele>2473.111173921</ele></trkpt><trkpt lat="45.89223635299997" lon="7.083132705"><ele>2473.533650456</ele></trkpt><trkpt lat="45.89224" lon="7.083139999999999"><ele>2473.549244898</ele></trkpt><trkpt lat="45.89223981699999" lon="7.083148958999999"><ele>2473.428455329</ele></trkpt><trkpt lat="45.892220183" lon="7.084111041"><ele>2468.469373803</ele></trkpt><trkpt lat="45.892219999999995" lon="7.084120000000001"><ele>2468.455097047</ele></trkpt><trkpt lat="45.89221408900001" lon="7.084122800000001"><ele>2468.284006121</ele></trkpt><trkpt lat="45.892035910999994" lon="7.084207200000001"><ele>2463.167121896</ele></trkpt><trkpt lat="45.892030000000005" lon="7.084210000000001"><ele>2462.998701169</ele></trkpt><trkpt lat="45.89202457599999" lon="7.084214381000001"><ele>2462.843312604</ele></trkpt><trkpt lat="45.891775424000016" lon="7.0844156190000005"><ele>2455.574483371</ele></trkpt><trkpt lat="45.891769999999994" lon="7.08442"><ele>2455.405442951</ele></trkpt><trkpt lat="45.89176624800002" lon="7.084427086999999"><ele>2455.279869346</ele></trkpt><trkpt lat="45.891503752000006" lon="7.084922913000001"><ele>2444.040939074</ele></trkpt><trkpt lat="45.8915" lon="7.08493"><ele>2443.827242016</ele></trkpt><trkpt lat="45.89149738500002" lon="7.084938084"><ele>2443.638455653</ele></trkpt><trkpt lat="45.891392614999994" lon="7.085261915999999"><ele>2436.524142266</ele></trkpt><trkpt lat="45.89139000000002" lon="7.08527"><ele>2436.357722644</ele></trkpt><trkpt lat="45.89139090800001" lon="7.085278781000001"><ele>2436.283117349</ele></trkpt><trkpt lat="45.89141909199999" lon="7.085551218999999"><ele>2433.866227744</ele></trkpt><trkpt lat="45.89141999999999" lon="7.08556"><ele>2433.785041027</ele></trkpt><trkpt lat="45.891425584" lon="7.085564032999999"><ele>2433.874142488</ele></trkpt><trkpt lat="45.891594416000004" lon="7.085685967"><ele>2436.293989935</ele></trkpt><trkpt lat="45.89159999999998" lon="7.085689999999999"><ele>2436.364967522</ele></trkpt><trkpt lat="45.8916028" lon="7.085697933"><ele>2436.316701218</ele></trkpt><trkpt lat="45.891657200000004" lon="7.085852066999999"><ele>2435.265272477</ele></trkpt><trkpt lat="45.891659999999995" lon="7.085860000000001"><ele>2435.205315604</ele></trkpt><trkpt lat="45.891659999999995" lon="7.085868897"><ele>2435.07287081</ele></trkpt><trkpt lat="45.891659999999995" lon="7.086011103"><ele>2432.955881789</ele></trkpt><trkpt lat="45.891659999999995" lon="7.08602"><ele>2432.823436995</ele></trkpt><trkpt lat="45.891662889999985" lon="7.086027947"><ele>2432.758592155</ele></trkpt><trkpt lat="45.891937110000015" lon="7.086782052999999"><ele>2426.379867701</ele></trkpt><trkpt lat="45.891940000000005" lon="7.08679"><ele>2426.297529799</ele></trkpt><trkpt lat="45.89193890000001" lon="7.086798795999999"><ele>2426.159187181</ele></trkpt><trkpt lat="45.891931099999994" lon="7.086861204"><ele>2425.182611197</ele></trkpt><trkpt lat="45.891929999999995" lon="7.086870000000001"><ele>2425.045651169</ele></trkpt><trkpt lat="45.891929999999995" lon="7.086870000000001"><ele>2425.045651169</ele></trkpt><trkpt lat="45.891929999999995" lon="7.086870000000001"><ele>2425.045651169</ele></trkpt><trkpt lat="45.891929999999995" lon="7.086870000000001"><ele>2425.045651169</ele></trkpt><trkpt lat="45.891929999999995" lon="7.086870000000001"><ele>2425.045651169</ele></trkpt><trkpt lat="45.891901194" lon="7.087081242999999"><ele>2421.672689196</ele></trkpt><trkpt lat="45.89189999999998" lon="7.087089999999999"><ele>2421.531179284</ele></trkpt><trkpt lat="45.89190269699999" lon="7.087098092000001"><ele>2421.456419177</ele></trkpt><trkpt lat="45.89194730299998" lon="7.087231907999999"><ele>2419.999547249</ele></trkpt><trkpt lat="45.891949999999994" lon="7.08724"><ele>2419.901572491</ele></trkpt><trkpt lat="45.891950507000004" lon="7.087248924999999"><ele>2419.776051828</ele></trkpt><trkpt lat="45.89199949300001" lon="7.088111075"><ele>2412.100747957</ele></trkpt><trkpt lat="45.89199999999999" lon="7.08812"><ele>2412.053268417</ele></trkpt><trkpt lat="45.89199855400001" lon="7.088128676"><ele>2411.97639417</ele></trkpt><trkpt lat="45.89196144600001" lon="7.0883513240000005"><ele>2409.828001652</ele></trkpt><trkpt lat="45.89195999999996" lon="7.08836"><ele>2409.737443236</ele></trkpt><trkpt lat="45.891960959000016" lon="7.088368874999999"><ele>2409.69511618</ele></trkpt><trkpt lat="45.892119041" lon="7.089831125000002"><ele>2405.458102462</ele></trkpt><trkpt lat="45.892120000000006" lon="7.089839999999999"><ele>2405.443202207</ele></trkpt><trkpt lat="45.89211798499999" lon="7.089848394"><ele>2405.312051687</ele></trkpt><trkpt lat="45.89206201500001" lon="7.090081606"><ele>2401.553612204</ele></trkpt><trkpt lat="45.89206" lon="7.09009"><ele>2401.414192374</ele></trkpt><trkpt lat="45.892059664999984" lon="7.090098944999999"><ele>2401.341812493</ele></trkpt><trkpt lat="45.89203033500002" lon="7.090881055"><ele>2393.359450799</ele></trkpt><trkpt lat="45.892030000000005" lon="7.090889999999999"><ele>2393.261823192</ele></trkpt><trkpt lat="45.89203344599999" lon="7.090897466999999"><ele>2393.343461627</ele></trkpt><trkpt lat="45.892146553999986" lon="7.091142532999999"><ele>2396.014475812</ele></trkpt><trkpt lat="45.89215000000002" lon="7.09115"><ele>2396.095610489</ele></trkpt><trkpt lat="45.89214958899999" lon="7.091158896"><ele>2395.994870128</ele></trkpt><trkpt lat="45.89212041100001" lon="7.091791104"><ele>2388.365822646</ele></trkpt><trkpt lat="45.892120000000006" lon="7.091799999999999"><ele>2388.229110382</ele></trkpt><trkpt lat="45.892118922" lon="7.091808741000001"><ele>2388.065752335</ele></trkpt><trkpt lat="45.89203107800001" lon="7.092521259000001"><ele>2374.975576598</ele></trkpt><trkpt lat="45.892030000000005" lon="7.092530000000001"><ele>2374.817749587</ele></trkpt><trkpt lat="45.89203252700001" lon="7.092538214000001"><ele>2374.812812177</ele></trkpt><trkpt lat="45.89206747299998" lon="7.092651786"><ele>2374.729399712</ele></trkpt><trkpt lat="45.89206999999999" lon="7.09266"><ele>2374.722272151</ele></trkpt><trkpt lat="45.89206952399998" lon="7.0926688780000005"><ele>2374.586063307</ele></trkpt><trkpt lat="45.892040476000005" lon="7.093211122"><ele>2364.571319463</ele></trkpt><trkpt lat="45.89203999999997" lon="7.093219999999999"><ele>2364.341926597</ele></trkpt><trkpt lat="45.89204353000001" lon="7.093227413"><ele>2364.297328374</ele></trkpt><trkpt lat="45.89213647" lon="7.093422587"><ele>2362.990824273</ele></trkpt><trkpt lat="45.89213999999998" lon="7.093429999999999"><ele>2362.936180125</ele></trkpt><trkpt lat="45.892140643000005" lon="7.093438794"><ele>2362.743550507</ele></trkpt><trkpt lat="45.89216935700001" lon="7.093831206000001"><ele>2354.067463203</ele></trkpt><trkpt lat="45.89217" lon="7.09384"><ele>2353.871206713</ele></trkpt><trkpt lat="45.89217247300002" lon="7.093848092"><ele>2353.752699093</ele></trkpt><trkpt lat="45.89227752699996" lon="7.094191908"><ele>2348.457944737</ele></trkpt><trkpt lat="45.89228000000001" lon="7.0942"><ele>2348.327213392</ele></trkpt><trkpt lat="45.89228426199999" lon="7.094206519"><ele>2348.291014861</ele></trkpt><trkpt lat="45.892445738" lon="7.094453481000001"><ele>2346.650763365</ele></trkpt><trkpt lat="45.89244999999999" lon="7.09446"><ele>2346.603374678</ele></trkpt><trkpt lat="45.892449680000006" lon="7.094468644000001"><ele>2346.368342448</ele></trkpt><trkpt lat="45.892440319999984" lon="7.094721355999999"><ele>2339.511275067</ele></trkpt><trkpt lat="45.89244" lon="7.094729999999999"><ele>2339.277204136</ele></trkpt><trkpt lat="45.89244565900001" lon="7.094727171"><ele>2339.505252563</ele></trkpt><trkpt lat="45.89255434099998" lon="7.094672828999999"><ele>2343.920684973</ele></trkpt><trkpt lat="45.89256000000002" lon="7.094670000000001"><ele>2344.152450239</ele></trkpt><trkpt lat="45.892563028999994" lon="7.094677762000001"><ele>2344.028213702</ele></trkpt><trkpt lat="45.892716970999984" lon="7.095072238000001"><ele>2337.358598115</ele></trkpt><trkpt lat="45.89272000000001" lon="7.0950799999999985"><ele>2337.220363895</ele></trkpt><trkpt lat="45.892720846" lon="7.0950887069999995"><ele>2337.000722197</ele></trkpt><trkpt lat="45.89278915400002" lon="7.0957912929999996"><ele>2318.997584827</ele></trkpt><trkpt lat="45.892789999999984" lon="7.0958"><ele>2318.80032057</ele></trkpt><trkpt lat="45.892792675" lon="7.095808083999999"><ele>2318.673562444</ele></trkpt><trkpt lat="45.893237325000015" lon="7.097151916"><ele>2305.926822126</ele></trkpt><trkpt lat="45.893239999999984" lon="7.097159999999999"><ele>2305.856828085</ele></trkpt><trkpt lat="45.893243152" lon="7.097167758000001"><ele>2305.814463424</ele></trkpt><trkpt lat="45.893496848" lon="7.097792241999999"><ele>2303.571521714</ele></trkpt><trkpt lat="45.89350000000002" lon="7.0978"><ele>2303.572863332</ele></trkpt><trkpt lat="45.89350108600001" lon="7.097808825"><ele>2303.44552528</ele></trkpt><trkpt lat="45.89357891399999" lon="7.098441174999999"><ele>2295.052707197</ele></trkpt><trkpt lat="45.89357999999998" lon="7.09845"><ele>2294.945785354</ele></trkpt><trkpt lat="45.893583830000004" lon="7.098457086"><ele>2295.041815582</ele></trkpt><trkpt lat="45.89377617" lon="7.098812914"><ele>2295.656815608</ele></trkpt><trkpt lat="45.89377999999998" lon="7.09882"><ele>2295.645701766</ele></trkpt><trkpt lat="45.89378522300001" lon="7.098824701"><ele>2295.809419508</ele></trkpt><trkpt lat="45.893874777000015" lon="7.098905299000001"><ele>2298.145590397</ele></trkpt><trkpt lat="45.893879999999996" lon="7.098909999999999"><ele>2298.253220569</ele></trkpt><trkpt lat="45.893881227" lon="7.098918587999999"><ele>2298.012018308</ele></trkpt><trkpt lat="45.89390877299998" lon="7.099111412"><ele>2292.617636227</ele></trkpt><trkpt lat="45.89391000000001" lon="7.09912"><ele>2292.378327846</ele></trkpt><trkpt lat="45.893914923999986" lon="7.099125470999999"><ele>2292.447557823</ele></trkpt><trkpt lat="45.894175076" lon="7.099414529"><ele>2296.398826215</ele></trkpt><trkpt lat="45.89418000000001" lon="7.099419999999999"><ele>2296.479171517</ele></trkpt><trkpt lat="45.894180304999985" lon="7.099428532999999"><ele>2296.201734312</ele></trkpt><trkpt lat="45.894189694999994" lon="7.0996914669999995"><ele>2287.662381451</ele></trkpt><trkpt lat="45.89419000000002" lon="7.0997"><ele>2287.385578298</ele></trkpt><trkpt lat="45.89419326699999" lon="7.099707622999999"><ele>2287.305226923</ele></trkpt><trkpt lat="45.89424673299999" lon="7.099832377"><ele>2286.017283194</ele></trkpt><trkpt lat="45.89424999999998" lon="7.0998399999999995"><ele>2285.940246298</ele></trkpt><trkpt lat="45.89425486200001" lon="7.09984564"><ele>2286.020934681</ele></trkpt><trkpt lat="45.894495138" lon="7.10012436"><ele>2289.628457559</ele></trkpt><trkpt lat="45.89449999999998" lon="7.100130000000001"><ele>2289.704224109</ele></trkpt><trkpt lat="45.894504162" lon="7.100136692000001"><ele>2289.701723219</ele></trkpt><trkpt lat="45.895005837999996" lon="7.100943308000001"><ele>2288.973606304</ele></trkpt><trkpt lat="45.895010000000006" lon="7.100950000000001"><ele>2288.948914833</ele></trkpt><trkpt lat="45.89501250899998" lon="7.100958153"><ele>2288.790655515</ele></trkpt><trkpt lat="45.895287491" lon="7.101851846999998"><ele>2274.746513614</ele></trkpt><trkpt lat="45.895289999999996" lon="7.101859999999999"><ele>2274.639209469</ele></trkpt><trkpt lat="45.895293967" lon="7.101866942999999"><ele>2274.641504151</ele></trkpt><trkpt lat="45.895446032999985" lon="7.102133057"><ele>2274.817087889</ele></trkpt><trkpt lat="45.89545" lon="7.10214"><ele>2274.823954997</ele></trkpt><trkpt lat="45.89545195299998" lon="7.102148463"><ele>2274.683388702</ele></trkpt><trkpt lat="45.89553804700001" lon="7.102521536999999"><ele>2268.55635731</ele></trkpt><trkpt lat="45.89553999999999" lon="7.10253"><ele>2268.418936235</ele></trkpt><trkpt lat="45.89554289899999" lon="7.102537956"><ele>2268.345674918</ele></trkpt><trkpt lat="45.89596710099999" lon="7.103702044"><ele>2266.013612001</ele></trkpt><trkpt lat="45.89597000000001" lon="7.103710000000002"><ele>2266.000430972</ele></trkpt><trkpt lat="45.895970852000005" lon="7.103718804"><ele>2265.854939312</ele></trkpt><trkpt lat="45.89599914799999" lon="7.104011195999999"><ele>2260.989344843</ele></trkpt><trkpt lat="45.89600000000001" lon="7.10402"><ele>2260.841823746</ele></trkpt><trkpt lat="45.89600256" lon="7.104028193"><ele>2260.800360149</ele></trkpt><trkpt lat="45.89614744000002" lon="7.104491807"><ele>2260.030474521</ele></trkpt><trkpt lat="45.896149999999984" lon="7.104499999999999"><ele>2260.011892133</ele></trkpt><trkpt lat="45.896149999999984" lon="7.104508877999999"><ele>2259.847036464</ele></trkpt><trkpt lat="45.896149999999984" lon="7.104821122"><ele>2254.048699789</ele></trkpt><trkpt lat="45.896149999999984" lon="7.104829999999999"><ele>2253.88384412</ele></trkpt><trkpt lat="45.89615150700003" lon="7.104838694999999"><ele>2253.798652045</ele></trkpt><trkpt lat="45.89627849300003" lon="7.105571305"><ele>2245.830231369</ele></trkpt><trkpt lat="45.89627999999999" lon="7.105579999999999"><ele>2245.716096559</ele></trkpt><trkpt lat="45.896282757" lon="7.1055880579999995"><ele>2245.675135008</ele></trkpt><trkpt lat="45.89640724300001" lon="7.105951941999999"><ele>2243.731599825</ele></trkpt><trkpt lat="45.896409999999996" lon="7.1059600000000005"><ele>2243.686482417</ele></trkpt><trkpt lat="45.89641040200002" lon="7.105968844999999"><ele>2243.513753992</ele></trkpt><trkpt lat="45.89641959799999" lon="7.106171155000002"><ele>2239.558856618</ele></trkpt><trkpt lat="45.89642000000001" lon="7.10618"><ele>2239.385784122</ele></trkpt><trkpt lat="45.896422585" lon="7.106188137"><ele>2239.329479093</ele></trkpt><trkpt lat="45.896687414999995" lon="7.107021863"><ele>2232.313129848</ele></trkpt><trkpt lat="45.896690000000014" lon="7.10703"><ele>2232.223901804</ele></trkpt><trkpt lat="45.896686916" lon="7.1070374030000005"><ele>2231.893563735</ele></trkpt><trkpt lat="45.896643084000004" lon="7.107142597000001"><ele>2227.188203374</ele></trkpt><trkpt lat="45.89663999999999" lon="7.107149999999999"><ele>2226.856298862</ele></trkpt><trkpt lat="45.89664115999999" lon="7.1071587"><ele>2226.686805145</ele></trkpt><trkpt lat="45.89669883999998" lon="7.107591300000001"><ele>2218.310080635</ele></trkpt><trkpt lat="45.8967" lon="7.1076"><ele>2218.131794038</ele></trkpt><trkpt lat="45.89670277199999" lon="7.107607942"><ele>2218.033228175</ele></trkpt><trkpt lat="45.897067228" lon="7.108652057999999"><ele>2199.914566108</ele></trkpt><trkpt lat="45.897069999999985" lon="7.10866"><ele>2199.734857617</ele></trkpt><trkpt lat="45.897075281" lon="7.108664801000001"><ele>2199.732186692</ele></trkpt><trkpt lat="45.89717471899997" lon="7.108755199"><ele>2199.606170244</ele></trkpt><trkpt lat="45.89717999999999" lon="7.10876"><ele>2199.595454741</ele></trkpt><trkpt lat="45.897184190000004" lon="7.1087665509999995"><ele>2199.493852406</ele></trkpt><trkpt lat="45.897885810000005" lon="7.109863448999999"><ele>2176.591762511</ele></trkpt><trkpt lat="45.89789" lon="7.10987"><ele>2176.426154485</ele></trkpt><trkpt lat="45.897888363" lon="7.1098781870000005"><ele>2176.110092027</ele></trkpt><trkpt lat="45.897881637000026" lon="7.109911813"><ele>2174.813614562</ele></trkpt><trkpt lat="45.89787999999999" lon="7.109919999999999"><ele>2174.498404423</ele></trkpt><trkpt lat="45.897873783" lon="7.109920201000001"><ele>2174.394688381</ele></trkpt><trkpt lat="45.897576217000015" lon="7.109929799"><ele>2168.856475834</ele></trkpt><trkpt lat="45.89757" lon="7.10993"><ele>2168.706017226</ele></trkpt><trkpt lat="45.89756392099999" lon="7.109931620999999"><ele>2168.510282859</ele></trkpt><trkpt lat="45.89742607900001" lon="7.109968378999999"><ele>2164.064919907</ele></trkpt><trkpt lat="45.897420000000025" lon="7.109969999999999"><ele>2163.868531407</ele></trkpt><trkpt lat="45.89741475900001" lon="7.109974492"><ele>2163.593046155</ele></trkpt><trkpt lat="45.897355241000014" lon="7.110025508"><ele>2160.459598121</ele></trkpt><trkpt lat="45.89735" lon="7.11003"><ele>2160.183297338</ele></trkpt><trkpt lat="45.89735456099999" lon="7.110036031999999"><ele>2160.081824806</ele></trkpt><trkpt lat="45.89765543900001" lon="7.110433967999999"><ele>2153.540195331</ele></trkpt><trkpt lat="45.89766" lon="7.11044"><ele>2153.391321296</ele></trkpt><trkpt lat="45.89766380200001" lon="7.110446933"><ele>2153.202112147</ele></trkpt><trkpt lat="45.89782619799998" lon="7.110743067"><ele>2144.814267796</ele></trkpt><trkpt lat="45.89782999999999" lon="7.11075"><ele>2144.610713194</ele></trkpt><trkpt lat="45.897835462" lon="7.110754275000001"><ele>2144.517315525</ele></trkpt><trkpt lat="45.898284537999984" lon="7.111105725000002"><ele>2135.728901115</ele></trkpt><trkpt lat="45.89829" lon="7.11111"><ele>2135.618693718</ele></trkpt><trkpt lat="45.898294903" lon="7.111115366"><ele>2135.461097822</ele></trkpt><trkpt lat="45.89881509700001" lon="7.111684634"><ele>2118.102965028</ele></trkpt><trkpt lat="45.89882000000001" lon="7.11169"><ele>2117.921154193</ele></trkpt><trkpt lat="45.89882574699999" lon="7.111693389000001"><ele>2117.818803043</ele></trkpt><trkpt lat="45.899204253" lon="7.111916611000001"><ele>2110.863422881</ele></trkpt><trkpt lat="45.899210000000004" lon="7.111919999999999"><ele>2110.754562338</ele></trkpt><trkpt lat="45.89921606699998" lon="7.111922080000001"><ele>2110.698278979</ele></trkpt><trkpt lat="45.89955393299997" lon="7.112037920000001"><ele>2107.464482193</ele></trkpt><trkpt lat="45.89956000000001" lon="7.11204"><ele>2107.40462279</ele></trkpt><trkpt lat="45.89956525099999" lon="7.112044501"><ele>2107.244500217</ele></trkpt><trkpt lat="45.899904749000015" lon="7.112335498999999"><ele>2094.105647054</ele></trkpt><trkpt lat="45.89991" lon="7.11234"><ele>2093.931652727</ele></trkpt><trkpt lat="45.899904078" lon="7.112342826999999"><ele>2093.876130192</ele></trkpt><trkpt lat="45.899475921999986" lon="7.112547173"><ele>2089.102292377</ele></trkpt><trkpt lat="45.89947000000001" lon="7.11255"><ele>2088.996963047</ele></trkpt><trkpt lat="45.899463752" lon="7.112549848"><ele>2088.985049701</ele></trkpt><trkpt lat="45.899066248000004" lon="7.112540152"><ele>2088.218538435</ele></trkpt><trkpt lat="45.89905999999999" lon="7.11254"><ele>2088.206354095</ele></trkpt><trkpt lat="45.89905378500002" lon="7.112540847"><ele>2088.163536611</ele></trkpt><trkpt lat="45.898846214999985" lon="7.112569152999999"><ele>2086.746772799</ele></trkpt><trkpt lat="45.898840000000014" lon="7.112569999999999"><ele>2086.704753237</ele></trkpt><trkpt lat="45.898843162" lon="7.112577379"><ele>2086.489799207</ele></trkpt><trkpt lat="45.89886683799999" lon="7.112632621000001"><ele>2084.87724827</ele></trkpt><trkpt lat="45.89886999999998" lon="7.112640000000001"><ele>2084.661422095</ele></trkpt><trkpt lat="45.898868618999984" lon="7.112648285999999"><ele>2084.406782971</ele></trkpt><trkpt lat="45.89886138100002" lon="7.112691714000001"><ele>2083.07311291</ele></trkpt><trkpt lat="45.89886000000001" lon="7.1127"><ele>2082.818788331</ele></trkpt><trkpt lat="45.898866194999975" lon="7.112698968"><ele>2082.864626468</ele></trkpt><trkpt lat="45.898973805" lon="7.112681031999999"><ele>2083.665385405</ele></trkpt><trkpt lat="45.89898000000001" lon="7.112679999999999"><ele>2083.711741024</ele></trkpt><trkpt lat="45.89898542800002" lon="7.112684343"><ele>2083.591955916</ele></trkpt><trkpt lat="45.899574572" lon="7.113155656999999"><ele>2069.907871798</ele></trkpt><trkpt lat="45.899580000000014" lon="7.11316"><ele>2069.737810078</ele></trkpt><trkpt lat="45.89958605499997" lon="7.113162128000001"><ele>2069.634629959</ele></trkpt><trkpt lat="45.89994394499999" lon="7.113287872"><ele>2063.535349637</ele></trkpt><trkpt lat="45.899950000000004" lon="7.11329"><ele>2063.432134085</ele></trkpt><trkpt lat="45.89992999999997" lon="7.1132800000000005"><ele>2063.867753527</ele></trkpt><trkpt lat="45.89992999999997" lon="7.1132800000000005"><ele>2063.867753527</ele></trkpt><trkpt lat="45.89992999999997" lon="7.1132800000000005"><ele>2063.867753527</ele></trkpt><trkpt lat="45.89992999999997" lon="7.1132800000000005"><ele>2063.867753527</ele></trkpt><trkpt lat="45.90022395099998" lon="7.113377984"><ele>2059.025441156</ele></trkpt><trkpt lat="45.900229999999986" lon="7.11338"><ele>2058.925781336</ele></trkpt><trkpt lat="45.900236197000005" lon="7.113380729"><ele>2058.866272768</ele></trkpt><trkpt lat="45.90056380300002" lon="7.113419271"><ele>2055.360968865</ele></trkpt><trkpt lat="45.90057000000001" lon="7.11342"><ele>2055.249283498</ele></trkpt><trkpt lat="45.900576013999995" lon="7.113417622"><ele>2055.239782773</ele></trkpt><trkpt lat="45.90099398600002" lon="7.113252378000001"><ele>2054.820231141</ele></trkpt><trkpt lat="45.90100000000003" lon="7.11325"><ele>2054.817658752</ele></trkpt><trkpt lat="45.90100429299999" lon="7.113243560999999"><ele>2054.974889384</ele></trkpt><trkpt lat="45.901075706999976" lon="7.113136439000001"><ele>2057.618580162</ele></trkpt><trkpt lat="45.90107999999999" lon="7.11313"><ele>2057.77916118</ele></trkpt><trkpt lat="45.901085903999984" lon="7.113127048"><ele>2057.800699175</ele></trkpt><trkpt lat="45.901154096000006" lon="7.113092952000001"><ele>2058.058149851</ele></trkpt><trkpt lat="45.901160000000004" lon="7.113089999999999"><ele>2058.081191183</ele></trkpt><trkpt lat="45.901166233000005" lon="7.113089999999999"><ele>2057.999409814</ele></trkpt><trkpt lat="45.901333767" lon="7.113089999999999"><ele>2055.801144036</ele></trkpt><trkpt lat="45.90134" lon="7.113089999999999"><ele>2055.719362668</ele></trkpt><trkpt lat="45.90134614800001" lon="7.113088419"><ele>2055.693561872</ele></trkpt><trkpt lat="45.90168385199998" lon="7.113001581"><ele>2051.846818658</ele></trkpt><trkpt lat="45.90169000000001" lon="7.113000000000001"><ele>2051.747200376</ele></trkpt><trkpt lat="45.901695904" lon="7.112997048"><ele>2051.700730153</ele></trkpt><trkpt lat="45.90174409600002" lon="7.112972952"><ele>2051.316616104</ele></trkpt><trkpt lat="45.90174999999999" lon="7.112970000000001"><ele>2051.268975357</ele></trkpt><trkpt lat="45.90175602299998" lon="7.112972007999999"><ele>2051.048937168</ele></trkpt><trkpt lat="45.901923977" lon="7.113027992000001"><ele>2044.948323774</ele></trkpt><trkpt lat="45.90192999999999" lon="7.11303"><ele>2044.73084576</ele></trkpt><trkpt lat="45.901936173" lon="7.113030741"><ele>2044.552112111</ele></trkpt><trkpt lat="45.902173827000006" lon="7.113059258999999"><ele>2037.696370689</ele></trkpt><trkpt lat="45.90217999999999" lon="7.113059999999999"><ele>2037.518960972</ele></trkpt><trkpt lat="45.90218596299999" lon="7.113057696"><ele>2037.445919555</ele></trkpt><trkpt lat="45.902614037000006" lon="7.112892303999999"><ele>2026.750548936</ele></trkpt><trkpt lat="45.90262000000003" lon="7.11289"><ele>2026.505437569</ele></trkpt><trkpt lat="45.902620934000005" lon="7.112881286"><ele>2026.745997629</ele></trkpt><trkpt lat="45.90264906599998" lon="7.112618713999999"><ele>2034.064738893</ele></trkpt><trkpt lat="45.90264999999999" lon="7.11261"><ele>2034.309961742</ele></trkpt><trkpt lat="45.902655898999996" lon="7.112608525000001"><ele>2034.056458075</ele></trkpt><trkpt lat="45.90268410100001" lon="7.112601475000001"><ele>2032.846577715</ele></trkpt><trkpt lat="45.90268999999999" lon="7.1126"><ele>2032.593999786</ele></trkpt><trkpt lat="45.90269364700002" lon="7.112592704999999"><ele>2032.655293363</ele></trkpt><trkpt lat="45.90271635300002" lon="7.112547295000001"><ele>2033.047854383</ele></trkpt><trkpt lat="45.90271999999999" lon="7.11254"><ele>2033.112686919</ele></trkpt><trkpt lat="45.90272582899998" lon="7.112537668000001"><ele>2032.896907659</ele></trkpt><trkpt lat="45.90276417100001" lon="7.112522332000001"><ele>2031.483747559</ele></trkpt><trkpt lat="45.902770000000004" lon="7.112519999999999"><ele>2031.269864197</ele></trkpt><trkpt lat="45.902771556999994" lon="7.112511439"><ele>2031.488850021</ele></trkpt><trkpt lat="45.902788443" lon="7.112418561"><ele>2033.880467026</ele></trkpt><trkpt lat="45.90279000000001" lon="7.112409999999999"><ele>2034.10235947</ele></trkpt><trkpt lat="45.902794218000004" lon="7.112403372"><ele>2034.125182664</ele></trkpt><trkpt lat="45.90285578200002" lon="7.112306627999999"><ele>2034.51689884</ele></trkpt><trkpt lat="45.902860000000004" lon="7.1122999999999985"><ele>2034.547748397</ele></trkpt><trkpt lat="45.90286542199999" lon="7.112295662999999"><ele>2034.439098264</ele></trkpt><trkpt lat="45.90290457800002" lon="7.112264336999999"><ele>2033.629064662</ele></trkpt><trkpt lat="45.90291" lon="7.112259999999999"><ele>2033.504739234</ele></trkpt><trkpt lat="45.90291429500002" lon="7.112253557999999"><ele>2033.501446333</ele></trkpt><trkpt lat="45.90300570500001" lon="7.112116441999999"><ele>2033.176181866</ele></trkpt><trkpt lat="45.903010000000016" lon="7.11211"><ele>2033.148910414</ele></trkpt><trkpt lat="45.90301571000001" lon="7.1121065240000005"><ele>2032.958773844</ele></trkpt><trkpt lat="45.90323429000001" lon="7.111973476"><ele>2025.100037848</ele></trkpt><trkpt lat="45.90323999999998" lon="7.11197"><ele>2024.879583266</ele></trkpt><trkpt lat="45.903245113" lon="7.111964887000001"><ele>2024.732438718</ele></trkpt><trkpt lat="45.90331488699998" lon="7.111895112999999"><ele>2022.622785481</ele></trkpt><trkpt lat="45.903320000000015" lon="7.11189"><ele>2022.46074981</ele></trkpt><trkpt lat="45.903325519" lon="7.111886452"><ele>2022.237623771</ele></trkpt><trkpt lat="45.90345448099998" lon="7.111803547999999"><ele>2016.808177417</ele></trkpt><trkpt lat="45.90346000000001" lon="7.111800000000001"><ele>2016.57508437</ele></trkpt><trkpt lat="45.90346189799999" lon="7.111791459"><ele>2016.668486359</ele></trkpt><trkpt lat="45.903498102000015" lon="7.111628541"><ele>2018.53597377</ele></trkpt><trkpt lat="45.903499999999994" lon="7.111620000000002"><ele>2018.638382296</ele></trkpt><trkpt lat="45.903503069" lon="7.1116123270000005"><ele>2018.656009562</ele></trkpt><trkpt lat="45.903576930999996" lon="7.111427673"><ele>2019.276816161</ele></trkpt><trkpt lat="45.903580000000005" lon="7.111420000000001"><ele>2019.310779107</ele></trkpt><trkpt lat="45.90357780499998" lon="7.111411845999999"><ele>2019.631508711</ele></trkpt><trkpt lat="45.903512195" lon="7.111168153999999"><ele>2028.987759854</ele></trkpt><trkpt lat="45.90350999999998" lon="7.111159999999999"><ele>2029.293187571</ele></trkpt><trkpt lat="45.90351268500002" lon="7.111151944000001"><ele>2029.359349613</ele></trkpt><trkpt lat="45.903547315" lon="7.111048055999999"><ele>2030.266200951</ele></trkpt><trkpt lat="45.90354999999999" lon="7.11104"><ele>2030.34068241</ele></trkpt><trkpt lat="45.90355477399999" lon="7.111034544000001"><ele>2030.253136371</ele></trkpt><trkpt lat="45.903615226" lon="7.110965455999999"><ele>2029.206950674</ele></trkpt><trkpt lat="45.90361999999996" lon="7.11096"><ele>2029.129253806</ele></trkpt><trkpt lat="45.903622374000015" lon="7.110951691000001"><ele>2029.235883388</ele></trkpt><trkpt lat="45.903637626000005" lon="7.110898309000001"><ele>2029.957339836</ele></trkpt><trkpt lat="45.90363999999999" lon="7.11089"><ele>2030.147262769</ele></trkpt><trkpt lat="45.903639310000024" lon="7.110881723"><ele>2030.47361785</ele></trkpt><trkpt lat="45.903630689999986" lon="7.1107782770000005"><ele>2034.545745569</ele></trkpt><trkpt lat="45.90363" lon="7.110769999999999"><ele>2034.870995612</ele></trkpt><trkpt lat="45.903632904000006" lon="7.110762256000001"><ele>2035.01919904</ele></trkpt><trkpt lat="45.90365709600001" lon="7.110697744"><ele>2036.266449621</ele></trkpt><trkpt lat="45.90365999999999" lon="7.110689999999999"><ele>2036.417661966</ele></trkpt><trkpt lat="45.90366456100001" lon="7.110683918"><ele>2036.437669739</ele></trkpt><trkpt lat="45.903685439000014" lon="7.110656082"><ele>2036.534324012</ele></trkpt><trkpt lat="45.90368999999998" lon="7.110650000000001"><ele>2036.556550426</ele></trkpt><trkpt lat="45.90369481499998" lon="7.110654414000001"><ele>2036.189445376</ele></trkpt><trkpt lat="45.90380518500002" lon="7.110755586"><ele>2027.691450984</ele></trkpt><trkpt lat="45.90380999999999" lon="7.110760000000001"><ele>2027.317054948</ele></trkpt><trkpt lat="45.903815746999996" lon="7.110762395"><ele>2026.975984051</ele></trkpt><trkpt lat="45.90392425300001" lon="7.110807604999999"><ele>2020.499790953</ele></trkpt><trkpt lat="45.90393000000001" lon="7.11081"><ele>2020.154796429</ele></trkpt><trkpt lat="45.90393623299999" lon="7.11081"><ele>2019.878647405</ele></trkpt><trkpt lat="45.904043766999976" lon="7.11081"><ele>2015.114439981</ele></trkpt><trkpt lat="45.90404999999998" lon="7.11081"><ele>2014.838290958</ele></trkpt><trkpt lat="45.90405603400001" lon="7.110807679"><ele>2014.660738076</ele></trkpt><trkpt lat="45.90417396600001" lon="7.110762320999999"><ele>2011.230572778</ele></trkpt><trkpt lat="45.90418000000001" lon="7.110760000000001"><ele>2011.057145346</ele></trkpt><trkpt lat="45.90418446600001" lon="7.110754045"><ele>2011.096689978</ele></trkpt><trkpt lat="45.904235534000016" lon="7.110685955"><ele>2011.575987582</ele></trkpt><trkpt lat="45.904240000000016" lon="7.1106799999999994"><ele>2011.620274488</ele></trkpt><trkpt lat="45.90424575800001" lon="7.110682879"><ele>2011.255283287</ele></trkpt><trkpt lat="45.904294241999985" lon="7.110707120999999"><ele>2008.17230533</ele></trkpt><trkpt lat="45.9043" lon="7.110709999999999"><ele>2007.805074769</ele></trkpt><trkpt lat="45.90430572599997" lon="7.110706421"><ele>2007.700318251</ele></trkpt><trkpt lat="45.904454273999974" lon="7.110613579"><ele>2004.653760847</ele></trkpt><trkpt lat="45.90445999999999" lon="7.110610000000001"><ele>2004.522285547</ele></trkpt><trkpt lat="45.904464474999976" lon="7.110603736"><ele>2004.550833272</ele></trkpt><trkpt lat="45.90450552499998" lon="7.110546263999999"><ele>2004.754283264</ele></trkpt><trkpt lat="45.904510000000016" lon="7.11054"><ele>2004.770087687</ele></trkpt><trkpt lat="45.90451573499999" lon="7.110536814"><ele>2004.609819762</ele></trkpt><trkpt lat="45.904684265000014" lon="7.110443186"><ele>1999.535826394</ele></trkpt><trkpt lat="45.904690000000016" lon="7.11044"><ele>1999.350747751</ele></trkpt><trkpt lat="45.90469592500001" lon="7.110439376"><ele>1999.070995921</ele></trkpt><trkpt lat="45.904874075" lon="7.110420624"><ele>1990.58218784</ele></trkpt><trkpt lat="45.904880000000006" lon="7.110420000000001"><ele>1990.297306208</ele></trkpt><trkpt lat="45.90488516100001" lon="7.110415354999999"><ele>1990.166498772</ele></trkpt><trkpt lat="45.90497483900001" lon="7.110334645000001"><ele>1987.722565833</ele></trkpt><trkpt lat="45.904979999999995" lon="7.11033"><ele>1987.572074195</ele></trkpt><trkpt lat="45.90498319" lon="7.110322306999999"><ele>1987.60608673</ele></trkpt><trkpt lat="45.90514680999999" lon="7.109927693"><ele>1987.880051815</ele></trkpt><trkpt lat="45.90515" lon="7.109919999999999"><ele>1987.856721368</ele></trkpt><trkpt lat="45.90515462" lon="7.109914314"><ele>1987.697561332</ele></trkpt><trkpt lat="45.90540538" lon="7.109605685999999"><ele>1972.909092893</ele></trkpt><trkpt lat="45.90541000000001" lon="7.109600000000001"><ele>1972.685340148</ele></trkpt><trkpt lat="45.905412875" lon="7.109592037"><ele>1972.621669873</ele></trkpt><trkpt lat="45.905537125" lon="7.1092479630000005"><ele>1970.404572929</ele></trkpt><trkpt lat="45.905539999999995" lon="7.10924"><ele>1970.359580076</ele></trkpt><trkpt lat="45.90554559300001" lon="7.109237203"><ele>1970.038785993</ele></trkpt><trkpt lat="45.90559440699999" lon="7.109212797"><ele>1967.245966461</ele></trkpt><trkpt lat="45.9056" lon="7.10921"><ele>1966.926730618</ele></trkpt><trkpt lat="45.90560385599997" lon="7.109203012"><ele>1966.801545678</ele></trkpt><trkpt lat="45.905756144" lon="7.108926988000001"><ele>1962.077837926</ele></trkpt><trkpt lat="45.905759999999994" lon="7.108919999999999"><ele>1961.963828201</ele></trkpt><trkpt lat="45.90576478899998" lon="7.108914412999999"><ele>1961.762137814</ele></trkpt><trkpt lat="45.90587521099997" lon="7.108785587"><ele>1958.085894258</ele></trkpt><trkpt lat="45.90587999999999" lon="7.108780000000001"><ele>1957.899237438</ele></trkpt><trkpt lat="45.905883458999966" lon="7.108772589"><ele>1957.803637633</ele></trkpt><trkpt lat="45.905946541000006" lon="7.108637411"><ele>1955.710133569</ele></trkpt><trkpt lat="45.90594999999996" lon="7.10863"><ele>1955.576172098</ele></trkpt><trkpt lat="45.90595542900002" lon="7.10862651"><ele>1955.286939507</ele></trkpt><trkpt lat="45.906084571" lon="7.108543489999999"><ele>1947.972986069</ele></trkpt><trkpt lat="45.906090000000006" lon="7.10854"><ele>1947.647216627</ele></trkpt><trkpt lat="45.906093068" lon="7.108532331"><ele>1947.484402917</ele></trkpt><trkpt lat="45.90612693200002" lon="7.108447668999999"><ele>1945.565546921</ele></trkpt><trkpt lat="45.90612999999998" lon="7.108440000000001"><ele>1945.380699847</ele></trkpt><trkpt lat="45.90613103999999" lon="7.108431156000001"><ele>1945.332374912</ele></trkpt><trkpt lat="45.90614895999998" lon="7.108278844000001"><ele>1944.387815923</ele></trkpt><trkpt lat="45.90614999999999" lon="7.10827"><ele>1944.326447593</ele></trkpt><trkpt lat="45.906148773999995" lon="7.108261416999999"><ele>1944.430594836</ele></trkpt><trkpt lat="45.90609122600002" lon="7.1078585830000005"><ele>1954.867755536</ele></trkpt><trkpt lat="45.906090000000006" lon="7.107850000000001"><ele>1955.106178416</ele></trkpt><trkpt lat="45.90609189700001" lon="7.107841462999999"><ele>1955.164753451</ele></trkpt><trkpt lat="45.906108103" lon="7.107768537"><ele>1955.75312362</ele></trkpt><trkpt lat="45.906110000000005" lon="7.107759999999998"><ele>1955.832303119</ele></trkpt><trkpt lat="45.906108243999995" lon="7.107751657"><ele>1956.095389796</ele></trkpt><trkpt lat="45.90607175600002" lon="7.107578343"><ele>1961.11875733</ele></trkpt><trkpt lat="45.90607" lon="7.10757"><ele>1961.339304737</ele></trkpt><trkpt lat="45.90607561299998" lon="7.107566257999999"><ele>1961.191168324</ele></trkpt><trkpt lat="45.90609438699999" lon="7.107553742"><ele>1960.716022774</ele></trkpt><trkpt lat="45.906100000000016" lon="7.107549999999999"><ele>1960.580052754</ele></trkpt><trkpt lat="45.906106053000016" lon="7.107550550000001"><ele>1960.342243522</ele></trkpt><trkpt lat="45.906203946999995" lon="7.10755945"><ele>1956.434884033</ele></trkpt><trkpt lat="45.906209999999994" lon="7.107559999999999"><ele>1956.189448221</ele></trkpt><trkpt lat="45.90621513099999" lon="7.107554869000001"><ele>1956.136871976</ele></trkpt><trkpt lat="45.906294869" lon="7.107475130999999"><ele>1956.156840582</ele></trkpt><trkpt lat="45.906299999999995" lon="7.107470000000001"><ele>1956.20759648</ele></trkpt><trkpt lat="45.906306190000016" lon="7.107470000000001"><ele>1956.0681081</ele></trkpt><trkpt lat="45.90651381" lon="7.107470000000001"><ele>1951.389228714</ele></trkpt><trkpt lat="45.90652" lon="7.107470000000001"><ele>1951.249740334</ele></trkpt><trkpt lat="45.906524058" lon="7.107463406"><ele>1951.445207088</ele></trkpt><trkpt lat="45.90659594199998" lon="7.107346593999999"><ele>1954.980972066</ele></trkpt><trkpt lat="45.90659999999998" lon="7.10734"><ele>1955.184493813</ele></trkpt><trkpt lat="45.90660191899999" lon="7.10733194"><ele>1955.498770462</ele></trkpt><trkpt lat="45.90664808100002" lon="7.107138059999999"><ele>1963.13178897</ele></trkpt><trkpt lat="45.906650000000006" lon="7.107130000000001"><ele>1963.4521608</ele></trkpt><trkpt lat="45.90665489899998" lon="7.107124611000001"><ele>1963.595186272</ele></trkpt><trkpt lat="45.90674510100001" lon="7.107025389"><ele>1966.509314323</ele></trkpt><trkpt lat="45.906749999999995" lon="7.10702"><ele>1966.7402258</ele></trkpt><trkpt lat="45.906755603" lon="7.1070162649999995"><ele>1966.89474482</ele></trkpt><trkpt lat="45.906804396999995" lon="7.106983735"><ele>1968.231831136</ele></trkpt><trkpt lat="45.90681000000003" lon="7.106979999999999"><ele>1968.384393029</ele></trkpt><trkpt lat="45.90681618799999" lon="7.106981125000001"><ele>1968.317873884</ele></trkpt><trkpt lat="45.906913811999985" lon="7.106998875000001"><ele>1967.277277846</ele></trkpt><trkpt lat="45.90692000000001" lon="7.107"><ele>1967.211883642</ele></trkpt><trkpt lat="45.906925606000016" lon="7.106996263"><ele>1967.362874578</ele></trkpt><trkpt lat="45.906944394000014" lon="7.106983737"><ele>1967.867480085</ele></trkpt><trkpt lat="45.906949999999995" lon="7.106979999999999"><ele>1968.017592938</ele></trkpt><trkpt lat="45.90695594200001" lon="7.106982546"><ele>1967.88987681</ele></trkpt><trkpt lat="45.907014058" lon="7.107007454000001"><ele>1966.648321227</ele></trkpt><trkpt lat="45.90701999999999" lon="7.10701"><ele>1966.522176226</ele></trkpt><trkpt lat="45.90702621799999" lon="7.107009112"><ele>1966.54560636</ele></trkpt><trkpt lat="45.90708378199999" lon="7.107000887999999"><ele>1966.759972283</ele></trkpt><trkpt lat="45.90708999999999" lon="7.107"><ele>1966.782856678</ele></trkpt><trkpt lat="45.907095496000004" lon="7.106995753"><ele>1966.953188747</ele></trkpt><trkpt lat="45.907304503999974" lon="7.106834246999998"><ele>1969.141096222</ele></trkpt><trkpt lat="45.907309999999995" lon="7.10683"><ele>1969.061549228</ele></trkpt><trkpt lat="45.907313630999994" lon="7.106822737999999"><ele>1969.197102377</ele></trkpt><trkpt lat="45.90773636899999" lon="7.105977261999999"><ele>1980.267161477</ele></trkpt><trkpt lat="45.90773999999999" lon="7.105969999999999"><ele>1980.356765687</ele></trkpt><trkpt lat="45.90774467899998" lon="7.105964044"><ele>1980.352541839</ele></trkpt><trkpt lat="45.907845320999996" lon="7.105835956000001"><ele>1980.280201139</ele></trkpt><trkpt lat="45.90784999999999" lon="7.10583"><ele>1980.277697878</ele></trkpt><trkpt lat="45.90785141500002" lon="7.105821511"><ele>1980.513394246</ele></trkpt><trkpt lat="45.907888584999995" lon="7.105598489"><ele>1986.717412033</ele></trkpt><trkpt lat="45.907889999999995" lon="7.105589999999999"><ele>1986.954006889</ele></trkpt><trkpt lat="45.90789396100003" lon="7.105583066999999"><ele>1987.020476434</ele></trkpt><trkpt lat="45.90804603899999" lon="7.105316933"><ele>1989.05662156</ele></trkpt><trkpt lat="45.908049999999996" lon="7.105310000000001"><ele>1989.074844136</ele></trkpt><trkpt lat="45.90805233200001" lon="7.105301732"><ele>1989.207340617</ele></trkpt><trkpt lat="45.908157668" lon="7.104928268000001"><ele>1994.473630305</ele></trkpt><trkpt lat="45.908160000000024" lon="7.10492"><ele>1994.574323078</ele></trkpt><trkpt lat="45.90816471700001" lon="7.104914272000001"><ele>1994.476968614</ele></trkpt><trkpt lat="45.908295283" lon="7.104755728"><ele>1990.162240615</ele></trkpt><trkpt lat="45.90829999999999" lon="7.104750000000002"><ele>1989.982375678</ele></trkpt><trkpt lat="45.908301348" lon="7.104741239"><ele>1990.094747925</ele></trkpt><trkpt lat="45.90833865199998" lon="7.104498761000001"><ele>1988.590113061</ele></trkpt><trkpt lat="45.908339999999995" lon="7.104490000000001"><ele>1988.518175781</ele></trkpt><trkpt lat="45.90833871600002" lon="7.104481267000001"><ele>1988.627856351</ele></trkpt><trkpt lat="45.908291284" lon="7.104158733000001"><ele>1992.802880024</ele></trkpt><trkpt lat="45.90829" lon="7.104150000000001"><ele>1992.919278072</ele></trkpt><trkpt lat="45.90828736200001" lon="7.104142085"><ele>1993.13076714</ele></trkpt><trkpt lat="45.908252637999986" lon="7.104037915"><ele>1995.944760582</ele></trkpt><trkpt lat="45.908250000000024" lon="7.104029999999999"><ele>1996.150031133</ele></trkpt><trkpt lat="45.90824881299999" lon="7.104021214000001"><ele>1996.241134887</ele></trkpt><trkpt lat="45.908201187" lon="7.103668786"><ele>1999.666821972</ele></trkpt><trkpt lat="45.9082" lon="7.103659999999999"><ele>1999.74652576</ele></trkpt><trkpt lat="45.90820059599999" lon="7.103651065"><ele>1999.705522421</ele></trkpt><trkpt lat="45.908209404" lon="7.103518935000002"><ele>1999.115689967</ele></trkpt><trkpt lat="45.90820999999999" lon="7.103510000000001"><ele>1999.07692019</ele></trkpt><trkpt lat="45.90820843499999" lon="7.103501394999999"><ele>1999.179865889</ele></trkpt><trkpt lat="45.908151565000004" lon="7.103188605"><ele>2004.302149041</ele></trkpt><trkpt lat="45.908150000000006" lon="7.103180000000001"><ele>2004.472811351</ele></trkpt><trkpt lat="45.90815158000001" lon="7.103171309000001"><ele>2004.474284662</ele></trkpt><trkpt lat="45.90818841999999" lon="7.102968690999999"><ele>2004.50633788</ele></trkpt><trkpt lat="45.90818999999999" lon="7.10296"><ele>2004.509270613</ele></trkpt><trkpt lat="45.90819412799995" lon="7.102953396"><ele>2004.34546758</ele></trkpt><trkpt lat="45.908285871999986" lon="7.102806604000001"><ele>2000.942704304</ele></trkpt><trkpt lat="45.90829" lon="7.102799999999999"><ele>2000.800324063</ele></trkpt><trkpt lat="45.90829269799998" lon="7.102791905999998"><ele>2000.754799457</ele></trkpt><trkpt lat="45.90831730200001" lon="7.102718093999999"><ele>2000.373762271</ele></trkpt><trkpt lat="45.90831999999999" lon="7.10271"><ele>2000.335714882</ele></trkpt><trkpt lat="45.908323418" lon="7.1027024800000005"><ele>2000.253092178</ele></trkpt><trkpt lat="45.90836658199998" lon="7.102607520000002"><ele>2000.137012968</ele></trkpt><trkpt lat="45.90837000000001" lon="7.102600000000001"><ele>2000.18364327</ele></trkpt><trkpt lat="45.90837079" lon="7.102591306000001"><ele>2000.40077212</ele></trkpt><trkpt lat="45.908379209999985" lon="7.1024986939999994"><ele>2002.718152993</ele></trkpt><trkpt lat="45.90838" lon="7.10249"><ele>2002.936121426</ele></trkpt><trkpt lat="45.908382457000016" lon="7.102481810999999"><ele>2003.054256377</ele></trkpt><trkpt lat="45.90843754299999" lon="7.102298189000001"><ele>2005.75863876</ele></trkpt><trkpt lat="45.908439999999985" lon="7.102289999999999"><ele>2005.881714725</ele></trkpt><trkpt lat="45.90844408200002" lon="7.102283197000001"><ele>2005.882268946</ele></trkpt><trkpt lat="45.90846591799999" lon="7.102246803"><ele>2005.890179148</ele></trkpt><trkpt lat="45.90846999999997" lon="7.10224"><ele>2005.892582249</ele></trkpt><trkpt lat="45.908472952000025" lon="7.102232127000001"><ele>2005.983659421</ele></trkpt><trkpt lat="45.90852704800001" lon="7.102087873000001"><ele>2007.695524203</ele></trkpt><trkpt lat="45.908529999999985" lon="7.10208"><ele>2007.791311009</ele></trkpt><trkpt lat="45.90853432400002" lon="7.102073514"><ele>2007.77807427</ele></trkpt><trkpt lat="45.908605676" lon="7.101966486"><ele>2007.558984642</ele></trkpt><trkpt lat="45.90861000000002" lon="7.10196"><ele>2007.515376007</ele></trkpt><trkpt lat="45.908615441" lon="7.101955919"><ele>2007.356953715</ele></trkpt><trkpt lat="45.90868455899997" lon="7.101904081"><ele>2004.943727685</ele></trkpt><trkpt lat="45.90869000000001" lon="7.1019"><ele>2004.727257229</ele></trkpt><trkpt lat="45.90869454900002" lon="7.101893935000001"><ele>2004.610459647</ele></trkpt><trkpt lat="45.908715451000006" lon="7.101866065"><ele>2004.058051528</ele></trkpt><trkpt lat="45.908720000000024" lon="7.101859999999999"><ele>2003.93440268</ele></trkpt><trkpt lat="45.90872568100001" lon="7.10185716"><ele>2003.665682628</ele></trkpt><trkpt lat="45.908774318999996" lon="7.101832840000001"><ele>2001.335529681</ele></trkpt><trkpt lat="45.90878000000001" lon="7.10183"><ele>2001.059962119</ele></trkpt><trkpt lat="45.908785031" lon="7.101824969000002"><ele>2000.871838335</ele></trkpt><trkpt lat="45.90885496900002" lon="7.101755031"><ele>1998.140109428</ele></trkpt><trkpt lat="45.90886000000002" lon="7.10175"><ele>1997.935246907</ele></trkpt><trkpt lat="45.908864359" lon="7.101743704"><ele>1997.796958243</ele></trkpt><trkpt lat="45.908945641" lon="7.101626296"><ele>1994.994886328</ele></trkpt><trkpt lat="45.90894999999996" lon="7.10162"><ele>1994.832667691</ele></trkpt><trkpt lat="45.908953268000005" lon="7.101612374000001"><ele>1994.764656919</ele></trkpt><trkpt lat="45.90900673199999" lon="7.101487626"><ele>1993.495002452</ele></trkpt><trkpt lat="45.909009999999995" lon="7.10148"><ele>1993.407791067</ele></trkpt><trkpt lat="45.90901164999999" lon="7.101471337"><ele>1993.447262164</ele></trkpt><trkpt lat="45.90904835000001" lon="7.1012786629999995"><ele>1994.019105953</ele></trkpt><trkpt lat="45.90905" lon="7.10127"><ele>1993.908208179</ele></trkpt><trkpt lat="45.909050713000006" lon="7.101261086000001"><ele>1993.864848062</ele></trkpt><trkpt lat="45.909089287" lon="7.100778914"><ele>1991.285047613</ele></trkpt><trkpt lat="45.909090000000006" lon="7.100770000000001"><ele>1991.233019013</ele></trkpt><trkpt lat="45.909092404" lon="7.100761759000001"><ele>1991.048020924</ele></trkpt><trkpt lat="45.909157595999986" lon="7.100538241"><ele>1988.154938376</ele></trkpt><trkpt lat="45.90915999999998" lon="7.100530000000001"><ele>1988.231337545</ele></trkpt><trkpt lat="45.909161710000014" lon="7.100521449999999"><ele>1988.360197828</ele></trkpt><trkpt lat="45.90918828999999" lon="7.100388549999999"><ele>1990.521300484</ele></trkpt><trkpt lat="45.909189999999995" lon="7.100380000000001"><ele>1990.670495256</ele></trkpt><trkpt lat="45.90918914800001" lon="7.100371481000001"><ele>1990.960257381</ele></trkpt><trkpt lat="45.909180852" lon="7.100288518999999"><ele>1993.750159509</ele></trkpt><trkpt lat="45.909179999999985" lon="7.100279999999999"><ele>1994.03336968</ele></trkpt><trkpt lat="45.90918579999999" lon="7.100277099999999"><ele>1993.820499763</ele></trkpt><trkpt lat="45.90939420000001" lon="7.1001729"><ele>1987.109431419</ele></trkpt><trkpt lat="45.90940000000001" lon="7.10017"><ele>1986.948780812</ele></trkpt><trkpt lat="45.90940564399999" lon="7.100166237999999"><ele>1986.829179252</ele></trkpt><trkpt lat="45.90947499756999" lon="7.100120002061134"><ele>1985.6344649105977</ele></trkpt><trkpt lat="45.90954435700001" lon="7.100073762"><ele>1984.450613459</ele></trkpt><trkpt lat="45.909549999999996" lon="7.100069999999999"><ele>1984.376672631</ele></trkpt><trkpt lat="45.909553201999984" lon="7.100062529"><ele>1984.569285622</ele></trkpt><trkpt lat="45.909606797999984" lon="7.0999374710000005"><ele>1988.14630563</ele></trkpt><trkpt lat="45.90960999999998" lon="7.09993"><ele>1988.394662518</ele></trkpt><trkpt lat="45.909615997" lon="7.099927542"><ele>1988.331854903</ele></trkpt><trkpt lat="45.91021400299998" lon="7.099682458"><ele>1981.497829472</ele></trkpt><trkpt lat="45.910219999999995" lon="7.09968"><ele>1981.444193986</ele></trkpt><trkpt lat="45.91022608399997" lon="7.099681106"><ele>1981.249457367</ele></trkpt><trkpt lat="45.910323916" lon="7.099698893999999"><ele>1978.139835919</ele></trkpt><trkpt lat="45.91032999999997" lon="7.0997"><ele>1977.947818299</ele></trkpt><trkpt lat="45.910335981" lon="7.099697436999999"><ele>1977.896410797</ele></trkpt><trkpt lat="45.910394018999995" lon="7.099672563"><ele>1977.37875003</ele></trkpt><trkpt lat="45.910399999999996" lon="7.09967"><ele>1977.323460787</ele></trkpt><trkpt lat="45.91040609099999" lon="7.099671075000001"><ele>1977.131333897</ele></trkpt><trkpt lat="45.91056390899999" lon="7.099698925"><ele>1972.209936898</ele></trkpt><trkpt lat="45.91057000000001" lon="7.0997"><ele>1972.024047506</ele></trkpt><trkpt lat="45.91057548800001" lon="7.099703658"><ele>1971.764202941</ele></trkpt><trkpt lat="45.910654512" lon="7.099756342000001"><ele>1968.140029022</ele></trkpt><trkpt lat="45.91066000000001" lon="7.09976"><ele>1967.896545883</ele></trkpt><trkpt lat="45.910666055000014" lon="7.099761460999999"><ele>1967.711667043</ele></trkpt><trkpt lat="45.911233945000006" lon="7.099898539000001"><ele>1950.139833282</ele></trkpt><trkpt lat="45.911239999999985" lon="7.0999"><ele>1949.930455636</ele></trkpt><trkpt lat="45.911246111" lon="7.099898981999999"><ele>1949.760183944</ele></trkpt><trkpt lat="45.911473889999975" lon="7.099861018000001"><ele>1943.159400016</ele></trkpt><trkpt lat="45.91147999999997" lon="7.0998600000000005"><ele>1942.975520958</ele></trkpt><trkpt lat="45.91148407200001" lon="7.0998532139999995"><ele>1942.910559598</ele></trkpt><trkpt lat="45.911505928" lon="7.099816786000001"><ele>1942.534881756</ele></trkpt><trkpt lat="45.911509999999986" lon="7.09981"><ele>1942.459868588</ele></trkpt><trkpt lat="45.911507774000015" lon="7.099801733"><ele>1942.606226131</ele></trkpt><trkpt lat="45.911442225999984" lon="7.099558267"><ele>1947.388023409</ele></trkpt><trkpt lat="45.91144000000001" lon="7.099550000000001"><ele>1947.566387127</ele></trkpt><trkpt lat="45.91144074199999" lon="7.099541098"><ele>1947.631499812</ele></trkpt><trkpt lat="45.911449258000005" lon="7.099438901999999"><ele>1948.351993252</ele></trkpt><trkpt lat="45.91145" lon="7.09943"><ele>1948.412397861</ele></trkpt><trkpt lat="45.911447108" lon="7.0994222879999995"><ele>1948.620734858</ele></trkpt><trkpt lat="45.91139289200002" lon="7.099277711999999"><ele>1952.76204296</ele></trkpt><trkpt lat="45.91139" lon="7.09927"><ele>1952.99554056</ele></trkpt><trkpt lat="45.911390803" lon="7.0992611640000005"><ele>1953.063635848</ele></trkpt><trkpt lat="45.911399197" lon="7.099168835999999"><ele>1951.670093091</ele></trkpt><trkpt lat="45.91140000000001" lon="7.09916"><ele>1951.422701415</ele></trkpt><trkpt lat="45.91139789499999" lon="7.099151580000001"><ele>1951.331697796</ele></trkpt><trkpt lat="45.911382104999994" lon="7.099088419999999"><ele>1950.659290109</ele></trkpt><trkpt lat="45.91138000000001" lon="7.09908"><ele>1950.571014793</ele></trkpt><trkpt lat="45.911374921999986" lon="7.099074922"><ele>1950.712768812</ele></trkpt><trkpt lat="45.911355077999985" lon="7.099055078"><ele>1951.27121574</ele></trkpt><trkpt lat="45.91134999999999" lon="7.099049999999999"><ele>1951.415261257</ele></trkpt><trkpt lat="45.911348555000004" lon="7.099041329"><ele>1951.290446811</ele></trkpt><trkpt lat="45.911311444999996" lon="7.098818670999999"><ele>1948.163116194</ele></trkpt><trkpt lat="45.91131000000001" lon="7.098810000000001"><ele>1948.044355128</ele></trkpt><trkpt lat="45.91130610599997" lon="7.098802991"><ele>1948.094677037</ele></trkpt><trkpt lat="45.911213894000014" lon="7.098637008999999"><ele>1949.430840464</ele></trkpt><trkpt lat="45.91120999999997" lon="7.098630000000001"><ele>1949.493359001</ele></trkpt><trkpt lat="45.91120717400001" lon="7.098621993999999"><ele>1949.475738382</ele></trkpt><trkpt lat="45.91115282600002" lon="7.098468006"><ele>1948.811967045</ele></trkpt><trkpt lat="45.911149999999985" lon="7.09846"><ele>1948.749898378</ele></trkpt><trkpt lat="45.911150347" lon="7.098451313999999"><ele>1948.49855444</ele></trkpt><trkpt lat="45.911159653000006" lon="7.098218686"><ele>1941.829295945</ele></trkpt><trkpt lat="45.91116" lon="7.098210000000001"><ele>1941.582608611</ele></trkpt><trkpt lat="45.911158201999996" lon="7.098201459000001"><ele>1941.439825677</ele></trkpt><trkpt lat="45.911041797999985" lon="7.097648541"><ele>1933.925136453</ele></trkpt><trkpt lat="45.911040000000035" lon="7.097640000000001"><ele>1933.883239257</ele></trkpt><trkpt lat="45.91103758399999" lon="7.097631715"><ele>1933.867085642</ele></trkpt><trkpt lat="45.910972415999986" lon="7.097408285"><ele>1933.873381305</ele></trkpt><trkpt lat="45.910969999999985" lon="7.097400000000001"><ele>1933.866706205</ele></trkpt><trkpt lat="45.91096874600002" lon="7.09739122"><ele>1933.80191513</ele></trkpt><trkpt lat="45.910961254000014" lon="7.09733878"><ele>1933.407622995</ele></trkpt><trkpt lat="45.910959999999996" lon="7.0973299999999995"><ele>1933.340374037</ele></trkpt><trkpt lat="45.91096309999998" lon="7.097322472"><ele>1933.104848374</ele></trkpt><trkpt lat="45.91102690000001" lon="7.097167528000001"><ele>1928.422483985</ele></trkpt><trkpt lat="45.91102999999997" lon="7.097159999999999"><ele>1928.19620733</ele></trkpt><trkpt lat="45.91103497299998" lon="7.097155027000001"><ele>1927.940295619</ele></trkpt><trkpt lat="45.911255027" lon="7.096934973"><ele>1917.068329474</ele></trkpt><trkpt lat="45.91125999999999" lon="7.096930000000001"><ele>1916.821680084</ele></trkpt><trkpt lat="45.911256885" lon="7.096922211999998"><ele>1916.826271427</ele></trkpt><trkpt lat="45.911143115000016" lon="7.096637788"><ele>1917.022322678</ele></trkpt><trkpt lat="45.911139999999996" lon="7.09663"><ele>1917.028467421</ele></trkpt><trkpt lat="45.911137806" lon="7.096621588999999"><ele>1916.992889254</ele></trkpt><trkpt lat="45.911082194000016" lon="7.096408411000001"><ele>1916.861064973</ele></trkpt><trkpt lat="45.91107999999999" lon="7.0964"><ele>1916.912532727</ele></trkpt><trkpt lat="45.911083310000016" lon="7.096392478"><ele>1916.770915771</ele></trkpt><trkpt lat="45.911186689999965" lon="7.096157522000001"><ele>1912.541761471</ele></trkpt><trkpt lat="45.91119000000002" lon="7.096149999999999"><ele>1912.41257249</ele></trkpt><trkpt lat="45.91119536500001" lon="7.096145708"><ele>1912.222119159</ele></trkpt><trkpt lat="45.911284635000015" lon="7.096074292"><ele>1909.10514023</ele></trkpt><trkpt lat="45.91129000000001" lon="7.096070000000001"><ele>1908.920976097</ele></trkpt><trkpt lat="45.911294535" lon="7.096076045999999"><ele>1908.780325623</ele></trkpt><trkpt lat="45.91134546500002" lon="7.0961439539999995"><ele>1907.17154265</ele></trkpt><trkpt lat="45.91134999999999" lon="7.096149999999999"><ele>1907.025698901</ele></trkpt><trkpt lat="45.911355872999984" lon="7.096152517"><ele>1906.830608979</ele></trkpt><trkpt lat="45.91141412699999" lon="7.096177483"><ele>1904.883130772</ele></trkpt><trkpt lat="45.911420000000014" lon="7.096180000000001"><ele>1904.685541405</ele></trkpt><trkpt lat="45.911424277" lon="7.096173584"><ele>1904.537194989</ele></trkpt><trkpt lat="45.911455723000024" lon="7.096126416"><ele>1903.459698026</ele></trkpt><trkpt lat="45.91146000000002" lon="7.096119999999999"><ele>1903.314900882</ele></trkpt><trkpt lat="45.911465793" lon="7.096122574000001"><ele>1903.121734544</ele></trkpt><trkpt lat="45.911544207000006" lon="7.096157426"><ele>1899.844084879</ele></trkpt><trkpt lat="45.91154999999999" lon="7.09616"><ele>1899.542532642</ele></trkpt><trkpt lat="45.911554164000016" lon="7.096166477"><ele>1899.332650565</ele></trkpt><trkpt lat="45.911635837000006" lon="7.096293523"><ele>1895.586847779</ele></trkpt><trkpt lat="45.91164000000001" lon="7.0963"><ele>1895.414824947</ele></trkpt><trkpt lat="45.9116419" lon="7.09630855"><ele>1895.361192287</ele></trkpt><trkpt lat="45.91167810000001" lon="7.09647145"><ele>1894.550624615</ele></trkpt><trkpt lat="45.91168" lon="7.096479999999999"><ele>1894.519175183</ele></trkpt><trkpt lat="45.91168375499998" lon="7.096487135000001"><ele>1894.439433236</ele></trkpt><trkpt lat="45.911876244999995" lon="7.096852865"><ele>1889.804951384</ele></trkpt><trkpt lat="45.91188" lon="7.0968599999999995"><ele>1889.696485092</ele></trkpt><trkpt lat="45.911884522" lon="7.096866029"><ele>1889.54153535</ele></trkpt><trkpt lat="45.91205547800002" lon="7.097093970999999"><ele>1883.409932682</ele></trkpt><trkpt lat="45.91206" lon="7.097099999999999"><ele>1883.260336415</ele></trkpt><trkpt lat="45.912063988999975" lon="7.097106870000001"><ele>1883.14453813</ele></trkpt><trkpt lat="45.91223601100002" lon="7.097403129999999"><ele>1879.343683189</ele></trkpt><trkpt lat="45.91224" lon="7.097409999999999"><ele>1879.24890271</ele></trkpt><trkpt lat="45.91224288000004" lon="7.0974179620000015"><ele>1879.220414866</ele></trkpt><trkpt lat="45.912407120000005" lon="7.097872038"><ele>1876.630304288</ele></trkpt><trkpt lat="45.91240999999998" lon="7.09788"><ele>1876.561715533</ele></trkpt><trkpt lat="45.91241400500001" lon="7.097886832"><ele>1876.422106512</ele></trkpt><trkpt lat="45.91257599500002" lon="7.098163168"><ele>1872.216740264</ele></trkpt><trkpt lat="45.91257999999999" lon="7.09817"><ele>1872.127508631</ele></trkpt><trkpt lat="45.912583539" lon="7.098177373"><ele>1872.062015659</ele></trkpt><trkpt lat="45.91281646100001" lon="7.098662627"><ele>1867.059931917</ele></trkpt><trkpt lat="45.912819999999996" lon="7.098669999999999"><ele>1866.951494949</ele></trkpt><trkpt lat="45.91282315000001" lon="7.098677701"><ele>1866.860822823</ele></trkpt><trkpt lat="45.91299685000001" lon="7.099102299"><ele>1861.015454189</ele></trkpt><trkpt lat="45.913" lon="7.099109999999998"><ele>1860.926313342</ele></trkpt><trkpt lat="45.91298" lon="7.09909"><ele>1861.572243499</ele></trkpt><trkpt lat="45.91298" lon="7.09909"><ele>1861.572243499</ele></trkpt><trkpt lat="45.91298" lon="7.09909"><ele>1861.572243499</ele></trkpt><trkpt lat="45.91298" lon="7.09909"><ele>1861.572243499</ele></trkpt><trkpt lat="45.913226882000004" lon="7.099702267999999"><ele>1853.594899288</ele></trkpt><trkpt lat="45.91322999999999" lon="7.099710000000001"><ele>1853.434454861</ele></trkpt><trkpt lat="45.91323429799999" lon="7.099716250999999"><ele>1853.207253645</ele></trkpt><trkpt lat="45.913555702" lon="7.100183748999999"><ele>1837.712116062</ele></trkpt><trkpt lat="45.913559999999976" lon="7.100189999999999"><ele>1837.523818395</ele></trkpt><trkpt lat="45.91356505300002" lon="7.100184946999999"><ele>1837.34671141</ele></trkpt><trkpt lat="45.91357494700001" lon="7.100175053"><ele>1837.007958806</ele></trkpt><trkpt lat="45.91358" lon="7.10017"><ele>1836.839048544</ele></trkpt><trkpt lat="45.913582815" lon="7.100177882"><ele>1836.694420696</ele></trkpt><trkpt lat="45.913627185" lon="7.100302118000001"><ele>1834.096850326</ele></trkpt><trkpt lat="45.91363000000002" lon="7.10031"><ele>1833.911858138</ele></trkpt><trkpt lat="45.913635851000016" lon="7.100307659"><ele>1833.664070571</ele></trkpt><trkpt lat="45.91372414899999" lon="7.100272341000001"><ele>1830.105341501</ele></trkpt><trkpt lat="45.91372999999999" lon="7.10027"><ele>1829.881468479</ele></trkpt><trkpt lat="45.913736082" lon="7.10027"><ele>1829.618337522</ele></trkpt><trkpt lat="45.914023917999984" lon="7.10027"><ele>1818.719305271</ele></trkpt><trkpt lat="45.914030000000004" lon="7.10027"><ele>1818.531791402</ele></trkpt><trkpt lat="45.914035866" lon="7.100272315"><ele>1818.300676716</ele></trkpt><trkpt lat="45.914404134" lon="7.100417685"><ele>1803.877896135</ele></trkpt><trkpt lat="45.914410000000004" lon="7.100420000000001"><ele>1803.64910728</ele></trkpt><trkpt lat="45.914411425" lon="7.100428547"><ele>1803.438868682</ele></trkpt><trkpt lat="45.914418575" lon="7.100471452999999"><ele>1802.40081592</ele></trkpt><trkpt lat="45.914420000000014" lon="7.10048"><ele>1802.197477366</ele></trkpt><trkpt lat="45.914426154000004" lon="7.10048"><ele>1802.02277274</ele></trkpt><trkpt lat="45.914553846" lon="7.10048"><ele>1798.397584537</ele></trkpt><trkpt lat="45.91455999999999" lon="7.10048"><ele>1798.222879912</ele></trkpt><trkpt lat="45.914565397" lon="7.100484239999999"><ele>1798.018164134</ele></trkpt><trkpt lat="45.914694602999965" lon="7.10058576"><ele>1793.759948701</ele></trkpt><trkpt lat="45.9147" lon="7.1005899999999995"><ele>1793.608962016</ele></trkpt><trkpt lat="45.914705784000006" lon="7.100592765999999"><ele>1793.459370953</ele></trkpt><trkpt lat="45.91492421599999" lon="7.100697234"><ele>1785.071382225</ele></trkpt><trkpt lat="45.91493" lon="7.100699999999999"><ele>1784.842368461</ele></trkpt><trkpt lat="45.914936039000004" lon="7.100697804000001"><ele>1784.766927733</ele></trkpt><trkpt lat="45.91503396100004" lon="7.100662196000001"><ele>1783.448833398</ele></trkpt><trkpt lat="45.91504" lon="7.10066"><ele>1783.361700505</ele></trkpt><trkpt lat="45.915046174000004" lon="7.100659383000001"><ele>1783.224383059</ele></trkpt><trkpt lat="45.91513382599999" lon="7.100650617000001"><ele>1781.25396733</ele></trkpt><trkpt lat="45.915140000000015" lon="7.100649999999999"><ele>1781.113682891</ele></trkpt><trkpt lat="45.91514543599998" lon="7.1006539140000005"><ele>1780.871191005</ele></trkpt><trkpt lat="45.915384563999986" lon="7.100826086"><ele>1770.721377227</ele></trkpt><trkpt lat="45.91539000000001" lon="7.10083"><ele>1770.467197554</ele></trkpt><trkpt lat="45.915393944" lon="7.100836574"><ele>1770.204794815</ele></trkpt><trkpt lat="45.915446056" lon="7.1009234260000005"><ele>1766.8083455</ele></trkpt><trkpt lat="45.91544999999999" lon="7.10093"><ele>1766.556570879</ele></trkpt><trkpt lat="45.915453109000005" lon="7.100922227"><ele>1766.619423373</ele></trkpt><trkpt lat="45.91546689100001" lon="7.100887772999999"><ele>1766.889613503</ele></trkpt><trkpt lat="45.91546999999999" lon="7.10088"><ele>1766.948679375</ele></trkpt><trkpt lat="45.915476089" lon="7.100878595"><ele>1766.78877181</ele></trkpt><trkpt lat="45.91559391099999" lon="7.100851405000001"><ele>1763.645859463</ele></trkpt><trkpt lat="45.915599999999976" lon="7.10085"><ele>1763.48093054</ele></trkpt><trkpt lat="45.915605564999986" lon="7.100846025000001"><ele>1763.378223069</ele></trkpt><trkpt lat="45.91566443499998" lon="7.100803974999999"><ele>1762.252646257</ele></trkpt><trkpt lat="45.91567000000002" lon="7.1008"><ele>1762.142551904</ele></trkpt><trkpt lat="45.91567327699999" lon="7.100792353"><ele>1762.167381147</ele></trkpt><trkpt lat="45.915696722999996" lon="7.100737647"><ele>1762.323938231</ele></trkpt><trkpt lat="45.915700000000015" lon="7.10073"><ele>1762.342874226</ele></trkpt><trkpt lat="45.91570608699999" lon="7.10073"><ele>1762.142029029</ele></trkpt><trkpt lat="45.915863913000024" lon="7.10073"><ele>1756.288904431</ele></trkpt><trkpt lat="45.91586999999998" lon="7.10073"><ele>1756.015368139</ele></trkpt><trkpt lat="45.91587589599998" lon="7.100727894"><ele>1755.781547587</ele></trkpt><trkpt lat="45.91600410400001" lon="7.100682106"><ele>1750.677717211</ele></trkpt><trkpt lat="45.91600999999999" lon="7.100679999999999"><ele>1750.442123436</ele></trkpt><trkpt lat="45.91601433099998" lon="7.100673937"><ele>1750.333799206</ele></trkpt><trkpt lat="45.916105669" lon="7.100546063000001"><ele>1745.032466265</ele></trkpt><trkpt lat="45.91611" lon="7.100539999999999"><ele>1744.589603384</ele></trkpt><trkpt lat="45.91611509599998" lon="7.100536178"><ele>1744.20079451</ele></trkpt><trkpt lat="45.91618490400002" lon="7.100483821999999"><ele>1738.823232815</ele></trkpt><trkpt lat="45.91618999999999" lon="7.10048"><ele>1738.426918016</ele></trkpt><trkpt lat="45.91619605299999" lon="7.1004806050000004"><ele>1738.1678344</ele></trkpt><trkpt lat="45.91638394699999" lon="7.100499395"><ele>1730.735218455</ele></trkpt><trkpt lat="45.91639000000002" lon="7.1005"><ele>1730.5121629</ele></trkpt><trkpt lat="45.91639557799998" lon="7.100503984"><ele>1730.442921531</ele></trkpt><trkpt lat="45.91652442199998" lon="7.100596015999998"><ele>1728.540968665</ele></trkpt><trkpt lat="45.916530000000016" lon="7.100600000000001"><ele>1728.445538711</ele></trkpt><trkpt lat="45.91653494799997" lon="7.100595602"><ele>1728.071083054</ele></trkpt><trkpt lat="45.916615052000004" lon="7.100524398000001"><ele>1722.15703201</ele></trkpt><trkpt lat="45.91661999999999" lon="7.100520000000001"><ele>1721.800869019</ele></trkpt><trkpt lat="45.91662590400001" lon="7.100522485999998"><ele>1721.641729892</ele></trkpt><trkpt lat="45.91680409600001" lon="7.100597514"><ele>1716.357473044</ele></trkpt><trkpt lat="45.91681" lon="7.100600000000001"><ele>1716.150078312</ele></trkpt><trkpt lat="45.91681577700001" lon="7.1005980740000005"><ele>1715.824607367</ele></trkpt><trkpt lat="45.916894222999986" lon="7.100571926"><ele>1711.538188461</ele></trkpt><trkpt lat="45.9169" lon="7.10057"><ele>1711.232356561</ele></trkpt><trkpt lat="45.916904054999996" lon="7.100576759000002"><ele>1711.200009772</ele></trkpt><trkpt lat="45.91692594500002" lon="7.100613241"><ele>1710.627994593</ele></trkpt><trkpt lat="45.916929999999965" lon="7.100619999999999"><ele>1710.391052679</ele></trkpt><trkpt lat="45.91693592999997" lon="7.100618516999999"><ele>1710.1227405</ele></trkpt><trkpt lat="45.91696407000001" lon="7.100611482999999"><ele>1708.8467503</ele></trkpt><trkpt lat="45.91697" lon="7.1006100000000005"><ele>1708.577233886</ele></trkpt><trkpt lat="45.916975382000004" lon="7.100613843999999"><ele>1708.299748846</ele></trkpt><trkpt lat="45.91703461800002" lon="7.100656155999999"><ele>1705.27800332</ele></trkpt><trkpt lat="45.91703999999997" lon="7.10066"><ele>1705.006440237</ele></trkpt><trkpt lat="45.917043982" lon="7.100666637"><ele>1704.784998263</ele></trkpt><trkpt lat="45.91706601800003" lon="7.100703363"><ele>1703.571022219</ele></trkpt><trkpt lat="45.91706999999999" lon="7.100709999999999"><ele>1703.353697083</ele></trkpt><trkpt lat="45.91707471000001" lon="7.100715494999999"><ele>1703.109530517</ele></trkpt><trkpt lat="45.91712529" lon="7.1007745049999995"><ele>1700.526302364</ele></trkpt><trkpt lat="45.91712999999999" lon="7.100780000000001"><ele>1700.289379024</ele></trkpt><trkpt lat="45.917135925" lon="7.100781481"><ele>1700.016065969</ele></trkpt><trkpt lat="45.91720407500001" lon="7.100798518999999"><ele>1696.887418797</ele></trkpt><trkpt lat="45.917210000000004" lon="7.1008"><ele>1696.616721654</ele></trkpt><trkpt lat="45.917214418000015" lon="7.100793814"><ele>1696.440196416</ele></trkpt><trkpt lat="45.91725558200001" lon="7.100736185999999"><ele>1694.917346152</ele></trkpt><trkpt lat="45.91726" lon="7.10073"><ele>1694.790341109</ele></trkpt><trkpt lat="45.917265302999986" lon="7.100734419000002"><ele>1694.598380543</ele></trkpt><trkpt lat="45.917314696999995" lon="7.100775581000001"><ele>1692.779465904</ele></trkpt><trkpt lat="45.91731999999998" lon="7.100780000000001"><ele>1692.580902882</ele></trkpt><trkpt lat="45.917321253000004" lon="7.100788771000001"><ele>1692.501544248</ele></trkpt><trkpt lat="45.917328747" lon="7.100841229"><ele>1692.02064924</ele></trkpt><trkpt lat="45.91732999999999" lon="7.10085"><ele>1691.939194835</ele></trkpt><trkpt lat="45.91733502599998" lon="7.100855026"><ele>1691.741345754</ele></trkpt><trkpt lat="45.917364974000016" lon="7.100884974000001"><ele>1690.548215481</ele></trkpt><trkpt lat="45.91737" lon="7.100889999999999"><ele>1690.345564415</ele></trkpt><trkpt lat="45.91737606400001" lon="7.100888897000001"><ele>1690.135522145</ele></trkpt><trkpt lat="45.91747393599999" lon="7.100871103000001"><ele>1686.77066714</ele></trkpt><trkpt lat="45.917480000000005" lon="7.100869999999999"><ele>1686.563755196</ele></trkpt><trkpt lat="45.917485869000004" lon="7.100872347"><ele>1686.341714265</ele></trkpt><trkpt lat="45.917524131" lon="7.100887652999999"><ele>1684.884769918</ele></trkpt><trkpt lat="45.91753" lon="7.100889999999999"><ele>1684.659899087</ele></trkpt><trkpt lat="45.91753358599998" lon="7.100897173"><ele>1684.48162285</ele></trkpt><trkpt lat="45.91756641399999" lon="7.100962827"><ele>1682.817214084</ele></trkpt><trkpt lat="45.917570000000005" lon="7.10097"><ele>1682.631802787</ele></trkpt><trkpt lat="45.91756940400001" lon="7.100978933"><ele>1682.585944366</ele></trkpt><trkpt lat="45.91756059599998" lon="7.101111067000001"><ele>1681.92461564</ele></trkpt><trkpt lat="45.917560000000016" lon="7.101119999999999"><ele>1681.881052195</ele></trkpt><trkpt lat="45.917564988" lon="7.101124988"><ele>1681.650630005</ele></trkpt><trkpt lat="45.917605011999996" lon="7.101165012"><ele>1679.777269067</ele></trkpt><trkpt lat="45.91760999999998" lon="7.10117"><ele>1679.54071324</ele></trkpt><trkpt lat="45.91761617399999" lon="7.101170221000001"><ele>1679.29588957</ele></trkpt><trkpt lat="45.91788382600002" lon="7.101179779000001"><ele>1672.699871013</ele></trkpt><trkpt lat="45.91788999999999" lon="7.101180000000001"><ele>1672.606143269</ele></trkpt><trkpt lat="45.917893794000015" lon="7.101172886"><ele>1672.655861351</ele></trkpt><trkpt lat="45.91796620600002" lon="7.101037114"><ele>1673.913600762</ele></trkpt><trkpt lat="45.917970000000004" lon="7.101030000000001"><ele>1673.995679786</ele></trkpt><trkpt lat="45.917971395999984" lon="7.101021342999999"><ele>1674.129704073</ele></trkpt><trkpt lat="45.918018604" lon="7.1007286569999994"><ele>1679.085820827</ele></trkpt><trkpt lat="45.91802000000003" lon="7.10072"><ele>1679.244961002</ele></trkpt><trkpt lat="45.91802428900002" lon="7.100713567"><ele>1679.361289419</ele></trkpt><trkpt lat="45.918075710999986" lon="7.100636433"><ele>1680.884281686</ele></trkpt><trkpt lat="45.91807999999998" lon="7.10063"><ele>1681.022005199</ele></trkpt><trkpt lat="45.91808623100003" lon="7.100629308"><ele>1681.047158198</ele></trkpt><trkpt lat="45.91825376899999" lon="7.100610692"><ele>1681.348055898</ele></trkpt><trkpt lat="45.91826000000001" lon="7.1006100000000005"><ele>1681.326199654</ele></trkpt><trkpt lat="45.918266163" lon="7.100608512000001"><ele>1681.32396862</ele></trkpt><trkpt lat="45.91854383700002" lon="7.100541488000001"><ele>1681.696149477</ele></trkpt><trkpt lat="45.91855000000001" lon="7.100539999999999"><ele>1681.706672911</ele></trkpt><trkpt lat="45.91855621399999" lon="7.100540776999999"><ele>1681.644598117</ele></trkpt><trkpt lat="45.91862378600001" lon="7.100549223"><ele>1680.967951228</ele></trkpt><trkpt lat="45.91862999999999" lon="7.100550000000001"><ele>1680.9055794</ele></trkpt><trkpt lat="45.918635055" lon="7.100555055"><ele>1680.712621066</ele></trkpt><trkpt lat="45.918704945" lon="7.100624944999999"><ele>1678.336461128</ele></trkpt><trkpt lat="45.918710000000004" lon="7.10063"><ele>1678.201432764</ele></trkpt><trkpt lat="45.91871624499999" lon="7.100629653000001"><ele>1678.202184959</ele></trkpt><trkpt lat="45.918883754999996" lon="7.100620347"><ele>1678.222016724</ele></trkpt><trkpt lat="45.918890000000005" lon="7.100619999999999"><ele>1678.222743165</ele></trkpt><trkpt lat="45.918895882" lon="7.100622940999999"><ele>1678.140479752</ele></trkpt><trkpt lat="45.918964118" lon="7.100657059"><ele>1677.186791462</ele></trkpt><trkpt lat="45.918969999999995" lon="7.10066"><ele>1677.104621189</ele></trkpt><trkpt lat="45.91897607600001" lon="7.1006578970000005"><ele>1677.150155134</ele></trkpt><trkpt lat="45.919223923999986" lon="7.100572103000001"><ele>1677.306382029</ele></trkpt><trkpt lat="45.91923" lon="7.10057"><ele>1677.200929794</ele></trkpt><trkpt lat="45.919235130000004" lon="7.10056487"><ele>1677.207718277</ele></trkpt><trkpt lat="45.91940487" lon="7.10039513"><ele>1677.02511258</ele></trkpt><trkpt lat="45.91941" lon="7.10039"><ele>1677.007286486</ele></trkpt><trkpt lat="45.919414760999985" lon="7.100384181"><ele>1677.017800834</ele></trkpt><trkpt lat="45.919765239000014" lon="7.099955819"><ele>1677.075586559</ele></trkpt><trkpt lat="45.91977" lon="7.099949999999999"><ele>1677.084923895</ele></trkpt><trkpt lat="45.91977611100001" lon="7.099948472"><ele>1676.963144424</ele></trkpt><trkpt lat="45.91980388900002" lon="7.099941527999999"><ele>1676.408306372</ele></trkpt><trkpt lat="45.91980999999998" lon="7.099940000000001"><ele>1676.285974399</ele></trkpt><trkpt lat="45.919813606999995" lon="7.099932786000001"><ele>1676.354113055</ele></trkpt><trkpt lat="45.91987639300001" lon="7.099807214"><ele>1678.99823323</ele></trkpt><trkpt lat="45.91988" lon="7.099800000000001"><ele>1679.168413732</ele></trkpt><trkpt lat="45.91988527600001" lon="7.099795203999999"><ele>1679.211003544</ele></trkpt><trkpt lat="45.919984724000024" lon="7.099704796000001"><ele>1680.102447426</ele></trkpt><trkpt lat="45.91998999999998" lon="7.0997"><ele>1680.154439944</ele></trkpt><trkpt lat="45.919996063" lon="7.099697849000001"><ele>1680.090302266</ele></trkpt><trkpt lat="45.92029393699997" lon="7.099592151"><ele>1678.307277527</ele></trkpt><trkpt lat="45.92030000000001" lon="7.099590000000001"><ele>1678.281490946</ele></trkpt><trkpt lat="45.92030582299998" lon="7.099586739"><ele>1678.299048348</ele></trkpt><trkpt lat="45.92054417700001" lon="7.099453261"><ele>1678.617294651</ele></trkpt><trkpt lat="45.92054999999998" lon="7.09945"><ele>1678.61528613</ele></trkpt><trkpt lat="45.920555327" lon="7.099445305000001"><ele>1678.668871654</ele></trkpt><trkpt lat="45.921134672999976" lon="7.098934694999999"><ele>1677.123150502</ele></trkpt><trkpt lat="45.921139999999994" lon="7.09893"><ele>1677.078547648</ele></trkpt><trkpt lat="45.921144123000005" lon="7.098923252999999"><ele>1677.101088262</ele></trkpt><trkpt lat="45.921245877" lon="7.098756747"><ele>1677.696064373</ele></trkpt><trkpt lat="45.92124999999997" lon="7.09875"><ele>1677.721741133</ele></trkpt><trkpt lat="45.92125282000001" lon="7.098742009"><ele>1677.801977296</ele></trkpt><trkpt lat="45.92136717999998" lon="7.098417990999999"><ele>1680.713430615</ele></trkpt><trkpt lat="45.92136999999999" lon="7.098410000000001"><ele>1680.765895301</ele></trkpt><trkpt lat="45.92137444" lon="7.098403681999999"><ele>1680.752004649</ele></trkpt><trkpt lat="45.92162555999999" lon="7.098046318"><ele>1679.491043121</ele></trkpt><trkpt lat="45.92163" lon="7.098040000000001"><ele>1679.476133549</ele></trkpt><trkpt lat="45.92163203000002" lon="7.098031543000001"><ele>1679.54921549</ele></trkpt><trkpt lat="45.921687969999994" lon="7.097798456999999"><ele>1682.013238837</ele></trkpt><trkpt lat="45.92169000000001" lon="7.09779"><ele>1682.143841977</ele></trkpt><trkpt lat="45.92169421599999" lon="7.097783375"><ele>1682.183815772</ele></trkpt><trkpt lat="45.921755784" lon="7.097686625000001"><ele>1682.661668504</ele></trkpt><trkpt lat="45.921760000000006" lon="7.0976799999999995"><ele>1682.687132784</ele></trkpt><trkpt lat="45.92176504599998" lon="7.097674714000001"><ele>1682.664072941</ele></trkpt><trkpt lat="45.921964953999996" lon="7.097465286"><ele>1681.035954178</ele></trkpt><trkpt lat="45.92196999999997" lon="7.097460000000001"><ele>1680.976821974</ele></trkpt><trkpt lat="45.92197387600001" lon="7.0974529529999995"><ele>1680.979530721</ele></trkpt><trkpt lat="45.922076123999986" lon="7.097267047000001"><ele>1680.873069502</ele></trkpt><trkpt lat="45.92208" lon="7.09726"><ele>1680.86799484</ele></trkpt><trkpt lat="45.922078301999996" lon="7.0972515110000005"><ele>1681.049807571</ele></trkpt><trkpt lat="45.92207169799997" lon="7.097218488999999"><ele>1681.757190599</ele></trkpt><trkpt lat="45.922069999999984" lon="7.09721"><ele>1681.939102225</ele></trkpt><trkpt lat="45.92207253499998" lon="7.097201889"><ele>1681.990054451</ele></trkpt><trkpt lat="45.922117464999985" lon="7.097058111000001"><ele>1684.572637879</ele></trkpt><trkpt lat="45.92212000000001" lon="7.0970499999999985"><ele>1684.742145416</ele></trkpt><trkpt lat="45.92212576799999" lon="7.097046635"><ele>1684.661985502</ele></trkpt><trkpt lat="45.92223423199999" lon="7.096983365"><ele>1683.01918158</ele></trkpt><trkpt lat="45.922239999999995" lon="7.09698"><ele>1682.924607106</ele></trkpt><trkpt lat="45.92224432099999" lon="7.0969735179999995"><ele>1682.965991623</ele></trkpt><trkpt lat="45.922295679000015" lon="7.096896482"><ele>1683.37742313</ele></trkpt><trkpt lat="45.92230000000001" lon="7.09689"><ele>1683.405273355</ele></trkpt><trkpt lat="45.92230310400001" lon="7.096882239999999"><ele>1683.509528137</ele></trkpt><trkpt lat="45.922436895999994" lon="7.096547760000002"><ele>1687.144792825</ele></trkpt><trkpt lat="45.922439999999995" lon="7.09654"><ele>1687.209210092</ele></trkpt><trkpt lat="45.92244432199998" lon="7.096533516999999"><ele>1687.190631306</ele></trkpt><trkpt lat="45.922535678" lon="7.096396483000001"><ele>1687.802578906</ele></trkpt><trkpt lat="45.922539999999984" lon="7.09639"><ele>1687.881582298</ele></trkpt><trkpt lat="45.922544905999985" lon="7.096384439999999"><ele>1687.915791128</ele></trkpt><trkpt lat="45.922685093999995" lon="7.09622556"><ele>1688.629774171</ele></trkpt><trkpt lat="45.922689999999996" lon="7.096220000000001"><ele>1688.645535697</ele></trkpt><trkpt lat="45.92269587600001" lon="7.096217062"><ele>1688.556873872</ele></trkpt><trkpt lat="45.922864124" lon="7.096132938"><ele>1685.850588239</ele></trkpt><trkpt lat="45.922869999999996" lon="7.09613"><ele>1685.750228508</ele></trkpt><trkpt lat="45.922874890999985" lon="7.096124409999999"><ele>1685.750120089</ele></trkpt><trkpt lat="45.923005108999995" lon="7.095975590000001"><ele>1686.084215284</ele></trkpt><trkpt lat="45.92301000000001" lon="7.09597"><ele>1686.159817014</ele></trkpt><trkpt lat="45.92301622700001" lon="7.09597"><ele>1686.076222897</ele></trkpt><trkpt lat="45.92305377300001" lon="7.09597"><ele>1685.5721908</ele></trkpt><trkpt lat="45.92306000000001" lon="7.09597"><ele>1685.488596683</ele></trkpt><trkpt lat="45.923065495" lon="7.095973995999999"><ele>1685.315565652</ele></trkpt><trkpt lat="45.92316450499998" lon="7.096046003999999"><ele>1682.251373731</ele></trkpt><trkpt lat="45.923169999999985" lon="7.09605"><ele>1682.084301816</ele></trkpt><trkpt lat="45.92317621199998" lon="7.096050518"><ele>1681.992000476</ele></trkpt><trkpt lat="45.923403788000016" lon="7.096069481999999"><ele>1678.642333006</ele></trkpt><trkpt lat="45.92340999999999" lon="7.096070000000001"><ele>1678.551758664</ele></trkpt><trkpt lat="45.92341620900002" lon="7.09606931"><ele>1678.488245952</ele></trkpt><trkpt lat="45.92349379099999" lon="7.09606069"><ele>1677.457030993</ele></trkpt><trkpt lat="45.92349999999999" lon="7.0960600000000005"><ele>1677.357644762</ele></trkpt><trkpt lat="45.92350580300002" lon="7.096056684"><ele>1677.322891163</ele></trkpt><trkpt lat="45.923634197000005" lon="7.095983315999999"><ele>1676.498396033</ele></trkpt><trkpt lat="45.92364000000001" lon="7.095980000000001"><ele>1676.458622381</ele></trkpt><trkpt lat="45.92364497" lon="7.095974556"><ele>1676.479039581</ele></trkpt><trkpt lat="45.92384502999999" lon="7.095755444"><ele>1676.862367838</ele></trkpt><trkpt lat="45.92385000000002" lon="7.095749999999999"><ele>1676.840384781</ele></trkpt><trkpt lat="45.92385376999999" lon="7.095742835999999"><ele>1676.868129008</ele></trkpt><trkpt lat="45.92394623000003" lon="7.095567164"><ele>1677.044771706</ele></trkpt><trkpt lat="45.92394999999999" lon="7.09556"><ele>1677.018581041</ele></trkpt><trkpt lat="45.923953304000015" lon="7.095552375999999"><ele>1677.012812641</ele></trkpt><trkpt lat="45.92407669599999" lon="7.095267624"><ele>1676.580659306</ele></trkpt><trkpt lat="45.92408" lon="7.095260000000001"><ele>1676.563285986</ele></trkpt><trkpt lat="45.92408605100001" lon="7.095258486999999"><ele>1676.379314427</ele></trkpt><trkpt lat="45.92411394900001" lon="7.095251513"><ele>1675.529684055</ele></trkpt><trkpt lat="45.92412000000002" lon="7.095250000000001"><ele>1675.345095509</ele></trkpt><trkpt lat="45.92412509799998" lon="7.095244901999998"><ele>1675.235077422</ele></trkpt><trkpt lat="45.924154902" lon="7.095215097999998"><ele>1674.585639766</ele></trkpt><trkpt lat="45.92416000000001" lon="7.09521"><ele>1674.473484032</ele></trkpt><trkpt lat="45.924162436999985" lon="7.095218122"><ele>1674.29624608</ele></trkpt><trkpt lat="45.92421756300001" lon="7.095401878"><ele>1670.350011524</ele></trkpt><trkpt lat="45.92421999999999" lon="7.095410000000001"><ele>1670.17839063</ele></trkpt><trkpt lat="45.924223581000014" lon="7.095417162"><ele>1669.980706194</ele></trkpt><trkpt lat="45.924406419" lon="7.095782838000001"><ele>1660.296811348</ele></trkpt><trkpt lat="45.92441" lon="7.09579"><ele>1660.117546869</ele></trkpt><trkpt lat="45.924416046999994" lon="7.095791396000001"><ele>1659.927338282</ele></trkpt><trkpt lat="45.92453395300001" lon="7.095818604"><ele>1656.05516349</ele></trkpt><trkpt lat="45.92453999999998" lon="7.09582"><ele>1655.856593516</ele></trkpt><trkpt lat="45.924544997999995" lon="7.095824998"><ele>1655.627171514</ele></trkpt><trkpt lat="45.924645002" lon="7.095925002"><ele>1651.115084247</ele></trkpt><trkpt lat="45.924649999999986" lon="7.095929999999999"><ele>1650.89353438</ele></trkpt><trkpt lat="45.92465451300001" lon="7.095935900999999"><ele>1650.671319869</ele></trkpt><trkpt lat="45.92477548700001" lon="7.096094099"><ele>1644.863077074</ele></trkpt><trkpt lat="45.92477999999999" lon="7.096100000000002"><ele>1644.651971339</ele></trkpt><trkpt lat="45.92478087799997" lon="7.096108783"><ele>1644.494534049</ele></trkpt><trkpt lat="45.92479912199998" lon="7.096291217"><ele>1641.250377325</ele></trkpt><trkpt lat="45.92479999999999" lon="7.0963"><ele>1641.095459359</ele></trkpt><trkpt lat="45.924795047999986" lon="7.096305473000001"><ele>1641.137826345</ele></trkpt><trkpt lat="45.924614951999985" lon="7.096504526999999"><ele>1642.140519719</ele></trkpt><trkpt lat="45.92461" lon="7.096509999999999"><ele>1642.106115543</ele></trkpt><trkpt lat="45.924608068" lon="7.096518373"><ele>1641.919331297</ele></trkpt><trkpt lat="45.92458193199999" lon="7.096631627"><ele>1639.365788309</ele></trkpt><trkpt lat="45.924579999999985" lon="7.096640000000001"><ele>1639.175005569</ele></trkpt><trkpt lat="45.92458594400001" lon="7.096642162"><ele>1638.980342012</ele></trkpt><trkpt lat="45.92468405599999" lon="7.096677838000001"><ele>1635.798991792</ele></trkpt><trkpt lat="45.92469000000001" lon="7.096679999999999"><ele>1635.608155148</ele></trkpt><trkpt lat="45.924696170000026" lon="7.096680474999999"><ele>1635.458120673</ele></trkpt><trkpt lat="45.92481383000001" lon="7.096689525"><ele>1632.606349358</ele></trkpt><trkpt lat="45.92482000000002" lon="7.096690000000001"><ele>1632.457314782</ele></trkpt><trkpt lat="45.924825685999984" lon="7.096686321"><ele>1632.426717289</ele></trkpt><trkpt lat="45.924984314000014" lon="7.096583678999999"><ele>1630.637575462</ele></trkpt><trkpt lat="45.92499" lon="7.096580000000001"><ele>1630.539076779</ele></trkpt><trkpt lat="45.92499608899999" lon="7.096578781999999"><ele>1630.374523739</ele></trkpt><trkpt lat="45.92528391100001" lon="7.0965212179999995"><ele>1621.924515564</ele></trkpt><trkpt lat="45.92529" lon="7.09652"><ele>1621.731519985</ele></trkpt><trkpt lat="45.92529583000001" lon="7.096516932000001"><ele>1621.563534845</ele></trkpt><trkpt lat="45.925474169999994" lon="7.096423068"><ele>1618.112097135</ele></trkpt><trkpt lat="45.925479999999986" lon="7.096420000000001"><ele>1618.030921621</ele></trkpt><trkpt lat="45.925486175" lon="7.096419084999999"><ele>1617.921324207</ele></trkpt><trkpt lat="45.925743824999984" lon="7.096380914999999"><ele>1613.141887402</ele></trkpt><trkpt lat="45.92574999999998" lon="7.09638"><ele>1613.022399452</ele></trkpt><trkpt lat="45.92575585500002" lon="7.096382928"><ele>1612.892763134</ele></trkpt><trkpt lat="45.92582414500001" lon="7.096417072000001"><ele>1611.432740741</ele></trkpt><trkpt lat="45.92582999999999" lon="7.096420000000001"><ele>1611.312000388</ele></trkpt><trkpt lat="45.925833991999994" lon="7.096426895"><ele>1611.217132854</ele></trkpt><trkpt lat="45.925936007999994" lon="7.096603104999999"><ele>1612.663234659</ele></trkpt><trkpt lat="45.92594" lon="7.09661"><ele>1612.763963876</ele></trkpt><trkpt lat="45.925946181000015" lon="7.096611236"><ele>1612.812694148</ele></trkpt><trkpt lat="45.925983818999995" lon="7.096618764"><ele>1613.114937973</ele></trkpt><trkpt lat="45.92599000000001" lon="7.09662"><ele>1613.165485214</ele></trkpt><trkpt lat="45.92599605300001" lon="7.09661777"><ele>1613.172602275</ele></trkpt><trkpt lat="45.92617394699998" lon="7.096552230000001"><ele>1613.179586622</ele></trkpt><trkpt lat="45.926179999999974" lon="7.09655"><ele>1613.172944854</ele></trkpt><trkpt lat="45.92618624599998" lon="7.09655"><ele>1613.201467519</ele></trkpt><trkpt lat="45.92623375400001" lon="7.09655"><ele>1613.418415257</ele></trkpt><trkpt lat="45.926240000000014" lon="7.09655"><ele>1613.446937922</ele></trkpt><trkpt lat="45.926245939000026" lon="7.096552673"><ele>1613.518373473</ele></trkpt><trkpt lat="45.926434061" lon="7.096637327"><ele>1616.361043196</ele></trkpt><trkpt lat="45.926440000000014" lon="7.096640000000001"><ele>1616.466813922</ele></trkpt><trkpt lat="45.926446160000005" lon="7.096641297000001"><ele>1616.547049944</ele></trkpt><trkpt lat="45.92662383999998" lon="7.096678703"><ele>1619.004151898</ele></trkpt><trkpt lat="45.926629999999975" lon="7.096679999999999"><ele>1619.094289439</ele></trkpt><trkpt lat="45.92663423899997" lon="7.0966863579999995"><ele>1619.289608774</ele></trkpt><trkpt lat="45.926645761" lon="7.0967036420000005"><ele>1619.826265093</ele></trkpt><trkpt lat="45.92664999999998" lon="7.09671"><ele>1620.025746143</ele></trkpt><trkpt lat="45.92665621700001" lon="7.096709112"><ele>1620.066963276</ele></trkpt><trkpt lat="45.927203783000024" lon="7.096630888"><ele>1621.258181179</ele></trkpt><trkpt lat="45.92721" lon="7.09663"><ele>1621.254332196</ele></trkpt><trkpt lat="45.927216085" lon="7.096627972000001"><ele>1621.20653127</ele></trkpt><trkpt lat="45.927563915000015" lon="7.0965120279999985"><ele>1619.932843617</ele></trkpt><trkpt lat="45.92757" lon="7.096509999999999"><ele>1619.910152219</ele></trkpt><trkpt lat="45.92757565000001" lon="7.096506166000001"><ele>1619.80654613</ele></trkpt><trkpt lat="45.92784434999999" lon="7.096323834"><ele>1620.77773999</ele></trkpt><trkpt lat="45.92784999999999" lon="7.09632"><ele>1620.853808773</ele></trkpt><trkpt lat="45.927855221000016" lon="7.096315069000001"><ele>1620.902299362</ele></trkpt><trkpt lat="45.92802477899999" lon="7.096154931000001"><ele>1621.735541358</ele></trkpt><trkpt lat="45.928030000000014" lon="7.096149999999999"><ele>1621.738360578</ele></trkpt><trkpt lat="45.92803469" lon="7.096144100000001"><ele>1621.71071456</ele></trkpt><trkpt lat="45.92833530999999" lon="7.095765900000001"><ele>1616.990128019</ele></trkpt><trkpt lat="45.92833999999999" lon="7.095760000000001"><ele>1616.903772257</ele></trkpt><trkpt lat="45.92834536100002" lon="7.095755432999999"><ele>1616.850369536</ele></trkpt><trkpt lat="45.92860463900002" lon="7.095534567"><ele>1613.281905063</ele></trkpt><trkpt lat="45.92860999999999" lon="7.095529999999999"><ele>1613.187743231</ele></trkpt><trkpt lat="45.92861608400002" lon="7.095527972"><ele>1613.161580785</ele></trkpt><trkpt lat="45.92869391599999" lon="7.095502027999999"><ele>1612.790189669</ele></trkpt><trkpt lat="45.92869999999999" lon="7.0955"><ele>1612.75828738</ele></trkpt><trkpt lat="45.92870622099999" lon="7.095499332999999"><ele>1612.763819289</ele></trkpt><trkpt lat="45.928973779" lon="7.095470667000001"><ele>1610.24243402</ele></trkpt><trkpt lat="45.92897999999998" lon="7.09547"><ele>1610.184580097</ele></trkpt><trkpt lat="45.928986148000014" lon="7.095471594"><ele>1610.186332991</ele></trkpt><trkpt lat="45.92924385300001" lon="7.095538406"><ele>1609.297327263</ele></trkpt><trkpt lat="45.92924999999998" lon="7.095539999999999"><ele>1609.200467351</ele></trkpt><trkpt lat="45.92925536300001" lon="7.095544568999999"><ele>1609.185704608</ele></trkpt><trkpt lat="45.92951463700002" lon="7.095765431"><ele>1605.948331253</ele></trkpt><trkpt lat="45.929520000000004" lon="7.095769999999999"><ele>1605.829155354</ele></trkpt><trkpt lat="45.929524544" lon="7.095776165999999"><ele>1605.750734863</ele></trkpt><trkpt lat="45.92965545599999" lon="7.095953834000001"><ele>1605.625435857</ele></trkpt><trkpt lat="45.92966000000002" lon="7.09596"><ele>1605.629301732</ele></trkpt><trkpt lat="45.92966436500001" lon="7.095966427"><ele>1605.681905897</ele></trkpt><trkpt lat="45.93001563499998" lon="7.096483573000001"><ele>1605.134229041</ele></trkpt><trkpt lat="45.93002" lon="7.096489999999999"><ele>1605.199115327</ele></trkpt><trkpt lat="45.93002517799999" lon="7.096495026000001"><ele>1605.18425867</ele></trkpt><trkpt lat="45.93069482199999" lon="7.097144974"><ele>1605.981961859</ele></trkpt><trkpt lat="45.93069999999999" lon="7.097150000000001"><ele>1605.936922334</ele></trkpt><trkpt lat="45.930704879000004" lon="7.097155611000001"><ele>1605.90684648</ele></trkpt><trkpt lat="45.931095121" lon="7.097604389"><ele>1606.290735093</ele></trkpt><trkpt lat="45.931100000000015" lon="7.09761"><ele>1606.311260913</ele></trkpt><trkpt lat="45.931104596999994" lon="7.09761608"><ele>1606.346642428</ele></trkpt><trkpt lat="45.93140540299999" lon="7.0980139200000005"><ele>1604.58994813</ele></trkpt><trkpt lat="45.93140999999999" lon="7.09802"><ele>1604.544067663</ele></trkpt><trkpt lat="45.93141391499999" lon="7.098027"><ele>1604.540917016</ele></trkpt><trkpt lat="45.931736085000004" lon="7.098603"><ele>1604.893418826</ele></trkpt><trkpt lat="45.93173999999998" lon="7.09861"><ele>1604.887164028</ele></trkpt><trkpt lat="45.931745755999984" lon="7.098613358000001"><ele>1604.782720525</ele></trkpt><trkpt lat="45.931854243999986" lon="7.098676642000001"><ele>1602.764911106</ele></trkpt><trkpt lat="45.93185999999999" lon="7.098679999999999"><ele>1602.655227109</ele></trkpt><trkpt lat="45.931861723" lon="7.098688616"><ele>1602.720117058</ele></trkpt><trkpt lat="45.93189827700002" lon="7.098871384000001"><ele>1604.048758245</ele></trkpt><trkpt lat="45.9319" lon="7.09888"><ele>1604.109142725</ele></trkpt><trkpt lat="45.931904575000004" lon="7.0988861"><ele>1604.057876699</ele></trkpt><trkpt lat="45.93192542500001" lon="7.098913900000001"><ele>1603.819405064</ele></trkpt><trkpt lat="45.931929999999994" lon="7.09892"><ele>1603.766020347</ele></trkpt><trkpt lat="45.93193524000001" lon="7.098924837"><ele>1603.677860624</ele></trkpt><trkpt lat="45.93205476" lon="7.099035163000001"><ele>1601.716295667</ele></trkpt><trkpt lat="45.93205999999999" lon="7.0990400000000005"><ele>1601.765072252</ele></trkpt><trkpt lat="45.93206594699999" lon="7.099042745"><ele>1601.788701874</ele></trkpt><trkpt lat="45.932184053" lon="7.099097255"><ele>1602.264356094</ele></trkpt><trkpt lat="45.93219" lon="7.0991"><ele>1602.288629382</ele></trkpt><trkpt lat="45.93219618799999" lon="7.099101238000001"><ele>1602.294979734</ele></trkpt><trkpt lat="45.932333811999996" lon="7.099128762"><ele>1602.439952252</ele></trkpt><trkpt lat="45.93234000000001" lon="7.099129999999999"><ele>1602.446639053</ele></trkpt><trkpt lat="45.932346201999984" lon="7.0991289150000005"><ele>1602.425809173</ele></trkpt><trkpt lat="45.93273379800001" lon="7.099061085"><ele>1602.517001302</ele></trkpt><trkpt lat="45.93273999999999" lon="7.09906"><ele>1602.5391385</ele></trkpt><trkpt lat="45.93273999999999" lon="7.09906"><ele>1602.5391385</ele></trkpt></trkseg></trk></gpx>