<?xml version='1.0' encoding='utf-8'?>
<gpx xmlns="http://www.topografix.com/GPX/1/1" xmlns:xsi="http://www.w3.org/2001/XMLSchema-instance" xsi:schemaLocation="http://www.topografix.com/GPX/1/1 http://www.topografix.com/GPX/1/1/gpx.xsd" version="1.1" creator="FATMAP.com"><metadata /><wpt lat="45.82115" lon="6.72737"><ele>1155.27</ele><name>Les Contamines (End)</name><sym>icons/finish.svg</sym><desc>Les Contamines-Montjoie village center checkin.</desc><extensions><station id="les-contamines-end" type="finish" subtype="finish"><accessibility crew_allowed="true" pacer_allowed="false" vehicle_tier="easy" drop_bag_allowed="true" /><services water="true" unmanaged_water="false" food="true" hot_food="true" toilets="true" medical="true" sleep_area="false" /><passes><pass num="1" dist_m="0.00" label="Les Contamines (End)" /></passes></station></extensions></wpt><wpt lat="45.82053" lon="6.72743"><ele>1155.27</ele><name>Les Contamines-Montjoie (Start)</name><sym>icons/start.svg</sym><desc>Start point from Les Contamines-Montjoie.</desc><extensions><station id="les-contamines-montjoie-start" type="start" subtype="start"><accessibility crew_allowed="true" pacer_allowed="false" vehicle_tier="easy" drop_bag_allowed="true" /><services water="true" unmanaged_water="false" food="true" hot_food="true" toilets="true" medical="true" sleep_area="false" /><passes><pass num="1" dist_m="0.00" label="Les Contamines-Montjoie (Start)" /></passes></station></extensions></wpt><wpt lat="45.79034" lon="6.7151"><ele>1256.75</ele><name>Notre Dame de la Gorge</name><sym>icons/waypoint.svg</sym><desc>Baroque church where travelers sought holy protection.</desc><extensions><station id="notre-dame-de-la-gorge" type="informational" subtype="navigation"><accessibility crew_allowed="false" pacer_allowed="false" vehicle_tier="none" drop_bag_allowed="false" /><services water="true" unmanaged_water="false" food="false" hot_food="false" toilets="true" medical="false" sleep_area="false" /><passes><pass num="1" dist_m="3833.54" label="Notre Dame de la Gorge" /></passes></station></extensions></wpt><wpt lat="45.75682" lon="6.71014"><ele>1723.97</ele><name>La Balme</name><sym>icons/aid_station.svg</sym><desc>Chalet refuge before the Col du Bonhomme climb.</desc><extensions><station id="la-balme" type="segmenting" subtype="aid_station"><accessibility crew_allowed="false" pacer_allowed="false" vehicle_tier="none" drop_bag_allowed="false" /><services water="true" unmanaged_water="false" food="true" hot_food="true" toilets="false" medical="false" sleep_area="false" /><passes><pass num="1" dist_m="7963.24" label="La Balme" /></passes></station></extensions></wpt><wpt lat="45.72803" lon="6.71052"><ele>2408.94</ele><name>Col du Bonhomme</name><sym>icons/summit.svg</sym><desc>High mountain pass with shelter cabin.</desc><extensions><station id="col-du-bonhomme" type="informational" subtype="summit"><accessibility crew_allowed="false" pacer_allowed="false" vehicle_tier="none" drop_bag_allowed="false" /><services water="false" unmanaged_water="false" food="false" hot_food="false" toilets="false" medical="false" sleep_area="false" /><passes><pass num="1" dist_m="12298.19" label="Col du Bonhomme" /></passes></station></extensions></wpt><wpt lat="45.72054" lon="6.72149"><ele>2363.82</ele><name>Refuge de la Croix du Bonhomme</name><sym>icons/refuge.svg</sym><desc>High altitude refuge near Bonhomme pass.</desc><extensions><station id="refuge-de-la-croix-du-bonhomme" type="segmenting" subtype="aid_station"><accessibility crew_allowed="false" pacer_allowed="false" vehicle_tier="none" drop_bag_allowed="false" /><services water="true" unmanaged_water="false" food="true" hot_food="true" toilets="true" medical="false" sleep_area="false" /><passes><pass num="1" dist_m="13810.56" label="Refuge de la Croix du Bonhomme" /></passes></station></extensions></wpt><wpt lat="45.69707" lon="6.73439"><ele>1550.36</ele><name>Les Chapieux (Start)</name><sym>icons/start.svg</sym><desc>Les Chapieux hamlet starting point.</desc><extensions><station id="les-chapieux-start" type="start" subtype="start"><accessibility crew_allowed="true" pacer_allowed="false" vehicle_tier="easy" drop_bag_allowed="false" /><services water="true" unmanaged_water="false" food="true" hot_food="true" toilets="true" medical="true" sleep_area="false" /><passes><pass num="1" dist_m="18348.98" label="Les Chapieux (Start)" /></passes></station></extensions></wpt><wpt lat="45.69711" lon="6.73415"><ele>1550.36</ele><name>Les Chapieux (End)</name><sym>icons/finish.svg</sym><desc>Les Chapieux hamlet checkin.</desc><extensions><station id="les-chapieux-end" type="finish" subtype="finish"><accessibility crew_allowed="true" pacer_allowed="false" vehicle_tier="easy" drop_bag_allowed="false" /><services water="true" unmanaged_water="false" food="true" hot_food="true" toilets="true" medical="true" sleep_area="false" /><passes><pass num="1" dist_m="18348.98" label="Les Chapieux (End)" /></passes></station></extensions></wpt><trk><name /><desc /><trkseg><trkpt lat="45.82053109999998" lon="6.7274268"><ele>1155.27</ele></trkpt><trkpt lat="45.820529999999984" lon="6.7275"><ele>1156.29</ele></trkpt><trkpt lat="45.820467008661" lon="6.727507873628808"><ele>1155.7940809206705</ele></trkpt><trkpt lat="45.8204037567755" lon="6.727509104713638"><ele>1155.2119330410753</ele></trkpt><trkpt lat="45.820340337154796" lon="6.7275063130738335"><ele>1154.5715036852127</ele></trkpt><trkpt lat="45.820276842610504" lon="6.727502118528734"><ele>1153.9007401770805</ele></trkpt><trkpt lat="45.82021336595473" lon="6.727499140897676"><ele>1153.2275898406767</ele></trkpt><trkpt lat="45.820150000000005" lon="6.7275"><ele>1152.58</ele></trkpt><trkpt lat="45.82007929928712" lon="6.7275087426679505"><ele>1151.7731897932924</ele></trkpt><trkpt lat="45.82001000000001" lon="6.72753"><ele>1151.15</ele></trkpt><trkpt lat="45.81993833950417" lon="6.727563778795799"><ele>1150.9330851531536</ele></trkpt><trkpt lat="45.819868123140964" lon="6.727603605331094"><ele>1150.8890038538561</ele></trkpt><trkpt lat="45.81979999999997" lon="6.72765"><ele>1150.87</ele></trkpt><trkpt lat="45.81974130936667" lon="6.727694100601947"><ele>1150.8218806757504</ele></trkpt><trkpt lat="45.81968280144799" lon="6.727738691982764"><ele>1150.7753920733244</ele></trkpt><trkpt lat="45.81962445325203" lon="6.7277837125297815"><ele>1150.7303631615953</ele></trkpt><trkpt lat="45.8195662417869" lon="6.72782910063033"><ele>1150.6866229094371</ele></trkpt><trkpt lat="45.81950814406049" lon="6.727874794671734"><ele>1150.644000285723</ele></trkpt><trkpt lat="45.81945013708062" lon="6.727920733041328"><ele>1150.6023242593265</ele></trkpt><trkpt lat="45.819392197855066" lon="6.727966854126439"><ele>1150.561423799121</ele></trkpt><trkpt lat="45.81933430339149" lon="6.728013096314396"><ele>1150.5211278739803</ele></trkpt><trkpt lat="45.81927643069742" lon="6.728059397992528"><ele>1150.4812654527775</ele></trkpt><trkpt lat="45.819218556780335" lon="6.7281056975481635"><ele>1150.4416655043863</ele></trkpt><trkpt lat="45.81916065864762" lon="6.728151933368632"><ele>1150.4021569976803</ele></trkpt><trkpt lat="45.81910271330647" lon="6.728198043841265"><ele>1150.362568901533</ele></trkpt><trkpt lat="45.81904469776412" lon="6.728243967353388"><ele>1150.3227301848178</ele></trkpt><trkpt lat="45.81898658902762" lon="6.728289642292333"><ele>1150.2824698164081</ele></trkpt><trkpt lat="45.818928364103954" lon="6.728335007045426"><ele>1150.2416167651777</ele></trkpt><trkpt lat="45.81887000000001" lon="6.7283800000000005"><ele>1150.2</ele></trkpt><trkpt lat="45.81880157552004" lon="6.728430678563675"><ele>1150.1798511476811</ele></trkpt><trkpt lat="45.818730000000016" lon="6.72847"><ele>1150.1</ele></trkpt><trkpt lat="45.818667523422455" lon="6.728490532843615"><ele>1149.88366641306</ele></trkpt><trkpt lat="45.81860398142533" lon="6.728503741282777"><ele>1149.616426612497</ele></trkpt><trkpt lat="45.818540000000006" lon="6.728510000000001"><ele>1149.45</ele></trkpt><trkpt lat="45.81845636208651" lon="6.728511204337094"><ele>1149.41105765474</ele></trkpt><trkpt lat="45.818372781988245" lon="6.72850543634786"><ele>1149.4734370963388</ele></trkpt><trkpt lat="45.818289999999955" lon="6.72849"><ele>1149.65</ele></trkpt><trkpt lat="45.81822406082363" lon="6.728472485903256"><ele>1149.846479507976</ele></trkpt><trkpt lat="45.81815824868411" lon="6.728454026637651"><ele>1150.053058394394</ele></trkpt><trkpt lat="45.81809255354464" lon="6.728434710926525"><ele>1150.2690897477269</ele></trkpt><trkpt lat="45.818026965368375" lon="6.728414627493221"><ele>1150.4939266564468</ele></trkpt><trkpt lat="45.81796147411845" lon="6.728393865061086"><ele>1150.726922209026</ele></trkpt><trkpt lat="45.81789606975786" lon="6.72837251235346"><ele>1150.967429493937</ele></trkpt><trkpt lat="45.81783074224973" lon="6.728350658093687"><ele>1151.2148015996522</ele></trkpt><trkpt lat="45.81776548155694" lon="6.728328391005112"><ele>1151.4683916146437</ele></trkpt><trkpt lat="45.81770027764249" lon="6.728305799811075"><ele>1151.7275526273838</ele></trkpt><trkpt lat="45.81763512046922" lon="6.728282973234923"><ele>1151.9916377263453</ele></trkpt><trkpt lat="45.81756999999998" lon="6.728259999999999"><ele>1152.26</ele></trkpt><trkpt lat="45.81750152130562" lon="6.728234637880258"><ele>1152.6001115902232</ele></trkpt><trkpt lat="45.81743351803562" lon="6.728206629967199"><ele>1153.0070556761889</ele></trkpt><trkpt lat="45.8173662557475" lon="6.728175307070539"><ele>1153.41547192406</ele></trkpt><trkpt lat="45.81729999999998" lon="6.72814"><ele>1153.76</ele></trkpt><trkpt lat="45.81722279952942" lon="6.7280859592833355"><ele>1154.0178899108566</ele></trkpt><trkpt lat="45.817150000000005" lon="6.728020000000001"><ele>1154.12</ele></trkpt><trkpt lat="45.817096957897746" lon="6.72796770246513"><ele>1154.1587746391153</ele></trkpt><trkpt lat="45.817044248795824" lon="6.7279146463624455"><ele>1154.200479760751</ele></trkpt><trkpt lat="45.81699203557424" lon="6.727860589878269"><ele>1154.226785111282</ele></trkpt><trkpt lat="45.81694048111356" lon="6.727805291198922"><ele>1154.2193604370834</ele></trkpt><trkpt lat="45.81688974829491" lon="6.727748508510723"><ele>1154.1598754845309</ele></trkpt><trkpt lat="45.81684000000002" lon="6.727689999999999"><ele>1154.03</ele></trkpt><trkpt lat="45.81677570554114" lon="6.727615323687308"><ele>1153.804237635621</ele></trkpt><trkpt lat="45.8167150393305" lon="6.727535124047629"><ele>1153.3714224734201</ele></trkpt><trkpt lat="45.81666999999999" lon="6.72744"><ele>1152.45</ele></trkpt><trkpt lat="45.81672999999999" lon="6.727340000000001"><ele>1149.86</ele></trkpt><trkpt lat="45.81669398480652" lon="6.727264449280412"><ele>1148.89072472205</ele></trkpt><trkpt lat="45.816651228034694" lon="6.727195600554132"><ele>1148.1121857903013</ele></trkpt><trkpt lat="45.81660347885737" lon="6.7271325271876465"><ele>1147.510284497528</ele></trkpt><trkpt lat="45.81655248645157" lon="6.727074302547441"><ele>1147.070922136503</ele></trkpt><trkpt lat="45.816500000000005" lon="6.72702"><ele>1146.78</ele></trkpt><trkpt lat="45.81641161697192" lon="6.726995079478194"><ele>1147.3328278656468</ele></trkpt><trkpt lat="45.81633999999998" lon="6.726950000000001"><ele>1148.22</ele></trkpt><trkpt lat="45.816365013849286" lon="6.726832341480992"><ele>1148.0869045584468</ele></trkpt><trkpt lat="45.81639999999999" lon="6.72671"><ele>1147.86</ele></trkpt><trkpt lat="45.81635597487399" lon="6.726639495354247"><ele>1148.3366080111161</ele></trkpt><trkpt lat="45.81629000000001" lon="6.72659"><ele>1148.84</ele></trkpt><trkpt lat="45.81621134356497" lon="6.726516745284519"><ele>1148.8685137056382</ele></trkpt><trkpt lat="45.81612999999999" lon="6.726450000000001"><ele>1148.9</ele></trkpt><trkpt lat="45.816063588794314" lon="6.726401649679627"><ele>1149.1883928995926</ele></trkpt><trkpt lat="45.8159964952464" lon="6.726355250452384"><ele>1149.5528652386884</ele></trkpt><trkpt lat="45.8159286540754" lon="6.72631122599895"><ele>1149.9709049584399</ele></trkpt><trkpt lat="45.815859999999994" lon="6.72627"><ele>1150.42</ele></trkpt><trkpt lat="45.81579478208464" lon="6.726232182479707"><ele>1150.974548548657</ele></trkpt><trkpt lat="45.81572837829243" lon="6.7261992156098955"><ele>1151.5961877528907</ele></trkpt><trkpt lat="45.815660000000015" lon="6.726180000000001"><ele>1152.01</ele></trkpt><trkpt lat="45.81559558869618" lon="6.726171773348966"><ele>1152.1994190508244</ele></trkpt><trkpt lat="45.81553111984922" lon="6.726164403617108"><ele>1152.3663075993336</ele></trkpt><trkpt lat="45.81546659987626" lon="6.72615785621271"><ele>1152.5140395319602</ele></trkpt><trkpt lat="45.815402035194424" lon="6.7261520965440456"><ele>1152.6459887351375</ele></trkpt><trkpt lat="45.81533743222088" lon="6.726147090019395"><ele>1152.7655290952994</ele></trkpt><trkpt lat="45.8152727973728" lon="6.726142802047036"><ele>1152.8760344988782</ele></trkpt><trkpt lat="45.81520813706741" lon="6.726139198035244"><ele>1152.9808788323076</ele></trkpt><trkpt lat="45.81514345772197" lon="6.7261362433923"><ele>1153.0834359820205</ele></trkpt><trkpt lat="45.81507876575378" lon="6.72613390352648"><ele>1153.1870798344503</ele></trkpt><trkpt lat="45.81501406758012" lon="6.726132143846062"><ele>1153.2951842760299</ele></trkpt><trkpt lat="45.81494936961837" lon="6.726130929759324"><ele>1153.4111231931927</ele></trkpt><trkpt lat="45.81488467828583" lon="6.7261302266745435"><ele>1153.5382704723716</ele></trkpt><trkpt lat="45.81482" lon="6.726130000000001"><ele>1153.68</ele></trkpt><trkpt lat="45.81474174821444" lon="6.726132023862927"><ele>1153.9279108014211</ele></trkpt><trkpt lat="45.814663490649785" lon="6.726139563634468"><ele>1154.2433446639707</ele></trkpt><trkpt lat="45.81458598775916" lon="6.726154821588775"><ele>1154.5271061945346</ele></trkpt><trkpt lat="45.81451" lon="6.726180000000001"><ele>1154.68</ele></trkpt><trkpt lat="45.81443867158561" lon="6.726219522325165"><ele>1154.615389277917</ele></trkpt><trkpt lat="45.81437181750467" lon="6.726274457199478"><ele>1154.375288496924</ele></trkpt><trkpt lat="45.81430999999999" lon="6.72634"><ele>1154.05</ele></trkpt><trkpt lat="45.814257406537315" lon="6.726419418641875"><ele>1153.6128779181254</ele></trkpt><trkpt lat="45.81421106881004" lon="6.7265080171017715"><ele>1153.0975345017077</ele></trkpt><trkpt lat="45.814160000000015" lon="6.72659"><ele>1152.68</ele></trkpt><trkpt lat="45.81409759899279" lon="6.726665395100235"><ele>1152.4092789963936</ele></trkpt><trkpt lat="45.81403108963753" lon="6.726733373926891"><ele>1152.2397476911224</ele></trkpt><trkpt lat="45.81396000000001" lon="6.726790000000001"><ele>1152.15</ele></trkpt><trkpt lat="45.813895656374" lon="6.726823820851164"><ele>1152.12719771597</ele></trkpt><trkpt lat="45.81382826411338" lon="6.726845255085107"><ele>1152.185366074756</ele></trkpt><trkpt lat="45.81376000000001" lon="6.726859999999999"><ele>1152.37</ele></trkpt><trkpt lat="45.81369528609751" lon="6.726870226045676"><ele>1152.6822627877866</ele></trkpt><trkpt lat="45.813630285973396" lon="6.726876312040602"><ele>1153.0830244947513</ele></trkpt><trkpt lat="45.81356514286242" lon="6.726879242015227"><ele>1153.5172739543402</ele></trkpt><trkpt lat="45.813500000000026" lon="6.726880000000001"><ele>1153.93</ele></trkpt><trkpt lat="45.81342995523616" lon="6.726879917712099"><ele>1154.348440710671</ele></trkpt><trkpt lat="45.813359889452165" lon="6.726879453598146"><ele>1154.7741515164882</ele></trkpt><trkpt lat="45.81328982421276" lon="6.726878281782787"><ele>1155.2007965039443</ele></trkpt><trkpt lat="45.813219781082836" lon="6.726876076390652"><ele>1155.6220397595312</ele></trkpt><trkpt lat="45.813149781627324" lon="6.726872511546385"><ele>1156.0315453697415</ele></trkpt><trkpt lat="45.8130798474113" lon="6.726867261374623"><ele>1156.422977421067</ele></trkpt><trkpt lat="45.81300999999999" lon="6.726859999999999"><ele>1156.79</ele></trkpt><trkpt lat="45.81294469987435" lon="6.726845525882945"><ele>1157.1065676226942</ele></trkpt><trkpt lat="45.81288008717752" lon="6.726823475506227"><ele>1157.3787294571064</ele></trkpt><trkpt lat="45.812815430892755" lon="6.7268021873763955"><ele>1157.5890265629655</ele></trkpt><trkpt lat="45.81275000000001" lon="6.726790000000001"><ele>1157.72</ele></trkpt><trkpt lat="45.812680043993595" lon="6.726787909978656"><ele>1157.770762440956</ele></trkpt><trkpt lat="45.812610066393994" lon="6.726790613661567"><ele>1157.7606404764165</ele></trkpt><trkpt lat="45.81254007019804" lon="6.726796142776948"><ele>1157.7175686782166</ele></trkpt><trkpt lat="45.81247005840251" lon="6.726802529053006"><ele>1157.6694816181905</ele></trkpt><trkpt lat="45.8124000340042" lon="6.7268078042179535"><ele>1157.6443138681734</ele></trkpt><trkpt lat="45.81233" lon="6.7268099999999995"><ele>1157.67</ele></trkpt><trkpt lat="45.81224" lon="6.726790000000001"><ele>1158.16</ele></trkpt><trkpt lat="45.81216790231107" lon="6.7267901951897615"><ele>1158.4044161104052</ele></trkpt><trkpt lat="45.81209576604964" lon="6.726791385569283"><ele>1158.6317587120377</ele></trkpt><trkpt lat="45.81202367863244" lon="6.7267944783539235"><ele>1158.8468932584674</ele></trkpt><trkpt lat="45.811951727476675" lon="6.726800380759042"><ele>1159.0546852032649</ele></trkpt><trkpt lat="45.81188" lon="6.7268099999999995"><ele>1159.26</ele></trkpt><trkpt lat="45.811807683624295" lon="6.72682261068809"><ele>1159.48071308905</ele></trkpt><trkpt lat="45.8117354602802" lon="6.726836930698388"><ele>1159.7152031015921</ele></trkpt><trkpt lat="45.81166345510624" lon="6.726853394832812"><ele>1159.945423418293</ele></trkpt><trkpt lat="45.81159179324159" lon="6.7268724378932765"><ele>1160.1533274198175</ele></trkpt><trkpt lat="45.81152059982603" lon="6.7268944946817"><ele>1160.3208684868314</ele></trkpt><trkpt lat="45.81145000000001" lon="6.72692"><ele>1160.43</ele></trkpt><trkpt lat="45.811380780745424" lon="6.726952648527802"><ele>1160.4493178028047</ele></trkpt><trkpt lat="45.811313252734074" lon="6.726992619443082"><ele>1160.3846528295426</ele></trkpt><trkpt lat="45.811246334352624" lon="6.727035266094464"><ele>1160.2743289548782</ele></trkpt><trkpt lat="45.811178943982526" lon="6.727075941830563"><ele>1160.1566700534759</ele></trkpt><trkpt lat="45.811109999999985" lon="6.727109999999999"><ele>1160.07</ele></trkpt><trkpt lat="45.81103073262103" lon="6.727099334516653"><ele>1160.0692368935127</ele></trkpt><trkpt lat="45.81096999999999" lon="6.727120000000001"><ele>1160.03</ele></trkpt><trkpt lat="45.8109752936377" lon="6.727216128363324"><ele>1159.8535885662332</ele></trkpt><trkpt lat="45.81100923151484" lon="6.727317435184785"><ele>1159.675211690158</ele></trkpt><trkpt lat="45.811009999999996" lon="6.727410000000001"><ele>1159.63</ele></trkpt><trkpt lat="45.81095455632945" lon="6.727475061893832"><ele>1159.8245485934194</ele></trkpt><trkpt lat="45.81087852177957" lon="6.7275025249241756"><ele>1160.1293248708464</ele></trkpt><trkpt lat="45.810799999999986" lon="6.727509999999999"><ele>1160.34</ele></trkpt><trkpt lat="45.81072215673891" lon="6.727497896807814"><ele>1160.3479257460097</ele></trkpt><trkpt lat="45.81064576633176" lon="6.727465626566322"><ele>1160.256646142232</ele></trkpt><trkpt lat="45.81056999999999" lon="6.727429999999999"><ele>1160.2</ele></trkpt><trkpt lat="45.81050330762109" lon="6.727396558711983"><ele>1160.2237030576403</ele></trkpt><trkpt lat="45.81043735355501" lon="6.727359808908271"><ele>1160.2820316086375</ele></trkpt><trkpt lat="45.81037000000001" lon="6.72733"><ele>1160.37</ele></trkpt><trkpt lat="45.81030836327822" lon="6.727313237524394"><ele>1160.4661444331311</ele></trkpt><trkpt lat="45.8102460533546" lon="6.727301367104353"><ele>1160.5737456618676</ele></trkpt><trkpt lat="45.81018356179077" lon="6.727290877922116"><ele>1160.6912746740386</ele></trkpt><trkpt lat="45.810121380150555" lon="6.7272782591599185"><ele>1160.817202457473</ele></trkpt><trkpt lat="45.810059999999986" lon="6.72726"><ele>1160.95</ele></trkpt><trkpt lat="45.80999578056141" lon="6.7272330330302585"><ele>1161.0951722137984</ele></trkpt><trkpt lat="45.809932396423456" lon="6.727201024014871"><ele>1161.2421258322981</ele></trkpt><trkpt lat="45.80986949700046" lon="6.727166239258051"><ele>1161.3915526940343</ele></trkpt><trkpt lat="45.80980673170517" lon="6.727130945064016"><ele>1161.5441446375426</ele></trkpt><trkpt lat="45.809743749948716" lon="6.727097407736976"><ele>1161.7005935013578</ele></trkpt><trkpt lat="45.8096802011407" lon="6.727067893581152"><ele>1161.8615911240156</ele></trkpt><trkpt lat="45.809615734689025" lon="6.727044668900754"><ele>1162.0278293440513</ele></trkpt><trkpt lat="45.80955" lon="6.727029999999999"><ele>1162.2</ele></trkpt><trkpt lat="45.809487549450424" lon="6.727051664971376"><ele>1162.3880788074948</ele></trkpt><trkpt lat="45.80942965578423" lon="6.7271086763311745"><ele>1162.5852977902043</ele></trkpt><trkpt lat="45.80937" lon="6.72716"><ele>1162.77</ele></trkpt><trkpt lat="45.8093030187947" lon="6.727192183406987"><ele>1162.9281621234204</ele></trkpt><trkpt lat="45.80923477847264" lon="6.7272192140433"><ele>1163.0666524558096</ele></trkpt><trkpt lat="45.8091666489126" lon="6.727246637657962"><ele>1163.221816560294</ele></trkpt><trkpt lat="45.8091" lon="6.7272799999999995"><ele>1163.43</ele></trkpt><trkpt lat="45.80902922372811" lon="6.727350072346144"><ele>1163.770154054319</ele></trkpt><trkpt lat="45.80896073940638" lon="6.727427141072292"><ele>1164.1812489936658</ele></trkpt><trkpt lat="45.80888999999999" lon="6.72744"><ele>1164.58</ele></trkpt><trkpt lat="45.80883368944827" lon="6.727400884664006"><ele>1164.8606953231385</ele></trkpt><trkpt lat="45.808781039629245" lon="6.727353114919844"><ele>1165.1238882205366</ele></trkpt><trkpt lat="45.808731286985925" lon="6.727298445781909"><ele>1165.3721674915848</ele></trkpt><trkpt lat="45.80868366795817" lon="6.727238632264596"><ele>1165.6081219356745</ele></trkpt><trkpt lat="45.80863741898282" lon="6.727175429382304"><ele>1165.8343403521976</ele></trkpt><trkpt lat="45.80859177649408" lon="6.727110592149427"><ele>1166.0534115405446</ele></trkpt><trkpt lat="45.808545976923625" lon="6.727045875580363"><ele>1166.267924300107</ele></trkpt><trkpt lat="45.80849925670058" lon="6.726983034689505"><ele>1166.4804674302763</ele></trkpt><trkpt lat="45.80845085225144" lon="6.726923824491253"><ele>1166.6936297304437</ele></trkpt><trkpt lat="45.80840000000001" lon="6.726869999999999"><ele>1166.91</ele></trkpt><trkpt lat="45.808338469312105" lon="6.726814703109197"><ele>1167.1715713992387</ele></trkpt><trkpt lat="45.80827482143427" lon="6.726764473519074"><ele>1167.4408678727948</ele></trkpt><trkpt lat="45.80820960346345" lon="6.726718099821363"><ele>1167.7011241951593</ele></trkpt><trkpt lat="45.808143362499074" lon="6.726674370607788"><ele>1167.9355751408218</ele></trkpt><trkpt lat="45.808076645643084" lon="6.726632074470093"><ele>1168.127455484272</ele></trkpt><trkpt lat="45.808009999999996" lon="6.72659"><ele>1168.26</ele></trkpt><trkpt lat="45.80795174682515" lon="6.7265532995217905"><ele>1168.339015944836</ele></trkpt><trkpt lat="45.80789328599951" lon="6.726517283362551"><ele>1168.4065468474234</ele></trkpt><trkpt lat="45.807834651810545" lon="6.726481838673233"><ele>1168.4637590599893</ele></trkpt><trkpt lat="45.8077758785457" lon="6.726446852604778"><ele>1168.5118189347618</ele></trkpt><trkpt lat="45.80771700049264" lon="6.7264122123081425"><ele>1168.5518928239683</ele></trkpt><trkpt lat="45.8076580519392" lon="6.726377804934267"><ele>1168.5851470798368</ele></trkpt><trkpt lat="45.807599067173314" lon="6.726343517634102"><ele>1168.6127480545947</ele></trkpt><trkpt lat="45.807540080483086" lon="6.726309237558592"><ele>1168.6358621004697</ele></trkpt><trkpt lat="45.807481126156745" lon="6.726274851858689"><ele>1168.6556555696893</ele></trkpt><trkpt lat="45.80742223848268" lon="6.726240247685334"><ele>1168.6732948144816</ele></trkpt><trkpt lat="45.8073634517494" lon="6.726205312189481"><ele>1168.6899461870742</ele></trkpt><trkpt lat="45.807304800245596" lon="6.726169932522072"><ele>1168.7067760396944</ele></trkpt><trkpt lat="45.80724631826012" lon="6.726133995834059"><ele>1168.7249507245706</ele></trkpt><trkpt lat="45.80718804008188" lon="6.726097389276385"><ele>1168.74563659393</ele></trkpt><trkpt lat="45.80713" lon="6.72606"><ele>1168.77</ele></trkpt><trkpt lat="45.80708022840294" lon="6.726004244009716"><ele>1168.7393005987385</ele></trkpt><trkpt lat="45.80702999999998" lon="6.725950000000001"><ele>1168.71</ele></trkpt><trkpt lat="45.80691000000002" lon="6.72593"><ele>1168.88</ele></trkpt><trkpt lat="45.80684606277629" lon="6.725892254531536"><ele>1168.9176365699834</ele></trkpt><trkpt lat="45.806783082545344" lon="6.7258512717605985"><ele>1168.9427321404087</ele></trkpt><trkpt lat="45.806720701129294" lon="6.725808257448079"><ele>1168.9618554255856</ele></trkpt><trkpt lat="45.80665856034864" lon="6.725764417354867"><ele>1168.9815751398232</ele></trkpt><trkpt lat="45.80659630202229" lon="6.725720957241855"><ele>1169.0084599974318</ele></trkpt><trkpt lat="45.806533567967506" lon="6.725679082869936"><ele>1169.0490787127208</ele></trkpt><trkpt lat="45.80646999999998" lon="6.725639999999999"><ele>1169.11</ele></trkpt><trkpt lat="45.80641059808255" lon="6.725606645335559"><ele>1169.1861341508884</ele></trkpt><trkpt lat="45.80635073299567" lon="6.725575024851098"><ele>1169.2768512143896</ele></trkpt><trkpt lat="45.8062905391594" lon="6.7255446357073385"><ele>1169.3783393784552</ele></trkpt><trkpt lat="45.806230150994345" lon="6.725514975065001"><ele>1169.4867868310373</ele></trkpt><trkpt lat="45.806169702921736" lon="6.7254855400848115"><ele>1169.5983817600872</ele></trkpt><trkpt lat="45.806109329363345" lon="6.725455827927495"><ele>1169.7093123535567</ele></trkpt><trkpt lat="45.80604916474151" lon="6.725425335753771"><ele>1169.8157667993976</ele></trkpt><trkpt lat="45.80598934347924" lon="6.725393560724364"><ele>1169.9139332855614</ele></trkpt><trkpt lat="45.80592999999999" lon="6.725360000000001"><ele>1170</ele></trkpt><trkpt lat="45.80586316874906" lon="6.725316632853942"><ele>1170.0634863363007</ele></trkpt><trkpt lat="45.80579781444942" lon="6.725268479140516"><ele>1170.0925816142328</ele></trkpt><trkpt lat="45.805732875777736" lon="6.72521900900012"><ele>1170.116933724015</ele></trkpt><trkpt lat="45.8056672914057" lon="6.725171692573147"><ele>1170.1661905558647</ele></trkpt><trkpt lat="45.805600000000005" lon="6.725130000000001"><ele>1170.27</ele></trkpt><trkpt lat="45.80552939726383" lon="6.725093895801863"><ele>1170.4453204758406</ele></trkpt><trkpt lat="45.805457794689346" lon="6.725061949883922"><ele>1170.6690858505945</ele></trkpt><trkpt lat="45.80538549348214" lon="6.72503305606505"><ele>1170.9201909874282</ele></trkpt><trkpt lat="45.80531279484943" lon="6.725006108164118"><ele>1171.1775307495082</ele></trkpt><trkpt lat="45.805240000000005" lon="6.724980000000001"><ele>1171.42</ele></trkpt><trkpt lat="45.80517849700622" lon="6.724958670175437"><ele>1171.6152573192562</ele></trkpt><trkpt lat="45.805116737523406" lon="6.724938791352012"><ele>1171.8129397328908</ele></trkpt><trkpt lat="45.805054729537474" lon="6.72492057744087"><ele>1172.0079934868972</ele></trkpt><trkpt lat="45.80499248103436" lon="6.724904242353151"><ele>1172.195364827269</ele></trkpt><trkpt lat="45.80493000000003" lon="6.724890000000001"><ele>1172.37</ele></trkpt><trkpt lat="45.80485283015902" lon="6.724875609679722"><ele>1172.5650085558061</ele></trkpt><trkpt lat="45.804775372126066" lon="6.724864435900688"><ele>1172.7434588767492</ele></trkpt><trkpt lat="45.80469772802996" lon="6.724856044171312"><ele>1172.9101797593175</ele></trkpt><trkpt lat="45.80462" lon="6.724850000000001"><ele>1173.07</ele></trkpt><trkpt lat="45.80454246203085" lon="6.7248494132272505"><ele>1173.2193285657054</ele></trkpt><trkpt lat="45.8044648189685" lon="6.724853430125566"><ele>1173.357538308967</ele></trkpt><trkpt lat="45.8043872664216" lon="6.724855731961097"><ele>1173.491978897745</ele></trkpt><trkpt lat="45.804309999999994" lon="6.724850000000001"><ele>1173.63</ele></trkpt><trkpt lat="45.80424086392417" lon="6.7248384126083245"><ele>1173.7629247719176</ele></trkpt><trkpt lat="45.804171814134016" lon="6.724823979730348"><ele>1173.9014714512323</ele></trkpt><trkpt lat="45.80410333238058" lon="6.724805340548209"><ele>1174.0375557445882</ele></trkpt><trkpt lat="45.804035900417325" lon="6.72478113424405"><ele>1174.1630933586296</ele></trkpt><trkpt lat="45.80396999999997" lon="6.72475"><ele>1174.27</ele></trkpt><trkpt lat="45.803907839168495" lon="6.724712752266829"><ele>1174.354600072322</ele></trkpt><trkpt lat="45.80384730680256" lon="6.72467029663431"><ele>1174.4266203855532</ele></trkpt><trkpt lat="45.80378785799156" lon="6.72462435024583"><ele>1174.490117352112</ele></trkpt><trkpt lat="45.80372894782235" lon="6.7245766302447745"><ele>1174.5491473844177</ele></trkpt><trkpt lat="45.80367003137957" lon="6.724528853774527"><ele>1174.6077668948883</ele></trkpt><trkpt lat="45.80361056374546" lon="6.724482737978474"><ele>1174.6700322959427</ele></trkpt><trkpt lat="45.803549999999994" lon="6.7244399999999995"><ele>1174.74</ele></trkpt><trkpt lat="45.803440000000016" lon="6.724400000000001"><ele>1174.92</ele></trkpt><trkpt lat="45.80337614053115" lon="6.7244128685309414"><ele>1175.0833877016162</ele></trkpt><trkpt lat="45.80331301448567" lon="6.724432907774601"><ele>1175.2591443083065</ele></trkpt><trkpt lat="45.80325088119708" lon="6.724458993130962"><ele>1175.4353287608437</ele></trkpt><trkpt lat="45.803189999999994" lon="6.724489999999999"><ele>1175.6</ele></trkpt><trkpt lat="45.80311391164549" lon="6.724551558563576"><ele>1175.787602015977</ele></trkpt><trkpt lat="45.80304000000001" lon="6.724620000000001"><ele>1175.95</ele></trkpt><trkpt lat="45.80297221903627" lon="6.724678557316579"><ele>1176.0825364914733</ele></trkpt><trkpt lat="45.802899999999994" lon="6.724709999999999"><ele>1176.2</ele></trkpt><trkpt lat="45.802830946186845" lon="6.724701859111681"><ele>1176.3021944629775</ele></trkpt><trkpt lat="45.8027625769225" lon="6.724684874184177"><ele>1176.4059281673576</ele></trkpt><trkpt lat="45.80269459494038" lon="6.724662620513377"><ele>1176.5063883431949</ele></trkpt><trkpt lat="45.80262670297251" lon="6.724638673395158"><ele>1176.5987622205444</ele></trkpt><trkpt lat="45.80255860374934" lon="6.724616608125405"><ele>1176.6782370294611</ele></trkpt><trkpt lat="45.80249" lon="6.7246"><ele>1176.74</ele></trkpt><trkpt lat="45.80242553480385" lon="6.724588856454554"><ele>1176.7800845298177</ele></trkpt><trkpt lat="45.80236096628037" lon="6.724578958891056"><ele>1176.8066528966606</ele></trkpt><trkpt lat="45.80229631578269" lon="6.724570054440615"><ele>1176.8229329390754</ele></trkpt><trkpt lat="45.80223160466412" lon="6.72456189023435"><ele>1176.832152495609</ele></trkpt><trkpt lat="45.8021668542781" lon="6.724554213403379"><ele>1176.837539404809</ele></trkpt><trkpt lat="45.80210208597807" lon="6.724546771078815"><ele>1176.8423215052212</ele></trkpt><trkpt lat="45.802037321117616" lon="6.724539310391772"><ele>1176.8497266353927</ele></trkpt><trkpt lat="45.80197258105046" lon="6.724531578473371"><ele>1176.862982633871</ele></trkpt><trkpt lat="45.80190788713037" lon="6.724523322454724"><ele>1176.8853173392029</ele></trkpt><trkpt lat="45.80184326071125" lon="6.724514289466947"><ele>1176.9199585899346</ele></trkpt><trkpt lat="45.80177872314705" lon="6.724504226641157"><ele>1176.9701342246135</ele></trkpt><trkpt lat="45.8017142957919" lon="6.72449288110847"><ele>1177.0390720817863</ele></trkpt><trkpt lat="45.80164999999999" lon="6.72448"><ele>1177.13</ele></trkpt><trkpt lat="45.80158697265585" lon="6.724465875631328"><ele>1177.2464052850223</ele></trkpt><trkpt lat="45.8015240865896" lon="6.724450572454346"><ele>1177.3900763620438</ele></trkpt><trkpt lat="45.801461328182256" lon="6.724434214531657"><ele>1177.5563022961003</ele></trkpt><trkpt lat="45.80139868381476" lon="6.724416925925859"><ele>1177.7403721522267</ele></trkpt><trkpt lat="45.801336139867935" lon="6.7243988306995615"><ele>1177.9375749954584</ele></trkpt><trkpt lat="45.80127368272265" lon="6.724380052915363"><ele>1178.143199890831</ele></trkpt><trkpt lat="45.80121129875958" lon="6.724360716635865"><ele>1178.3525359033795</ele></trkpt><trkpt lat="45.80114897435948" lon="6.7243409459236725"><ele>1178.5608720981393</ele></trkpt><trkpt lat="45.80108669590294" lon="6.7243208648413875"><ele>1178.763497540146</ele></trkpt><trkpt lat="45.80102444977051" lon="6.724300597451612"><ele>1178.9557012944347</ele></trkpt><trkpt lat="45.80096222234272" lon="6.724280267816948"><ele>1179.132772426041</ele></trkpt><trkpt lat="45.80090000000002" lon="6.724259999999999"><ele>1179.29</ele></trkpt><trkpt lat="45.8008347679479" lon="6.724236165975086"><ele>1179.4216287724796</ele></trkpt><trkpt lat="45.800770100065535" lon="6.724208799835704"><ele>1179.5175900804306</ele></trkpt><trkpt lat="45.80070564284248" lon="6.72418020087518"><ele>1179.590645890506</ele></trkpt><trkpt lat="45.80064104276659" lon="6.724152668386838"><ele>1179.6535581693574</ele></trkpt><trkpt lat="45.80057594632424" lon="6.724128501664001"><ele>1179.719088883638</ele></trkpt><trkpt lat="45.80050999999998" lon="6.72411"><ele>1179.8</ele></trkpt><trkpt lat="45.800446928907085" lon="6.724110342338738"><ele>1179.8593000370215</ele></trkpt><trkpt lat="45.80038346417403" lon="6.724124504477011"><ele>1179.926851066695</ele></trkpt><trkpt lat="45.80031999999999" lon="6.724129999999999"><ele>1180.1</ele></trkpt><trkpt lat="45.80025742446741" lon="6.724122151830502"><ele>1180.3707259319617</ele></trkpt><trkpt lat="45.800195027957415" lon="6.724111170955149"><ele>1180.675146879506</ele></trkpt><trkpt lat="45.800132919213496" lon="6.724097114164542"><ele>1181.0182048610698</ele></trkpt><trkpt lat="45.80007120697953" lon="6.72408003824929"><ele>1181.404841895089</ele></trkpt><trkpt lat="45.800009999999986" lon="6.724060000000001"><ele>1181.84</ele></trkpt><trkpt lat="45.79994177763101" lon="6.724029982534586"><ele>1182.5080719883424</ele></trkpt><trkpt lat="45.79987537152758" lon="6.723991847917777"><ele>1183.2971253591036</ele></trkpt><trkpt lat="45.799810000000015" lon="6.72395"><ele>1183.96</ele></trkpt><trkpt lat="45.79975033969739" lon="6.723913458867357"><ele>1184.419792398742</ele></trkpt><trkpt lat="45.79969188337156" lon="6.72387331430382"><ele>1184.7520601592769</ele></trkpt><trkpt lat="45.799640000000004" lon="6.72382"><ele>1184.78</ele></trkpt><trkpt lat="45.79960678431646" lon="6.723733853839667"><ele>1183.9204808714328</ele></trkpt><trkpt lat="45.79958000000002" lon="6.723639999999999"><ele>1183.06</ele></trkpt><trkpt lat="45.79954177333059" lon="6.723555773747668"><ele>1182.89477225057</ele></trkpt><trkpt lat="45.7995032728835" lon="6.723471758109712"><ele>1182.7934365795404</ele></trkpt><trkpt lat="45.799464382215085" lon="6.723388094386424"><ele>1182.7424723404868</ele></trkpt><trkpt lat="45.79942498488129" lon="6.723304923878088"><ele>1182.7283588869846</ele></trkpt><trkpt lat="45.79938496443777" lon="6.7232223878849915"><ele>1182.7375755726093</ele></trkpt><trkpt lat="45.79934420443985" lon="6.723140627707419"><ele>1182.7566017509362</ele></trkpt><trkpt lat="45.7993025884424" lon="6.723059784645661"><ele>1182.7719167755415</ele></trkpt><trkpt lat="45.799260000000004" lon="6.722979999999999"><ele>1182.77</ele></trkpt><trkpt lat="45.799208744547165" lon="6.722909277070703"><ele>1182.8185827639568</ele></trkpt><trkpt lat="45.79915" lon="6.72285"><ele>1182.91</ele></trkpt><trkpt lat="45.799093323537065" lon="6.7227961140526835"><ele>1182.9648749108646</ele></trkpt><trkpt lat="45.79903582882034" lon="6.7227439665054405"><ele>1183.0033941083761</ele></trkpt><trkpt lat="45.79897791352156" lon="6.722692720079125"><ele>1183.0378246098026</ele></trkpt><trkpt lat="45.79891997531424" lon="6.722641537494576"><ele>1183.0804334324102</ele></trkpt><trkpt lat="45.798862411873465" lon="6.722589581472642"><ele>1183.1434875934676</ele></trkpt><trkpt lat="45.79880562087591" lon="6.722536014734168"><ele>1183.2392541102417</ele></trkpt><trkpt lat="45.79874999999999" lon="6.722480000000001"><ele>1183.38</ele></trkpt><trkpt lat="45.79869894641429" lon="6.722425834245298"><ele>1183.5455326906351</ele></trkpt><trkpt lat="45.79864831353735" lon="6.722370877619257"><ele>1183.7278280581395</ele></trkpt><trkpt lat="45.79859803452126" lon="6.722315255446267"><ele>1183.9243357047014</ele></trkpt><trkpt lat="45.79854804251792" lon="6.722259093050715"><ele>1184.1325052325096</ele></trkpt><trkpt lat="45.798498270678905" lon="6.722202515756997"><ele>1184.3497862437532</ele></trkpt><trkpt lat="45.79844865215566" lon="6.722145648889499"><ele>1184.57362834062</ele></trkpt><trkpt lat="45.798399120099326" lon="6.722088617772614"><ele>1184.8014811252997</ele></trkpt><trkpt lat="45.79834960766076" lon="6.72203154773073"><ele>1185.03079419998</ele></trkpt><trkpt lat="45.79830004799067" lon="6.72197456408824"><ele>1185.25901716685</ele></trkpt><trkpt lat="45.79825037423949" lon="6.72191779216953"><ele>1185.4835996280985</ele></trkpt><trkpt lat="45.79820051955738" lon="6.721861357298994"><ele>1185.7019911859138</ele></trkpt><trkpt lat="45.79815041709432" lon="6.721805384801021"><ele>1185.9116414424848</ele></trkpt><trkpt lat="45.79810000000002" lon="6.721750000000001"><ele>1186.11</ele></trkpt><trkpt lat="45.798046130026734" lon="6.721691421371102"><ele>1186.3096082792454</ele></trkpt><trkpt lat="45.797992211583065" lon="6.721632916378352"><ele>1186.5010571595262</ele></trkpt><trkpt lat="45.797938215793955" lon="6.721574547536478"><ele>1186.6859410400625</ele></trkpt><trkpt lat="45.79788411378422" lon="6.721516377360201"><ele>1186.8658543200747</ele></trkpt><trkpt lat="45.79782987667857" lon="6.7214584683642515"><ele>1187.0423913987831</ele></trkpt><trkpt lat="45.79777547560163" lon="6.721400883063351"><ele>1187.2171466754085</ele></trkpt><trkpt lat="45.79772088167782" lon="6.7213436839722265"><ele>1187.391714549171</ele></trkpt><trkpt lat="45.79766606603155" lon="6.721286933605605"><ele>1187.567689419291</ele></trkpt><trkpt lat="45.797610999787125" lon="6.7212306944782085"><ele>1187.7466656849888</ele></trkpt><trkpt lat="45.79755565406858" lon="6.7211750291047645"><ele>1187.930237745485</ele></trkpt><trkpt lat="45.797500000000014" lon="6.721119999999999"><ele>1188.12</ele></trkpt><trkpt lat="45.79744591707803" lon="6.721067717182928"><ele>1188.312602929009</ele></trkpt><trkpt lat="45.797391328613244" lon="6.721016455332553"><ele>1188.5148600762986</ele></trkpt><trkpt lat="45.79733621165874" lon="6.720966344146556"><ele>1188.7230297536696</ele></trkpt><trkpt lat="45.7972805432674" lon="6.72091751332262"><ele>1188.9333702729236</ele></trkpt><trkpt lat="45.797224300492054" lon="6.720870092558427"><ele>1189.1421399458625</ele></trkpt><trkpt lat="45.79716746038539" lon="6.720824211551659"><ele>1189.3455970842874</ele></trkpt><trkpt lat="45.797109999999996" lon="6.720780000000001"><ele>1189.54</ele></trkpt><trkpt lat="45.7970533161521" lon="6.72074197661652"><ele>1189.7283963128145</ele></trkpt><trkpt lat="45.79699497519391" lon="6.720709099859481"><ele>1189.9196724246667</ele></trkpt><trkpt lat="45.79693597615759" lon="6.72067823479418"><ele>1190.0967503801119</ele></trkpt><trkpt lat="45.79687731807945" lon="6.720646246485919"><ele>1190.2425522237045</ele></trkpt><trkpt lat="45.79682" lon="6.720609999999999"><ele>1190.34</ele></trkpt><trkpt lat="45.79675675311433" lon="6.720563409155696"><ele>1190.383452654465</ele></trkpt><trkpt lat="45.79669456375218" lon="6.720513920562459"><ele>1190.3751126570407</ele></trkpt><trkpt lat="45.79663299783383" lon="6.720462727391376"><ele>1190.3370463323838</ele></trkpt><trkpt lat="45.79657162127765" lon="6.720411022813529"><ele>1190.2913200051512</ele></trkpt><trkpt lat="45.79651000000002" lon="6.720360000000001"><ele>1190.26</ele></trkpt><trkpt lat="45.79645282178968" lon="6.720314544138897"><ele>1190.2166577373434</ele></trkpt><trkpt lat="45.79639576877721" lon="6.720268773296347"><ele>1190.1724697401305</ele></trkpt><trkpt lat="45.79633999999998" lon="6.72022"><ele>1190.21</ele></trkpt><trkpt lat="45.79628138697949" lon="6.72016329192894"><ele>1190.3404336482129</ele></trkpt><trkpt lat="45.79622364936398" lon="6.720104728081089"><ele>1190.5013601495216</ele></trkpt><trkpt lat="45.7961662182599" lon="6.720045518268768"><ele>1190.6910698267243</ele></trkpt><trkpt lat="45.79610852477135" lon="6.719986872304298"><ele>1190.9078530026181</ele></trkpt><trkpt lat="45.79605000000001" lon="6.719930000000001"><ele>1191.15</ele></trkpt><trkpt lat="45.795981667908556" lon="6.719865787444514"><ele>1191.499698886027</ele></trkpt><trkpt lat="45.795912149201826" lon="6.719804326105519"><ele>1191.9227225854988</ele></trkpt><trkpt lat="45.79583999999999" lon="6.71975"><ele>1192.36</ele></trkpt><trkpt lat="45.7957804199636" lon="6.7197214941956345"><ele>1192.6266367497801</ele></trkpt><trkpt lat="45.795718816581655" lon="6.719700528378619"><ele>1192.9040401042912</ele></trkpt><trkpt lat="45.79565999999999" lon="6.71967"><ele>1193.39</ele></trkpt><trkpt lat="45.79559623919335" lon="6.719618331599369"><ele>1194.2342438336148</ele></trkpt><trkpt lat="45.7955346592296" lon="6.719561351993347"><ele>1195.1910163770422</ele></trkpt><trkpt lat="45.79547395967206" lon="6.719502206587639"><ele>1196.198667003662</ele></trkpt><trkpt lat="45.79541284007826" lon="6.719444040787955"><ele>1197.1955450868547</ele></trkpt><trkpt lat="45.795349999999985" lon="6.71939"><ele>1198.12</ele></trkpt><trkpt lat="45.795289411823944" lon="6.719343811115217"><ele>1198.9474919770332</ele></trkpt><trkpt lat="45.795227962308736" lon="6.719300000200716"><ele>1199.7840517891495</ele></trkpt><trkpt lat="45.795165973910464" lon="6.7192576404442255"><ele>1200.5981309669264</ele></trkpt><trkpt lat="45.79510376908667" lon="6.71921580503346"><ele>1201.358181040942</ele></trkpt><trkpt lat="45.795041670296364" lon="6.719173567156144"><ele>1202.0326535417742</ele></trkpt><trkpt lat="45.794979999999995" lon="6.71913"><ele>1202.59</ele></trkpt><trkpt lat="45.79491941897601" lon="6.719086651628193"><ele>1203.0156667670974</ele></trkpt><trkpt lat="45.794858623985824" lon="6.719043718259324"><ele>1203.341352913032</ele></trkpt><trkpt lat="45.794797949810174" lon="6.719000393152732"><ele>1203.581343873547</ele></trkpt><trkpt lat="45.79473773123131" lon="6.718955869567756"><ele>1203.7499250843846</ele></trkpt><trkpt lat="45.794678303032896" lon="6.718909340763732"><ele>1203.861381981288</ele></trkpt><trkpt lat="45.79462000000002" lon="6.718860000000001"><ele>1203.93</ele></trkpt><trkpt lat="45.794556276530884" lon="6.718794946579945"><ele>1203.785822997425</ele></trkpt><trkpt lat="45.79449582232411" lon="6.718722968167439"><ele>1203.4196591508387</ele></trkpt><trkpt lat="45.794434956959364" lon="6.718652005671213"><ele>1203.111165728833</ele></trkpt><trkpt lat="45.79437000000003" lon="6.71859"><ele>1203.14</ele></trkpt><trkpt lat="45.79430270352029" lon="6.7185472668980015"><ele>1203.8117902153322</ele></trkpt><trkpt lat="45.79423174590622" lon="6.71851690296964"><ele>1204.9114506339927</ele></trkpt><trkpt lat="45.79416000000001" lon="6.71849"><ele>1205.89</ele></trkpt><trkpt lat="45.79408732711143" lon="6.718459497542824"><ele>1206.2618759724141</ele></trkpt><trkpt lat="45.79401400176057" lon="6.718432509746977"><ele>1206.511238306415</ele></trkpt><trkpt lat="45.793939999999985" lon="6.71842"><ele>1207.58</ele></trkpt><trkpt lat="45.793859211150405" lon="6.718437719736654"><ele>1210.3673916590926</ele></trkpt><trkpt lat="45.793780154401844" lon="6.71846996988146"><ele>1213.9161162368787</ele></trkpt><trkpt lat="45.7937" lon="6.71848"><ele>1216.98</ele></trkpt><trkpt lat="45.793634856675524" lon="6.718460866437679"><ele>1218.7482908055217</ele></trkpt><trkpt lat="45.793571474229154" lon="6.718428089782152"><ele>1220.1697818050063</ele></trkpt><trkpt lat="45.79350985466823" lon="6.718386268235552"><ele>1221.2563819019877</ele></trkpt><trkpt lat="45.79345000000001" lon="6.71834"><ele>1222.02</ele></trkpt><trkpt lat="45.793389177836026" lon="6.718288510422356"><ele>1222.476142779304</ele></trkpt><trkpt lat="45.79333000030364" lon="6.718232910402805"><ele>1222.6475860045293</ele></trkpt><trkpt lat="45.793272233853806" lon="6.718174055172079"><ele>1222.641957840103</ele></trkpt><trkpt lat="45.7932156449363" lon="6.718112799960901"><ele>1222.5668864504512</ele></trkpt><trkpt lat="45.79316" lon="6.718049999999999"><ele>1222.53</ele></trkpt><trkpt lat="45.79310527275133" lon="6.717986336490832"><ele>1222.6055014966032</ele></trkpt><trkpt lat="45.79305140213547" lon="6.717920990990265"><ele>1222.7217097704474</ele></trkpt><trkpt lat="45.79299889514307" lon="6.717853477244281"><ele>1222.7671672959898</ele></trkpt><trkpt lat="45.79294825876655" lon="6.717783308998866"><ele>1222.6304165476884</ele></trkpt><trkpt lat="45.792899999999996" lon="6.717710000000001"><ele>1222.2</ele></trkpt><trkpt lat="45.792861504913" lon="6.717638676607384"><ele>1221.246173440972</ele></trkpt><trkpt lat="45.7928279300489" lon="6.717562404657432"><ele>1219.8007738807999</ele></trkpt><trkpt lat="45.79279539016275" lon="6.717484930378765"><ele>1218.3274873802277</ele></trkpt><trkpt lat="45.79275999999997" lon="6.71741"><ele>1217.29</ele></trkpt><trkpt lat="45.79269999999999" lon="6.71733"><ele>1218.71</ele></trkpt><trkpt lat="45.79264389587828" lon="6.717275811785399"><ele>1219.0317433230246</ele></trkpt><trkpt lat="45.79258718764502" lon="6.717222843182807"><ele>1219.3625017472912</ele></trkpt><trkpt lat="45.79253005936827" lon="6.717170724444944"><ele>1219.6924267447896</ele></trkpt><trkpt lat="45.79247269511674" lon="6.717119085824549"><ele>1220.011669787511</ele></trkpt><trkpt lat="45.79241527896007" lon="6.717067557574344"><ele>1220.3103823474455</ele></trkpt><trkpt lat="45.79235799496848" lon="6.7170157699470625"><ele>1220.5787158965838</ele></trkpt><trkpt lat="45.79230102721307" lon="6.716963353195431"><ele>1220.8068219069164</ele></trkpt><trkpt lat="45.792244559765635" lon="6.71690993757218"><ele>1220.9848518504339</ele></trkpt><trkpt lat="45.79218877669868" lon="6.716855153330037"><ele>1221.1029571991266</ele></trkpt><trkpt lat="45.79213386208549" lon="6.716798630721735"><ele>1221.151289424985</ele></trkpt><trkpt lat="45.792079999999984" lon="6.71674"><ele>1221.12</ele></trkpt><trkpt lat="45.79202800103595" lon="6.716678435244044"><ele>1220.9427882149314</ele></trkpt><trkpt lat="45.791977984802834" lon="6.716613658836994"><ele>1220.5912102688349</ele></trkpt><trkpt lat="45.79192943478393" lon="6.716546500567455"><ele>1220.1126719695988</ele></trkpt><trkpt lat="45.79188183446064" lon="6.716477790224037"><ele>1219.554579125111</ele></trkpt><trkpt lat="45.79183466731246" lon="6.716408357595345"><ele>1218.9643375432606</ele></trkpt><trkpt lat="45.79178741681721" lon="6.716339032469987"><ele>1218.389353031936</ele></trkpt><trkpt lat="45.791739566450865" lon="6.716270644636574"><ele>1217.8770313990253</ele></trkpt><trkpt lat="45.7916905996877" lon="6.716204023883708"><ele>1217.4747784524172</ele></trkpt><trkpt lat="45.79164" lon="6.716140000000001"><ele>1217.23</ele></trkpt><trkpt lat="45.791576279761586" lon="6.716092473477843"><ele>1218.1399901616003</ele></trkpt><trkpt lat="45.79151000000002" lon="6.716050000000001"><ele>1219.46</ele></trkpt><trkpt lat="45.79147000000001" lon="6.715979999999999"><ele>1219.08</ele></trkpt><trkpt lat="45.791406757438295" lon="6.7158968079903305"><ele>1220.0979191634615</ele></trkpt><trkpt lat="45.791339999999984" lon="6.715819999999999"><ele>1221.39</ele></trkpt><trkpt lat="45.79128178459475" lon="6.715762110869074"><ele>1222.2883577210393</ele></trkpt><trkpt lat="45.79122178428191" lon="6.715708114037543"><ele>1223.2284785683632</ele></trkpt><trkpt lat="45.791159999999984" lon="6.71566"><ele>1224.69</ele></trkpt><trkpt lat="45.79109676060126" lon="6.715616238548211"><ele>1226.6182055701065</ele></trkpt><trkpt lat="45.79103307688206" lon="6.715574088582649"><ele>1228.620242633111</ele></trkpt><trkpt lat="45.79096909805873" lon="6.715533103139027"><ele>1230.6948089325492</ele></trkpt><trkpt lat="45.79090497334829" lon="6.715492835253058"><ele>1232.840602211957</ele></trkpt><trkpt lat="45.790840851968454" lon="6.715452837960458"><ele>1235.05632021487</ele></trkpt><trkpt lat="45.79077688313761" lon="6.715412664296939"><ele>1237.3406606848243</ele></trkpt><trkpt lat="45.79071321607487" lon="6.715371867298215"><ele>1239.6923213653558</ele></trkpt><trkpt lat="45.79064999999998" lon="6.71533"><ele>1242.11</ele></trkpt><trkpt lat="45.79058266215173" lon="6.715281190473883"><ele>1245.3690236607333</ele></trkpt><trkpt lat="45.79051692957352" lon="6.71523017972768"><ele>1249.1064675780947</ele></trkpt><trkpt lat="45.79044999999997" lon="6.715179999999999"><ele>1252.33</ele></trkpt><trkpt lat="45.79039290759733" lon="6.715139971232054"><ele>1254.5377690057662</ele></trkpt><trkpt lat="45.79033551189468" lon="6.715100691321947"><ele>1256.7485809593466</ele></trkpt><trkpt lat="45.790277906313335" lon="6.715061789950466"><ele>1258.9167688145817</ele></trkpt><trkpt lat="45.79022018427501" lon="6.7150228967983985"><ele>1260.9966655253122</ele></trkpt><trkpt lat="45.790162439201836" lon="6.7149836415465325"><ele>1262.9426040453786</ele></trkpt><trkpt lat="45.79010476451629" lon="6.71494365387565"><ele>1264.7089173286215</ele></trkpt><trkpt lat="45.790047253641255" lon="6.714902563466545"><ele>1266.2499383288819</ele></trkpt><trkpt lat="45.78998999999999" lon="6.71486"><ele>1267.52</ele></trkpt><trkpt lat="45.78992729303266" lon="6.714805934384834"><ele>1267.9335856648247</ele></trkpt><trkpt lat="45.78986637575738" lon="6.714746492924467"><ele>1267.253918914458</ele></trkpt><trkpt lat="45.789804770606175" lon="6.714688805001866"><ele>1266.3897927068622</ele></trkpt><trkpt lat="45.789739999999995" lon="6.71464"><ele>1266.25</ele></trkpt><trkpt lat="45.78967420990308" lon="6.7146016475640895"><ele>1266.9144527544665</ele></trkpt><trkpt lat="45.7896074712033" lon="6.714567258213493"><ele>1267.8302115999916</ele></trkpt><trkpt lat="45.78954008250889" lon="6.714535553155637"><ele>1268.9107451881896</ele></trkpt><trkpt lat="45.789472342429534" lon="6.71450525359794"><ele>1270.0695221706753</ele></trkpt><trkpt lat="45.7894045495763" lon="6.714475080747821"><ele>1271.2200111990626</ele></trkpt><trkpt lat="45.7893370025618" lon="6.7144437558127"><ele>1272.275680924966</ele></trkpt><trkpt lat="45.789270000000016" lon="6.714409999999999"><ele>1273.15</ele></trkpt><trkpt lat="45.789185333434936" lon="6.71435331938075"><ele>1273.2043449806424</ele></trkpt><trkpt lat="45.789099999999955" lon="6.7143"><ele>1273.5</ele></trkpt><trkpt lat="45.789030375421895" lon="6.7142769967827896"><ele>1275.283101185059</ele></trkpt><trkpt lat="45.788959968584194" lon="6.714261187474812"><ele>1277.6287238699535</ele></trkpt><trkpt lat="45.78888999999999" lon="6.71424"><ele>1279.46</ele></trkpt><trkpt lat="45.78881957307729" lon="6.7142058271678104"><ele>1280.166377890072</ele></trkpt><trkpt lat="45.788750065575094" lon="6.714166470925953"><ele>1280.3499773857661</ele></trkpt><trkpt lat="45.78868" lon="6.71413"><ele>1280.86</ele></trkpt><trkpt lat="45.78861753287833" lon="6.714104354221354"><ele>1281.9313019643164</ele></trkpt><trkpt lat="45.78855463013079" lon="6.714081601663755"><ele>1283.2800651129223</ele></trkpt><trkpt lat="45.78849191231714" lon="6.71405804827428"><ele>1284.6212957050673</ele></trkpt><trkpt lat="45.788430000000005" lon="6.71403"><ele>1285.67</ele></trkpt><trkpt lat="45.788330000000016" lon="6.71395"><ele>1285.47</ele></trkpt><trkpt lat="45.788263464223306" lon="6.713909376018654"><ele>1286.376726900593</ele></trkpt><trkpt lat="45.78819627920583" lon="6.713871282200122"><ele>1287.547463901135</ele></trkpt><trkpt lat="45.78812999999999" lon="6.713830000000001"><ele>1288.55</ele></trkpt><trkpt lat="45.788055531923035" lon="6.713768202767312"><ele>1289.0464258911506</ele></trkpt><trkpt lat="45.787980000000005" lon="6.71371"><ele>1289.62</ele></trkpt><trkpt lat="45.78791886587676" lon="6.713677655149799"><ele>1290.506152557174</ele></trkpt><trkpt lat="45.78785681614005" lon="6.713649035547093"><ele>1291.5002253000985</ele></trkpt><trkpt lat="45.787794377735196" lon="6.713622050711323"><ele>1292.5524323223087</ele></trkpt><trkpt lat="45.78773207760985" lon="6.713594610161925"><ele>1293.612987717339</ele></trkpt><trkpt lat="45.787670442714024" lon="6.713564623418338"><ele>1294.6321055787246</ele></trkpt><trkpt lat="45.787610000000015" lon="6.71353"><ele>1295.56</ele></trkpt><trkpt lat="45.787552630213774" lon="6.713487856260153"><ele>1296.2840899590901</ele></trkpt><trkpt lat="45.787497497532364" lon="6.713439031550639"><ele>1296.8446261631304</ele></trkpt><trkpt lat="45.787443049747175" lon="6.713388278711049"><ele>1297.392117387626</ele></trkpt><trkpt lat="45.787387734643374" lon="6.713340350580973"><ele>1298.077072408081</ele></trkpt><trkpt lat="45.787330000000004" lon="6.7133"><ele>1299.05</ele></trkpt><trkpt lat="45.78725440068163" lon="6.713270807175119"><ele>1300.9398225221594</ele></trkpt><trkpt lat="45.78717644037167" lon="6.713254735324786"><ele>1303.3216937120567</ele></trkpt><trkpt lat="45.78710000000001" lon="6.71323"><ele>1305.57</ele></trkpt><trkpt lat="45.78703636940846" lon="6.713197696954701"><ele>1307.2515157768514</ele></trkpt><trkpt lat="45.78697318987264" lon="6.713163516595106"><ele>1308.9095882030579</ele></trkpt><trkpt lat="45.78691034479686" lon="6.713127938167852"><ele>1310.5486322203726</ele></trkpt><trkpt lat="45.78684771758492" lon="6.71309144091957"><ele>1312.1730627705506</ele></trkpt><trkpt lat="45.786785191640114" lon="6.713054504096901"><ele>1313.7872947953465</ele></trkpt><trkpt lat="45.78672265036511" lon="6.713017606946478"><ele>1315.3957432365148</ele></trkpt><trkpt lat="45.78665997716217" lon="6.712981228714942"><ele>1317.0028230358096</ele></trkpt><trkpt lat="45.786597055433006" lon="6.712945848648925"><ele>1318.612949134986</ele></trkpt><trkpt lat="45.78653376857873" lon="6.712911945995067"><ele>1320.2305364757979</ele></trkpt><trkpt lat="45.786470000000016" lon="6.71288"><ele>1321.86</ele></trkpt><trkpt lat="45.7863910215889" lon="6.712855344295018"><ele>1323.786409554959</ele></trkpt><trkpt lat="45.786310000000014" lon="6.7128499999999995"><ele>1325.76</ele></trkpt><trkpt lat="45.786239888679205" lon="6.712856434916702"><ele>1327.6077092071266</ele></trkpt><trkpt lat="45.78617007370172" lon="6.7128688937786505"><ele>1329.5050714238805</ele></trkpt><trkpt lat="45.78610022187382" lon="6.712881905751273"><ele>1331.3523979286942</ele></trkpt><trkpt lat="45.786029999999975" lon="6.71289"><ele>1333.05</ele></trkpt><trkpt lat="45.785939999999975" lon="6.71287"><ele>1334.1</ele></trkpt><trkpt lat="45.78583999999999" lon="6.71279"><ele>1332.73</ele></trkpt><trkpt lat="45.785730000000015" lon="6.712750000000001"><ele>1332.67</ele></trkpt><trkpt lat="45.78566658609052" lon="6.712749473108253"><ele>1333.6925819495343</ele></trkpt><trkpt lat="45.785603124778476" lon="6.712754569529869"><ele>1334.9758645787122</ele></trkpt><trkpt lat="45.78554" lon="6.712750000000001"><ele>1335.76</ele></trkpt><trkpt lat="45.78547378291553" lon="6.712732446626059"><ele>1335.9496908477397</ele></trkpt><trkpt lat="45.78540803255075" lon="6.712711374452234"><ele>1335.9644794546111</ele></trkpt><trkpt lat="45.785342569434455" lon="6.712688119718959"><ele>1335.866226138444</ele></trkpt><trkpt lat="45.78527721409459" lon="6.712664018666664"><ele>1335.716791217069</ele></trkpt><trkpt lat="45.7852117870582" lon="6.712640407535786"><ele>1335.5780350083164</ele></trkpt><trkpt lat="45.78514610885153" lon="6.712618622566752"><ele>1335.5118178300165</ele></trkpt><trkpt lat="45.78507999999999" lon="6.712600000000001"><ele>1335.58</ele></trkpt><trkpt lat="45.78501011131383" lon="6.712593435324236"><ele>1336.14686159959</ele></trkpt><trkpt lat="45.78493999999999" lon="6.712600000000001"><ele>1337.17</ele></trkpt><trkpt lat="45.7848544356461" lon="6.712616022204725"><ele>1338.6011683275044</ele></trkpt><trkpt lat="45.78477000000001" lon="6.71264"><ele>1340.37</ele></trkpt><trkpt lat="45.784698385664065" lon="6.712663552175951"><ele>1342.5178781199356</ele></trkpt><trkpt lat="45.784629999999986" lon="6.712699999999999"><ele>1344.59</ele></trkpt><trkpt lat="45.78456906268752" lon="6.7127487124682315"><ele>1346.0682088616757</ele></trkpt><trkpt lat="45.784509482249256" lon="6.712801032006189"><ele>1347.5245390504892</ele></trkpt><trkpt lat="45.7844506320259" lon="6.712855337592674"><ele>1348.9396188549654</ele></trkpt><trkpt lat="45.78439188535535" lon="6.712910008206495"><ele>1350.2940765636295</ele></trkpt><trkpt lat="45.78433261557291" lon="6.712963422826452"><ele>1351.5685404650062</ele></trkpt><trkpt lat="45.78427219601117" lon="6.7130139604313515"><ele>1352.7436388476212</ele></trkpt><trkpt lat="45.78421000000001" lon="6.71306"><ele>1353.8</ele></trkpt><trkpt lat="45.784121501258205" lon="6.713090454409589"><ele>1354.1418859768642</ele></trkpt><trkpt lat="45.78403000000001" lon="6.713110000000001"><ele>1353.98</ele></trkpt><trkpt lat="45.7839507256006" lon="6.7131379637781885"><ele>1354.25009314175</ele></trkpt><trkpt lat="45.783872340565495" lon="6.7131700791214"><ele>1354.6051494443138</ele></trkpt><trkpt lat="45.78379999999999" lon="6.713220000000001"><ele>1355.11</ele></trkpt><trkpt lat="45.78374374523523" lon="6.7132774064018905"><ele>1355.6643735997202</ele></trkpt><trkpt lat="45.783690486939044" lon="6.713340896162832"><ele>1356.282673259307</ele></trkpt><trkpt lat="45.78364035602523" lon="6.713409682722827"><ele>1356.937786119034</ele></trkpt><trkpt lat="45.78359348340766" lon="6.713482979521882"><ele>1357.602599319174</ele></trkpt><trkpt lat="45.78354999999999" lon="6.71356"><ele>1358.25</ele></trkpt><trkpt lat="45.78351183038865" lon="6.713635854184223"><ele>1358.8304256237661</ele></trkpt><trkpt lat="45.78347599164558" lon="6.713714072518622"><ele>1359.3858089917944</ele></trkpt><trkpt lat="45.7834418738322" lon="6.7137940305982005"><ele>1359.926422148007</ele></trkpt><trkpt lat="45.783408867008305" lon="6.713875104017952"><ele>1360.462537136324</ele></trkpt><trkpt lat="45.78337636123205" lon="6.713956668372876"><ele>1361.004426000667</ele></trkpt><trkpt lat="45.78334374656019" lon="6.714038099257969"><ele>1361.5623607849566</ele></trkpt><trkpt lat="45.783310413048035" lon="6.714118772268232"><ele>1362.1466135331139</ele></trkpt><trkpt lat="45.783275750749425" lon="6.714198062998658"><ele>1362.7674562890593</ele></trkpt><trkpt lat="45.78323914971658" lon="6.714275347044249"><ele>1363.4351610967144</ele></trkpt><trkpt lat="45.78319999999999" lon="6.71435"><ele>1364.16</ele></trkpt><trkpt lat="45.783155124021974" lon="6.714424094642777"><ele>1364.9883917498382</ele></trkpt><trkpt lat="45.78310672933826" lon="6.714493436589607"><ele>1365.8805197426755</ele></trkpt><trkpt lat="45.783055902364225" lon="6.714559487100928"><ele>1366.8361781684594</ele></trkpt><trkpt lat="45.78300372951863" lon="6.714623707437185"><ele>1367.8551612171368</ele></trkpt><trkpt lat="45.7829512972242" lon="6.714687558858821"><ele>1368.9372630786547</ele></trkpt><trkpt lat="45.78289969190773" lon="6.714752502626278"><ele>1370.08227794296</ele></trkpt><trkpt lat="45.782849999999996" lon="6.7148200000000005"><ele>1371.29</ele></trkpt><trkpt lat="45.78280582582738" lon="6.714901457877364"><ele>1373.2550482310398</ele></trkpt><trkpt lat="45.782759999999996" lon="6.714980000000001"><ele>1375.43</ele></trkpt><trkpt lat="45.782704018124946" lon="6.715041396759315"><ele>1376.8961753340325</ele></trkpt><trkpt lat="45.78264000000001" lon="6.715080000000001"><ele>1377.96</ele></trkpt><trkpt lat="45.78257525982163" lon="6.715067227042184"><ele>1378.3467435021032</ele></trkpt><trkpt lat="45.78251" lon="6.71505"><ele>1378.56</ele></trkpt><trkpt lat="45.78243378509873" lon="6.715063358019606"><ele>1379.079628689033</ele></trkpt><trkpt lat="45.78235804380485" lon="6.715082477154163"><ele>1379.6115835209143</ele></trkpt><trkpt lat="45.78228328060787" lon="6.71510785771164"><ele>1380.2227465923384</ele></trkpt><trkpt lat="45.782209999999985" lon="6.71514"><ele>1380.98</ele></trkpt><trkpt lat="45.78214728498029" lon="6.715174142526315"><ele>1381.7179885644207</ele></trkpt><trkpt lat="45.782085778382445" lon="6.7152127635326435"><ele>1382.4557716333215</ele></trkpt><trkpt lat="45.78202501244505" lon="6.715254061711425"><ele>1383.2224462197016</ele></trkpt><trkpt lat="45.78196451940464" lon="6.715296235755107"><ele>1384.0471093365604</ele></trkpt><trkpt lat="45.78190383149571" lon="6.715337484356134"><ele>1384.9588579968968</ele></trkpt><trkpt lat="45.78184248095069" lon="6.71537600620695"><ele>1385.9867892137104</ele></trkpt><trkpt lat="45.78177999999997" lon="6.715409999999999"><ele>1387.16</ele></trkpt><trkpt lat="45.781701365321574" lon="6.715441105775554"><ele>1389.1957903168893</ele></trkpt><trkpt lat="45.7816210953528" lon="6.715460081712287"><ele>1391.7890104679154</ele></trkpt><trkpt lat="45.781539999999985" lon="6.715469999999999"><ele>1394.29</ele></trkpt><trkpt lat="45.781469397547184" lon="6.715463755099702"><ele>1396.1015756978038</ele></trkpt><trkpt lat="45.78139999999999" lon="6.71544"><ele>1397.63</ele></trkpt><trkpt lat="45.78131843509573" lon="6.715395589029413"><ele>1399.0387518104242</ele></trkpt><trkpt lat="45.78124" lon="6.715340000000001"><ele>1400.35</ele></trkpt><trkpt lat="45.781176474175176" lon="6.715274722294804"><ele>1401.772603537347</ele></trkpt><trkpt lat="45.78111000000001" lon="6.71522"><ele>1403.23</ele></trkpt><trkpt lat="45.78104765093364" lon="6.7151954214862295"><ele>1404.380154859377</ele></trkpt><trkpt lat="45.78098490390413" lon="6.715172964269964"><ele>1405.5099949567793</ele></trkpt><trkpt lat="45.78092182400946" lon="6.7151523288263695"><ele>1406.626662407644</ele></trkpt><trkpt lat="45.780858476347994" lon="6.715133215630608"><ele>1407.7372993274084</ele></trkpt><trkpt lat="45.7807949260183" lon="6.715115325157844"><ele>1408.8490478315077</ele></trkpt><trkpt lat="45.780731238119344" lon="6.715098357883237"><ele>1409.9690500353802</ele></trkpt><trkpt lat="45.78066747775027" lon="6.715082014281952"><ele>1411.1044480544617</ele></trkpt><trkpt lat="45.78060371001056" lon="6.715065994829152"><ele>1412.2623840041895</ele></trkpt><trkpt lat="45.78054" lon="6.71505"><ele>1413.45</ele></trkpt><trkpt lat="45.78047686248068" lon="6.715036053202871"><ele>1414.6849118775485</ele></trkpt><trkpt lat="45.78041346415759" lon="6.715025022741111"><ele>1415.9853262290642</ele></trkpt><trkpt lat="45.780349941888915" lon="6.7150154054023306"><ele>1417.3196426358068</ele></trkpt><trkpt lat="45.78028643253339" lon="6.715005697974143"><ele>1418.6562606790371</ele></trkpt><trkpt lat="45.78022307295042" lon="6.714994397244161"><ele>1419.9635799400146</ele></trkpt><trkpt lat="45.78016" lon="6.714980000000001"><ele>1421.21</ele></trkpt><trkpt lat="45.780091125015474" lon="6.714962190858126"><ele>1422.4377012304203</ele></trkpt><trkpt lat="45.78002232203466" lon="6.714942088023325"><ele>1423.5626629401536</ele></trkpt><trkpt lat="45.779954858035005" lon="6.714915941176862"><ele>1424.68629317981</ele></trkpt><trkpt lat="45.77989" lon="6.71488"><ele>1425.91</ele></trkpt><trkpt lat="45.77982759694407" lon="6.714818898039048"><ele>1427.3267618843622</ele></trkpt><trkpt lat="45.779771132931195" lon="6.714743977632511"><ele>1428.818742737495</ele></trkpt><trkpt lat="45.77970999999997" lon="6.7146799999999995"><ele>1430.53</ele></trkpt><trkpt lat="45.779609999999984" lon="6.714669999999999"><ele>1433.72</ele></trkpt><trkpt lat="45.77955071111745" lon="6.71470728351208"><ele>1434.5737366885207</ele></trkpt><trkpt lat="45.779493513361174" lon="6.714753232526541"><ele>1435.2100978499861</ele></trkpt><trkpt lat="45.7794371250552" lon="6.714802162862972"><ele>1435.747494123132</ele></trkpt><trkpt lat="45.77938026451828" lon="6.714848390340963"><ele>1436.3043361466925</ele></trkpt><trkpt lat="45.779321650063864" lon="6.714886230780109"><ele>1436.9990345594038</ele></trkpt><trkpt lat="45.77925999999998" lon="6.714909999999999"><ele>1437.95</ele></trkpt><trkpt lat="45.779191741308274" lon="6.714921814224584"><ele>1439.2221067824514</ele></trkpt><trkpt lat="45.77912320040217" lon="6.7149264051323465"><ele>1440.6185319354902</ele></trkpt><trkpt lat="45.779054448201556" lon="6.714925160921044"><ele>1442.1025295906154</ele></trkpt><trkpt lat="45.778985555626605" lon="6.714919469788434"><ele>1443.637353879326</ele></trkpt><trkpt lat="45.77891659359788" lon="6.714910719932269"><ele>1445.1862589331206</ele></trkpt><trkpt lat="45.77884763303631" lon="6.7149002995503055"><ele>1446.7124988834985</ele></trkpt><trkpt lat="45.77877874486314" lon="6.714889596840296"><ele>1448.1793278619587</ele></trkpt><trkpt lat="45.77870999999999" lon="6.71488"><ele>1449.55</ele></trkpt><trkpt lat="45.778646639172884" lon="6.714870255239014"><ele>1450.6416631252175</ele></trkpt><trkpt lat="45.77858345492603" lon="6.714856086924339"><ele>1451.559644980279</ele></trkpt><trkpt lat="45.7785210432155" lon="6.714836375147495"><ele>1452.390304345201</ele></trkpt><trkpt lat="45.778459999999995" lon="6.71481"><ele>1453.22</ele></trkpt><trkpt lat="45.77839993298377" lon="6.714772780856041"><ele>1453.9621994703562</ele></trkpt><trkpt lat="45.77834319120929" lon="6.714725002096008"><ele>1454.6337475664873</ele></trkpt><trkpt lat="45.77829000000001" lon="6.714669999999999"><ele>1455.54</ele></trkpt><trkpt lat="45.778246707425296" lon="6.714604426846495"><ele>1457.050991739867</ele></trkpt><trkpt lat="45.77821" lon="6.71453"><ele>1458.7</ele></trkpt><trkpt lat="45.77816000000001" lon="6.714409999999999"><ele>1460.38</ele></trkpt><trkpt lat="45.778089999999985" lon="6.714319999999999"><ele>1463.32</ele></trkpt><trkpt lat="45.778000000000006" lon="6.71427"><ele>1464.8</ele></trkpt><trkpt lat="45.777934649583386" lon="6.7142556250796215"><ele>1464.2741613531002</ele></trkpt><trkpt lat="45.77787" lon="6.7142599999999995"><ele>1464.5</ele></trkpt><trkpt lat="45.777807045403975" lon="6.714280099999067"><ele>1466.4638492447266</ele></trkpt><trkpt lat="45.77774421858692" lon="6.714300157583866"><ele>1468.6051857186985</ele></trkpt><trkpt lat="45.77768155271651" lon="6.714320483256182"><ele>1470.8807116079734</ele></trkpt><trkpt lat="45.77761908096056" lon="6.714341387517805"><ele>1473.2471290986089</ele></trkpt><trkpt lat="45.77755683648704" lon="6.714363180870524"><ele>1475.6611403766624</ele></trkpt><trkpt lat="45.77749485246401" lon="6.714386173816129"><ele>1478.0794476281924</ele></trkpt><trkpt lat="45.77743316205972" lon="6.714410676856404"><ele>1480.4587530392557</ele></trkpt><trkpt lat="45.777371798442594" lon="6.714437000493141"><ele>1482.7557587959107</ele></trkpt><trkpt lat="45.77731079478113" lon="6.714465455228127"><ele>1484.9271670842143</ele></trkpt><trkpt lat="45.77725018424398" lon="6.714496351563151"><ele>1486.9296800902248</ele></trkpt><trkpt lat="45.77718999999998" lon="6.71453"><ele>1488.72</ele></trkpt><trkpt lat="45.77713462982277" lon="6.714570281754639"><ele>1490.0064971693066</ele></trkpt><trkpt lat="45.77708279893291" lon="6.714620754306494"><ele>1490.7704630451838</ele></trkpt><trkpt lat="45.77703296392238" lon="6.714677190031265"><ele>1491.1853469469115</ele></trkpt><trkpt lat="45.77698358137726" lon="6.714735361304642"><ele>1491.4245981937702</ele></trkpt><trkpt lat="45.776933107878165" lon="6.714791040502324"><ele>1491.6616661050398</ele></trkpt><trkpt lat="45.776879999999984" lon="6.71484"><ele>1492.07</ele></trkpt><trkpt lat="45.77680743413882" lon="6.714881609719321"><ele>1492.6987610307792</ele></trkpt><trkpt lat="45.77673" lon="6.714899999999999"><ele>1493.34</ele></trkpt><trkpt lat="45.776653131343906" lon="6.714894196240618"><ele>1494.0463838182695</ele></trkpt><trkpt lat="45.77657622691563" lon="6.714878571681396"><ele>1494.7743795616793</ele></trkpt><trkpt lat="45.776500000000006" lon="6.71488"><ele>1495.53</ele></trkpt><trkpt lat="45.776432653749545" lon="6.714899380004925"><ele>1496.1748463907365</ele></trkpt><trkpt lat="45.7763659360228" lon="6.7149229282641105"><ele>1496.7547994012086</ele></trkpt><trkpt lat="45.77629968916607" lon="6.714949542078293"><ele>1497.309470522872</ele></trkpt><trkpt lat="45.776233755524906" lon="6.71497811874821"><ele>1497.878471247182</ele></trkpt><trkpt lat="45.776167977444054" lon="6.715007555574601"><ele>1498.5014130655943</ele></trkpt><trkpt lat="45.776102197267555" lon="6.715036749858204"><ele>1499.2179074695644</ele></trkpt><trkpt lat="45.77603625733868" lon="6.715064598899758"><ele>1500.0675659505478</ele></trkpt><trkpt lat="45.775969999999994" lon="6.71509"><ele>1501.09</ele></trkpt><trkpt lat="45.775899141116724" lon="6.715101533986941"><ele>1503.8755240117794</ele></trkpt><trkpt lat="45.77582999999998" lon="6.71512"><ele>1506.84</ele></trkpt><trkpt lat="45.77577669619008" lon="6.7151675546671985"><ele>1506.9130728725572</ele></trkpt><trkpt lat="45.77573000000002" lon="6.715229999999999"><ele>1506.63</ele></trkpt><trkpt lat="45.775677011798464" lon="6.715317751418413"><ele>1507.6486166783463</ele></trkpt><trkpt lat="45.77562672536309" lon="6.715408837481755"><ele>1508.9864354137194</ele></trkpt><trkpt lat="45.775570000000016" lon="6.715489999999999"><ele>1510.47</ele></trkpt><trkpt lat="45.77551949508427" lon="6.7155437088695145"><ele>1511.666348887307</ele></trkpt><trkpt lat="45.77546676896623" lon="6.715592998588659"><ele>1512.9090024916793</ele></trkpt><trkpt lat="45.775412295305244" lon="6.715638433873046"><ele>1514.1924816523983</ele></trkpt><trkpt lat="45.775356547762264" lon="6.71568057943829"><ele>1515.5113072087447</ele></trkpt><trkpt lat="45.775299999999994" lon="6.715720000000001"><ele>1516.86</ele></trkpt><trkpt lat="45.77522899563668" lon="6.71576466771917"><ele>1518.584211407199</ele></trkpt><trkpt lat="45.77515558417721" lon="6.71580025360999"><ele>1520.3849200036925</ele></trkpt><trkpt lat="45.77507999999999" lon="6.715819999999999"><ele>1522.22</ele></trkpt><trkpt lat="45.77501577615878" lon="6.715825555732652"><ele>1523.827808100126</ele></trkpt><trkpt lat="45.77495149954096" lon="6.715826962119978"><ele>1525.5360351423294</ele></trkpt><trkpt lat="45.77488716912901" lon="6.715825402195761"><ele>1527.294141188324</ele></trkpt><trkpt lat="45.77482278390545" lon="6.715822058993787"><ele>1529.0515862998268</ele></trkpt><trkpt lat="45.77475834285274" lon="6.7158181155478385"><ele>1530.7578305385532</ele></trkpt><trkpt lat="45.77469384495337" lon="6.715814754891701"><ele>1532.3623339662179</ele></trkpt><trkpt lat="45.77462928918981" lon="6.7158131600591595"><ele>1533.8145566445369</ele></trkpt><trkpt lat="45.774564674544514" lon="6.715814514083997"><ele>1535.0639586352258</ele></trkpt><trkpt lat="45.77449999999998" lon="6.715819999999999"><ele>1536.06</ele></trkpt><trkpt lat="45.77443743033174" lon="6.715829854979849"><ele>1536.7242906026793</ele></trkpt><trkpt lat="45.77437511979946" lon="6.715843374295874"><ele>1537.106768106169</ele></trkpt><trkpt lat="45.774312994571716" lon="6.715859598294258"><ele>1537.2710831788825</ele></trkpt><trkpt lat="45.774250980816845" lon="6.715877567321174"><ele>1537.2808864892327</ele></trkpt><trkpt lat="45.77418900470267" lon="6.715896321722801"><ele>1537.1998287056329</ele></trkpt><trkpt lat="45.77412699239681" lon="6.71591490184532"><ele>1537.0915604964964</ele></trkpt><trkpt lat="45.774064870066496" lon="6.715932348034905"><ele>1537.0197325302368</ele></trkpt><trkpt lat="45.77400256387871" lon="6.715947700637741"><ele>1537.0479954752668</ele></trkpt><trkpt lat="45.77394000000001" lon="6.71596"><ele>1537.24</ele></trkpt><trkpt lat="45.77386682557309" lon="6.715962039901411"><ele>1537.9240295912027</ele></trkpt><trkpt lat="45.77379344945361" lon="6.715953743072592"><ele>1538.9323137127417</ele></trkpt><trkpt lat="45.773719999999976" lon="6.715950000000001"><ele>1539.73</ele></trkpt><trkpt lat="45.77365305528719" lon="6.715962798442451"><ele>1539.9124318167933</ele></trkpt><trkpt lat="45.773586289990135" lon="6.715980138606211"><ele>1539.8824966663549</ele></trkpt><trkpt lat="45.773520000000005" lon="6.715979999999999"><ele>1540.18</ele></trkpt><trkpt lat="45.773450315456934" lon="6.715957963922658"><ele>1540.9841578012765</ele></trkpt><trkpt lat="45.77338194508314" lon="6.715928610841154"><ele>1541.9608234640884</ele></trkpt><trkpt lat="45.773314308616676" lon="6.715895039331814"><ele>1543.0133687519012</ele></trkpt><trkpt lat="45.773246825792846" lon="6.715860347970956"><ele>1544.0451654281806</ele></trkpt><trkpt lat="45.77317891634409" lon="6.71582763533491"><ele>1544.9595852563914</ele></trkpt><trkpt lat="45.77311000000001" lon="6.715800000000001"><ele>1545.66</ele></trkpt><trkpt lat="45.773044080550626" lon="6.71577824277031"><ele>1546.086359986871</ele></trkpt><trkpt lat="45.772977791007705" lon="6.715758443773061"><ele>1546.341299502744</ele></trkpt><trkpt lat="45.77291118477599" lon="6.71574066150283"><ele>1546.4779759048067</ele></trkpt><trkpt lat="45.77284431526058" lon="6.715724954454192"><ele>1546.5495465502456</ele></trkpt><trkpt lat="45.77277723586672" lon="6.715711381121722"><ele>1546.6091687962478</ele></trkpt><trkpt lat="45.77270999999998" lon="6.715700000000001"><ele>1546.71</ele></trkpt><trkpt lat="45.77264676902116" lon="6.715696658246074"><ele>1546.7905644459383</ele></trkpt><trkpt lat="45.77258332644169" lon="6.7157019471022465"><ele>1546.8220374117946</ele></trkpt><trkpt lat="45.77251999999999" lon="6.71571"><ele>1546.88</ele></trkpt><trkpt lat="45.77245662607175" lon="6.715718745897202"><ele>1546.9668032922275</ele></trkpt><trkpt lat="45.77239332704122" lon="6.715729421680513"><ele>1547.0393444922097</ele></trkpt><trkpt lat="45.772330075159054" lon="6.715741215576422"><ele>1547.1062212867416</ele></trkpt><trkpt lat="45.772266842675705" lon="6.7157533158114235"><ele>1547.1760313626182</ele></trkpt><trkpt lat="45.77220360184159" lon="6.715764910612009"><ele>1547.2573724066344</ele></trkpt><trkpt lat="45.772140324906886" lon="6.715775188204666"><ele>1547.3588421055856</ele></trkpt><trkpt lat="45.77207698412175" lon="6.715783336815889"><ele>1547.4890381462667</ele></trkpt><trkpt lat="45.77201355173619" lon="6.71578854467217"><ele>1547.656558215473</ele></trkpt><trkpt lat="45.771950000000004" lon="6.71579"><ele>1547.87</ele></trkpt><trkpt lat="45.77187912395001" lon="6.715783918085422"><ele>1548.211130922145</ele></trkpt><trkpt lat="45.77180876669029" lon="6.715769082459223"><ele>1548.6710345447605</ele></trkpt><trkpt lat="45.7717388474558" lon="6.7157482877903085"><ele>1549.207372706303</ele></trkpt><trkpt lat="45.771669285481" lon="6.715724328747598"><ele>1549.7778072452302</ele></trkpt><trkpt lat="45.77159999999999" lon="6.715700000000001"><ele>1550.34</ele></trkpt><trkpt lat="45.77151000000002" lon="6.715639999999999"><ele>1551.33</ele></trkpt><trkpt lat="45.77146885623988" lon="6.715571806526893"><ele>1552.0913852324784</ele></trkpt><trkpt lat="45.77143000000001" lon="6.7155"><ele>1552.82</ele></trkpt><trkpt lat="45.771379999999986" lon="6.715449999999998"><ele>1553.23</ele></trkpt><trkpt lat="45.77131532917322" lon="6.71543549937999"><ele>1553.1124109654677</ele></trkpt><trkpt lat="45.77125043331639" lon="6.7154232567158525"><ele>1552.9728185232657</ele></trkpt><trkpt lat="45.77118537791934" lon="6.71541260740394"><ele>1552.8150942393047</ele></trkpt><trkpt lat="45.77112022847238" lon="6.715402886840602"><ele>1552.6431096794959</ele></trkpt><trkpt lat="45.77105505046596" lon="6.715393430422188"><ele>1552.4607364097496</ele></trkpt><trkpt lat="45.770989909390956" lon="6.715383573545051"><ele>1552.2718459959779</ele></trkpt><trkpt lat="45.77092487073849" lon="6.715372651605536"><ele>1552.080310004091</ele></trkpt><trkpt lat="45.77085999999999" lon="6.7153599999999996"><ele>1551.89</ele></trkpt><trkpt lat="45.7707891901778" lon="6.715339731831955"><ele>1551.575535165236</ele></trkpt><trkpt lat="45.77072" lon="6.715310000000001"><ele>1551.31</ele></trkpt><trkpt lat="45.77064555506112" lon="6.715270627628513"><ele>1551.2808903077294</ele></trkpt><trkpt lat="45.77057214829382" lon="6.715227329916369"><ele>1551.3322187153235</ele></trkpt><trkpt lat="45.7705" lon="6.715179999999999"><ele>1551.31</ele></trkpt><trkpt lat="45.77044245559809" lon="6.715137157310508"><ele>1551.1821485966996</ele></trkpt><trkpt lat="45.77038601113622" lon="6.715090493258543"><ele>1550.9972541477994</ele></trkpt><trkpt lat="45.7703301229903" lon="6.715041967480984"><ele>1550.7833526622849</ele></trkpt><trkpt lat="45.77027424753396" lon="6.714993539614707"><ele>1550.568480149142</ele></trkpt><trkpt lat="45.770217841138646" lon="6.714947169296593"><ele>1550.3806726173561</ele></trkpt><trkpt lat="45.77016036017365" lon="6.714904816163518"><ele>1550.2479660759134</ele></trkpt><trkpt lat="45.770101261005905" lon="6.714868439852359"><ele>1550.1983965337995</ele></trkpt><trkpt lat="45.77004000000001" lon="6.71484"><ele>1550.26</ele></trkpt><trkpt lat="45.769974747530604" lon="6.714817785455265"><ele>1550.4188437322123</ele></trkpt><trkpt lat="45.76990891310401" lon="6.714800091194778"><ele>1550.6276972377439</ele></trkpt><trkpt lat="45.76984259416839" lon="6.714786136472069"><ele>1550.8792570173878</ele></trkpt><trkpt lat="45.76977588817224" lon="6.714775140540669"><ele>1551.1662195719364</ele></trkpt><trkpt lat="45.76970889256455" lon="6.7147663226541034"><ele>1551.4812814021825</ele></trkpt><trkpt lat="45.76964170479474" lon="6.714758902065904"><ele>1551.8171390089183</ele></trkpt><trkpt lat="45.76957442231278" lon="6.714752098029598"><ele>1552.1664888929363</ele></trkpt><trkpt lat="45.76950714256899" lon="6.714745129798716"><ele>1552.5220275550291</ele></trkpt><trkpt lat="45.76943996301427" lon="6.714737216626785"><ele>1552.8764514959892</ele></trkpt><trkpt lat="45.76937298109994" lon="6.714727577767337"><ele>1553.2224572166094</ele></trkpt><trkpt lat="45.76930629427775" lon="6.7147154324738985"><ele>1553.552741217682</ele></trkpt><trkpt lat="45.76924" lon="6.7147"><ele>1553.86</ele></trkpt><trkpt lat="45.76917805987609" lon="6.714682907894857"><ele>1554.1307856748788</ele></trkpt><trkpt lat="45.769116324264566" lon="6.714664254572188"><ele>1554.3938994869425</ele></trkpt><trkpt lat="45.76905479481693" lon="6.714644133163991"><ele>1554.651819578506</ele></trkpt><trkpt lat="45.76899347318467" lon="6.714622636802272"><ele>1554.9070240918863</ele></trkpt><trkpt lat="45.768932361019374" lon="6.7145998586190245"><ele>1555.1619911693988</ele></trkpt><trkpt lat="45.768871459972495" lon="6.714575891746258"><ele>1555.4191989533592</ele></trkpt><trkpt lat="45.76881077169557" lon="6.71455082931597"><ele>1555.6811255860835</ele></trkpt><trkpt lat="45.768750297840164" lon="6.7145247644601636"><ele>1555.950249209888</ele></trkpt><trkpt lat="45.768690040057805" lon="6.714497790310839"><ele>1556.229047967088</ele></trkpt><trkpt lat="45.76863000000001" lon="6.71447"><ele>1556.52</ele></trkpt><trkpt lat="45.768563640292086" lon="6.714435171735707"><ele>1556.8703533693845</ele></trkpt><trkpt lat="45.768498615532025" lon="6.714395343771048"><ele>1557.2469876811624</ele></trkpt><trkpt lat="45.768434332423354" lon="6.714352714360582"><ele>1557.640586217723</ele></trkpt><trkpt lat="45.76837019766691" lon="6.714309481758877"><ele>1558.0418322614564</ele></trkpt><trkpt lat="45.76830561796067" lon="6.714267844220494"><ele>1558.441409094752</ele></trkpt><trkpt lat="45.76823999999999" lon="6.714230000000001"><ele>1558.83</ele></trkpt><trkpt lat="45.76818054997106" lon="6.714200540815607"><ele>1559.177514451388</ele></trkpt><trkpt lat="45.768120404429204" lon="6.714173961839904"><ele>1559.537261533147</ele></trkpt><trkpt lat="45.76805987068658" lon="6.714148998213128"><ele>1559.898970205349</ele></trkpt><trkpt lat="45.76799925605679" lon="6.714124385075513"><ele>1560.252369428064</ele></trkpt><trkpt lat="45.767938867854745" lon="6.714098857567296"><ele>1560.5871881613637</ele></trkpt><trkpt lat="45.76787901339664" lon="6.714071150828713"><ele>1560.8931553653188</ele></trkpt><trkpt lat="45.76782000000001" lon="6.71404"><ele>1561.16</ele></trkpt><trkpt lat="45.76776034634152" lon="6.714001463921835"><ele>1561.3327237987428</ele></trkpt><trkpt lat="45.76770262748321" lon="6.7139568864680745"><ele>1561.3984804362185</ele></trkpt><trkpt lat="45.76764609488407" lon="6.7139088657802795"><ele>1561.4399968555847</ele></trkpt><trkpt lat="45.76758999999999" lon="6.7138599999999995"><ele>1561.54</ele></trkpt><trkpt lat="45.76753364246214" lon="6.713809520397542"><ele>1561.6844120275634</ele></trkpt><trkpt lat="45.76747810948554" lon="6.7137565803528885"><ele>1561.8048336758384</ele></trkpt><trkpt lat="45.76742319220007" lon="6.713701813422836"><ele>1561.90849394518</ele></trkpt><trkpt lat="45.76736868173485" lon="6.713645853164182"><ele>1562.0026218359437</ele></trkpt><trkpt lat="45.76731436921807" lon="6.713589333133723"><ele>1562.0944463484857</ele></trkpt><trkpt lat="45.7672600457772" lon="6.713532886888257"><ele>1562.1911964831604</ele></trkpt><trkpt lat="45.76720550253888" lon="6.713477147984582"><ele>1562.3001012403238</ele></trkpt><trkpt lat="45.76715053062884" lon="6.713422749979497"><ele>1562.428389620331</ele></trkpt><trkpt lat="45.76709492117211" lon="6.713370326429796"><ele>1562.5832906235378</ele></trkpt><trkpt lat="45.76703846529276" lon="6.71332051089228"><ele>1562.772033250299</ele></trkpt><trkpt lat="45.76698095411401" lon="6.713273936923745"><ele>1563.0018465009705</ele></trkpt><trkpt lat="45.766922178758236" lon="6.713231238080988"><ele>1563.2799593759075</ele></trkpt><trkpt lat="45.76686193034678" lon="6.713193047920807"><ele>1563.6136008754656</ele></trkpt><trkpt lat="45.766799999999996" lon="6.713160000000001"><ele>1564.01</ele></trkpt><trkpt lat="45.7667394127269" lon="6.7131315497441975"><ele>1564.430992442463</ele></trkpt><trkpt lat="45.76667858378145" lon="6.713104389985729"><ele>1564.8656812411966</ele></trkpt><trkpt lat="45.76661752664106" lon="6.71307844772719"><ele>1565.3133390165826</ele></trkpt><trkpt lat="45.76655625478332" lon="6.713053649971181"><ele>1565.7732383890034</ele></trkpt><trkpt lat="45.76649478168579" lon="6.713029923720296"><ele>1566.2446519788411</ele></trkpt><trkpt lat="45.766433120826136" lon="6.71300719597713"><ele>1566.7268524064775</ele></trkpt><trkpt lat="45.76637128568213" lon="6.71298539374428"><ele>1567.2191122922954</ele></trkpt><trkpt lat="45.766309289731446" lon="6.712964444024341"><ele>1567.720704256677</ele></trkpt><trkpt lat="45.766247146451974" lon="6.71294427381991"><ele>1568.230900920004</ele></trkpt><trkpt lat="45.7661848693216" lon="6.7129248101335826"><ele>1568.7489749026588</ele></trkpt><trkpt lat="45.76612247181825" lon="6.712905979967955"><ele>1569.274198825024</ele></trkpt><trkpt lat="45.76605996741995" lon="6.7128877103256235"><ele>1569.8058453074814</ele></trkpt><trkpt lat="45.765997369604726" lon="6.712869928209182"><ele>1570.3431869704127</ele></trkpt><trkpt lat="45.76593469185075" lon="6.712852560621227"><ele>1570.8854964342008</ele></trkpt><trkpt lat="45.76587194763623" lon="6.7128355345643556"><ele>1571.4320463192278</ele></trkpt><trkpt lat="45.76580915043934" lon="6.7128187770411625"><ele>1571.9821092458756</ele></trkpt><trkpt lat="45.76574631373844" lon="6.712802215054245"><ele>1572.5349578345267</ele></trkpt><trkpt lat="45.765683451011895" lon="6.712785775606199"><ele>1573.0898647055633</ele></trkpt><trkpt lat="45.76562057573812" lon="6.71276938569962"><ele>1573.646102479367</ele></trkpt><trkpt lat="45.76555770139561" lon="6.712752972337103"><ele>1574.2029437763208</ele></trkpt><trkpt lat="45.76549484146289" lon="6.712736462521247"><ele>1574.7596612168068</ele></trkpt><trkpt lat="45.765432009418625" lon="6.712719783254642"><ele>1575.3155274212063</ele></trkpt><trkpt lat="45.76536921874144" lon="6.712702861539889"><ele>1575.8698150099024</ele></trkpt><trkpt lat="45.76530648291007" lon="6.712685624379582"><ele>1576.421796603277</ele></trkpt><trkpt lat="45.76524381540333" lon="6.712667998776319"><ele>1576.9707448217123</ele></trkpt><trkpt lat="45.765181229700076" lon="6.712649911732694"><ele>1577.5159322855902</ele></trkpt><trkpt lat="45.76511873927921" lon="6.712631290251302"><ele>1578.0566316152933</ele></trkpt><trkpt lat="45.765056357619706" lon="6.712612061334742"><ele>1578.5921154312036</ele></trkpt><trkpt lat="45.764994098200575" lon="6.712592151985607"><ele>1579.1216563537037</ele></trkpt><trkpt lat="45.764931974500975" lon="6.712571489206496"><ele>1579.644527003175</ele></trkpt><trkpt lat="45.764869999999995" lon="6.71255"><ele>1580.16</ele></trkpt><trkpt lat="45.76480850638752" lon="6.7125205442109115"><ele>1580.6692774761752</ele></trkpt><trkpt lat="45.764749269448075" lon="6.712481267542432"><ele>1581.1529977629716</ele></trkpt><trkpt lat="45.76469077931806" lon="6.712438718768499"><ele>1581.6100793116802</ele></trkpt><trkpt lat="45.76463152612753" lon="6.712399446663043"><ele>1582.0394405735929</ele></trkpt><trkpt lat="45.764569999999985" lon="6.71237"><ele>1582.44</ele></trkpt><trkpt lat="45.76450085898236" lon="6.712352989923578"><ele>1582.8076397734303</ele></trkpt><trkpt lat="45.76443051339022" lon="6.712345962679643"><ele>1583.110076501246</ele></trkpt><trkpt lat="45.76435973830492" lon="6.71234244047392"><ele>1583.3976933423467</ele></trkpt><trkpt lat="45.764289308811776" lon="6.712335945512132"><ele>1583.7208734556314</ele></trkpt><trkpt lat="45.764219999999995" lon="6.71232"><ele>1584.13</ele></trkpt><trkpt lat="45.76415719673359" lon="6.712296731492655"><ele>1584.5724495759234</ele></trkpt><trkpt lat="45.76409513972565" lon="6.712269692616415"><ele>1585.0360489173727</ele></trkpt><trkpt lat="45.76403365616087" lon="6.7122397992940845"><ele>1585.5239039641333</ele></trkpt><trkpt lat="45.763972573223164" lon="6.712207967448469"><ele>1586.0391206559907</ele></trkpt><trkpt lat="45.763911718095635" lon="6.71217511300238"><ele>1586.5848049327305</ele></trkpt><trkpt lat="45.76385091796071" lon="6.712142151878623"><ele>1587.1640627341385</ele></trkpt><trkpt lat="45.76379" lon="6.712109999999999"><ele>1587.78</ele></trkpt><trkpt lat="45.76371345052298" lon="6.712065783074483"><ele>1588.7376861056407</ele></trkpt><trkpt lat="45.763637567770594" lon="6.712019350641693"><ele>1589.8719685559706</ele></trkpt><trkpt lat="45.763559999999984" lon="6.71198"><ele>1591</ele></trkpt><trkpt lat="45.76348396439612" lon="6.711956323398686"><ele>1592.000775558345</ele></trkpt><trkpt lat="45.76340673094465" lon="6.71193992981265"><ele>1592.98875502907</ele></trkpt><trkpt lat="45.76333000000002" lon="6.71192"><ele>1593.96</ele></trkpt><trkpt lat="45.76326283569868" lon="6.7118977252779555"><ele>1594.8050331452537</ele></trkpt><trkpt lat="45.7631956691348" lon="6.711875215531058"><ele>1595.6421985730176</ele></trkpt><trkpt lat="45.76312865129519" lon="6.71185182944456"><ele>1596.4748871278339</ele></trkpt><trkpt lat="45.763061933167286" lon="6.711826925703715"><ele>1597.3064896542423</ele></trkpt><trkpt lat="45.76299566573922" lon="6.711799862993777"><ele>1598.1403969967841</ele></trkpt><trkpt lat="45.76292999999998" lon="6.711769999999999"><ele>1598.98</ele></trkpt><trkpt lat="45.762867646022656" lon="6.711737859792305"><ele>1599.7838542240431</ele></trkpt><trkpt lat="45.76280606594807" lon="6.711702723843879"><ele>1600.5777177345312</ele></trkpt><trkpt lat="45.762744980516985" lon="6.71166567478356"><ele>1601.3696712576466</ele></trkpt><trkpt lat="45.76268411046897" lon="6.711627795240178"><ele>1602.1677955195696</ele></trkpt><trkpt lat="45.762623176542256" lon="6.7115901678425685"><ele>1602.9801712464819</ele></trkpt><trkpt lat="45.762561899473994" lon="6.711553875219566"><ele>1603.814879164565</ele></trkpt><trkpt lat="45.76249999999999" lon="6.71152"><ele>1604.68</ele></trkpt><trkpt lat="45.76243752246356" lon="6.711487565505436"><ele>1605.5813966858407</ele></trkpt><trkpt lat="45.762374867299044" lon="6.711455593229056"><ele>1606.513169194588</ele></trkpt><trkpt lat="45.762311910988906" lon="6.711424966855587"><ele>1607.4711166533098</ele></trkpt><trkpt lat="45.76224853001494" lon="6.711396570069767"><ele>1608.451038189074</ele></trkpt><trkpt lat="45.76218460085842" lon="6.711371286556327"><ele>1609.4487329289482</ele></trkpt><trkpt lat="45.76212000000002" lon="6.71135"><ele>1610.46</ele></trkpt><trkpt lat="45.76205313023372" lon="6.711337858988064"><ele>1611.502481676178</ele></trkpt><trkpt lat="45.76198544440541" lon="6.711335326695942"><ele>1612.5690121464359</ele></trkpt><trkpt lat="45.76191753637368" lon="6.711335131055849"><ele>1613.6785365434757</ele></trkpt><trkpt lat="45.76184999999999" lon="6.71133"><ele>1614.85</ele></trkpt><trkpt lat="45.76178301859454" lon="6.711319648723527"><ele>1616.0721262752731</ele></trkpt><trkpt lat="45.76171610710601" lon="6.711308431957893"><ele>1617.3231897868359</ele></trkpt><trkpt lat="45.7616493075182" lon="6.711296104202912"><ele>1618.5983497248894</ele></trkpt><trkpt lat="45.76158266181511" lon="6.711282419958395"><ele>1619.8927652796342</ele></trkpt><trkpt lat="45.76151621198091" lon="6.711267133724154"><ele>1621.2015956412706</ele></trkpt><trkpt lat="45.76145000000001" lon="6.711250000000001"><ele>1622.52</ele></trkpt><trkpt lat="45.76133999999998" lon="6.71119"><ele>1625.05</ele></trkpt><trkpt lat="45.761282267535954" lon="6.711140547009931"><ele>1626.1297891983236</ele></trkpt><trkpt lat="45.761226141422924" lon="6.711086776224967"><ele>1627.1236943053705</ele></trkpt><trkpt lat="45.76116944460065" lon="6.7110346173275195"><ele>1628.0832522597318</ele></trkpt><trkpt lat="45.76110999999999" lon="6.71099"><ele>1629.06</ele></trkpt><trkpt lat="45.76103658856623" lon="6.710960524566688"><ele>1630.1507257512274</ele></trkpt><trkpt lat="45.76096000000001" lon="6.710950000000001"><ele>1631.24</ele></trkpt><trkpt lat="45.760886078035284" lon="6.710943817993136"><ele>1632.2633421218734</ele></trkpt><trkpt lat="45.76081210991321" lon="6.710943818432593"><ele>1633.2993230841475</ele></trkpt><trkpt lat="45.760740000000006" lon="6.710959999999999"><ele>1634.57</ele></trkpt><trkpt lat="45.76067972614268" lon="6.710986148289106"><ele>1635.8527819257445</ele></trkpt><trkpt lat="45.76062040670049" lon="6.7110162636177915"><ele>1637.1747967982287</ele></trkpt><trkpt lat="45.760561782161176" lon="6.711049269853538"><ele>1638.5290664404056</ele></trkpt><trkpt lat="45.7605035930113" lon="6.711084090863825"><ele>1639.9086126752268</ele></trkpt><trkpt lat="45.7604455797364" lon="6.711119650516134"><ele>1641.3064573256447</ele></trkpt><trkpt lat="45.760387482820825" lon="6.711154872677946"><ele>1642.7156222146116</ele></trkpt><trkpt lat="45.76032904274796" lon="6.711188681216741"><ele>1644.1291291650791</ele></trkpt><trkpt lat="45.760270000000006" lon="6.71122"><ele>1645.54</ele></trkpt><trkpt lat="45.76017999999995" lon="6.71124"><ele>1647.83</ele></trkpt><trkpt lat="45.76009482738931" lon="6.7112273478079425"><ele>1649.3413236849556</ele></trkpt><trkpt lat="45.76004000000001" lon="6.711170000000001"><ele>1650.14</ele></trkpt><trkpt lat="45.76004344229297" lon="6.711076852634288"><ele>1649.922256108248</ele></trkpt><trkpt lat="45.76006778205108" lon="6.710986341230479"><ele>1649.346449873998</ele></trkpt><trkpt lat="45.760100480778895" lon="6.71089688421143"><ele>1648.6274187027493</ele></trkpt><trkpt lat="45.760129000000006" lon="6.710806900000001"><ele>1647.98</ele></trkpt><trkpt lat="45.760129000000006" lon="6.710806900000001"><ele>1647.98</ele></trkpt><trkpt lat="45.760112363165824" lon="6.710903570228294"><ele>1648.3532419664853</ele></trkpt><trkpt lat="45.760099468429104" lon="6.711004170608785"><ele>1648.615311910627</ele></trkpt><trkpt lat="45.760079089482524" lon="6.711096910684883"><ele>1649.0997258994557</ele></trkpt><trkpt lat="45.76004000000001" lon="6.711170000000001"><ele>1650.14</ele></trkpt><trkpt lat="45.759962726530624" lon="6.711161110186533"><ele>1652.3442895383544</ele></trkpt><trkpt lat="45.75988000000001" lon="6.71109"><ele>1654.8</ele></trkpt><trkpt lat="45.75982209690693" lon="6.711053739908388"><ele>1656.5286880183305</ele></trkpt><trkpt lat="45.75976425474735" lon="6.71101715169151"><ele>1658.2449002177439</ele></trkpt><trkpt lat="45.75970658900785" lon="6.710979969957136"><ele>1659.9575273430673</ele></trkpt><trkpt lat="45.75964921517556" lon="6.71094192931303"><ele>1661.6754601391272</ele></trkpt><trkpt lat="45.759592248738045" lon="6.71090276436696"><ele>1663.4075893507516</ele></trkpt><trkpt lat="45.75953580518334" lon="6.710862209726695"><ele>1665.1628057227667</ele></trkpt><trkpt lat="45.75947999999998" lon="6.710820000000002"><ele>1666.95</ele></trkpt><trkpt lat="45.75940945725334" lon="6.710746597977988"><ele>1669.755636926434</ele></trkpt><trkpt lat="45.759340000000016" lon="6.71067"><ele>1672.39</ele></trkpt><trkpt lat="45.759271859656955" lon="6.710612122382825"><ele>1674.107477425282</ele></trkpt><trkpt lat="45.759201823568226" lon="6.710558343479326"><ele>1675.5713778879765</ele></trkpt><trkpt lat="45.75913" lon="6.71051"><ele>1677.08</ele></trkpt><trkpt lat="45.759051560978264" lon="6.710467057353819"><ele>1678.9092667212194</ele></trkpt><trkpt lat="45.758970000000005" lon="6.710440000000001"><ele>1680.69</ele></trkpt><trkpt lat="45.758870000000016" lon="6.710459999999999"><ele>1682.17</ele></trkpt><trkpt lat="45.75882731922008" lon="6.710535675823053"><ele>1682.2639585758516</ele></trkpt><trkpt lat="45.758790000000005" lon="6.7106200000000005"><ele>1682.34</ele></trkpt><trkpt lat="45.75873999999998" lon="6.71067"><ele>1683.54</ele></trkpt><trkpt lat="45.758674837272984" lon="6.710689434054698"><ele>1684.9943698620264</ele></trkpt><trkpt lat="45.758610000000004" lon="6.710709999999999"><ele>1686.49</ele></trkpt><trkpt lat="45.758556009669896" lon="6.710763024587633"><ele>1687.9559573575807</ele></trkpt><trkpt lat="45.7585" lon="6.7108"><ele>1689.45</ele></trkpt><trkpt lat="45.758422415603995" lon="6.7107818559278245"><ele>1691.267355317821</ele></trkpt><trkpt lat="45.758346598588254" lon="6.71074371185565"><ele>1692.9698471474312</ele></trkpt><trkpt lat="45.75827000000001" lon="6.710709999999999"><ele>1694.63</ele></trkpt><trkpt lat="45.75819999999999" lon="6.710709999999999"><ele>1695.86</ele></trkpt><trkpt lat="45.7581294400629" lon="6.7107263109715545"><ele>1697.4544428426407</ele></trkpt><trkpt lat="45.75805999999999" lon="6.71075"><ele>1699.1</ele></trkpt><trkpt lat="45.75802999999998" lon="6.710780000000001"><ele>1699.85</ele></trkpt><trkpt lat="45.75801993218547" lon="6.710879967177758"><ele>1699.9097717615487</ele></trkpt><trkpt lat="45.75801000000002" lon="6.71098"><ele>1699.95</ele></trkpt><trkpt lat="45.757970000000014" lon="6.711060000000002"><ele>1700.77</ele></trkpt><trkpt lat="45.75790999999998" lon="6.7111"><ele>1701.57</ele></trkpt><trkpt lat="45.75785" lon="6.71109"><ele>1702.34</ele></trkpt><trkpt lat="45.75779082998416" lon="6.711049513474539"><ele>1703.164461453361</ele></trkpt><trkpt lat="45.75773262646484" lon="6.711006071059616"><ele>1703.9664000311573</ele></trkpt><trkpt lat="45.75767560971289" lon="6.710959593114886"><ele>1704.8026385933751</ele></trkpt><trkpt lat="45.75762000000001" lon="6.71091"><ele>1705.73</ele></trkpt><trkpt lat="45.75756424403619" lon="6.71085132666873"><ele>1706.8554481384888</ele></trkpt><trkpt lat="45.75751097858948" lon="6.710787665968184"><ele>1708.0779725953096</ele></trkpt><trkpt lat="45.7574572238509" lon="6.710725172283543"><ele>1709.3140107544755</ele></trkpt><trkpt lat="45.757400000000004" lon="6.71067"><ele>1710.48</ele></trkpt><trkpt lat="45.75734115180322" lon="6.710636503951566"><ele>1711.3953944160633</ele></trkpt><trkpt lat="45.75727897190772" lon="6.710613259244709"><ele>1712.216092244268</ele></trkpt><trkpt lat="45.757220000000004" lon="6.71058"><ele>1713.09</ele></trkpt><trkpt lat="45.75716629696533" lon="6.710532391249943"><ele>1714.0169202939496</ele></trkpt><trkpt lat="45.75711492239962" lon="6.710479412953295"><ele>1714.9461993359203</ele></trkpt><trkpt lat="45.75706608663401" lon="6.710421728179998"><ele>1715.9298787099308</ele></trkpt><trkpt lat="45.757020000000004" lon="6.710359999999999"><ele>1717.02</ele></trkpt><trkpt lat="45.75695999999999" lon="6.710210000000001"><ele>1719.85</ele></trkpt><trkpt lat="45.75686000000003" lon="6.710190000000001"><ele>1723</ele></trkpt><trkpt lat="45.75682" lon="6.710139999999999"><ele>1723.97</ele></trkpt><trkpt lat="45.75682999999999" lon="6.70999"><ele>1727.15</ele></trkpt><trkpt lat="45.756773074357845" lon="6.709931140504209"><ele>1728.7391647692416</ele></trkpt><trkpt lat="45.75671" lon="6.709879999999999"><ele>1730.66</ele></trkpt><trkpt lat="45.75672000000001" lon="6.70983"><ele>1733.65</ele></trkpt><trkpt lat="45.75668000000003" lon="6.709810000000001"><ele>1732.76</ele></trkpt><trkpt lat="45.75665103525545" lon="6.709719480362229"><ele>1734.837899097637</ele></trkpt><trkpt lat="45.75662546681354" lon="6.709626987280163"><ele>1737.070170915535</ele></trkpt><trkpt lat="45.756601436873304" lon="6.709533656728355"><ele>1739.3951661842075</ele></trkpt><trkpt lat="45.75657708763014" lon="6.709440624681355"><ele>1741.751235634167</ele></trkpt><trkpt lat="45.75655056127623" lon="6.709349027113721"><ele>1744.0767299959266</ele></trkpt><trkpt lat="45.75652000000001" lon="6.7092600000000004"><ele>1746.31</ele></trkpt><trkpt lat="45.75648872473311" lon="6.709180234010885"><ele>1748.3732109935327</ele></trkpt><trkpt lat="45.75645569135748" lon="6.709101751786648"><ele>1750.5086019742344</ele></trkpt><trkpt lat="45.75642060103554" lon="6.709025020300364"><ele>1752.605574653669</ele></trkpt><trkpt lat="45.756383154928635" lon="6.708950506525111"><ele>1754.553530743399</ele></trkpt><trkpt lat="45.75634305419708" lon="6.708878677433965"><ele>1756.2418719549885</ele></trkpt><trkpt lat="45.7563" lon="6.708810000000001"><ele>1757.56</ele></trkpt><trkpt lat="45.75625503619713" lon="6.708744401863965"><ele>1758.515436569582</ele></trkpt><trkpt lat="45.75620878856912" lon="6.708680390287606"><ele>1759.2429582639143</ele></trkpt><trkpt lat="45.75616138678119" lon="6.7086178851170715"><ele>1759.796922301839</ele></trkpt><trkpt lat="45.75611296049902" lon="6.708556806198499"><ele>1760.231685902199</ele></trkpt><trkpt lat="45.75606363938859" lon="6.708497073378028"><ele>1760.6016062838353</ele></trkpt><trkpt lat="45.75601355311641" lon="6.708438606501801"><ele>1760.9610406655916</ele></trkpt><trkpt lat="45.75596283134928" lon="6.70838132541596"><ele>1761.3643462663097</ele></trkpt><trkpt lat="45.75591160375456" lon="6.708325149966646"><ele>1761.8658803048315</ele></trkpt><trkpt lat="45.75585999999997" lon="6.70827"><ele>1762.52</ele></trkpt><trkpt lat="45.755797126067414" lon="6.708203055746898"><ele>1763.512917578261</ele></trkpt><trkpt lat="45.7557318546386" lon="6.708139494346522"><ele>1764.7131976970509</ele></trkpt><trkpt lat="45.75566315589189" lon="6.708088685772885"><ele>1766.1443789673153</ele></trkpt><trkpt lat="45.75559" lon="6.708060000000001"><ele>1767.83</ele></trkpt><trkpt lat="45.755522059376894" lon="6.708081144619807"><ele>1769.739677242687</ele></trkpt><trkpt lat="45.75545761060081" lon="6.70813813518935"><ele>1771.8279556110124</ele></trkpt><trkpt lat="45.75539000000002" lon="6.70818"><ele>1773.82</ele></trkpt><trkpt lat="45.755325286293754" lon="6.708166570076636"><ele>1775.309560968476</ele></trkpt><trkpt lat="45.755259999999986" lon="6.70814"><ele>1776.39</ele></trkpt><trkpt lat="45.75520000000001" lon="6.708149999999999"><ele>1776.32</ele></trkpt><trkpt lat="45.75509999999996" lon="6.70805"><ele>1778.45</ele></trkpt><trkpt lat="45.75501526764595" lon="6.708013973190271"><ele>1780.3742297189588</ele></trkpt><trkpt lat="45.75493000000001" lon="6.707980000000001"><ele>1782.37</ele></trkpt><trkpt lat="45.75489" lon="6.707929999999999"><ele>1783.46</ele></trkpt><trkpt lat="45.754815918937524" lon="6.707900238073946"><ele>1785.1072492181265</ele></trkpt><trkpt lat="45.75473999999999" lon="6.70788"><ele>1786.69</ele></trkpt><trkpt lat="45.75465530948284" lon="6.707858257238607"><ele>1788.2862487141128</ele></trkpt><trkpt lat="45.75456999999998" lon="6.70785"><ele>1789.84</ele></trkpt><trkpt lat="45.75444999999999" lon="6.7079"><ele>1792.1</ele></trkpt><trkpt lat="45.7544" lon="6.70794"><ele>1793.21</ele></trkpt><trkpt lat="45.75435999999999" lon="6.70803"><ele>1792.77</ele></trkpt><trkpt lat="45.75428440225739" lon="6.7080801094711076"><ele>1794.673570571465</ele></trkpt><trkpt lat="45.754205687141905" lon="6.708120446424187"><ele>1796.9319399893225</ele></trkpt><trkpt lat="45.754129999999996" lon="6.70817"><ele>1798.99</ele></trkpt><trkpt lat="45.754050000000014" lon="6.708290000000001"><ele>1800.39</ele></trkpt><trkpt lat="45.75398999999998" lon="6.70834"><ele>1803.48</ele></trkpt><trkpt lat="45.75398000000002" lon="6.708389999999999"><ele>1803.35</ele></trkpt><trkpt lat="45.753940000000014" lon="6.70842"><ele>1804.29</ele></trkpt><trkpt lat="45.75389999999998" lon="6.708559999999999"><ele>1806.11</ele></trkpt><trkpt lat="45.75386" lon="6.708580000000001"><ele>1807.08</ele></trkpt><trkpt lat="45.75379" lon="6.70871"><ele>1808.81</ele></trkpt><trkpt lat="45.753716059868026" lon="6.708720494142921"><ele>1811.3028436394131</ele></trkpt><trkpt lat="45.75364" lon="6.708719999999999"><ele>1814.06</ele></trkpt><trkpt lat="45.75359" lon="6.70877"><ele>1816.23</ele></trkpt><trkpt lat="45.753580000000014" lon="6.708810000000001"><ele>1816.26</ele></trkpt><trkpt lat="45.75359" lon="6.70887"><ele>1816.3</ele></trkpt><trkpt lat="45.75355" lon="6.708910000000001"><ele>1817.47</ele></trkpt><trkpt lat="45.75353999999998" lon="6.708969999999999"><ele>1818.69</ele></trkpt><trkpt lat="45.7535" lon="6.70899"><ele>1819.91</ele></trkpt><trkpt lat="45.75343" lon="6.709"><ele>1822.41</ele></trkpt><trkpt lat="45.75335999999998" lon="6.709040000000001"><ele>1826.01</ele></trkpt><trkpt lat="45.753290000000014" lon="6.70899"><ele>1828.12</ele></trkpt><trkpt lat="45.75321999999999" lon="6.70912"><ele>1831.44</ele></trkpt><trkpt lat="45.75323" lon="6.709220000000001"><ele>1831.45</ele></trkpt><trkpt lat="45.75321" lon="6.7092600000000004"><ele>1832.49</ele></trkpt><trkpt lat="45.75314467908684" lon="6.709273638682619"><ele>1835.1872924007102</ele></trkpt><trkpt lat="45.75308000000002" lon="6.70929"><ele>1837.86</ele></trkpt><trkpt lat="45.75298000000001" lon="6.709390000000001"><ele>1842.34</ele></trkpt><trkpt lat="45.75294999999999" lon="6.709390000000001"><ele>1843.84</ele></trkpt><trkpt lat="45.752929999999985" lon="6.709460000000001"><ele>1845.81</ele></trkpt><trkpt lat="45.75288000000002" lon="6.709380000000001"><ele>1847.78</ele></trkpt><trkpt lat="45.75286000000001" lon="6.709390000000001"><ele>1848.24</ele></trkpt><trkpt lat="45.75286000000001" lon="6.70944"><ele>1848.82</ele></trkpt><trkpt lat="45.75278929208086" lon="6.709411381483259"><ele>1851.887672900757</ele></trkpt><trkpt lat="45.75272009512377" lon="6.70937201162938"><ele>1854.756876626967</ele></trkpt><trkpt lat="45.752650000000024" lon="6.70934"><ele>1857.91</ele></trkpt><trkpt lat="45.752539999999996" lon="6.70934"><ele>1864.32</ele></trkpt><trkpt lat="45.75251000000001" lon="6.709299999999999"><ele>1865.81</ele></trkpt><trkpt lat="45.752450000000024" lon="6.70929"><ele>1868.8</ele></trkpt><trkpt lat="45.752380000000024" lon="6.709309999999999"><ele>1871.23</ele></trkpt><trkpt lat="45.75229999999999" lon="6.709380000000001"><ele>1874.64</ele></trkpt><trkpt lat="45.75225" lon="6.709390000000001"><ele>1876.66</ele></trkpt><trkpt lat="45.75223999999998" lon="6.7094"><ele>1876.66</ele></trkpt><trkpt lat="45.75225" lon="6.70944"><ele>1876.52</ele></trkpt><trkpt lat="45.75219790448142" lon="6.709496318999415"><ele>1877.8042593488117</ele></trkpt><trkpt lat="45.75214000000002" lon="6.709539999999999"><ele>1879.4</ele></trkpt><trkpt lat="45.752089999999995" lon="6.709549999999999"><ele>1881.74</ele></trkpt><trkpt lat="45.75197000000001" lon="6.70953"><ele>1886.4</ele></trkpt><trkpt lat="45.75190608111051" lon="6.709537295068529"><ele>1888.5227921814987</ele></trkpt><trkpt lat="45.75184188590639" lon="6.709544937477543"><ele>1890.572692150503</ele></trkpt><trkpt lat="45.751777797289165" lon="6.709554478201123"><ele>1892.5875314119348</ele></trkpt><trkpt lat="45.751714198162055" lon="6.70956746821334"><ele>1894.605141470714</ele></trkpt><trkpt lat="45.75165147143013" lon="6.709585458488274"><ele>1896.663353831762</ele></trkpt><trkpt lat="45.75159000000001" lon="6.7096100000000005"><ele>1898.8</ele></trkpt><trkpt lat="45.751519999999985" lon="6.70974"><ele>1902.62</ele></trkpt><trkpt lat="45.751445175807596" lon="6.709764276521155"><ele>1905.1552425848474</ele></trkpt><trkpt lat="45.7513667461187" lon="6.709771160740912"><ele>1907.534585026739</ele></trkpt><trkpt lat="45.75128999999999" lon="6.709789999999999"><ele>1909.65</ele></trkpt><trkpt lat="45.751219999999996" lon="6.709879999999999"><ele>1910.5</ele></trkpt><trkpt lat="45.75110999999999" lon="6.709960000000001"><ele>1911.97</ele></trkpt><trkpt lat="45.75105746558169" lon="6.710017918986627"><ele>1911.4825701215846</ele></trkpt><trkpt lat="45.751007239575195" lon="6.710080499376761"><ele>1910.6392223814698</ele></trkpt><trkpt lat="45.7509558937843" lon="6.7101403300785165"><ele>1909.8337634506202</ele></trkpt><trkpt lat="45.7509" lon="6.710190000000001"><ele>1909.46</ele></trkpt><trkpt lat="45.7508411114189" lon="6.710226676517328"><ele>1909.5478524697944</ele></trkpt><trkpt lat="45.75078005128417" lon="6.7102568259377895"><ele>1909.8195972445171</ele></trkpt><trkpt lat="45.750717746593445" lon="6.710283115164487"><ele>1910.2100235331623</ele></trkpt><trkpt lat="45.75065512434834" lon="6.710308211100521"><ele>1910.6539205447234</ele></trkpt><trkpt lat="45.75059311155466" lon="6.710334780648987"><ele>1911.086077488194</ele></trkpt><trkpt lat="45.750532635222235" lon="6.71036549071299"><ele>1911.4412835725677</ele></trkpt><trkpt lat="45.75047462236488" lon="6.710403008195627"><ele>1911.6543280068388</ele></trkpt><trkpt lat="45.750419999999984" lon="6.710450000000001"><ele>1911.66</ele></trkpt><trkpt lat="45.75037432099227" lon="6.710541111987473"><ele>1910.739525844173</ele></trkpt><trkpt lat="45.750351184956244" lon="6.710658570059397"><ele>1909.138708492317</ele></trkpt><trkpt lat="45.750319999999974" lon="6.71077"><ele>1908.14</ele></trkpt><trkpt lat="45.75027157077212" lon="6.710826880501036"><ele>1908.9801527887985</ele></trkpt><trkpt lat="45.750220000000006" lon="6.7108799999999995"><ele>1910.47</ele></trkpt><trkpt lat="45.75018" lon="6.711"><ele>1911.82</ele></trkpt><trkpt lat="45.750164088830466" lon="6.711089653189377"><ele>1912.051213946727</ele></trkpt><trkpt lat="45.75015103307112" lon="6.7111804534504556"><ele>1912.1356613548946</ele></trkpt><trkpt lat="45.75013746077705" lon="6.711271026986307"><ele>1912.1897780856152</ele></trkpt><trkpt lat="45.750120000000024" lon="6.711360000000001"><ele>1912.33</ele></trkpt><trkpt lat="45.75007" lon="6.71147"><ele>1913.01</ele></trkpt><trkpt lat="45.75003244444842" lon="6.711546871270608"><ele>1913.6885623373169</ele></trkpt><trkpt lat="45.749995583083795" lon="6.711624564790928"><ele>1914.3923422009007</ele></trkpt><trkpt lat="45.74995879622028" lon="6.7117023558141575"><ele>1915.1099251789565</ele></trkpt><trkpt lat="45.74992146417022" lon="6.711779519593484"><ele>1915.8298968596891</ele></trkpt><trkpt lat="45.74988296724451" lon="6.7118553313821065"><ele>1916.5408428313042</ele></trkpt><trkpt lat="45.74984268575206" lon="6.711929066433213"><ele>1917.2313486820062</ele></trkpt><trkpt lat="45.7498" lon="6.712"><ele>1917.89</ele></trkpt><trkpt lat="45.74974914010743" lon="6.712066301888653"><ele>1918.5569031991577</ele></trkpt><trkpt lat="45.74969258913627" lon="6.712123656868111"><ele>1919.1789254208522</ele></trkpt><trkpt lat="45.74963474359257" lon="6.7121791834135145"><ele>1919.7114849321206</ele></trkpt><trkpt lat="45.74958000000002" lon="6.7122399999999995"><ele>1920.11</ele></trkpt><trkpt lat="45.749518397396955" lon="6.712322864613008"><ele>1920.1173412374437</ele></trkpt><trkpt lat="45.749469999999995" lon="6.712420000000001"><ele>1919.91</ele></trkpt><trkpt lat="45.74944345943425" lon="6.712513357321266"><ele>1919.8484849422841</ele></trkpt><trkpt lat="45.74942244846311" lon="6.712609861491788"><ele>1919.7699291251602</ele></trkpt><trkpt lat="45.74940370777734" lon="6.712707687001677"><ele>1919.7131308368935</ele></trkpt><trkpt lat="45.74938397806266" lon="6.712805008341044"><ele>1919.7168883657514</ele></trkpt><trkpt lat="45.749359999999996" lon="6.7129"><ele>1919.82</ele></trkpt><trkpt lat="45.74933191950098" lon="6.712984265057409"><ele>1920.1401792466377</ele></trkpt><trkpt lat="45.749298347372196" lon="6.713064501421965"><ele>1920.6628260022726</ele></trkpt><trkpt lat="45.74925999999998" lon="6.713140000000001"><ele>1921.19</ele></trkpt><trkpt lat="45.749218309664776" lon="6.713213726255203"><ele>1921.6821732001945</ele></trkpt><trkpt lat="45.74917581134764" lon="6.713286490416136"><ele>1922.203078504461</ele></trkpt><trkpt lat="45.749132614801304" lon="6.713358419779189"><ele>1922.7355394035922</ele></trkpt><trkpt lat="45.74908882977886" lon="6.713429641640754"><ele>1923.2623793883818</ele></trkpt><trkpt lat="45.74904456603364" lon="6.713500283297226"><ele>1923.766421949624</ele></trkpt><trkpt lat="45.74899993331933" lon="6.713570472044995"><ele>1924.2304905781118</ele></trkpt><trkpt lat="45.748955041389976" lon="6.713640335180456"><ele>1924.6374087646393</ele></trkpt><trkpt lat="45.748909999999995" lon="6.71371"><ele>1924.97</ele></trkpt><trkpt lat="45.7488651906712" lon="6.713782295626089"><ele>1925.1870726214406</ele></trkpt><trkpt lat="45.74882140034738" lon="6.713856755317892"><ele>1925.282246117551</ele></trkpt><trkpt lat="45.74877755092344" lon="6.713931335796473"><ele>1925.3021025820992</ele></trkpt><trkpt lat="45.74873256429078" lon="6.714003993782907"><ele>1925.2932241088513</ele></trkpt><trkpt lat="45.74868536233736" lon="6.714072685998259"><ele>1925.3021927915743</ele></trkpt><trkpt lat="45.74863486694719" lon="6.7141353691636"><ele>1925.3755907240347</ele></trkpt><trkpt lat="45.74858000000001" lon="6.714189999999999"><ele>1925.56</ele></trkpt><trkpt lat="45.7485133024162" lon="6.714232265564007"><ele>1925.9311074368577</ele></trkpt><trkpt lat="45.74844138957996" lon="6.7142556120330035"><ele>1926.4349008052586</ele></trkpt><trkpt lat="45.748366825529054" lon="6.714269825719996"><ele>1927.0011404552313</ele></trkpt><trkpt lat="45.74829217431429" lon="6.7142846929379925"><ele>1927.5595867368024</ele></trkpt><trkpt lat="45.74822000000001" lon="6.714310000000001"><ele>1928.04</ele></trkpt><trkpt lat="45.74815209205192" lon="6.7143556812757135"><ele>1928.3478969481976</ele></trkpt><trkpt lat="45.748087267832595" lon="6.71441178055049"><ele>1928.5634338354596</ele></trkpt><trkpt lat="45.74801999999999" lon="6.71446"><ele>1928.9</ele></trkpt><trkpt lat="45.74794493308443" lon="6.7144798104499674"><ele>1929.583891123079</ele></trkpt><trkpt lat="45.747870000000006" lon="6.714500000000001"><ele>1930.37</ele></trkpt><trkpt lat="45.74779633530058" lon="6.714543734115005"><ele>1931.0364267073378</ele></trkpt><trkpt lat="45.74772527231196" lon="6.71459565244858"><ele>1931.6698441962888</ele></trkpt><trkpt lat="45.74765999999999" lon="6.714660000000001"><ele>1932.34</ele></trkpt><trkpt lat="45.74763999999998" lon="6.7147700000000015"><ele>1933.04</ele></trkpt><trkpt lat="45.74765" lon="6.71486"><ele>1933.75</ele></trkpt><trkpt lat="45.747709999999984" lon="6.71488"><ele>1934.09</ele></trkpt><trkpt lat="45.74774" lon="6.714920000000001"><ele>1933.9</ele></trkpt><trkpt lat="45.74768000000002" lon="6.7150099999999995"><ele>1937.3</ele></trkpt><trkpt lat="45.7476125251322" lon="6.715075839550972"><ele>1938.90099094269</ele></trkpt><trkpt lat="45.74754000000002" lon="6.715130000000001"><ele>1939.92</ele></trkpt><trkpt lat="45.747475006162155" lon="6.715160703135868"><ele>1940.412779998902</ele></trkpt><trkpt lat="45.74740793142885" lon="6.715184125987591"><ele>1940.7007011791036</ele></trkpt><trkpt lat="45.74734189097748" lon="6.7152104858455175"><ele>1941.0082717697535</ele></trkpt><trkpt lat="45.74727999999999" lon="6.715249999999999"><ele>1941.56</ele></trkpt><trkpt lat="45.747211261704024" lon="6.715337961109696"><ele>1942.9932680884335</ele></trkpt><trkpt lat="45.747159999999994" lon="6.715449999999998"><ele>1944.76</ele></trkpt><trkpt lat="45.747132501950624" lon="6.715543918012238"><ele>1946.0751072801763</ele></trkpt><trkpt lat="45.74711256399001" lon="6.715642666473613"><ele>1947.3981146514564</ele></trkpt><trkpt lat="45.74709000000002" lon="6.715740000000001"><ele>1948.71</ele></trkpt><trkpt lat="45.74705431094724" lon="6.715858398430227"><ele>1950.3034959368879</ele></trkpt><trkpt lat="45.74700999999999" lon="6.71597"><ele>1951.91</ele></trkpt><trkpt lat="45.74696174165937" lon="6.716063275730208"><ele>1953.317724564017</ele></trkpt><trkpt lat="45.7469088159887" lon="6.716151265734642"><ele>1954.7372568509325</ele></trkpt><trkpt lat="45.74684999999999" lon="6.7162299999999995"><ele>1956.44</ele></trkpt><trkpt lat="45.746791955784076" lon="6.716296315166101"><ele>1958.267778476718</ele></trkpt><trkpt lat="45.74673140509842" lon="6.716358415080801"><ele>1960.2252406168145</ele></trkpt><trkpt lat="45.746667651864485" lon="6.716411307455101"><ele>1962.347582448504</ele></trkpt><trkpt lat="45.746599999999994" lon="6.71645"><ele>1964.67</ele></trkpt><trkpt lat="45.74652388768403" lon="6.7164673505679175"><ele>1967.3609446974415</ele></trkpt><trkpt lat="45.746445817013324" lon="6.716465956319729"><ele>1970.185765578443</ele></trkpt><trkpt lat="45.746367337833775" lon="6.716461583911676"><ele>1973.0752036702227</ele></trkpt><trkpt lat="45.74628999999999" lon="6.716469999999999"><ele>1975.96</ele></trkpt><trkpt lat="45.746219999999994" lon="6.716550000000001"><ele>1978.92</ele></trkpt><trkpt lat="45.74614992035713" lon="6.716547274859847"><ele>1981.9006948281713</ele></trkpt><trkpt lat="45.74607947958627" lon="6.716530182647135"><ele>1984.9114374311973</ele></trkpt><trkpt lat="45.746010000000005" lon="6.71653"><ele>1988.06</ele></trkpt><trkpt lat="45.74594893066232" lon="6.716580303335762"><ele>1991.2653016721354</ele></trkpt><trkpt lat="45.74589000000001" lon="6.716639999999999"><ele>1994.58</ele></trkpt><trkpt lat="45.74582026196719" lon="6.716660620298951"><ele>1998.3712182369986</ele></trkpt><trkpt lat="45.745749999999994" lon="6.71668"><ele>2002.07</ele></trkpt><trkpt lat="45.74568753391043" lon="6.716715526527925"><ele>2005.1166654479507</ele></trkpt><trkpt lat="45.745626762175746" lon="6.716757791809902"><ele>2007.9789161654476</ele></trkpt><trkpt lat="45.745569999999994" lon="6.716809999999999"><ele>2010.68</ele></trkpt><trkpt lat="45.74551963505013" lon="6.716880970887077"><ele>2013.1911075877235</ele></trkpt><trkpt lat="45.74547459772624" lon="6.716962630926801"><ele>2015.4950268599596</ele></trkpt><trkpt lat="45.745427261545906" lon="6.717037975503124"><ele>2017.8639327022156</ele></trkpt><trkpt lat="45.745370000000015" lon="6.71709"><ele>2020.57</ele></trkpt><trkpt lat="45.745290000000004" lon="6.71696"><ele>2023.5</ele></trkpt><trkpt lat="45.74525999999999" lon="6.716799999999999"><ele>2027.04</ele></trkpt><trkpt lat="45.74524826416771" lon="6.7167084482511035"><ele>2029.5298689999186</ele></trkpt><trkpt lat="45.745237004229146" lon="6.716617085650221"><ele>2032.1973199928552</ele></trkpt><trkpt lat="45.74522661220658" lon="6.716525498923788"><ele>2034.8428364858325</ele></trkpt><trkpt lat="45.74521748012259" lon="6.716433274798238"><ele>2037.2669019858733</ele></trkpt><trkpt lat="45.74520999999997" lon="6.71634"><ele>2039.27</ele></trkpt><trkpt lat="45.745208830347885" lon="6.716210550953223"><ele>2040.3976099125703</ele></trkpt><trkpt lat="45.74520999999997" lon="6.71608"><ele>2040.27</ele></trkpt><trkpt lat="45.74520000000003" lon="6.71603"><ele>2038.88</ele></trkpt><trkpt lat="45.74514" lon="6.71602"><ele>2043.64</ele></trkpt><trkpt lat="45.74509990327553" lon="6.716093371668335"><ele>2043.779611356942</ele></trkpt><trkpt lat="45.745065045649746" lon="6.716172533202792"><ele>2043.3943504501249</ele></trkpt><trkpt lat="45.74503223639023" lon="6.71625400890308"><ele>2042.7282838648366</ele></trkpt><trkpt lat="45.744998284756434" lon="6.716334323068914"><ele>2042.0254781863657</ele></trkpt><trkpt lat="45.74495999999997" lon="6.716409999999999"><ele>2041.53</ele></trkpt><trkpt lat="45.744909999999976" lon="6.716419999999999"><ele>2041.92</ele></trkpt><trkpt lat="45.744880000000016" lon="6.716360000000001"><ele>2042.59</ele></trkpt><trkpt lat="45.74485551305679" lon="6.716259669333666"><ele>2043.7724066582232</ele></trkpt><trkpt lat="45.74482999999999" lon="6.7161599999999995"><ele>2044.94</ele></trkpt><trkpt lat="45.74478" lon="6.716059999999999"><ele>2046.03</ele></trkpt><trkpt lat="45.744710000000005" lon="6.71603"><ele>2046.8</ele></trkpt><trkpt lat="45.744635049630865" lon="6.716022773413253"><ele>2048.2372766726526</ele></trkpt><trkpt lat="45.74455998318799" lon="6.716019177434447"><ele>2049.7536495824834</ele></trkpt><trkpt lat="45.74448492515094" lon="6.71601599273842"><ele>2051.313197701073</ele></trkpt><trkpt lat="45.74440999999999" lon="6.71601"><ele>2052.88</ele></trkpt><trkpt lat="45.74433241296048" lon="6.716003297360137"><ele>2054.4522549206445</ele></trkpt><trkpt lat="45.74425506781865" lon="6.715993519376116"><ele>2056.0570398330397</ele></trkpt><trkpt lat="45.74417999999999" lon="6.71597"><ele>2057.84</ele></trkpt><trkpt lat="45.74411687438198" lon="6.715929485924372"><ele>2059.7091770979005</ele></trkpt><trkpt lat="45.7440579030974" lon="6.7158761002694245"><ele>2061.7073163590585</ele></trkpt><trkpt lat="45.74399999999999" lon="6.715819999999999"><ele>2063.63</ele></trkpt><trkpt lat="45.74390999999999" lon="6.715720000000001"><ele>2066.24</ele></trkpt><trkpt lat="45.74384951124702" lon="6.715679721352363"><ele>2067.3311926409133</ele></trkpt><trkpt lat="45.743787883974505" lon="6.71564235920133"><ele>2068.3498580470296</ele></trkpt><trkpt lat="45.74372481471511" lon="6.715611317449632"><ele>2069.223594429631</ele></trkpt><trkpt lat="45.74366" lon="6.7155900000000015"><ele>2069.88</ele></trkpt><trkpt lat="45.743591987956265" lon="6.71557758510152"><ele>2070.32793948166</ele></trkpt><trkpt lat="45.7435235376048" lon="6.715570609484644"><ele>2070.6324306436572</ele></trkpt><trkpt lat="45.74345480005255" lon="6.7155671497029665"><ele>2070.8519545814584</ele></trkpt><trkpt lat="45.743385926407164" lon="6.715565282310074"><ele>2071.0449923905276</ele></trkpt><trkpt lat="45.74331706777705" lon="6.715563083859556"><ele>2071.270025166331</ele></trkpt><trkpt lat="45.74324837527136" lon="6.715558630905002"><ele>2071.585534004333</ele></trkpt><trkpt lat="45.74317999999998" lon="6.715550000000001"><ele>2072.05</ele></trkpt><trkpt lat="45.7431039929401" lon="6.715534692452927"><ele>2072.906048032311</ele></trkpt><trkpt lat="45.74302861107556" lon="6.715514395948746"><ele>2074.059417460652</ele></trkpt><trkpt lat="45.742953923673134" lon="6.715489401470194"><ele>2075.2630781586677</ele></trkpt><trkpt lat="45.74288000000002" lon="6.71546"><ele>2076.27</ele></trkpt><trkpt lat="45.7428161814856" lon="6.715424554935487"><ele>2076.519128499748</ele></trkpt><trkpt lat="45.742760000000004" lon="6.715370000000001"><ele>2076.77</ele></trkpt><trkpt lat="45.742707402898056" lon="6.715283487609318"><ele>2077.8923785971574</ele></trkpt><trkpt lat="45.742660725255256" lon="6.715189312281219"><ele>2079.2102436395353</ele></trkpt><trkpt lat="45.74261000000002" lon="6.7151"><ele>2080.26</ele></trkpt><trkpt lat="45.74256340504948" lon="6.7150303455149585"><ele>2080.7465223595136</ele></trkpt><trkpt lat="45.7425162130172" lon="6.714960833472482"><ele>2081.0369953549844</ele></trkpt><trkpt lat="45.74246731846224" lon="6.714894148672526"><ele>2081.278207170699</ele></trkpt><trkpt lat="45.74241561593961" lon="6.714832975915045"><ele>2081.616945990942</ele></trkpt><trkpt lat="45.74236" lon="6.714779999999999"><ele>2082.2</ele></trkpt><trkpt lat="45.74229748583166" lon="6.714737119485547"><ele>2083.129124968603</ele></trkpt><trkpt lat="45.74223161689026" lon="6.71470463814163"><ele>2084.2696677366293</ele></trkpt><trkpt lat="45.74216416349986" lon="6.714677120744682"><ele>2085.503827463931</ele></trkpt><trkpt lat="45.74209689599281" lon="6.714649132071138"><ele>2086.7138033103593</ele></trkpt><trkpt lat="45.742031584709885" lon="6.714615236897432"><ele>2087.781794435765</ele></trkpt><trkpt lat="45.74197000000001" lon="6.71457"><ele>2088.59</ele></trkpt><trkpt lat="45.74191742623718" lon="6.714518542846476"><ele>2089.0939249734392</ele></trkpt><trkpt lat="45.74186752438765" lon="6.714461741604248"><ele>2089.459168979865</ele></trkpt><trkpt lat="45.741819544157714" lon="6.714401090339688"><ele>2089.7218890437002</ele></trkpt><trkpt lat="45.7417727352508" lon="6.714338083119164"><ele>2089.9182421893684</ele></trkpt><trkpt lat="45.741726347367624" lon="6.714274214009042"><ele>2090.0843854412915</ele></trkpt><trkpt lat="45.741679630206555" lon="6.714210977075697"><ele>2090.256475823893</ele></trkpt><trkpt lat="45.7416318334633" lon="6.714149866385494"><ele>2090.4706703615966</ele></trkpt><trkpt lat="45.74158220683101" lon="6.714092376004807"><ele>2090.7631260788244</ele></trkpt><trkpt lat="45.74153" lon="6.71404"><ele>2091.17</ele></trkpt><trkpt lat="45.74147526000178" lon="6.7139933736610065"><ele>2091.676457677079</ele></trkpt><trkpt lat="45.74141863349132" lon="6.713951541184539"><ele>2092.2462591018225</ele></trkpt><trkpt lat="45.74136048608846" lon="6.71391380866374"><ele>2092.8815350616455</ele></trkpt><trkpt lat="45.74130118341443" lon="6.713879482191748"><ele>2093.5844163439606</ele></trkpt><trkpt lat="45.74124109109193" lon="6.7138478678617"><ele>2094.357033736182</ele></trkpt><trkpt lat="45.7411805747452" lon="6.713818271766739"><ele>2095.201518025724</ele></trkpt><trkpt lat="45.74112000000001" lon="6.7137899999999995"><ele>2096.12</ele></trkpt><trkpt lat="45.741047294046396" lon="6.713771967174754"><ele>2097.616251112688</ele></trkpt><trkpt lat="45.74097287698567" lon="6.713766762181674"><ele>2099.479978518446</ele></trkpt><trkpt lat="45.7409" lon="6.713749999999999"><ele>2101.13</ele></trkpt><trkpt lat="45.740823165872165" lon="6.713711354051072"><ele>2102.4525804603027</ele></trkpt><trkpt lat="45.74074913857762" lon="6.713661697922335"><ele>2103.5373866100285</ele></trkpt><trkpt lat="45.74068" lon="6.7136"><ele>2104.48</ele></trkpt><trkpt lat="45.74062423325601" lon="6.713517721346234"><ele>2105.0519899190303</ele></trkpt><trkpt lat="45.74057999999998" lon="6.713419999999999"><ele>2105.51</ele></trkpt><trkpt lat="45.74054754215476" lon="6.7132891260276795"><ele>2106.2882962298227</ele></trkpt><trkpt lat="45.7405" lon="6.713180000000001"><ele>2107.32</ele></trkpt><trkpt lat="45.740440303768125" lon="6.713131889666304"><ele>2108.272113154282</ele></trkpt><trkpt lat="45.740378317840815" lon="6.713090058534704"><ele>2109.2385427157305</ele></trkpt><trkpt lat="45.74031462553531" lon="6.7130529110988855"><ele>2110.215160602135</ele></trkpt><trkpt lat="45.74024981017134" lon="6.713018851852541"><ele>2111.1978387312834</ele></trkpt><trkpt lat="45.74018445507129" lon="6.71298628528936"><ele>2112.1824490209656</ele></trkpt><trkpt lat="45.74011914356018" lon="6.712953615903028"><ele>2113.1648633889704</ele></trkpt><trkpt lat="45.74005445896576" lon="6.712919248187238"><ele>2114.1409537530867</ele></trkpt><trkpt lat="45.73999098461847" lon="6.712881586635677"><ele>2115.1065920311044</ele></trkpt><trkpt lat="45.7399293038514" lon="6.712839035742035"><ele>2116.0576501408127</ele></trkpt><trkpt lat="45.739869999999996" lon="6.71279"><ele>2116.99</ele></trkpt><trkpt lat="45.73984093492342" lon="6.712681455541375"><ele>2117.376878973312</ele></trkpt><trkpt lat="45.73982000000001" lon="6.712560000000001"><ele>2118.14</ele></trkpt><trkpt lat="45.73976956091703" lon="6.712486187682839"><ele>2119.8419221789154</ele></trkpt><trkpt lat="45.73971437902481" lon="6.712419554011859"><ele>2121.6758107579008</ele></trkpt><trkpt lat="45.739656643148706" lon="6.712356858697574"><ele>2123.6296142832284</ele></trkpt><trkpt lat="45.739598542122565" lon="6.712294861450496"><ele>2125.6912813011722</ele></trkpt><trkpt lat="45.739542264789144" lon="6.712230321981133"><ele>2127.8487603580047</ele></trkpt><trkpt lat="45.739489999999996" lon="6.71216"><ele>2130.09</ele></trkpt><trkpt lat="45.739442241638656" lon="6.712084014262841"><ele>2132.455103581598</ele></trkpt><trkpt lat="45.73939720082184" lon="6.712005014708982"><ele>2134.9624710693483</ele></trkpt><trkpt lat="45.739353941555294" lon="6.711924006775877"><ele>2137.5537234032404</ele></trkpt><trkpt lat="45.73931152784163" lon="6.711841995900978"><ele>2140.170481523263</ele></trkpt><trkpt lat="45.739269023680464" lon="6.711759987521728"><ele>2142.754366369405</ele></trkpt><trkpt lat="45.73922549306864" lon="6.711678987075587"><ele>2145.2469988816542</ele></trkpt><trkpt lat="45.73917999999999" lon="6.711600000000001"><ele>2147.59</ele></trkpt><trkpt lat="45.73912593705154" lon="6.711527219974431"><ele>2149.356117614356</ele></trkpt><trkpt lat="45.73906824116877" lon="6.711458528970136"><ele>2150.719024556999</ele></trkpt><trkpt lat="45.73902" lon="6.71138"><ele>2152.68</ele></trkpt><trkpt lat="45.73898542971361" lon="6.71128039246911"><ele>2155.8303577993674</ele></trkpt><trkpt lat="45.73895995770912" lon="6.711175039765046"><ele>2159.4105067723904</ele></trkpt><trkpt lat="45.738934506854584" lon="6.71106966717846"><ele>2162.990402359218</ele></trkpt><trkpt lat="45.73890000000001" lon="6.71097"><ele>2166.14</ele></trkpt><trkpt lat="45.73886026438699" lon="6.71088683269702"><ele>2168.504280341493</ele></trkpt><trkpt lat="45.73881706514161" lon="6.710806735241953"><ele>2170.649204311502</ele></trkpt><trkpt lat="45.738771420669785" lon="6.710728855439757"><ele>2172.6510050861925</ele></trkpt><trkpt lat="45.73872434938026" lon="6.710652341095393"><ele>2174.585915841729</ele></trkpt><trkpt lat="45.738676869685186" lon="6.71057634001382"><ele>2176.5301697542764</ele></trkpt><trkpt lat="45.73863000000001" lon="6.7105"><ele>2178.56</ele></trkpt><trkpt lat="45.738587636062604" lon="6.710428124593699"><ele>2180.531492957475</ele></trkpt><trkpt lat="45.7385458981606" lon="6.710355342810003"><ele>2182.542687905027</ele></trkpt><trkpt lat="45.73850427526929" lon="6.710282375752795"><ele>2184.572806282263</ele></trkpt><trkpt lat="45.73846225636246" lon="6.710209944525958"><ele>2186.6010695287923</ele></trkpt><trkpt lat="45.73841933041234" lon="6.710138770233377"><ele>2188.606699084222</ele></trkpt><trkpt lat="45.73837498638961" lon="6.710069573978934"><ele>2190.568916388161</ele></trkpt><trkpt lat="45.73832871326314" lon="6.710003076866514"><ele>2192.466942880218</ele></trkpt><trkpt lat="45.738279999999996" lon="6.709939999999999"><ele>2194.28</ele></trkpt><trkpt lat="45.73820753034764" lon="6.709909697310038"><ele>2195.2751976127693</ele></trkpt><trkpt lat="45.73813000000001" lon="6.7098900000000015"><ele>2196.16</ele></trkpt><trkpt lat="45.73805999999999" lon="6.709780000000001"><ele>2200.16</ele></trkpt><trkpt lat="45.73807000000001" lon="6.709669999999999"><ele>2205.62</ele></trkpt><trkpt lat="45.73802629689718" lon="6.709574783441942"><ele>2209.433371982786</ele></trkpt><trkpt lat="45.73796999999999" lon="6.70949"><ele>2212.64</ele></trkpt><trkpt lat="45.73790514582514" lon="6.709415165377223"><ele>2215.7238917113164</ele></trkpt><trkpt lat="45.73784000000001" lon="6.70934"><ele>2218.55</ele></trkpt><trkpt lat="45.73779286399376" lon="6.709274916019995"><ele>2220.686561783575</ele></trkpt><trkpt lat="45.73774447835536" lon="6.709210759580898"><ele>2222.782184397071</ele></trkpt><trkpt lat="45.73769616291814" lon="6.709146276668455"><ele>2224.8555475572484</ele></trkpt><trkpt lat="45.7376492375199" lon="6.709080213268402"><ele>2226.925330980869</ele></trkpt><trkpt lat="45.737605022002896" lon="6.709011315366483"><ele>2229.0102143846934</ele></trkpt><trkpt lat="45.73756483621321" lon="6.708938328948436"><ele>2231.128877485484</ele></trkpt><trkpt lat="45.737529999999985" lon="6.70886"><ele>2233.3</ele></trkpt><trkpt lat="45.73751487960626" lon="6.708768404164351"><ele>2235.409883762189</ele></trkpt><trkpt lat="45.737523831182145" lon="6.708668444731771"><ele>2237.3552763613216</ele></trkpt><trkpt lat="45.737539999999996" lon="6.70857"><ele>2239.39</ele></trkpt><trkpt lat="45.73758999999999" lon="6.7084600000000005"><ele>2242.47</ele></trkpt><trkpt lat="45.73765921581497" lon="6.708408585138833"><ele>2243.9792510988027</ele></trkpt><trkpt lat="45.737729999999985" lon="6.708359999999998"><ele>2245.36</ele></trkpt><trkpt lat="45.73780578214544" lon="6.708283185897519"><ele>2247.373978325988</ele></trkpt><trkpt lat="45.73787000000001" lon="6.70819"><ele>2249.73</ele></trkpt><trkpt lat="45.73785" lon="6.70812"><ele>2251.37</ele></trkpt><trkpt lat="45.73780744521706" lon="6.708039609739118"><ele>2253.4066160593356</ele></trkpt><trkpt lat="45.73776385801739" lon="6.7079602338843936"><ele>2255.421841241062</ele></trkpt><trkpt lat="45.737718341809796" lon="6.707883241087473"><ele>2257.4211458022573</ele></trkpt><trkpt lat="45.73767" lon="6.70781"><ele>2259.41</ele></trkpt><trkpt lat="45.73761" lon="6.70778"><ele>2260.89</ele></trkpt><trkpt lat="45.73756999999999" lon="6.707830000000001"><ele>2261.67</ele></trkpt><trkpt lat="45.73752000000002" lon="6.70785"><ele>2261.7</ele></trkpt><trkpt lat="45.737449999999995" lon="6.70781"><ele>2264.3</ele></trkpt><trkpt lat="45.7373965498424" lon="6.707760512203866"><ele>2266.1741616543563</ele></trkpt><trkpt lat="45.73734427399638" lon="6.707708033161327"><ele>2267.966384861896</ele></trkpt><trkpt lat="45.73729" lon="6.70766"><ele>2269.63</ele></trkpt><trkpt lat="45.73719000000001" lon="6.70761"><ele>2271.61</ele></trkpt><trkpt lat="45.73712925175589" lon="6.707630226453448"><ele>2271.818365335661</ele></trkpt><trkpt lat="45.73707021259384" lon="6.707663761851475"><ele>2271.7596269040114</ele></trkpt><trkpt lat="45.73700999999999" lon="6.7076899999999995"><ele>2271.99</ele></trkpt><trkpt lat="45.73693641676879" lon="6.707707190303202"><ele>2272.742233392472</ele></trkpt><trkpt lat="45.73686256573408" lon="6.707721541489822"><ele>2273.6316515722783</ele></trkpt><trkpt lat="45.73678850631482" lon="6.707733297524841"><ele>2274.6059530558487</ele></trkpt><trkpt lat="45.736714297930256" lon="6.707742702373241"><ele>2275.6128363596126</ele></trkpt><trkpt lat="45.73664" lon="6.70775"><ele>2276.6</ele></trkpt><trkpt lat="45.73653999999999" lon="6.707729999999999"><ele>2278.06</ele></trkpt><trkpt lat="45.73647851781188" lon="6.707691510923939"><ele>2280.4899582889025</ele></trkpt><trkpt lat="45.73641721409961" lon="6.707652777222875"><ele>2283.0235590141983</ele></trkpt><trkpt lat="45.736356171178926" lon="6.707613503756152"><ele>2285.6318646483846</ele></trkpt><trkpt lat="45.7362954713658" lon="6.707573395383106"><ele>2288.2859376639576</ele></trkpt><trkpt lat="45.73623519697669" lon="6.707532156963081"><ele>2290.956840533414</ele></trkpt><trkpt lat="45.7361754303283" lon="6.707489493355417"><ele>2293.61563572925</ele></trkpt><trkpt lat="45.73611625373772" lon="6.707445109419456"><ele>2296.233385723962</ele></trkpt><trkpt lat="45.73605774952238" lon="6.707398710014535"><ele>2298.7811529900464</ele></trkpt><trkpt lat="45.73599999999999" lon="6.707349999999999"><ele>2301.23</ele></trkpt><trkpt lat="45.735945670738474" lon="6.707299553855138"><ele>2303.5175550142594</ele></trkpt><trkpt lat="45.735893033350074" lon="6.707245358519221"><ele>2305.765708455428</ele></trkpt><trkpt lat="45.73584158850335" lon="6.707188473351555"><ele>2307.971489627112</ele></trkpt><trkpt lat="45.7357908368649" lon="6.707129957711447"><ele>2310.131927832919</ele></trkpt><trkpt lat="45.7357402790995" lon="6.707070870958203"><ele>2312.244052376453</ele></trkpt><trkpt lat="45.73568941587013" lon="6.707012272451132"><ele>2314.3048925613225</ele></trkpt><trkpt lat="45.73563774783793" lon="6.706955221549537"><ele>2316.3114776911325</ele></trkpt><trkpt lat="45.735584775662126" lon="6.706900777612724"><ele>2318.2608370694898</ele></trkpt><trkpt lat="45.73552999999999" lon="6.70685"><ele>2320.15</ele></trkpt><trkpt lat="45.735473658178634" lon="6.706806145135889"><ele>2321.8284213500006</ele></trkpt><trkpt lat="45.735414675145236" lon="6.706768803384693"><ele>2323.267228868789</ele></trkpt><trkpt lat="45.73535386302084" lon="6.706736389065552"><ele>2324.5368257125774</ele></trkpt><trkpt lat="45.73529203392982" lon="6.706707316497607"><ele>2325.7076150375774</ele></trkpt><trkpt lat="45.73523" lon="6.7066799999999995"><ele>2326.85</ele></trkpt><trkpt lat="45.73514" lon="6.7066799999999995"><ele>2327.41</ele></trkpt><trkpt lat="45.73504000000001" lon="6.706590000000001"><ele>2328.05</ele></trkpt><trkpt lat="45.734984878579596" lon="6.70666898401889"><ele>2328.133268591606</ele></trkpt><trkpt lat="45.73494539250741" lon="6.706773182643597"><ele>2328.1083471252837</ele></trkpt><trkpt lat="45.73490000000002" lon="6.706870000000002"><ele>2328.65</ele></trkpt><trkpt lat="45.734851701573085" lon="6.706937822793169"><ele>2329.6307974035194</ele></trkpt><trkpt lat="45.73480143351167" lon="6.707002585979396"><ele>2330.763679974485</ele></trkpt><trkpt lat="45.73474993754783" lon="6.707065416105985"><ele>2332.0040983572426</ele></trkpt><trkpt lat="45.73469795541619" lon="6.707127439720242"><ele>2333.3075031961375</ele></trkpt><trkpt lat="45.73464622885417" lon="6.707189783369468"><ele>2334.629345135515</ele></trkpt><trkpt lat="45.734595499601866" lon="6.7072535736009655"><ele>2335.925074819721</ele></trkpt><trkpt lat="45.73454650940206" lon="6.707319936962042"><ele>2337.150142893101</ele></trkpt><trkpt lat="45.73449999999999" lon="6.70739"><ele>2338.26</ele></trkpt><trkpt lat="45.73445723003799" lon="6.70746274962404"><ele>2339.2258652033747</ele></trkpt><trkpt lat="45.73441694831216" lon="6.707538419586579"><ele>2340.10281430275</ele></trkpt><trkpt lat="45.734378484987175" lon="6.7076162283435075"><ele>2340.917860321073</ele></trkpt><trkpt lat="45.73434117022562" lon="6.707695394350707"><ele>2341.698016281289</ele></trkpt><trkpt lat="45.73430433418813" lon="6.707775136064068"><ele>2342.4702952063435</ele></trkpt><trkpt lat="45.734267307033605" lon="6.7078546719394785"><ele>2343.2617101191827</ele></trkpt><trkpt lat="45.73422941891916" lon="6.707933220432827"><ele>2344.099274042753</ele></trkpt><trkpt lat="45.734190000000005" lon="6.70801"><ele>2345.01</ele></trkpt><trkpt lat="45.734109999999994" lon="6.70812"><ele>2347.49</ele></trkpt><trkpt lat="45.73406999999999" lon="6.70821"><ele>2347.91</ele></trkpt><trkpt lat="45.73401677937854" lon="6.708280156862919"><ele>2348.4080860186905</ele></trkpt><trkpt lat="45.733960860683375" lon="6.708345762957029"><ele>2348.93146672925</ele></trkpt><trkpt lat="45.733900000000006" lon="6.708399999999999"><ele>2349.64</ele></trkpt><trkpt lat="45.73383853611502" lon="6.708430560160173"><ele>2350.506651807549</ele></trkpt><trkpt lat="45.73377385759147" lon="6.708448503724966"><ele>2351.5354245892813</ele></trkpt><trkpt lat="45.733710000000016" lon="6.708470000000001"><ele>2352.71</ele></trkpt><trkpt lat="45.733639999999994" lon="6.70852"><ele>2354.84</ele></trkpt><trkpt lat="45.73356999999997" lon="6.70854"><ele>2356.73</ele></trkpt><trkpt lat="45.733529999999995" lon="6.708580000000001"><ele>2358.64</ele></trkpt><trkpt lat="45.7334608302269" lon="6.708609525043007"><ele>2360.2747115961984</ele></trkpt><trkpt lat="45.73339" lon="6.708630000000001"><ele>2361.83</ele></trkpt><trkpt lat="45.733349999999994" lon="6.70862"><ele>2363.1</ele></trkpt><trkpt lat="45.73331999999998" lon="6.708640000000001"><ele>2363.88</ele></trkpt><trkpt lat="45.7332291355204" lon="6.708653226743329"><ele>2367.4312328741075</ele></trkpt><trkpt lat="45.73313999999998" lon="6.708640000000001"><ele>2369.88</ele></trkpt><trkpt lat="45.733084820523224" lon="6.708597547724048"><ele>2369.564147003106</ele></trkpt><trkpt lat="45.73303478987935" lon="6.708540606833452"><ele>2368.3201721248106</ele></trkpt><trkpt lat="45.73298486430041" lon="6.7084833625261275"><ele>2367.14361118411</ele></trkpt><trkpt lat="45.73293000000001" lon="6.70844"><ele>2367.03</ele></trkpt><trkpt lat="45.73286538058297" lon="6.708412412305298"><ele>2368.3132671500125</ele></trkpt><trkpt lat="45.7327994515321" lon="6.708394725548089"><ele>2370.296242771129</ele></trkpt><trkpt lat="45.73273283218828" lon="6.708381832638232"><ele>2372.6085848172397</ele></trkpt><trkpt lat="45.73266614189532" lon="6.7083686264855835"><ele>2374.8799512422333</ele></trkpt><trkpt lat="45.732599999999984" lon="6.70835"><ele>2376.74</ele></trkpt><trkpt lat="45.73253985805233" lon="6.708323923397653"><ele>2377.868319616837</ele></trkpt><trkpt lat="45.732480440844945" lon="6.708292635839941"><ele>2378.6291351448926</ele></trkpt><trkpt lat="45.73242080321609" lon="6.708262530362258"><ele>2379.3403831005016</ele></trkpt><trkpt lat="45.73236" lon="6.708240000000001"><ele>2380.32</ele></trkpt><trkpt lat="45.73233999999999" lon="6.708279999999999"><ele>2381.88</ele></trkpt><trkpt lat="45.73226000000001" lon="6.7083"><ele>2383</ele></trkpt><trkpt lat="45.732189989376145" lon="6.708288560525937"><ele>2383.3677955371286</ele></trkpt><trkpt lat="45.732120000000016" lon="6.708279999999999"><ele>2383.55</ele></trkpt><trkpt lat="45.73205271159387" lon="6.708287477119395"><ele>2383.686850018803</ele></trkpt><trkpt lat="45.731985584388724" lon="6.708297984807537"><ele>2383.795332616084</ele></trkpt><trkpt lat="45.73191855077401" lon="6.708310209299299"><ele>2383.8896696695683</ele></trkpt><trkpt lat="45.73185154313907" lon="6.708322836829552"><ele>2383.9840830569783</ele></trkpt><trkpt lat="45.73178449387275" lon="6.708334553633172"><ele>2384.0927946560378</ele></trkpt><trkpt lat="45.73171733536364" lon="6.70834404594503"><ele>2384.2300263444704</ele></trkpt><trkpt lat="45.731650000000016" lon="6.70835"><ele>2384.41</ele></trkpt><trkpt lat="45.731580000000015" lon="6.708309999999999"><ele>2385.2</ele></trkpt><trkpt lat="45.73145999999998" lon="6.70833"><ele>2388.93</ele></trkpt><trkpt lat="45.73139655076788" lon="6.708387064996647"><ele>2390.545282510885</ele></trkpt><trkpt lat="45.731336461947215" lon="6.708453970014846"><ele>2391.9038065866794</ele></trkpt><trkpt lat="45.73126999999999" lon="6.708499999999999"><ele>2392.81</ele></trkpt><trkpt lat="45.73120358813332" lon="6.708510233980444"><ele>2393.0686581301584</ele></trkpt><trkpt lat="45.73113593131523" lon="6.708503664350923"><ele>2392.947026454821</ele></trkpt><trkpt lat="45.73106780883857" lon="6.708492762545939"><ele>2392.7568815520726</ele></trkpt><trkpt lat="45.73099999999999" lon="6.708489999999999"><ele>2392.81</ele></trkpt><trkpt lat="45.7309" lon="6.70853"><ele>2394.34</ele></trkpt><trkpt lat="45.730830000000005" lon="6.70867"><ele>2396.99</ele></trkpt><trkpt lat="45.730830000000005" lon="6.708749999999999"><ele>2399.13</ele></trkpt><trkpt lat="45.73085999999999" lon="6.708800000000001"><ele>2400.62</ele></trkpt><trkpt lat="45.73085000000001" lon="6.708840000000002"><ele>2401.88</ele></trkpt><trkpt lat="45.73078000000001" lon="6.70886"><ele>2401.24</ele></trkpt><trkpt lat="45.730729999999994" lon="6.708960000000001"><ele>2404.4</ele></trkpt><trkpt lat="45.730650000000004" lon="6.709"><ele>2405.27</ele></trkpt><trkpt lat="45.73059" lon="6.70901"><ele>2405.25</ele></trkpt><trkpt lat="45.730539999999976" lon="6.709060000000001"><ele>2406.2</ele></trkpt><trkpt lat="45.730459999999994" lon="6.70902"><ele>2404.83</ele></trkpt><trkpt lat="45.730397773047834" lon="6.709046086919409"><ele>2404.642796476471</ele></trkpt><trkpt lat="45.730336254613235" lon="6.709075929395573"><ele>2404.507295075432</ele></trkpt><trkpt lat="45.73027558139318" lon="6.709109384685108"><ele>2404.4358802620745</ele></trkpt><trkpt lat="45.73021589008542" lon="6.709146310044617"><ele>2404.440936501589</ele></trkpt><trkpt lat="45.73015731738813" lon="6.709186562730713"><ele>2404.534848259167</ele></trkpt><trkpt lat="45.73009999999999" lon="6.70923"><ele>2404.73</ele></trkpt><trkpt lat="45.73012" lon="6.70929"><ele>2406.33</ele></trkpt><trkpt lat="45.730079999999994" lon="6.70935"><ele>2407.74</ele></trkpt><trkpt lat="45.73001055763978" lon="6.709363332282507"><ele>2407.648196012238</ele></trkpt><trkpt lat="45.72993999999997" lon="6.709369999999999"><ele>2407.28</ele></trkpt><trkpt lat="45.72987" lon="6.7094"><ele>2407.14</ele></trkpt><trkpt lat="45.72983050934466" lon="6.709500835202511"><ele>2407.862082530641</ele></trkpt><trkpt lat="45.72979919798665" lon="6.709608936661899"><ele>2408.70911851037</ele></trkpt><trkpt lat="45.72976" lon="6.709709999999999"><ele>2409.57</ele></trkpt><trkpt lat="45.72970123408533" lon="6.709776553946361"><ele>2410.215450962221</ele></trkpt><trkpt lat="45.72964" lon="6.70984"><ele>2411.08</ele></trkpt><trkpt lat="45.72959988076304" lon="6.709934785091621"><ele>2412.802515180366</ele></trkpt><trkpt lat="45.72955999999999" lon="6.710029999999999"><ele>2414.41</ele></trkpt><trkpt lat="45.72950608848465" lon="6.710091419867968"><ele>2414.7266171121437</ele></trkpt><trkpt lat="45.72944999999999" lon="6.71015"><ele>2414.87</ele></trkpt><trkpt lat="45.7294" lon="6.710249999999999"><ele>2416.21</ele></trkpt><trkpt lat="45.72933388004275" lon="6.710254320466886"><ele>2416.1837095537617</ele></trkpt><trkpt lat="45.72926768374097" lon="6.710252583221458"><ele>2416.1030383483017</ele></trkpt><trkpt lat="45.729201430689216" lon="6.710246664196029"><ele>2415.975539684121</ele></trkpt><trkpt lat="45.72913514048224" lon="6.71023843932292"><ele>2415.808766861723</ele></trkpt><trkpt lat="45.7290688327149" lon="6.710229784534445"><ele>2415.6102731816095</ele></trkpt><trkpt lat="45.729002526982065" lon="6.710222575762922"><ele>2415.387611944283</ele></trkpt><trkpt lat="45.72893624287873" lon="6.710218688940667"><ele>2415.1483364502456</ele></trkpt><trkpt lat="45.728869999999965" lon="6.71022"><ele>2414.9</ele></trkpt><trkpt lat="45.728802684320335" lon="6.710242182248717"><ele>2414.6932470258016</ele></trkpt><trkpt lat="45.72873704718762" lon="6.710278983175716"><ele>2414.3386541216723</ele></trkpt><trkpt lat="45.72866999999999" lon="6.710299999999999"><ele>2413.45</ele></trkpt><trkpt lat="45.728604441060526" lon="6.710293744552375"><ele>2411.911740950362</ele></trkpt><trkpt lat="45.72853980871486" lon="6.710275436230055"><ele>2409.991042379389</ele></trkpt><trkpt lat="45.72847527201272" lon="6.710254409792709"><ele>2408.0148226187216</ele></trkpt><trkpt lat="45.728409999999975" lon="6.71024"><ele>2406.31</ele></trkpt><trkpt lat="45.72834" lon="6.71026"><ele>2406.14</ele></trkpt><trkpt lat="45.72825000000001" lon="6.71034"><ele>2407.15</ele></trkpt><trkpt lat="45.72816000000001" lon="6.71034"><ele>2405.76</ele></trkpt><trkpt lat="45.72808" lon="6.710390000000001"><ele>2405.91</ele></trkpt><trkpt lat="45.728030000000004" lon="6.71052"><ele>2408.94</ele></trkpt><trkpt lat="45.72802418062434" lon="6.710641848068683"><ele>2412.0558650492703</ele></trkpt><trkpt lat="45.72801" lon="6.71076"><ele>2414.56</ele></trkpt><trkpt lat="45.727919999999976" lon="6.71083"><ele>2413.21</ele></trkpt><trkpt lat="45.72787" lon="6.710939999999999"><ele>2415.19</ele></trkpt><trkpt lat="45.727807864741735" lon="6.71097471646163"><ele>2415.515708244096</ele></trkpt><trkpt lat="45.72774336201154" lon="6.711000716976145"><ele>2415.6382713835283</ele></trkpt><trkpt lat="45.72767792690718" lon="6.711023359259843"><ele>2415.687980400913</ele></trkpt><trkpt lat="45.72761299453299" lon="6.7110480010290265"><ele>2415.795126278865</ele></trkpt><trkpt lat="45.72754999999999" lon="6.71108"><ele>2416.09</ele></trkpt><trkpt lat="45.72748065453298" lon="6.71115243682444"><ele>2417.4489725887797</ele></trkpt><trkpt lat="45.72740999999999" lon="6.71122"><ele>2418.42</ele></trkpt><trkpt lat="45.72734117342491" lon="6.711244958274398"><ele>2417.9254967858687</ele></trkpt><trkpt lat="45.72727077879474" lon="6.711260332996038"><ele>2417.0119079592937</ele></trkpt><trkpt lat="45.727199797449735" lon="6.711272228580479"><ele>2415.978570739784</ele></trkpt><trkpt lat="45.7271292107348" lon="6.71128674944328"><ele>2415.12482234685</ele></trkpt><trkpt lat="45.72705999999998" lon="6.711309999999999"><ele>2414.75</ele></trkpt><trkpt lat="45.726998318932985" lon="6.7113529259097335"><ele>2415.7738721308083</ele></trkpt><trkpt lat="45.72694999999998" lon="6.711419999999999"><ele>2418.18</ele></trkpt><trkpt lat="45.72696999999998" lon="6.71149"><ele>2421.17</ele></trkpt><trkpt lat="45.726935595071396" lon="6.711590528180441"><ele>2421.8222813033008</ele></trkpt><trkpt lat="45.72689378477114" lon="6.7116861600487345"><ele>2421.926777659459</ele></trkpt><trkpt lat="45.72685000000002" lon="6.711780000000001"><ele>2422.12</ele></trkpt><trkpt lat="45.726812388643474" lon="6.711864571307756"><ele>2422.6413595066438</ele></trkpt><trkpt lat="45.72677508804409" lon="6.711949659232033"><ele>2423.299331069016</ele></trkpt><trkpt lat="45.72673659312518" lon="6.712033461502432"><ele>2423.936622878066</ele></trkpt><trkpt lat="45.726695398805674" lon="6.712114175848555"><ele>2424.3959431247436</ele></trkpt><trkpt lat="45.72664999999999" lon="6.71219"><ele>2424.52</ele></trkpt><trkpt lat="45.726539999999986" lon="6.71225"><ele>2421.5</ele></trkpt><trkpt lat="45.72648" lon="6.71232"><ele>2421.45</ele></trkpt><trkpt lat="45.72641666917042" lon="6.712317330450945"><ele>2420.259755834575</ele></trkpt><trkpt lat="45.726353472198745" lon="6.712301217254564"><ele>2418.8710158887925</ele></trkpt><trkpt lat="45.72629000000002" lon="6.712290000000001"><ele>2417.53</ele></trkpt><trkpt lat="45.72624" lon="6.71231"><ele>2416.8</ele></trkpt><trkpt lat="45.726210907318546" lon="6.712395652376838"><ele>2416.5498853011536</ele></trkpt><trkpt lat="45.72618782218378" lon="6.7124867028931146"><ele>2416.4135089853935</ele></trkpt><trkpt lat="45.72615" lon="6.712560000000001"><ele>2416.2</ele></trkpt><trkpt lat="45.72609250209953" lon="6.712603053536421"><ele>2415.7945990239855</ele></trkpt><trkpt lat="45.726028333760766" lon="6.712627682615777"><ele>2415.3153214645927</ele></trkpt><trkpt lat="45.725962498535935" lon="6.712648470387244"><ele>2414.9133831729037</ele></trkpt><trkpt lat="45.7259" lon="6.712679999999999"><ele>2414.74</ele></trkpt><trkpt lat="45.72581" lon="6.7128"><ele>2416.15</ele></trkpt><trkpt lat="45.725798325144346" lon="6.712895202082237"><ele>2418.5767726266995</ele></trkpt><trkpt lat="45.72579860182431" lon="6.712993736365612"><ele>2421.3699423637195</ele></trkpt><trkpt lat="45.725790000000025" lon="6.713089999999999"><ele>2424.03</ele></trkpt><trkpt lat="45.72572" lon="6.713220000000001"><ele>2427.08</ele></trkpt><trkpt lat="45.72563999999999" lon="6.71332"><ele>2426.97</ele></trkpt><trkpt lat="45.72565000000001" lon="6.713430000000001"><ele>2429.8</ele></trkpt><trkpt lat="45.72562999999998" lon="6.71356"><ele>2433.58</ele></trkpt><trkpt lat="45.72557711694691" lon="6.713656719616551"><ele>2435.1074425190545</ele></trkpt><trkpt lat="45.72552" lon="6.713749999999999"><ele>2436.21</ele></trkpt><trkpt lat="45.7255" lon="6.7138100000000005"><ele>2436.79</ele></trkpt><trkpt lat="45.72552703190494" lon="6.71391961778597"><ele>2438.971502072807</ele></trkpt><trkpt lat="45.72555000000002" lon="6.71403"><ele>2441.02</ele></trkpt><trkpt lat="45.72554959920552" lon="6.714144548253518"><ele>2442.5495699069556</ele></trkpt><trkpt lat="45.72553982399688" lon="6.714258835054297"><ele>2443.8520527617557</ele></trkpt><trkpt lat="45.72552" lon="6.71437"><ele>2445</ele></trkpt><trkpt lat="45.72548321392366" lon="6.714475238808645"><ele>2445.9989498931986</ele></trkpt><trkpt lat="45.72543699351549" lon="6.714574692956934"><ele>2446.8165312858914</ele></trkpt><trkpt lat="45.72540000000001" lon="6.7146799999999995"><ele>2447.57</ele></trkpt><trkpt lat="45.725385706073475" lon="6.714774571151536"><ele>2448.0501258040986</ele></trkpt><trkpt lat="45.72538129004858" lon="6.714872205324941"><ele>2448.44721429171</ele></trkpt><trkpt lat="45.72538000000001" lon="6.714970000000001"><ele>2449.07</ele></trkpt><trkpt lat="45.7253794859783" lon="6.715071274575217"><ele>2450.218276282882</ele></trkpt><trkpt lat="45.72539" lon="6.71517"><ele>2451.81</ele></trkpt><trkpt lat="45.72542832032493" lon="6.715286022981577"><ele>2454.2783641801966</ele></trkpt><trkpt lat="45.72547000000001" lon="6.715400000000001"><ele>2456.98</ele></trkpt><trkpt lat="45.725494931174225" lon="6.715503125502926"><ele>2459.5381691201837</ele></trkpt><trkpt lat="45.725509999999986" lon="6.715609999999998"><ele>2461.9</ele></trkpt><trkpt lat="45.72551122825171" lon="6.715710464582133"><ele>2463.2685649912905</ele></trkpt><trkpt lat="45.7255" lon="6.715809999999999"><ele>2464.26</ele></trkpt><trkpt lat="45.72545" lon="6.715940000000001"><ele>2465.31</ele></trkpt><trkpt lat="45.72549000000001" lon="6.71608"><ele>2469.43</ele></trkpt><trkpt lat="45.72543999999999" lon="6.716150000000001"><ele>2472.46</ele></trkpt><trkpt lat="45.725340000000024" lon="6.716069999999999"><ele>2473.82</ele></trkpt><trkpt lat="45.725274900301926" lon="6.716066651949261"><ele>2474.2565811242207</ele></trkpt><trkpt lat="45.72521002570936" lon="6.716078047596445"><ele>2474.5828455770525</ele></trkpt><trkpt lat="45.725149999999985" lon="6.71611"><ele>2474.99</ele></trkpt><trkpt lat="45.72510191644991" lon="6.716184590619013"><ele>2475.673133195247</ele></trkpt><trkpt lat="45.725063197805284" lon="6.716276179956532"><ele>2476.395965229956</ele></trkpt><trkpt lat="45.72501000000002" lon="6.71633"><ele>2476.83</ele></trkpt><trkpt lat="45.7249415879422" lon="6.716324698489354"><ele>2476.878276580803</ele></trkpt><trkpt lat="45.724874739971256" lon="6.716288869417767"><ele>2476.711877433929</ele></trkpt><trkpt lat="45.72480802201642" lon="6.7162436056372945"><ele>2476.4145395700916</ele></trkpt><trkpt lat="45.72474" lon="6.71621"><ele>2476.07</ele></trkpt><trkpt lat="45.724663561987725" lon="6.716186741946789"><ele>2475.4364227687483</ele></trkpt><trkpt lat="45.724586276079116" lon="6.716171896186448"><ele>2474.672362696094</ele></trkpt><trkpt lat="45.72451" lon="6.71618"><ele>2474.37</ele></trkpt><trkpt lat="45.724450595094396" lon="6.716223417521294"><ele>2475.009349986274</ele></trkpt><trkpt lat="45.72439760979926" lon="6.7162880264571445"><ele>2476.1013360663715</ele></trkpt><trkpt lat="45.72433999999999" lon="6.71634"><ele>2476.74</ele></trkpt><trkpt lat="45.724274416956426" lon="6.716359166638034"><ele>2476.4253561787473</ele></trkpt><trkpt lat="45.724206433442575" lon="6.716364495684656"><ele>2475.653543176092</ele></trkpt><trkpt lat="45.72414000000001" lon="6.716379999999999"><ele>2475.01</ele></trkpt><trkpt lat="45.7240546684553" lon="6.716427158099227"><ele>2474.882615933565</ele></trkpt><trkpt lat="45.72397999999997" lon="6.7165"><ele>2474.59</ele></trkpt><trkpt lat="45.723931941439176" lon="6.716583901397875"><ele>2473.631209867006</ele></trkpt><trkpt lat="45.723891531063956" lon="6.716677306679111"><ele>2472.411602039193</ele></trkpt><trkpt lat="45.723850355163194" lon="6.7167695586207925"><ele>2471.278693191783</ele></trkpt><trkpt lat="45.72379999999999" lon="6.71685"><ele>2470.58</ele></trkpt><trkpt lat="45.72374609320212" lon="6.716912276505503"><ele>2470.5935701401677</ele></trkpt><trkpt lat="45.72368884550912" lon="6.716969525511346"><ele>2471.055761565753</ele></trkpt><trkpt lat="45.72362855121471" lon="6.717019636264435"><ele>2471.608167921254</ele></trkpt><trkpt lat="45.72356550461323" lon="6.717060498011685"><ele>2471.89238285117</ele></trkpt><trkpt lat="45.7235" lon="6.71709"><ele>2471.55</ele></trkpt><trkpt lat="45.72343302164672" lon="6.717110225452338"><ele>2470.6842914108615</ele></trkpt><trkpt lat="45.72336554469271" lon="6.717125334447775"><ele>2469.6582971312114</ele></trkpt><trkpt lat="45.72329767097515" lon="6.717136393536621"><ele>2468.5011833440867</ele></trkpt><trkpt lat="45.72322950233172" lon="6.717144469269184"><ele>2467.242116232523</ele></trkpt><trkpt lat="45.7231611406006" lon="6.717150628195774"><ele>2465.9102619795585</ele></trkpt><trkpt lat="45.72309268762044" lon="6.7171559368667015"><ele>2464.5347867682285</ele></trkpt><trkpt lat="45.72302424523039" lon="6.717161461832279"><ele>2463.1448567815714</ele></trkpt><trkpt lat="45.72295591527011" lon="6.717168269642814"><ele>2461.769638202623</ele></trkpt><trkpt lat="45.72288779957979" lon="6.717177426848619"><ele>2460.4382972144203</ele></trkpt><trkpt lat="45.72282000000001" lon="6.71719"><ele>2459.18</ele></trkpt><trkpt lat="45.72274641609907" lon="6.717210250385018"><ele>2457.9089134495166</ele></trkpt><trkpt lat="45.722673716799996" lon="6.71723712392212"><ele>2456.700679590094</ele></trkpt><trkpt lat="45.722601659101265" lon="6.717267935498163"><ele>2455.4771059356244</ele></trkpt><trkpt lat="45.72253000000001" lon="6.717300000000001"><ele>2454.16</ele></trkpt><trkpt lat="45.7224618621686" lon="6.717334105491116"><ele>2452.8011135962925</ele></trkpt><trkpt lat="45.72239462481061" lon="6.717372388322354"><ele>2451.4000856752955</ele></trkpt><trkpt lat="45.72232745637028" lon="6.717410618408032"><ele>2449.956500956153</ele></trkpt><trkpt lat="45.722259525288024" lon="6.717444565662474"><ele>2448.469944158007</ele></trkpt><trkpt lat="45.72219000000001" lon="6.717469999999999"><ele>2446.94</ele></trkpt><trkpt lat="45.722106015596715" lon="6.717442446043821"><ele>2444.9700028456473</ele></trkpt><trkpt lat="45.72202999999999" lon="6.71744"><ele>2443.17</ele></trkpt><trkpt lat="45.72202779009963" lon="6.717525907286514"><ele>2443.2878825137886</ele></trkpt><trkpt lat="45.722049999999996" lon="6.717629999999999"><ele>2443.84</ele></trkpt><trkpt lat="45.722041838697905" lon="6.71772788844156"><ele>2443.413345219845</ele></trkpt><trkpt lat="45.72202830106628" lon="6.717824997464823"><ele>2442.7961701200284</ele></trkpt><trkpt lat="45.72201561290027" lon="6.717922107755674"><ele>2442.1009099601984</ele></trkpt><trkpt lat="45.72201000000001" lon="6.71802"><ele>2441.44</ele></trkpt><trkpt lat="45.722049999999996" lon="6.71809"><ele>2441.01</ele></trkpt><trkpt lat="45.722058114852835" lon="6.718195999163525"><ele>2438.785467112631</ele></trkpt><trkpt lat="45.722069999999995" lon="6.718300000000001"><ele>2436.55</ele></trkpt><trkpt lat="45.722139999999996" lon="6.718389999999999"><ele>2435.49</ele></trkpt><trkpt lat="45.722150858965996" lon="6.718479133296963"><ele>2433.7254106440514</ele></trkpt><trkpt lat="45.72215043577773" lon="6.71857024404397"><ele>2431.8056666206367</ele></trkpt><trkpt lat="45.722139999999996" lon="6.71866"><ele>2430.15</ele></trkpt><trkpt lat="45.722069999999995" lon="6.7188"><ele>2429.04</ele></trkpt><trkpt lat="45.722009424836216" lon="6.718834106634889"><ele>2428.2605876683488</ele></trkpt><trkpt lat="45.72194504679022" lon="6.718855263012043"><ele>2427.4778036883095</ele></trkpt><trkpt lat="45.72188064534483" lon="6.718876287883175"><ele>2426.6511178641153</ele></trkpt><trkpt lat="45.72182" lon="6.71891"><ele>2425.74</ele></trkpt><trkpt lat="45.72175756327777" lon="6.718964875662482"><ele>2424.6207024659216</ele></trkpt><trkpt lat="45.721698895617536" lon="6.719028236614493"><ele>2423.44312489374</ele></trkpt><trkpt lat="45.72164328014938" lon="6.7190974792592595"><ele>2422.2214848746885</ele></trkpt><trkpt lat="45.721589999999985" lon="6.71917"><ele>2420.97</ele></trkpt><trkpt lat="45.721548605814085" lon="6.719244232364452"><ele>2419.777793813133</ele></trkpt><trkpt lat="45.72152000000001" lon="6.719329999999999"><ele>2418.51</ele></trkpt><trkpt lat="45.721509999999995" lon="6.719500000000001"><ele>2416.2</ele></trkpt><trkpt lat="45.72147000000002" lon="6.71963"><ele>2412.74</ele></trkpt><trkpt lat="45.72145633779416" lon="6.719725830637214"><ele>2409.2551612813986</ele></trkpt><trkpt lat="45.72144" lon="6.71982"><ele>2405.67</ele></trkpt><trkpt lat="45.72138999999998" lon="6.71991"><ele>2402.57</ele></trkpt><trkpt lat="45.721329999999995" lon="6.719890000000002"><ele>2401.89</ele></trkpt><trkpt lat="45.72129000000002" lon="6.71992"><ele>2400.2</ele></trkpt><trkpt lat="45.72130000000001" lon="6.720019999999999"><ele>2398.72</ele></trkpt><trkpt lat="45.72137" lon="6.720120000000001"><ele>2397.47</ele></trkpt><trkpt lat="45.72135" lon="6.72017"><ele>2396.54</ele></trkpt><trkpt lat="45.7212579340244" lon="6.7201727937989695"><ele>2394.560861073887</ele></trkpt><trkpt lat="45.72117" lon="6.72019"><ele>2392.3</ele></trkpt><trkpt lat="45.72115" lon="6.72032"><ele>2389.41</ele></trkpt><trkpt lat="45.72108686600036" lon="6.720321685668151"><ele>2387.88507662181</ele></trkpt><trkpt lat="45.721019999999996" lon="6.7203100000000004"><ele>2386.6</ele></trkpt><trkpt lat="45.720939999999985" lon="6.72038"><ele>2383.95</ele></trkpt><trkpt lat="45.72093000000002" lon="6.72045"><ele>2383.17</ele></trkpt><trkpt lat="45.720939999999985" lon="6.72052"><ele>2381.95</ele></trkpt><trkpt lat="45.72099999999999" lon="6.72062"><ele>2381.55</ele></trkpt><trkpt lat="45.72099999999999" lon="6.72073"><ele>2380.19</ele></trkpt><trkpt lat="45.72095582108555" lon="6.720815388591059"><ele>2378.4410202154863</ele></trkpt><trkpt lat="45.72091000000002" lon="6.7209"><ele>2377.07</ele></trkpt><trkpt lat="45.72089267046449" lon="6.720997398296752"><ele>2377.045540576861</ele></trkpt><trkpt lat="45.720869999999984" lon="6.721089999999999"><ele>2377.19</ele></trkpt><trkpt lat="45.72077999999998" lon="6.72114"><ele>2375.86</ele></trkpt><trkpt lat="45.72069999999997" lon="6.72122"><ele>2373.49</ele></trkpt><trkpt lat="45.72061" lon="6.721169999999999"><ele>2370.9</ele></trkpt><trkpt lat="45.72054000000001" lon="6.721089999999999"><ele>2368.34</ele></trkpt><trkpt lat="45.720489999999984" lon="6.7211"><ele>2365.44</ele></trkpt><trkpt lat="45.72048000000002" lon="6.721149999999998"><ele>2366.12</ele></trkpt><trkpt lat="45.72049839284485" lon="6.72126387587442"><ele>2365.4780397083982</ele></trkpt><trkpt lat="45.720520281652774" lon="6.721376575875"><ele>2364.643698858562</ele></trkpt><trkpt lat="45.72054000000001" lon="6.72149"><ele>2363.82</ele></trkpt><trkpt lat="45.72054000000001" lon="6.72156"><ele>2363.43</ele></trkpt><trkpt lat="45.72046000000002" lon="6.72162"><ele>2361.3</ele></trkpt><trkpt lat="45.72038351226809" lon="6.72163996977646"><ele>2360.051987766794</ele></trkpt><trkpt lat="45.720309999999984" lon="6.72167"><ele>2359.09</ele></trkpt><trkpt lat="45.72024008372206" lon="6.721751448527702"><ele>2358.42257146632</ele></trkpt><trkpt lat="45.720180000000006" lon="6.72185"><ele>2357.94</ele></trkpt><trkpt lat="45.720140546366444" lon="6.721931075701317"><ele>2357.5295297831844</ele></trkpt><trkpt lat="45.72010413937968" lon="6.7220155663822165"><ele>2357.1234284543234</ele></trkpt><trkpt lat="45.72005999999999" lon="6.72209"><ele>2356.66</ele></trkpt><trkpt lat="45.71999975402367" lon="6.722146109086409"><ele>2356.1165124148492</ele></trkpt><trkpt lat="45.71993351767283" lon="6.722189969467619"><ele>2355.5330060570786</ele></trkpt><trkpt lat="45.71987" lon="6.722240000000001"><ele>2354.86</ele></trkpt><trkpt lat="45.719829999999995" lon="6.722319999999999"><ele>2353.81</ele></trkpt><trkpt lat="45.719819999999984" lon="6.72238"><ele>2353.32</ele></trkpt><trkpt lat="45.71974878684765" lon="6.722443593225385"><ele>2351.429195484392</ele></trkpt><trkpt lat="45.71967999999996" lon="6.72251"><ele>2349.17</ele></trkpt><trkpt lat="45.719649999999994" lon="6.72263"><ele>2345.45</ele></trkpt><trkpt lat="45.719710000000006" lon="6.72271"><ele>2344.48</ele></trkpt><trkpt lat="45.71979978708604" lon="6.7227365909647085"><ele>2345.074143577848</ele></trkpt><trkpt lat="45.71985" lon="6.72279"><ele>2345.51</ele></trkpt><trkpt lat="45.719810015354874" lon="6.722857132574205"><ele>2345.031315063363</ele></trkpt><trkpt lat="45.71974022799274" lon="6.722896019866773"><ele>2344.352963019458</ele></trkpt><trkpt lat="45.71967999999996" lon="6.72295"><ele>2343.81</ele></trkpt><trkpt lat="45.7196393321292" lon="6.723036292612389"><ele>2343.4546132124774</ele></trkpt><trkpt lat="45.719605460760896" lon="6.723129570207648"><ele>2343.1556621978457</ele></trkpt><trkpt lat="45.71957448888675" lon="6.7232257062649055"><ele>2342.8949361626946</ele></trkpt><trkpt lat="45.71954251948857" lon="6.723320574263294"><ele>2342.65422431361</ele></trkpt><trkpt lat="45.71950565553912" lon="6.7234100476819485"><ele>2342.4153158571826</ele></trkpt><trkpt lat="45.719460000000005" lon="6.723489999999999"><ele>2342.16</ele></trkpt><trkpt lat="45.71940663226343" lon="6.723556034434863"><ele>2341.9338165870236</ele></trkpt><trkpt lat="45.71934794920962" lon="6.723612422979369"><ele>2341.758459427842</ele></trkpt><trkpt lat="45.71928581356851" lon="6.723662603423618"><ele>2341.599812309916</ele></trkpt><trkpt lat="45.71922208807733" lon="6.723710013557706"><ele>2341.4237590207085</ele></trkpt><trkpt lat="45.719158635481605" lon="6.72375809117173"><ele>2341.196183347679</ele></trkpt><trkpt lat="45.7190973185352" lon="6.723810274055797"><ele>2340.8829690782886</ele></trkpt><trkpt lat="45.71904" lon="6.72387"><ele>2340.45</ele></trkpt><trkpt lat="45.71898841106086" lon="6.723949830450042"><ele>2339.512585030496</ele></trkpt><trkpt lat="45.718947309869094" lon="6.724043125001324"><ele>2338.1914834046693</ele></trkpt><trkpt lat="45.718909999999994" lon="6.724139999999999"><ele>2337.09</ele></trkpt><trkpt lat="45.718889999999995" lon="6.72425"><ele>2337.3</ele></trkpt><trkpt lat="45.7188545623394" lon="6.72432974206709"><ele>2336.55821575539</ele></trkpt><trkpt lat="45.718819999999994" lon="6.72441"><ele>2335.7</ele></trkpt><trkpt lat="45.71879189362064" lon="6.724505762855107"><ele>2335.0276143261576</ele></trkpt><trkpt lat="45.718766061947726" lon="6.724602925857621"><ele>2334.422457686113</ele></trkpt><trkpt lat="45.71874219930116" lon="6.724701125931325"><ele>2333.786072203012</ele></trkpt><trkpt lat="45.71871999999998" lon="6.724800000000001"><ele>2333.02</ele></trkpt><trkpt lat="45.71870154411615" lon="6.724904005051389"><ele>2331.8012144434488</ele></trkpt><trkpt lat="45.71868999999999" lon="6.725010000000001"><ele>2330.47</ele></trkpt><trkpt lat="45.71868999999999" lon="6.72518"><ele>2329.03</ele></trkpt><trkpt lat="45.718703183749284" lon="6.725270079262679"><ele>2329.2707967576666</ele></trkpt><trkpt lat="45.718709999999994" lon="6.725360000000001"><ele>2329.61</ele></trkpt><trkpt lat="45.71866999999999" lon="6.72542"><ele>2328.96</ele></trkpt><trkpt lat="45.71858000000002" lon="6.725440000000001"><ele>2327.25</ele></trkpt><trkpt lat="45.71848" lon="6.72541"><ele>2325.23</ele></trkpt><trkpt lat="45.71841606094378" lon="6.725412655968808"><ele>2323.8446926114566</ele></trkpt><trkpt lat="45.71835240660804" lon="6.725421978604281"><ele>2322.426406306102</ele></trkpt><trkpt lat="45.71829000000001" lon="6.725440000000001"><ele>2320.88</ele></trkpt><trkpt lat="45.71822343878541" lon="6.725479294137314"><ele>2318.7759193799498</ele></trkpt><trkpt lat="45.718160000000005" lon="6.725529999999999"><ele>2316.68</ele></trkpt><trkpt lat="45.71809645502329" lon="6.725590122316214"><ele>2315.013873868014</ele></trkpt><trkpt lat="45.718030000000006" lon="6.725639999999999"><ele>2313.32</ele></trkpt><trkpt lat="45.71796490189437" lon="6.725640217215534"><ele>2311.5406203497214</ele></trkpt><trkpt lat="45.71789999999997" lon="6.725639999999999"><ele>2309.53</ele></trkpt><trkpt lat="45.717860000000016" lon="6.725710000000001"><ele>2307.35</ele></trkpt><trkpt lat="45.717850000000006" lon="6.725879999999999"><ele>2306.47</ele></trkpt><trkpt lat="45.71782000000001" lon="6.725950000000001"><ele>2304.97</ele></trkpt><trkpt lat="45.717780000000005" lon="6.72593"><ele>2303.64</ele></trkpt><trkpt lat="45.71773000000001" lon="6.7258"><ele>2301.84</ele></trkpt><trkpt lat="45.71768229309659" lon="6.725721831117704"><ele>2300.34928802448</ele></trkpt><trkpt lat="45.71762999999997" lon="6.72565"><ele>2298.68</ele></trkpt><trkpt lat="45.717600000000004" lon="6.725630000000001"><ele>2297.41</ele></trkpt><trkpt lat="45.71754" lon="6.72568"><ele>2294.55</ele></trkpt><trkpt lat="45.71756" lon="6.7259"><ele>2292.29</ele></trkpt><trkpt lat="45.717499999999994" lon="6.725950000000001"><ele>2288.77</ele></trkpt><trkpt lat="45.71743000000002" lon="6.725879999999999"><ele>2286.31</ele></trkpt><trkpt lat="45.71742536991424" lon="6.725985332680301"><ele>2285.2017042871726</ele></trkpt><trkpt lat="45.71742000000001" lon="6.72609"><ele>2284.18</ele></trkpt><trkpt lat="45.71734" lon="6.726030000000001"><ele>2281.64</ele></trkpt><trkpt lat="45.71727557964998" lon="6.726009329673078"><ele>2281.1486398947477</ele></trkpt><trkpt lat="45.717210144970615" lon="6.725992944649761"><ele>2280.936363296415</ele></trkpt><trkpt lat="45.71715000000001" lon="6.725959999999999"><ele>2280.08</ele></trkpt><trkpt lat="45.717110000000005" lon="6.725829999999999"><ele>2275.47</ele></trkpt><trkpt lat="45.717038253968255" lon="6.72579593572528"><ele>2273.3694275517355</ele></trkpt><trkpt lat="45.71696312059552" lon="6.725775386848032"><ele>2271.6576409319614</ele></trkpt><trkpt lat="45.71688642692258" lon="6.725762144546766"><ele>2270.0995338462067</ele></trkpt><trkpt lat="45.71681000000002" lon="6.72575"><ele>2268.46</ele></trkpt><trkpt lat="45.71674026199912" lon="6.725737389699783"><ele>2266.824488858215</ele></trkpt><trkpt lat="45.71667042526664" lon="6.725725313205036"><ele>2265.1694708201517</ele></trkpt><trkpt lat="45.716600485251526" lon="6.725714653251724"><ele>2263.5142294005545</ele></trkpt><trkpt lat="45.71653043740273" lon="6.725706292575807"><ele>2261.878048114168</ele></trkpt><trkpt lat="45.71646027716926" lon="6.725701113913245"><ele>2260.280210475735</ele></trkpt><trkpt lat="45.716390000000004" lon="6.725699999999999"><ele>2258.74</ele></trkpt><trkpt lat="45.71630994787618" lon="6.72572821517026"><ele>2257.3942996447577</ele></trkpt><trkpt lat="45.71623000000001" lon="6.72576"><ele>2256.05</ele></trkpt><trkpt lat="45.71616600320428" lon="6.725762273655124"><ele>2254.618268520514</ele></trkpt><trkpt lat="45.71610198214707" lon="6.72575842381493"><ele>2253.0954196912658</ele></trkpt><trkpt lat="45.716037959487636" lon="6.725752437147179"><ele>2251.529436601761</ele></trkpt><trkpt lat="45.71597395788545" lon="6.725748300319616"><ele>2249.9683023415046</ele></trkpt><trkpt lat="45.715909999999994" lon="6.72575"><ele>2248.46</ele></trkpt><trkpt lat="45.715800000000016" lon="6.7258"><ele>2246.19</ele></trkpt><trkpt lat="45.71568" lon="6.72576"><ele>2242.56</ele></trkpt><trkpt lat="45.71561999999999" lon="6.72565"><ele>2240.37</ele></trkpt><trkpt lat="45.71561999999999" lon="6.72556"><ele>2238.68</ele></trkpt><trkpt lat="45.71566565864775" lon="6.72548499669052"><ele>2238.410319164994</ele></trkpt><trkpt lat="45.71568999999999" lon="6.72541"><ele>2237.31</ele></trkpt><trkpt lat="45.71557999999998" lon="6.725380000000001"><ele>2232.78</ele></trkpt><trkpt lat="45.71551890675206" lon="6.725403098445632"><ele>2231.3027094217027</ele></trkpt><trkpt lat="45.71545903995491" lon="6.7254335431934305"><ele>2230.052195819758</ele></trkpt><trkpt lat="45.71539971978314" lon="6.725467438718412"><ele>2228.915327506962</ele></trkpt><trkpt lat="45.71534026640855" lon="6.725500889495595"><ele>2227.7789727961112</ele></trkpt><trkpt lat="45.71528000000002" lon="6.725529999999999"><ele>2226.53</ele></trkpt><trkpt lat="45.71520000000001" lon="6.725539999999999"><ele>2224.4</ele></trkpt><trkpt lat="45.71516999999999" lon="6.725459999999999"><ele>2223.07</ele></trkpt><trkpt lat="45.71521" lon="6.725369999999999"><ele>2223.17</ele></trkpt><trkpt lat="45.715160000000004" lon="6.725299999999999"><ele>2220.9</ele></trkpt><trkpt lat="45.71509641313642" lon="6.72526847982512"><ele>2219.288434670168</ele></trkpt><trkpt lat="45.71503000000002" lon="6.725250000000001"><ele>2217.75</ele></trkpt><trkpt lat="45.71493000000001" lon="6.725250000000001"><ele>2215.07</ele></trkpt><trkpt lat="45.714889999999976" lon="6.72539"><ele>2213.01</ele></trkpt><trkpt lat="45.71485999999999" lon="6.72545"><ele>2211.21</ele></trkpt><trkpt lat="45.714802960874586" lon="6.725388027845226"><ele>2209.458136958299</ele></trkpt><trkpt lat="45.714752254373806" lon="6.725312458674004"><ele>2208.09477733289</ele></trkpt><trkpt lat="45.71469999999999" lon="6.72524"><ele>2206.47</ele></trkpt><trkpt lat="45.71462999999999" lon="6.72518"><ele>2203.06</ele></trkpt><trkpt lat="45.71456" lon="6.72508"><ele>2201.88</ele></trkpt><trkpt lat="45.71448000000001" lon="6.72516"><ele>2197.42</ele></trkpt><trkpt lat="45.714416879485924" lon="6.725118088572109"><ele>2195.1789993098337</ele></trkpt><trkpt lat="45.71435999999999" lon="6.7251"><ele>2192.92</ele></trkpt><trkpt lat="45.71435848530963" lon="6.725213605812497"><ele>2191.4310759907894</ele></trkpt><trkpt lat="45.71435" lon="6.725299999999999"><ele>2190.05</ele></trkpt><trkpt lat="45.71429293981002" lon="6.725258915003277"><ele>2188.2609648153593</ele></trkpt><trkpt lat="45.71424532435734" lon="6.725172960705386"><ele>2187.412630254191</ele></trkpt><trkpt lat="45.71419000000001" lon="6.72511"><ele>2185.79</ele></trkpt><trkpt lat="45.71416999999998" lon="6.725220000000001"><ele>2182.89</ele></trkpt><trkpt lat="45.71419000000001" lon="6.72533"><ele>2182.56</ele></trkpt><trkpt lat="45.71413175721667" lon="6.725291886901113"><ele>2179.8840353322394</ele></trkpt><trkpt lat="45.714077964346544" lon="6.7252311082425065"><ele>2177.743321064476</ele></trkpt><trkpt lat="45.71402" lon="6.725189999999999"><ele>2175.1</ele></trkpt><trkpt lat="45.71397000000003" lon="6.72527"><ele>2171.23</ele></trkpt><trkpt lat="45.71386999999999" lon="6.725200000000001"><ele>2167.17</ele></trkpt><trkpt lat="45.71377999999999" lon="6.725189999999999"><ele>2162.8</ele></trkpt><trkpt lat="45.71371980841217" lon="6.7252290153491145"><ele>2161.1557429441837</ele></trkpt><trkpt lat="45.71366" lon="6.72527"><ele>2159.49</ele></trkpt><trkpt lat="45.713580000000015" lon="6.72527"><ele>2155.26</ele></trkpt><trkpt lat="45.713569999999976" lon="6.72523"><ele>2154.08</ele></trkpt><trkpt lat="45.71361999999999" lon="6.72512"><ele>2154.7</ele></trkpt><trkpt lat="45.71361999999999" lon="6.725040000000001"><ele>2154.19</ele></trkpt><trkpt lat="45.71350999999999" lon="6.724789999999999"><ele>2146.94</ele></trkpt><trkpt lat="45.7135" lon="6.724679999999999"><ele>2145.28</ele></trkpt><trkpt lat="45.71343442906306" lon="6.724735050231914"><ele>2142.363955323269</ele></trkpt><trkpt lat="45.71337" lon="6.724780000000001"><ele>2139.41</ele></trkpt><trkpt lat="45.713390000000004" lon="6.724640000000001"><ele>2139.05</ele></trkpt><trkpt lat="45.71344999999999" lon="6.72451"><ele>2138.17</ele></trkpt><trkpt lat="45.71346" lon="6.72442"><ele>2135.89</ele></trkpt><trkpt lat="45.71341" lon="6.72441"><ele>2134.82</ele></trkpt><trkpt lat="45.71333098872658" lon="6.724449763545687"><ele>2132.9662154429584</ele></trkpt><trkpt lat="45.71326" lon="6.72451"><ele>2130.99</ele></trkpt><trkpt lat="45.71321513386229" lon="6.724582080369645"><ele>2129.328874296679</ele></trkpt><trkpt lat="45.71317681265291" lon="6.724667011399623"><ele>2127.7332559420474</ele></trkpt><trkpt lat="45.713138924521346" lon="6.724750902244774"><ele>2126.0692004390758</ele></trkpt><trkpt lat="45.71309535759974" lon="6.724819862059952"><ele>2124.2027632907366</ele></trkpt><trkpt lat="45.713040000000014" lon="6.7248600000000005"><ele>2122</ele></trkpt><trkpt lat="45.712999889818526" lon="6.7248211503421444"><ele>2120.6627443673997</ele></trkpt><trkpt lat="45.712982607216375" lon="6.724713210030653"><ele>2120.328590798339</ele></trkpt><trkpt lat="45.71296" lon="6.72461"><ele>2119.54</ele></trkpt><trkpt lat="45.71289000000001" lon="6.72453"><ele>2115.5</ele></trkpt><trkpt lat="45.71281" lon="6.72451"><ele>2113.47</ele></trkpt><trkpt lat="45.71276" lon="6.724549999999999"><ele>2111.74</ele></trkpt><trkpt lat="45.712650000000004" lon="6.72451"><ele>2107.41</ele></trkpt><trkpt lat="45.71257999999998" lon="6.724569999999999"><ele>2105.52</ele></trkpt><trkpt lat="45.712539999999976" lon="6.724670000000001"><ele>2103.99</ele></trkpt><trkpt lat="45.71256858481374" lon="6.724783283304279"><ele>2103.354625205995</ele></trkpt><trkpt lat="45.712607009701465" lon="6.724894319724693"><ele>2102.8575946152614</ele></trkpt><trkpt lat="45.71260000000001" lon="6.72499"><ele>2101.28</ele></trkpt><trkpt lat="45.71252894445225" lon="6.725043554926149"><ele>2098.6027102949306</ele></trkpt><trkpt lat="45.712437508817274" lon="6.725038237633065"><ele>2096.1582508027377</ele></trkpt><trkpt lat="45.71235000000001" lon="6.725"><ele>2094.03</ele></trkpt><trkpt lat="45.71230507631587" lon="6.724915495335276"><ele>2093.1876459067134</ele></trkpt><trkpt lat="45.712274286277164" lon="6.7248041391682625"><ele>2092.917495110806</ele></trkpt><trkpt lat="45.71223" lon="6.72477"><ele>2092</ele></trkpt><trkpt lat="45.71219088195803" lon="6.724833420419265"><ele>2090.8170931642485</ele></trkpt><trkpt lat="45.712178550469254" lon="6.724930425398911"><ele>2090.1871119017574</ele></trkpt><trkpt lat="45.712171943751834" lon="6.725037217679105"><ele>2089.603574688387</ele></trkpt><trkpt lat="45.71215000000001" lon="6.725130000000001"><ele>2088.56</ele></trkpt><trkpt lat="45.71210152231857" lon="6.7251871272109325"><ele>2086.7926776264785</ele></trkpt><trkpt lat="45.71204146868212" lon="6.725226631041198"><ele>2084.6339976332647</ele></trkpt><trkpt lat="45.711990000000014" lon="6.725279999999999"><ele>2082.55</ele></trkpt><trkpt lat="45.711990000000014" lon="6.72541"><ele>2081.08</ele></trkpt><trkpt lat="45.71198" lon="6.725539999999999"><ele>2079.09</ele></trkpt><trkpt lat="45.71191928754986" lon="6.725445713261561"><ele>2078.2881709658186</ele></trkpt><trkpt lat="45.71186000000001" lon="6.725380000000001"><ele>2078.01</ele></trkpt><trkpt lat="45.71183583956049" lon="6.725489765913201"><ele>2077.6254085615246</ele></trkpt><trkpt lat="45.711819999999975" lon="6.725620000000001"><ele>2077.34</ele></trkpt><trkpt lat="45.71174910017681" lon="6.725631162351278"><ele>2076.697432638036</ele></trkpt><trkpt lat="45.71166999999999" lon="6.725620000000001"><ele>2075.98</ele></trkpt><trkpt lat="45.711606334431835" lon="6.725648409240104"><ele>2075.3381109960064</ele></trkpt><trkpt lat="45.71154543871282" lon="6.725687932469611"><ele>2074.6826216819945</ele></trkpt><trkpt lat="45.71149" lon="6.72574"><ele>2073.93</ele></trkpt><trkpt lat="45.71143853501669" lon="6.725808921466057"><ele>2073.0272507584837</ele></trkpt><trkpt lat="45.71139236748492" lon="6.7258858578057925"><ele>2072.087221071488</ele></trkpt><trkpt lat="45.71134751621401" lon="6.7259648652426325"><ele>2071.101080848748</ele></trkpt><trkpt lat="45.71130000000001" lon="6.726039999999999"><ele>2070.06</ele></trkpt><trkpt lat="45.711240506411094" lon="6.72611087468726"><ele>2068.764741838755</ele></trkpt><trkpt lat="45.71118000000004" lon="6.726180000000001"><ele>2067.31</ele></trkpt><trkpt lat="45.71113146852652" lon="6.726244047231055"><ele>2066.0376296083095</ele></trkpt><trkpt lat="45.71108327805428" lon="6.726308636893879"><ele>2064.7703515960743</ele></trkpt><trkpt lat="45.71103533822721" lon="6.726373621392784"><ele>2063.504808347769</ele></trkpt><trkpt lat="45.71098755868892" lon="6.726438853132077"><ele>2062.2376422478715</ele></trkpt><trkpt lat="45.710939849082585" lon="6.726504184516069"><ele>2060.9654956808567</ele></trkpt><trkpt lat="45.71089211905121" lon="6.726569467949068"><ele>2059.6850110312025</ele></trkpt><trkpt lat="45.71084427823743" lon="6.7266345558353855"><ele>2058.392830683384</ele></trkpt><trkpt lat="45.710796236283535" lon="6.726699300579327"><ele>2057.085597021878</ele></trkpt><trkpt lat="45.7107479028316" lon="6.726763554585205"><ele>2055.7599524311613</ele></trkpt><trkpt lat="45.71069918752329" lon="6.726827170257326"><ele>2054.41253929571</ele></trkpt><trkpt lat="45.71064999999998" lon="6.726889999999999"><ele>2053.04</ele></trkpt><trkpt lat="45.71058980668894" lon="6.726944734006112"><ele>2051.0887771693697</ele></trkpt><trkpt lat="45.71052999999999" lon="6.7269999999999985"><ele>2049.09</ele></trkpt><trkpt lat="45.71048427262617" lon="6.727069026955973"><ele>2047.7133682354568</ele></trkpt><trkpt lat="45.710442130593016" lon="6.72714361385463"><ele>2046.4758733637614</ele></trkpt><trkpt lat="45.710398923267014" lon="6.72721639382597"><ele>2045.2654418101854</ele></trkpt><trkpt lat="45.71035000000002" lon="6.7272799999999995"><ele>2043.97</ele></trkpt><trkpt lat="45.71027708573659" lon="6.727319856341275"><ele>2042.1941091343224</ele></trkpt><trkpt lat="45.710199999999986" lon="6.727350000000001"><ele>2040.58</ele></trkpt><trkpt lat="45.71013831952933" lon="6.727392813934918"><ele>2039.5453168707108</ele></trkpt><trkpt lat="45.71007756424277" lon="6.727438640127648"><ele>2038.6434982157616</ele></trkpt><trkpt lat="45.71001802683455" lon="6.727487646256557"><ele>2037.7749304529311</ele></trkpt><trkpt lat="45.70996" lon="6.727540000000001"><ele>2036.84</ele></trkpt><trkpt lat="45.709896385261" lon="6.727623579318361"><ele>2035.5204470950293</ele></trkpt><trkpt lat="45.70983" lon="6.727699999999999"><ele>2034.1</ele></trkpt><trkpt lat="45.70976655671976" lon="6.7277331618234095"><ele>2032.9155189588805</ele></trkpt><trkpt lat="45.70970017394356" lon="6.727755351665318"><ele>2031.707993016426</ele></trkpt><trkpt lat="45.70963370419224" lon="6.727777365674569"><ele>2030.5414705657583</ele></trkpt><trkpt lat="45.709569999999985" lon="6.727810000000001"><ele>2029.48</ele></trkpt><trkpt lat="45.70950897328858" lon="6.727847182805978"><ele>2028.3674582798249</ele></trkpt><trkpt lat="45.709444777239526" lon="6.727881905451585"><ele>2027.0358735067705</ele></trkpt><trkpt lat="45.70938037592777" lon="6.727917636043278"><ele>2025.6723227137422</ele></trkpt><trkpt lat="45.7093187334418" lon="6.727957842687512"><ele>2024.4638829336454</ele></trkpt><trkpt lat="45.70926281388284" lon="6.728005993490741"><ele>2023.5976311993857</ele></trkpt><trkpt lat="45.709215581362734" lon="6.728065556559418"><ele>2023.2606445438687</ele></trkpt><trkpt lat="45.709179999999996" lon="6.72814"><ele>2023.64</ele></trkpt><trkpt lat="45.709176633752016" lon="6.72823675313024"><ele>2025.5584071383644</ele></trkpt><trkpt lat="45.70921750781992" lon="6.728330141671325"><ele>2028.8535841229905</ele></trkpt><trkpt lat="45.70927607796157" lon="6.728422184376748"><ele>2032.6994690461215</ele></trkpt><trkpt lat="45.709325799999995" lon="6.7285149"><ele>2036.27</ele></trkpt><trkpt lat="45.709325799999995" lon="6.7285149"><ele>2036.27</ele></trkpt><trkpt lat="45.70929593994522" lon="6.728410225369057"><ele>2033.0114374262712</ele></trkpt><trkpt lat="45.70927047314946" lon="6.7282982509841505"><ele>2029.6854998033896</ele></trkpt><trkpt lat="45.70923621978784" lon="6.728200876107168"><ele>2026.4943122788134</ele></trkpt><trkpt lat="45.709179999999996" lon="6.72814"><ele>2023.64</ele></trkpt><trkpt lat="45.70911918239296" lon="6.728133262893879"><ele>2021.9180954485778</ele></trkpt><trkpt lat="45.7090579255137" lon="6.728161698886696"><ele>2020.9744165296079</ele></trkpt><trkpt lat="45.70899607743829" lon="6.728208503432573"><ele>2020.4876898863486</ele></trkpt><trkpt lat="45.70893348624217" lon="6.728256871985635"><ele>2020.1366421620596</ele></trkpt><trkpt lat="45.70887000000002" lon="6.72829"><ele>2019.6</ele></trkpt><trkpt lat="45.70879999737738" lon="6.728295664214961"><ele>2019.0281771015982</ele></trkpt><trkpt lat="45.708729999999996" lon="6.728279999999999"><ele>2018.46</ele></trkpt><trkpt lat="45.7086693910301" lon="6.728253050699478"><ele>2017.6825205093667</ele></trkpt><trkpt lat="45.70861021573026" lon="6.728219049424933"><ele>2016.8198661889546</ele></trkpt><trkpt lat="45.708550000000024" lon="6.72819"><ele>2015.95</ele></trkpt><trkpt lat="45.70842999999998" lon="6.728170000000001"><ele>2014.33</ele></trkpt><trkpt lat="45.70837" lon="6.728180000000001"><ele>2013.72</ele></trkpt><trkpt lat="45.70829651074465" lon="6.728232402526886"><ele>2013.160090236745</ele></trkpt><trkpt lat="45.70823000000001" lon="6.7283"><ele>2012.63</ele></trkpt><trkpt lat="45.70818411853416" lon="6.728388846149877"><ele>2012.2483307000246</ele></trkpt><trkpt lat="45.70814000000003" lon="6.72848"><ele>2011.54</ele></trkpt><trkpt lat="45.70808406610657" lon="6.728553958420128"><ele>2009.968656076611</ele></trkpt><trkpt lat="45.70802000000001" lon="6.72861"><ele>2007.95</ele></trkpt><trkpt lat="45.707909999999984" lon="6.72862"><ele>2004.64</ele></trkpt><trkpt lat="45.70784206289628" lon="6.728661775110272"><ele>2002.9128022798413</ele></trkpt><trkpt lat="45.70778000000001" lon="6.72872"><ele>2001.37</ele></trkpt><trkpt lat="45.70771402244001" lon="6.7288133650027255"><ele>1999.5697339725798</ele></trkpt><trkpt lat="45.70765" lon="6.728909999999999"><ele>1997.72</ele></trkpt><trkpt lat="45.70756" lon="6.728999999999999"><ele>1994.87</ele></trkpt><trkpt lat="45.70749709221727" lon="6.729050254136173"><ele>1993.1244519058328</ele></trkpt><trkpt lat="45.707429999999974" lon="6.729079999999999"><ele>1991.41</ele></trkpt><trkpt lat="45.70736" lon="6.729019999999999"><ele>1989.99</ele></trkpt><trkpt lat="45.707328186937" lon="6.728913834162493"><ele>1988.3713110960784</ele></trkpt><trkpt lat="45.70731000000001" lon="6.7288"><ele>1986.88</ele></trkpt><trkpt lat="45.70731000000001" lon="6.7286399999999995"><ele>1985.52</ele></trkpt><trkpt lat="45.70729" lon="6.728580000000001"><ele>1985.24</ele></trkpt><trkpt lat="45.707259999999984" lon="6.7285900000000005"><ele>1984.07</ele></trkpt><trkpt lat="45.70720763142868" lon="6.728666744560326"><ele>1982.6864793211128</ele></trkpt><trkpt lat="45.70715773289973" lon="6.728747095490258"><ele>1981.4442885125943</ele></trkpt><trkpt lat="45.70711000000001" lon="6.72883"><ele>1980.15</ele></trkpt><trkpt lat="45.70705967799668" lon="6.728919776490299"><ele>1978.5539424652247</ele></trkpt><trkpt lat="45.70701161671652" lon="6.7290119360529355"><ele>1976.9086038786254</ele></trkpt><trkpt lat="45.70697000000001" lon="6.72911"><ele>1975.48</ele></trkpt><trkpt lat="45.70694075514034" lon="6.72920657639671"><ele>1974.6106252728302</ele></trkpt><trkpt lat="45.70691849332035" lon="6.729307570049167"><ele>1973.9759077182862</ele></trkpt><trkpt lat="45.70689999999999" lon="6.729410000000001"><ele>1973.16</ele></trkpt><trkpt lat="45.70688980417485" lon="6.729520136147868"><ele>1971.8449892315293</ele></trkpt><trkpt lat="45.70688000000001" lon="6.72963"><ele>1970.16</ele></trkpt><trkpt lat="45.706857916563465" lon="6.729731507198366"><ele>1968.1409031159878</ele></trkpt><trkpt lat="45.70682999999999" lon="6.729829999999999"><ele>1965.95</ele></trkpt><trkpt lat="45.7068" lon="6.729900000000001"><ele>1964.29</ele></trkpt><trkpt lat="45.706770000000006" lon="6.729910000000001"><ele>1963.23</ele></trkpt><trkpt lat="45.70669000000002" lon="6.72985"><ele>1961.53</ele></trkpt><trkpt lat="45.70664081084537" lon="6.729787172487419"><ele>1959.8068087855634</ele></trkpt><trkpt lat="45.70659446934415" lon="6.729720033636579"><ele>1957.9972047577469</ele></trkpt><trkpt lat="45.70655" lon="6.72965"><ele>1956.39</ele></trkpt><trkpt lat="45.706480000000006" lon="6.729510000000001"><ele>1954.78</ele></trkpt><trkpt lat="45.70644999999999" lon="6.72938"><ele>1953.91</ele></trkpt><trkpt lat="45.70641000000001" lon="6.72938"><ele>1951.31</ele></trkpt><trkpt lat="45.70637000000001" lon="6.729429999999999"><ele>1949.79</ele></trkpt><trkpt lat="45.706309999999995" lon="6.72954"><ele>1946.87</ele></trkpt><trkpt lat="45.706199999999995" lon="6.729590000000001"><ele>1942.03</ele></trkpt><trkpt lat="45.706120000000006" lon="6.7296"><ele>1939.91</ele></trkpt><trkpt lat="45.70606563221564" lon="6.7296623369402315"><ele>1937.9677719163974</ele></trkpt><trkpt lat="45.70600999999998" lon="6.72972"><ele>1935.95</ele></trkpt><trkpt lat="45.70594630185012" lon="6.729744142712988"><ele>1933.8780487955592</ele></trkpt><trkpt lat="45.70588073995086" lon="6.729758238217798"><ele>1931.7947039781313</ele></trkpt><trkpt lat="45.705814808074386" lon="6.729770714613709"><ele>1929.7190071716377</ele></trkpt><trkpt lat="45.705749999999995" lon="6.72979"><ele>1927.67</ele></trkpt><trkpt lat="45.70571000000002" lon="6.729839999999999"><ele>1926.4</ele></trkpt><trkpt lat="45.70569000000001" lon="6.72982"><ele>1925.39</ele></trkpt><trkpt lat="45.70567000000001" lon="6.72968"><ele>1925.33</ele></trkpt><trkpt lat="45.705650000000006" lon="6.729669999999999"><ele>1924.09</ele></trkpt><trkpt lat="45.70561" lon="6.7297"><ele>1923.11</ele></trkpt><trkpt lat="45.70555000000002" lon="6.7297"><ele>1920.27</ele></trkpt><trkpt lat="45.70552" lon="6.72964"><ele>1917.87</ele></trkpt><trkpt lat="45.70553000000002" lon="6.72952"><ele>1917.03</ele></trkpt><trkpt lat="45.7055144008147" lon="6.72942775206912"><ele>1915.8629823921679</ele></trkpt><trkpt lat="45.70549000000001" lon="6.729339999999999"><ele>1914.16</ele></trkpt><trkpt lat="45.705460000000016" lon="6.7293"><ele>1911.24</ele></trkpt><trkpt lat="45.70544000000002" lon="6.72929"><ele>1911.08</ele></trkpt><trkpt lat="45.705389999999994" lon="6.72936"><ele>1908.49</ele></trkpt><trkpt lat="45.70534" lon="6.729339999999999"><ele>1905.74</ele></trkpt><trkpt lat="45.70526999999998" lon="6.729219999999998"><ele>1903.44</ele></trkpt><trkpt lat="45.70523" lon="6.7292000000000005"><ele>1902.54</ele></trkpt><trkpt lat="45.705199999999984" lon="6.729310000000001"><ele>1900.75</ele></trkpt><trkpt lat="45.70518298520871" lon="6.729407860591762"><ele>1899.064768253957</ele></trkpt><trkpt lat="45.70516816055785" lon="6.729506628211214"><ele>1897.3640125924674</ele></trkpt><trkpt lat="45.7051517556292" lon="6.72960458172506"><ele>1895.631250634744</ele></trkpt><trkpt lat="45.70512999999999" lon="6.7297"><ele>1893.85</ele></trkpt><trkpt lat="45.70506000000002" lon="6.72982"><ele>1890.88</ele></trkpt><trkpt lat="45.7049924915063" lon="6.7298902186374505"><ele>1887.957577620235</ele></trkpt><trkpt lat="45.70492000000002" lon="6.72995"><ele>1885.12</ele></trkpt><trkpt lat="45.704851453003585" lon="6.729994926893719"><ele>1883.2235880839917</ele></trkpt><trkpt lat="45.70478" lon="6.730029999999999"><ele>1881.44</ele></trkpt><trkpt lat="45.70467999999999" lon="6.73005"><ele>1878.43</ele></trkpt><trkpt lat="45.704615781091746" lon="6.730068817518645"><ele>1876.822265421253</ele></trkpt><trkpt lat="45.70455186023222" lon="6.730089994635666"><ele>1875.3073441058782</ele></trkpt><trkpt lat="45.70449" lon="6.73012"><ele>1873.82</ele></trkpt><trkpt lat="45.70439999999998" lon="6.73022"><ele>1871.48</ele></trkpt><trkpt lat="45.70432546741496" lon="6.7302664040971605"><ele>1869.6962385618556</ele></trkpt><trkpt lat="45.704248826344276" lon="6.730305094625649"><ele>1867.892893389379</ele></trkpt><trkpt lat="45.704170000000005" lon="6.730330000000001"><ele>1866.01</ele></trkpt><trkpt lat="45.70409624822745" lon="6.730343135445361"><ele>1864.2377835456978</ele></trkpt><trkpt lat="45.7040219517258" lon="6.730352204905129"><ele>1862.4675244976627</ele></trkpt><trkpt lat="45.703947531109314" lon="6.730355706642219"><ele>1860.6723736767785</ele></trkpt><trkpt lat="45.70387340699447" lon="6.730352138919539"><ele>1858.8254819039296</ele></trkpt><trkpt lat="45.703799999999994" lon="6.73034"><ele>1856.9</ele></trkpt><trkpt lat="45.703734479080424" lon="6.730303378564398"><ele>1854.9561225885536</ele></trkpt><trkpt lat="45.70367368689239" lon="6.730246545327326"><ele>1852.93882791852</ele></trkpt><trkpt lat="45.703610000000005" lon="6.7302"><ele>1850.85</ele></trkpt><trkpt lat="45.70354416660603" lon="6.730181453515996"><ele>1848.8331512144664</ele></trkpt><trkpt lat="45.70347663902299" lon="6.730173749032898"><ele>1846.782447379267</ele></trkpt><trkpt lat="45.70340999999998" lon="6.730160000000001"><ele>1844.66</ele></trkpt><trkpt lat="45.703335522396834" lon="6.73011505561925"><ele>1841.9336325469517</ele></trkpt><trkpt lat="45.70326" lon="6.730079999999999"><ele>1839.22</ele></trkpt><trkpt lat="45.703182594358005" lon="6.730082460256351"><ele>1836.7856531929392</ele></trkpt><trkpt lat="45.70310523071425" lon="6.730096631338979"><ele>1834.4361116875416</ele></trkpt><trkpt lat="45.703027751713584" lon="6.730112486752118"><ele>1832.153514338373</ele></trkpt><trkpt lat="45.702949999999966" lon="6.73012"><ele>1829.92</ele></trkpt><trkpt lat="45.70286975449665" lon="6.730113393324811"><ele>1827.7465066640748</ele></trkpt><trkpt lat="45.70278974463509" lon="6.730097897760733"><ele>1825.6886785820313</ele></trkpt><trkpt lat="45.70271000000001" lon="6.730079999999999"><ele>1823.59</ele></trkpt><trkpt lat="45.70263295311243" lon="6.730062772546691"><ele>1821.4501501444795</ele></trkpt><trkpt lat="45.702556225187024" lon="6.730043154327891"><ele>1819.2709152642922</ele></trkpt><trkpt lat="45.702480000000016" lon="6.730019999999999"><ele>1817.1</ele></trkpt><trkpt lat="45.70241407976056" lon="6.729993880158595"><ele>1815.2821491245058</ele></trkpt><trkpt lat="45.70234999999999" lon="6.72996"><ele>1813.39</ele></trkpt><trkpt lat="45.70229017018744" lon="6.729914046555631"><ele>1811.2689470193986</ele></trkpt><trkpt lat="45.70222999999997" lon="6.72987"><ele>1809.01</ele></trkpt><trkpt lat="45.7021411218586" lon="6.729829721327905"><ele>1805.680906323465</ele></trkpt><trkpt lat="45.70204999999997" lon="6.729799999999998"><ele>1802.48</ele></trkpt><trkpt lat="45.70196047753616" lon="6.729779630681125"><ele>1799.9592650725733</ele></trkpt><trkpt lat="45.70187" lon="6.729769999999999"><ele>1797.56</ele></trkpt><trkpt lat="45.70176000000002" lon="6.72979"><ele>1794.23</ele></trkpt><trkpt lat="45.70170025165005" lon="6.729732375661903"><ele>1788.1600016713423</ele></trkpt><trkpt lat="45.701649999999994" lon="6.72965"><ele>1783.95</ele></trkpt><trkpt lat="45.70159000000001" lon="6.729500000000001"><ele>1792.1</ele></trkpt><trkpt lat="45.70153" lon="6.72952"><ele>1791.3</ele></trkpt><trkpt lat="45.70145946939232" lon="6.72951604947496"><ele>1791.267949725679</ele></trkpt><trkpt lat="45.70139000000001" lon="6.729500000000001"><ele>1791.12</ele></trkpt><trkpt lat="45.70130247884097" lon="6.729463695246828"><ele>1789.9864891822544</ele></trkpt><trkpt lat="45.70122" lon="6.729410000000001"><ele>1788.68</ele></trkpt><trkpt lat="45.70116177375742" lon="6.729356611742273"><ele>1787.905239808418</ele></trkpt><trkpt lat="45.70110589303001" lon="6.729297974394733"><ele>1787.1945631161288</ele></trkpt><trkpt lat="45.70105206578791" lon="6.729235349849825"><ele>1786.4741048657754</ele></trkpt><trkpt lat="45.70099999999999" lon="6.729170000000001"><ele>1785.67</ele></trkpt><trkpt lat="45.700950596881924" lon="6.729100249379415"><ele>1784.7301637339253</ele></trkpt><trkpt lat="45.7009040011968" lon="6.729026503302225"><ele>1783.7101400858319</ele></trkpt><trkpt lat="45.700857904915196" lon="6.728952005573921"><ele>1782.6825463948226</ele></trkpt><trkpt lat="45.700810000000004" lon="6.72888"><ele>1781.72</ele></trkpt><trkpt lat="45.70076465756459" lon="6.728816798663916"><ele>1780.8972624141825</ele></trkpt><trkpt lat="45.700718996097535" lon="6.72875406340531"><ele>1780.0792052991378</ele></trkpt><trkpt lat="45.70067308453156" lon="6.728691692655637"><ele>1779.265801109224</ele></trkpt><trkpt lat="45.70062699179963" lon="6.728629584846346"><ele>1778.457022298799</ele></trkpt><trkpt lat="45.70058078683494" lon="6.72856763840889"><ele>1777.6528413222225</ele></trkpt><trkpt lat="45.700534538570885" lon="6.728505751774719"><ele>1776.853230633851</ele></trkpt><trkpt lat="45.70048831594114" lon="6.728443823375286"><ele>1776.0581626880435</ele></trkpt><trkpt lat="45.70044218787954" lon="6.728381751642043"><ele>1775.2676099391579</ele></trkpt><trkpt lat="45.7003962233202" lon="6.7283194350064415"><ele>1774.4815448415525</ele></trkpt><trkpt lat="45.700350491197426" lon="6.728256771899933"><ele>1773.6999398495857</ele></trkpt><trkpt lat="45.70030506044577" lon="6.728193660753969"><ele>1772.9227674176154</ele></trkpt><trkpt lat="45.700260000000014" lon="6.72813"><ele>1772.15</ele></trkpt><trkpt lat="45.70019999999998" lon="6.728009999999999"><ele>1771.24</ele></trkpt><trkpt lat="45.70017897073228" lon="6.727911850828277"><ele>1770.8339634825452</ele></trkpt><trkpt lat="45.70017000000002" lon="6.727810000000001"><ele>1770.55</ele></trkpt><trkpt lat="45.700174021165076" lon="6.727708831085634"><ele>1770.3588080098498</ele></trkpt><trkpt lat="45.70018999999999" lon="6.727609999999999"><ele>1770.34</ele></trkpt><trkpt lat="45.700219040834995" lon="6.72752950918596"><ele>1770.6347276917622</ele></trkpt><trkpt lat="45.700249999999976" lon="6.727450000000001"><ele>1770.99</ele></trkpt><trkpt lat="45.700249999999976" lon="6.72739"><ele>1770.93</ele></trkpt><trkpt lat="45.70021" lon="6.727350000000001"><ele>1769.83</ele></trkpt><trkpt lat="45.700130070154245" lon="6.727344819746317"><ele>1767.9934853934442</ele></trkpt><trkpt lat="45.700050000000005" lon="6.727340000000001"><ele>1766.27</ele></trkpt><trkpt lat="45.699960000000004" lon="6.72729"><ele>1764.74</ele></trkpt><trkpt lat="45.699903515336906" lon="6.727330190736683"><ele>1762.419472331329</ele></trkpt><trkpt lat="45.69985263940628" lon="6.727387249083132"><ele>1759.9294945315837</ele></trkpt><trkpt lat="45.6998" lon="6.72744"><ele>1757.42</ele></trkpt><trkpt lat="45.699690000000004" lon="6.7275"><ele>1752.83</ele></trkpt><trkpt lat="45.699635411694246" lon="6.72756399579783"><ele>1750.5742787827355</ele></trkpt><trkpt lat="45.69958426487905" lon="6.727634883316259"><ele>1748.478214886574</ele></trkpt><trkpt lat="45.69953" lon="6.727699999999999"><ele>1746.36</ele></trkpt><trkpt lat="45.699473059418544" lon="6.727751245886543"><ele>1744.157849159952</ele></trkpt><trkpt lat="45.699410000000015" lon="6.727780000000001"><ele>1742.26</ele></trkpt><trkpt lat="45.69933283825156" lon="6.727782364669112"><ele>1740.731887061653</ele></trkpt><trkpt lat="45.69925534182084" lon="6.727773903310971"><ele>1739.4167048310683</ele></trkpt><trkpt lat="45.69917767447948" lon="6.727763490297345"><ele>1738.2206701849493</ele></trkpt><trkpt lat="45.69909999999999" lon="6.727760000000001"><ele>1737.05</ele></trkpt><trkpt lat="45.69902648877471" lon="6.727774396039475"><ele>1735.9722083685933</ele></trkpt><trkpt lat="45.698953292986936" lon="6.727795824202313"><ele>1735.001596873692</ele></trkpt><trkpt lat="45.69888" lon="6.727799999999999"><ele>1734.14</ele></trkpt><trkpt lat="45.69881402866845" lon="6.727776493015051"><ele>1733.5657976150292</ele></trkpt><trkpt lat="45.69875100605219" lon="6.727736253694738"><ele>1733.1340403374802</ele></trkpt><trkpt lat="45.69868999999999" lon="6.727689999999999"><ele>1732.55</ele></trkpt><trkpt lat="45.69861615254081" lon="6.727627471703569"><ele>1731.2113611987525</ele></trkpt><trkpt lat="45.698550000000026" lon="6.72755"><ele>1729.99</ele></trkpt><trkpt lat="45.69849943875635" lon="6.727471416817049"><ele>1729.487450221229</ele></trkpt><trkpt lat="45.69845172670867" lon="6.727389049849173"><ele>1729.1534438983945</ele></trkpt><trkpt lat="45.698405295285504" lon="6.727304974472774"><ele>1728.8747124649456</ele></trkpt><trkpt lat="45.698358575909985" lon="6.727221266064249"><ele>1728.5379873543309</ele></trkpt><trkpt lat="45.69830999999999" lon="6.72714"><ele>1728.03</ele></trkpt><trkpt lat="45.69826" lon="6.727089999999999"><ele>1726.33</ele></trkpt><trkpt lat="45.69823" lon="6.72714"><ele>1724.59</ele></trkpt><trkpt lat="45.69823591247172" lon="6.727233988058717"><ele>1723.3069956735403</ele></trkpt><trkpt lat="45.69824547070865" lon="6.727327754676945"><ele>1722.163602644123</ele></trkpt><trkpt lat="45.698259793591795" lon="6.727420143956702"><ele>1721.1484082926445</ele></trkpt><trkpt lat="45.698280000000025" lon="6.727509999999999"><ele>1720.25</ele></trkpt><trkpt lat="45.698307299813926" lon="6.727601018368287"><ele>1719.4255915936517</ele></trkpt><trkpt lat="45.6983386384419" lon="6.727689499776292"><ele>1718.6988394062148</ele></trkpt><trkpt lat="45.69837229682639" lon="6.727776541433737"><ele>1718.0303237954106</ele></trkpt><trkpt lat="45.698406555913444" lon="6.727863240550353"><ele>1717.3806251189594</ele></trkpt><trkpt lat="45.698439696653246" lon="6.727950694335864"><ele>1716.7103237345823</ele></trkpt><trkpt lat="45.698469999999986" lon="6.728039999999999"><ele>1715.98</ele></trkpt><trkpt lat="45.6984922853185" lon="6.72812873324164"><ele>1715.1496713409151</ele></trkpt><trkpt lat="45.69850992854499" lon="6.728219945049614"><ele>1714.2415430328565</ele></trkpt><trkpt lat="45.69853000000002" lon="6.72831"><ele>1713.42</ele></trkpt><trkpt lat="45.69855775780494" lon="6.728408051562122"><ele>1712.7412232694035</ele></trkpt><trkpt lat="45.69858789134355" lon="6.728504750325794"><ele>1712.1506378292675</ele></trkpt><trkpt lat="45.69862" lon="6.728599999999999"><ele>1711.39</ele></trkpt><trkpt lat="45.69868" lon="6.728740000000001"><ele>1709.18</ele></trkpt><trkpt lat="45.698620696756066" lon="6.728698962607341"><ele>1707.5169591148795</ele></trkpt><trkpt lat="45.69856384717198" lon="6.728649740007059"><ele>1706.2216015157014</ele></trkpt><trkpt lat="45.69850841113342" lon="6.7285957365165485"><ele>1705.1676396936382</ele></trkpt><trkpt lat="45.698453348521745" lon="6.728540356453196"><ele>1704.2287861398636</ele></trkpt><trkpt lat="45.698397619214305" lon="6.728487004134393"><ele>1703.27875334555</ele></trkpt><trkpt lat="45.69834018308416" lon="6.728439083877531"><ele>1702.1912538018714</ele></trkpt><trkpt lat="45.698280000000025" lon="6.728400000000001"><ele>1700.84</ele></trkpt><trkpt lat="45.69821824251293" lon="6.728374468144005"><ele>1699.2007328300117</ele></trkpt><trkpt lat="45.69815463192821" lon="6.728360785949022"><ele>1697.3375526227824</ele></trkpt><trkpt lat="45.69808990008538" lon="6.728354869682038"><ele>1695.3540060005469</ele></trkpt><trkpt lat="45.69802477882729" lon="6.728352635610036"><ele>1693.353639585541</ele></trkpt><trkpt lat="45.69796000000001" lon="6.728350000000001"><ele>1691.44</ele></trkpt><trkpt lat="45.69788876979357" lon="6.7283495420306965"><ele>1689.5783246905212</ele></trkpt><trkpt lat="45.697820000000014" lon="6.72837"><ele>1687.72</ele></trkpt><trkpt lat="45.697745323493706" lon="6.728418508097231"><ele>1685.398481218609</ele></trkpt><trkpt lat="45.697674502594786" lon="6.728478146304413"><ele>1683.0703904437837</ele></trkpt><trkpt lat="45.69761" lon="6.72855"><ele>1680.74</ele></trkpt><trkpt lat="45.69755904800274" lon="6.728627818761063"><ele>1678.6446877096762</ele></trkpt><trkpt lat="45.69751597802876" lon="6.728715829448822"><ele>1676.607276711265</ele></trkpt><trkpt lat="45.69747999999999" lon="6.72881"><ele>1674.63</ele></trkpt><trkpt lat="45.69746673558427" lon="6.728898260159071"><ele>1673.1760277492813</ele></trkpt><trkpt lat="45.69745999999999" lon="6.728989999999999"><ele>1671.81</ele></trkpt><trkpt lat="45.69743773576659" lon="6.72911116766849"><ele>1669.6785384523723</ele></trkpt><trkpt lat="45.69741" lon="6.72923"><ele>1667.61</ele></trkpt><trkpt lat="45.697384668820774" lon="6.729314988805855"><ele>1666.2235625975572</ele></trkpt><trkpt lat="45.69735621632961" lon="6.729398512011154"><ele>1664.86672476935</ele></trkpt><trkpt lat="45.697327082860724" lon="6.729481672174557"><ele>1663.5317180554348</ele></trkpt><trkpt lat="45.697299708753114" lon="6.729565571854725"><ele>1662.2107739958672</ele></trkpt><trkpt lat="45.697276534350515" lon="6.7296513136103195"><ele>1660.8961241307034</ele></trkpt><trkpt lat="45.697259999999986" lon="6.7297400000000005"><ele>1659.58</ele></trkpt><trkpt lat="45.69727782002906" lon="6.729849873218877"><ele>1658.2928811938214</ele></trkpt><trkpt lat="45.69731000000001" lon="6.72996"><ele>1656.97</ele></trkpt><trkpt lat="45.697309393759056" lon="6.730065266830981"><ele>1655.0991960519186</ele></trkpt><trkpt lat="45.69731000000001" lon="6.730169999999999"><ele>1653.07</ele></trkpt><trkpt lat="45.69732549219719" lon="6.730265952649818"><ele>1651.3238537501961</ele></trkpt><trkpt lat="45.69734386293564" lon="6.730360968906757"><ele>1649.6158537223446</ele></trkpt><trkpt lat="45.69736380564902" lon="6.730455465270529"><ele>1647.9197341249228</ele></trkpt><trkpt lat="45.697384013772506" lon="6.730549858240852"><ele>1646.2092291664064</ele></trkpt><trkpt lat="45.69740318074323" lon="6.730644564317436"><ele>1644.4580730552732</ele></trkpt><trkpt lat="45.69741999999999" lon="6.730740000000001"><ele>1642.64</ele></trkpt><trkpt lat="45.69743488483366" lon="6.730864710596434"><ele>1640.1683906712997</ele></trkpt><trkpt lat="45.697439999999986" lon="6.730989999999999"><ele>1637.17</ele></trkpt><trkpt lat="45.69741999999999" lon="6.73102"><ele>1634.89</ele></trkpt><trkpt lat="45.69731000000001" lon="6.730989999999999"><ele>1634.38</ele></trkpt><trkpt lat="45.697230027813006" lon="6.731015897934435"><ele>1632.656336606983</ele></trkpt><trkpt lat="45.697149999999986" lon="6.73104"><ele>1630.95</ele></trkpt><trkpt lat="45.69706502625749" lon="6.731019716017171"><ele>1630.267305338276</ele></trkpt><trkpt lat="45.696979999999996" lon="6.730999999999999"><ele>1629.71</ele></trkpt><trkpt lat="45.69691999999999" lon="6.731050000000001"><ele>1628.37</ele></trkpt><trkpt lat="45.69693999999999" lon="6.73113"><ele>1626.58</ele></trkpt><trkpt lat="45.696989999999985" lon="6.731199999999999"><ele>1625.02</ele></trkpt><trkpt lat="45.69705711676208" lon="6.731234229570409"><ele>1624.4439496103598</ele></trkpt><trkpt lat="45.69712628216005" lon="6.731261364850531"><ele>1624.0569499658852</ele></trkpt><trkpt lat="45.697194806474734" lon="6.731290317705389"><ele>1623.621475338468</ele></trkpt><trkpt lat="45.697259999999986" lon="6.73133"><ele>1622.9</ele></trkpt><trkpt lat="45.69729" lon="6.731429999999998"><ele>1620.5</ele></trkpt><trkpt lat="45.697254132584796" lon="6.731514802587494"><ele>1618.512015988364</ele></trkpt><trkpt lat="45.69722000000001" lon="6.7316"><ele>1616.49</ele></trkpt><trkpt lat="45.69722454317327" lon="6.731697265604791"><ele>1614.0664971885044</ele></trkpt><trkpt lat="45.697249999999976" lon="6.73179"><ele>1611.77</ele></trkpt><trkpt lat="45.69732" lon="6.731880000000001"><ele>1609.81</ele></trkpt><trkpt lat="45.69732" lon="6.73191"><ele>1609.81</ele></trkpt><trkpt lat="45.697259999999986" lon="6.732"><ele>1608.27</ele></trkpt><trkpt lat="45.697259999999986" lon="6.7321100000000005"><ele>1605.64</ele></trkpt><trkpt lat="45.697211235425826" lon="6.732171190880639"><ele>1603.6189752957287</ele></trkpt><trkpt lat="45.69716" lon="6.732230000000001"><ele>1601.62</ele></trkpt><trkpt lat="45.697169999999986" lon="6.73228"><ele>1600.51</ele></trkpt><trkpt lat="45.69711" lon="6.732399999999999"><ele>1596.22</ele></trkpt><trkpt lat="45.69707" lon="6.732470000000001"><ele>1594.72</ele></trkpt><trkpt lat="45.69700999999999" lon="6.732470000000001"><ele>1594.23</ele></trkpt><trkpt lat="45.69698528229247" lon="6.732565814264025"><ele>1591.1326648587897</ele></trkpt><trkpt lat="45.696979999999996" lon="6.73267"><ele>1588.12</ele></trkpt><trkpt lat="45.69700999999999" lon="6.73277"><ele>1586.43</ele></trkpt><trkpt lat="45.696979999999996" lon="6.73284"><ele>1583.75</ele></trkpt><trkpt lat="45.69705" lon="6.732939999999998"><ele>1582.39</ele></trkpt><trkpt lat="45.69705" lon="6.73303"><ele>1579.18</ele></trkpt><trkpt lat="45.69707" lon="6.733110000000001"><ele>1575.89</ele></trkpt><trkpt lat="45.69706000000001" lon="6.733209999999999"><ele>1571.83</ele></trkpt><trkpt lat="45.697" lon="6.733270000000001"><ele>1570.23</ele></trkpt><trkpt lat="45.69700999999999" lon="6.733350000000001"><ele>1565.92</ele></trkpt><trkpt lat="45.696969999999986" lon="6.73339"><ele>1564.49</ele></trkpt><trkpt lat="45.696889768761565" lon="6.733388207723398"><ele>1563.989697002743</ele></trkpt><trkpt lat="45.69680999999999" lon="6.73339"><ele>1563.43</ele></trkpt><trkpt lat="45.6968" lon="6.73344"><ele>1562.09</ele></trkpt><trkpt lat="45.69683000000002" lon="6.73348"><ele>1561.16</ele></trkpt><trkpt lat="45.69691184104777" lon="6.733541581602779"><ele>1559.7308558094226</ele></trkpt><trkpt lat="45.696989999999985" lon="6.7336100000000005"><ele>1558.06</ele></trkpt><trkpt lat="45.69705" lon="6.733739999999999"><ele>1554.5</ele></trkpt><trkpt lat="45.69706000000001" lon="6.73384"><ele>1552.8</ele></trkpt><trkpt lat="45.69704000000001" lon="6.734"><ele>1550.97</ele></trkpt><trkpt lat="45.69711" lon="6.734139999999999"><ele>1550.5</ele></trkpt><trkpt lat="45.6971079" lon="6.734152400000001"><ele>1550.36</ele></trkpt></trkseg></trk></gpx>