<?xml version='1.0' encoding='utf-8'?>
<gpx xmlns="http://www.topografix.com/GPX/1/1" xmlns:xsi="http://www.w3.org/2001/XMLSchema-instance" xsi:schemaLocation="http://www.topografix.com/GPX/1/1 http://www.topografix.com/GPX/1/1/gpx.xsd" version="1.1" creator="FATMAP.com"><metadata /><wpt lat="45.79062" lon="6.97197"><ele>1205.29</ele><name>Courmayeur (Center) (Start)</name><sym>icons/start.svg</sym><desc>Start point in Courmayeur center.</desc><extensions><station id="courmayeur-center-start" type="start" subtype="start"><accessibility crew_allowed="true" pacer_allowed="false" vehicle_tier="easy" drop_bag_allowed="true" /><services water="true" unmanaged_water="false" food="true" hot_food="true" toilets="true" medical="true" sleep_area="false" /><passes><pass num="1" dist_m="0.00" label="Courmayeur (Center) (Start)" /></passes></station></extensions></wpt><wpt lat="45.79199" lon="6.97284"><ele>1225.47</ele><name>Courmayeur (Center) (End)</name><sym>icons/finish.svg</sym><desc>Finish line/rest stop in Courmayeur center.</desc><extensions><station id="courmayeur-center-end" type="finish" subtype="finish"><accessibility crew_allowed="true" pacer_allowed="false" vehicle_tier="easy" drop_bag_allowed="true" /><services water="true" unmanaged_water="false" food="true" hot_food="true" toilets="true" medical="true" sleep_area="false" /><passes><pass num="1" dist_m="407.34" label="Courmayeur (Center) (End)" /></passes></station></extensions></wpt><wpt lat="45.80805" lon="6.9774"><ele>1939.51</ele><name>Rifugio Bertone</name><sym>icons/refuge.svg</sym><desc>Italian mountain hut built in homage to Giorgio Bertone.</desc><extensions><station id="rifugio-bertone" type="segmenting" subtype="aid_station"><accessibility crew_allowed="false" pacer_allowed="false" vehicle_tier="none" drop_bag_allowed="false" /><services water="true" unmanaged_water="false" food="true" hot_food="true" toilets="true" medical="false" sleep_area="false" /><passes><pass num="1" dist_m="4279.87" label="Rifugio Bertone" /></passes></station></extensions></wpt><wpt lat="45.83442" lon="7.01108"><ele>1968.17</ele><name>La Saxe / La Lache</name><sym>icons/summit.svg</sym><desc>Val Ferret balcony ridge trail checkpoint.</desc><extensions><station id="la-saxe-/-la-lache" type="informational" subtype="summit"><accessibility crew_allowed="false" pacer_allowed="false" vehicle_tier="none" drop_bag_allowed="false" /><services water="false" unmanaged_water="false" food="false" hot_food="false" toilets="false" medical="false" sleep_area="false" /><passes><pass num="1" dist_m="8964.99" label="La Saxe / La Lache" /></passes></station></extensions></wpt><wpt lat="45.84693" lon="7.03299"><ele>2018.87</ele><name>Rifugio Bonatti</name><sym>icons/refuge.svg</sym><desc>Modern Italian hut honoring Walter Bonatti.</desc><extensions><station id="rifugio-bonatti" type="segmenting" subtype="aid_station"><accessibility crew_allowed="false" pacer_allowed="false" vehicle_tier="none" drop_bag_allowed="false" /><services water="true" unmanaged_water="false" food="true" hot_food="true" toilets="true" medical="false" sleep_area="false" /><passes><pass num="1" dist_m="11952.75" label="Rifugio Bonatti" /></passes></station></extensions></wpt><wpt lat="45.87125" lon="7.05301"><ele>1768.94</ele><name>Arnuva (Start)</name><sym>icons/start.svg</sym><desc>Val Ferret valley bottom checkin.</desc><extensions><station id="arnuva-start" type="start" subtype="start"><accessibility crew_allowed="true" pacer_allowed="false" vehicle_tier="easy" drop_bag_allowed="false" /><services water="true" unmanaged_water="false" food="true" hot_food="true" toilets="true" medical="true" sleep_area="false" /><passes><pass num="1" dist_m="17213.59" label="Arnuva (Start)" /></passes></station></extensions></wpt><wpt lat="45.87147" lon="7.05153"><ele>1766.54</ele><name>Arnuva (End)</name><sym>icons/finish.svg</sym><desc>Val Ferret valley bottom checkin.</desc><extensions><station id="arnuva-end" type="finish" subtype="finish"><accessibility crew_allowed="true" pacer_allowed="false" vehicle_tier="easy" drop_bag_allowed="false" /><services water="true" unmanaged_water="false" food="true" hot_food="true" toilets="true" medical="true" sleep_area="false" /><passes><pass num="1" dist_m="17330.02" label="Arnuva (End)" /></passes></station></extensions></wpt><trk><name /><desc /><trkseg><trkpt lat="45.79061999999998" lon="6.97197"><ele>1205.29</ele></trkpt><trkpt lat="45.7906952353227" lon="6.971951891298886"><ele>1205.0133055890954</ele></trkpt><trkpt lat="45.790769999999995" lon="6.97193"><ele>1204.99</ele></trkpt><trkpt lat="45.790831776041074" lon="6.971910100694378"><ele>1205.074348273456</ele></trkpt><trkpt lat="45.79089350420844" lon="6.971889892639694"><ele>1205.1594822317006</ele></trkpt><trkpt lat="45.79095519330082" lon="6.971869437844482"><ele>1205.251265932906</ele></trkpt><trkpt lat="45.791016852116755" lon="6.971848798317279"><ele>1205.3555634352456</ele></trkpt><trkpt lat="45.79107848945489" lon="6.971828036066616"><ele>1205.4782387968917</ele></trkpt><trkpt lat="45.7911401141138" lon="6.971807213101023"><ele>1205.6251560760177</ele></trkpt><trkpt lat="45.791201734891956" lon="6.971786391429035"><ele>1205.8021793307958</ele></trkpt><trkpt lat="45.79126336058786" lon="6.971765633059183"><ele>1206.0151726193988</ele></trkpt><trkpt lat="45.791325" lon="6.971745000000001"><ele>1206.27</ele></trkpt><trkpt lat="45.791386670172294" lon="6.971724312946473"><ele>1206.5749227398142</ele></trkpt><trkpt lat="45.79144830121077" lon="6.971703443443437"><ele>1206.9278938213965</ele></trkpt><trkpt lat="45.79150990951161" lon="6.971682483772606"><ele>1207.3199365190096</ele></trkpt><trkpt lat="45.79157151147083" lon="6.971661526215696"><ele>1207.742074106915</ele></trkpt><trkpt lat="45.791633123484424" lon="6.971640663054421"><ele>1208.1853298593749</ele></trkpt><trkpt lat="45.79169476194832" lon="6.971619986570499"><ele>1208.6407270506513</ele></trkpt><trkpt lat="45.791756443258386" lon="6.971599589045645"><ele>1209.0992889550064</ele></trkpt><trkpt lat="45.79181818381038" lon="6.971579562761573"><ele>1209.5520388467019</ele></trkpt><trkpt lat="45.79187999999998" lon="6.97156"><ele>1209.99</ele></trkpt><trkpt lat="45.79195" lon="6.97155"><ele>1210.59</ele></trkpt><trkpt lat="45.79202411583826" lon="6.971555672630528"><ele>1211.3373318564857</ele></trkpt><trkpt lat="45.792098186360505" lon="6.971562552374665"><ele>1212.0895209047244</ele></trkpt><trkpt lat="45.792172198963605" lon="6.971570595803539"><ele>1212.85104402472</ele></trkpt><trkpt lat="45.792246141044444" lon="6.971579759488275"><ele>1213.626378096477</ele></trkpt><trkpt lat="45.79231999999999" lon="6.971590000000001"><ele>1214.42</ele></trkpt><trkpt lat="45.79242999999999" lon="6.97162"><ele>1215.82</ele></trkpt><trkpt lat="45.79250443237288" lon="6.971648760552421"><ele>1216.5464518683225</ele></trkpt><trkpt lat="45.79257832109658" lon="6.971680269922764"><ele>1217.2138379052421</ele></trkpt><trkpt lat="45.792649999999995" lon="6.97172"><ele>1217.9</ele></trkpt><trkpt lat="45.79266000000001" lon="6.971770000000001"><ele>1218.19</ele></trkpt><trkpt lat="45.79260913416706" lon="6.971860138029894"><ele>1218.1731301477903</ele></trkpt><trkpt lat="45.792550000000006" lon="6.971940000000001"><ele>1218.22</ele></trkpt><trkpt lat="45.79250053436251" lon="6.972004219604345"><ele>1218.487122010563</ele></trkpt><trkpt lat="45.79245138184098" lon="6.972069509233526"><ele>1218.820687457638</ele></trkpt><trkpt lat="45.792401647292145" lon="6.972133800487613"><ele>1219.1822271606725</ele></trkpt><trkpt lat="45.79235043556954" lon="6.972195024966675"><ele>1219.5332719391129</ele></trkpt><trkpt lat="45.79229685152334" lon="6.972251114270781"><ele>1219.8353526124065</ele></trkpt><trkpt lat="45.79224000000001" lon="6.9723"><ele>1220.05</ele></trkpt><trkpt lat="45.792176099447374" lon="6.97233410224108"><ele>1220.0878454098327</ele></trkpt><trkpt lat="45.79210801971091" lon="6.972351389918634"><ele>1219.9645641614698</ele></trkpt><trkpt lat="45.79203843011577" lon="6.972362982636871"><ele>1219.816500832372</ele></trkpt><trkpt lat="45.791970000000006" lon="6.97238"><ele>1219.78</ele></trkpt><trkpt lat="45.79190258779507" lon="6.972400580671139"><ele>1219.79984704898</ele></trkpt><trkpt lat="45.79183436318617" lon="6.972419012066756"><ele>1219.7964012942625</ele></trkpt><trkpt lat="45.791766844676104" lon="6.972440153126806"><ele>1219.8680320150552</ele></trkpt><trkpt lat="45.79170155077504" lon="6.972468862791236"><ele>1220.1131084905653</ele></trkpt><trkpt lat="45.79164" lon="6.972509999999999"><ele>1220.63</ele></trkpt><trkpt lat="45.79167999999998" lon="6.972619999999999"><ele>1223.14</ele></trkpt><trkpt lat="45.791729999999994" lon="6.972680000000001"><ele>1225.25</ele></trkpt><trkpt lat="45.791799999999995" lon="6.97271"><ele>1225.58</ele></trkpt><trkpt lat="45.79187024403818" lon="6.972692206704894"><ele>1225.5527350491686</ele></trkpt><trkpt lat="45.79193970468561" lon="6.9726661640049405"><ele>1225.4711296231997</ele></trkpt><trkpt lat="45.79201000000001" lon="6.97265"><ele>1225.61</ele></trkpt><trkpt lat="45.79207811210155" lon="6.972646805154671"><ele>1225.9763149026924</ele></trkpt><trkpt lat="45.79214631540722" lon="6.972647151522334"><ele>1226.4226488737254</ele></trkpt><trkpt lat="45.79221446266178" lon="6.972651095312657"><ele>1226.9458253934129</ele></trkpt><trkpt lat="45.792282406610624" lon="6.9726586927353225"><ele>1227.5426679420668</ele></trkpt><trkpt lat="45.79234999999998" lon="6.972670000000001"><ele>1228.21</ele></trkpt><trkpt lat="45.7924116999013" lon="6.972697403264918"><ele>1229.2691124213566</ele></trkpt><trkpt lat="45.792469999999994" lon="6.97274"><ele>1230.4</ele></trkpt><trkpt lat="45.79252542232406" lon="6.972781813455435"><ele>1231.162665061338</ele></trkpt><trkpt lat="45.79258062983634" lon="6.972824259221398"><ele>1231.887915752424</ele></trkpt><trkpt lat="45.79263566789795" lon="6.972867199060154"><ele>1232.5868937069915</ele></trkpt><trkpt lat="45.79269058186971" lon="6.972910494733969"><ele>1233.2707405587728</ele></trkpt><trkpt lat="45.792745417112336" lon="6.972954008005108"><ele>1233.9505979415012</ele></trkpt><trkpt lat="45.792800218986336" lon="6.972997600635841"><ele>1234.6376074889092</ele></trkpt><trkpt lat="45.79285503285202" lon="6.9730411343884295"><ele>1235.3429108347304</ele></trkpt><trkpt lat="45.79290990406959" lon="6.973084471025142"><ele>1236.0776496126973</ele></trkpt><trkpt lat="45.79296487799898" lon="6.973127472308243"><ele>1236.8529654565427</ele></trkpt><trkpt lat="45.79302000000001" lon="6.9731700000000005"><ele>1237.68</ele></trkpt><trkpt lat="45.793079052632315" lon="6.973215240518839"><ele>1238.616190604694</ele></trkpt><trkpt lat="45.79313806770678" lon="6.973260528217143"><ele>1239.5875737223291</ele></trkpt><trkpt lat="45.79319706356371" lon="6.973305821812589"><ele>1240.5881511225884</ele></trkpt><trkpt lat="45.79325605854348" lon="6.973351080022864"><ele>1241.6119245751565</ele></trkpt><trkpt lat="45.793315070986296" lon="6.9733962615656475"><ele>1242.652895849717</ele></trkpt><trkpt lat="45.79337411923229" lon="6.973441325158621"><ele>1243.7050667159538</ele></trkpt><trkpt lat="45.79343322162157" lon="6.973486229519464"><ele>1244.762438943551</ele></trkpt><trkpt lat="45.793492396494095" lon="6.973530933365861"><ele>1245.8190143021925</ele></trkpt><trkpt lat="45.7935516621898" lon="6.9735753954154935"><ele>1246.868794561562</ele></trkpt><trkpt lat="45.79361103704853" lon="6.973619574386041"><ele>1247.9057814913438</ele></trkpt><trkpt lat="45.79367053941002" lon="6.973663428995187"><ele>1248.9239768612213</ele></trkpt><trkpt lat="45.793730187613995" lon="6.973706917960613"><ele>1249.9173824408788</ele></trkpt><trkpt lat="45.79379" lon="6.973749999999999"><ele>1250.88</ele></trkpt><trkpt lat="45.793852408529496" lon="6.973795129520532"><ele>1251.889407479125</ele></trkpt><trkpt lat="45.7939151621783" lon="6.973839816362976"><ele>1252.8868867754486</ele></trkpt><trkpt lat="45.79397871156342" lon="6.973881938445152"><ele>1253.77966233221</ele></trkpt><trkpt lat="45.794043507299726" lon="6.973919373684887"><ele>1254.4749585926475</ele></trkpt><trkpt lat="45.794109999999996" lon="6.97395"><ele>1254.88</ele></trkpt><trkpt lat="45.7941888700361" lon="6.9739702631631815"><ele>1254.6740837243638</ele></trkpt><trkpt lat="45.79426948178753" lon="6.973974702621298"><ele>1253.8264576726779</ele></trkpt><trkpt lat="45.79435" lon="6.97397"><ele>1252.78</ele></trkpt><trkpt lat="45.79444999999999" lon="6.97392"><ele>1250.63</ele></trkpt><trkpt lat="45.794489999999996" lon="6.97405"><ele>1253.79</ele></trkpt><trkpt lat="45.79453999999999" lon="6.974099999999999"><ele>1254.82</ele></trkpt><trkpt lat="45.79460458085062" lon="6.974134079793859"><ele>1254.9259054500048</ele></trkpt><trkpt lat="45.79467008772208" lon="6.9741646708596905"><ele>1254.8916769643956</ele></trkpt><trkpt lat="45.79473555073139" lon="6.974195426495678"><ele>1254.8191099965884</ele></trkpt><trkpt lat="45.7948" lon="6.97423"><ele>1254.81</ele></trkpt><trkpt lat="45.79487127441225" lon="6.974273556554198"><ele>1254.861667432193</ele></trkpt><trkpt lat="45.7949418249296" lon="6.974319570224602"><ele>1254.9249922726317</ele></trkpt><trkpt lat="45.79501146298194" lon="6.974368298782706"><ele>1255.0533209767545</ele></trkpt><trkpt lat="45.795079999999984" lon="6.974420000000001"><ele>1255.3</ele></trkpt><trkpt lat="45.79513797204564" lon="6.97447160339118"><ele>1255.6747232483845</ele></trkpt><trkpt lat="45.79519391524535" lon="6.97452817290711"><ele>1256.1757916359577</ele></trkpt><trkpt lat="45.795250400825" lon="6.974583155969487"><ele>1256.7239642055522</ele></trkpt><trkpt lat="45.79531000000001" lon="6.97463"><ele>1257.24</ele></trkpt><trkpt lat="45.795372171068855" lon="6.974666776085473"><ele>1257.700280590266</ele></trkpt><trkpt lat="45.79543581263306" lon="6.974698218829795"><ele>1258.1499651268896</ele></trkpt><trkpt lat="45.7955003686616" lon="6.974726273531382"><ele>1258.5955093683804</ele></trkpt><trkpt lat="45.7955652831259" lon="6.9747528854886465"><ele>1259.0433690732473</ele></trkpt><trkpt lat="45.795630000000024" lon="6.974779999999999"><ele>1259.5</ele></trkpt><trkpt lat="45.795691705665355" lon="6.974805004252769"><ele>1259.9307310872196</ele></trkpt><trkpt lat="45.79575390769929" lon="6.97482779363168"><ele>1260.350524745299</ele></trkpt><trkpt lat="45.79581622212454" lon="6.974850028016302"><ele>1260.7733647199273</ele></trkpt><trkpt lat="45.79587826496538" lon="6.974873367286186"><ele>1261.213234756794</ele></trkpt><trkpt lat="45.79593965224795" lon="6.9748994713209"><ele>1261.6841186015886</ele></trkpt><trkpt lat="45.795999999999964" lon="6.97493"><ele>1262.2</ele></trkpt><trkpt lat="45.79607634039121" lon="6.974996014700371"><ele>1263.1401984922309</ele></trkpt><trkpt lat="45.79615" lon="6.9750700000000005"><ele>1264.23</ele></trkpt><trkpt lat="45.796211276293114" lon="6.975118492631288"><ele>1265.0849540697582</ele></trkpt><trkpt lat="45.79627315366186" lon="6.975165447231054"><ele>1265.9647019821136</ele></trkpt><trkpt lat="45.79633595420003" lon="6.975209678215293"><ele>1266.8245989034124</ele></trkpt><trkpt lat="45.79640000000001" lon="6.975249999999999"><ele>1267.62</ele></trkpt><trkpt lat="45.79646519165309" lon="6.975285021498215"><ele>1268.3252660649441</ele></trkpt><trkpt lat="45.796531422448396" lon="6.975316119952745"><ele>1268.9746439867772</ele></trkpt><trkpt lat="45.796598057415636" lon="6.975345707658167"><ele>1269.6023888761388</ele></trkpt><trkpt lat="45.79666446158758" lon="6.9753761969090595"><ele>1270.2427558436668</ele></trkpt><trkpt lat="45.79673" lon="6.975409999999999"><ele>1270.93</ele></trkpt><trkpt lat="45.79679338048646" lon="6.9754450743243215"><ele>1271.6389697577004</ele></trkpt><trkpt lat="45.796856908777634" lon="6.975479761440174"><ele>1272.3567152244982</ele></trkpt><trkpt lat="45.796920492056834" lon="6.975514336977241"><ele>1273.081773786242</ele></trkpt><trkpt lat="45.796984037507855" lon="6.975549076565214"><ele>1273.8126828287798</ele></trkpt><trkpt lat="45.79704745231488" lon="6.975584255833774"><ele>1274.547979737959</ele></trkpt><trkpt lat="45.797110643662485" lon="6.975620150412613"><ele>1275.286201899628</ele></trkpt><trkpt lat="45.79717351873574" lon="6.975657035931415"><ele>1276.025886699635</ele></trkpt><trkpt lat="45.79723598472005" lon="6.975695188019869"><ele>1276.7655715238277</ele></trkpt><trkpt lat="45.797297948801294" lon="6.975734882307658"><ele>1277.5037937580541</ele></trkpt><trkpt lat="45.79735931816573" lon="6.975776394424473"><ele>1278.2390907881622</ele></trkpt><trkpt lat="45.797419999999974" lon="6.975819999999999"><ele>1278.97</ele></trkpt><trkpt lat="45.79748560437516" lon="6.97587812335427"><ele>1279.774752068888</ele></trkpt><trkpt lat="45.79754626092514" lon="6.975947369584048"><ele>1280.5524567919151</ele></trkpt><trkpt lat="45.79760378701461" lon="6.976022931021803"><ele>1281.3364331189848</ele></trkpt><trkpt lat="45.79766000000001" lon="6.9761"><ele>1282.16</ele></trkpt><trkpt lat="45.79770803311489" lon="6.976168454283943"><ele>1282.9191401203852</ele></trkpt><trkpt lat="45.79775391340937" lon="6.976239974027396"><ele>1283.7028789817978</ele></trkpt><trkpt lat="45.79779783699942" lon="6.976314006757149"><ele>1284.5151783523115</ele></trkpt><trkpt lat="45.79784000000001" lon="6.976389999999999"><ele>1285.36</ele></trkpt><trkpt lat="45.7978744665565" lon="6.976465565162708"><ele>1286.2114679752344</ele></trkpt><trkpt lat="45.79790546923808" lon="6.976544538645249"><ele>1287.1138635766251</ele></trkpt><trkpt lat="45.797939999999976" lon="6.976619999999999"><ele>1288</ele></trkpt><trkpt lat="45.79798315632344" lon="6.976699545967517"><ele>1288.943050863647</ele></trkpt><trkpt lat="45.79802705715247" lon="6.976778434348352"><ele>1289.8726739332274</ele></trkpt><trkpt lat="45.79807237982094" lon="6.976855549745429"><ele>1290.7977715709844</ele></trkpt><trkpt lat="45.798119801660405" lon="6.97692977676167"><ele>1291.7272461391613</ele></trkpt><trkpt lat="45.79816999999999" lon="6.977"><ele>1292.67</ele></trkpt><trkpt lat="45.79823064429852" lon="6.9770615738336685"><ele>1293.7012379491725</ele></trkpt><trkpt lat="45.79829675909724" lon="6.97711279818086"><ele>1294.7347218942255</ele></trkpt><trkpt lat="45.79836" lon="6.97717"><ele>1295.72</ele></trkpt><trkpt lat="45.79840957888588" lon="6.977226094109449"><ele>1296.517528450496</ele></trkpt><trkpt lat="45.79845857080126" lon="6.977283234094359"><ele>1297.3120057831652</ele></trkpt><trkpt lat="45.79850709385354" lon="6.977341211639234"><ele>1298.1020282383324</ele></trkpt><trkpt lat="45.79855526614959" lon="6.9773998184285775"><ele>1298.8861920563231</ele></trkpt><trkpt lat="45.798603205795935" lon="6.977458846146896"><ele>1299.6630934774619</ele></trkpt><trkpt lat="45.79865103089867" lon="6.977518086478693"><ele>1300.4313287420737</ele></trkpt><trkpt lat="45.79869885956347" lon="6.9775773311084714"><ele>1301.1894940904842</ele></trkpt><trkpt lat="45.79874680989563" lon="6.97763637172074"><ele>1301.9361857630176</ele></trkpt><trkpt lat="45.79879499999999" lon="6.977694999999999"><ele>1302.67</ele></trkpt><trkpt lat="45.79884382541112" lon="6.977752563380606"><ele>1303.37836968715</ele></trkpt><trkpt lat="45.79889341234752" lon="6.977809000085752"><ele>1304.057115000327</ele></trkpt><trkpt lat="45.79894338171658" lon="6.977864875471285"><ele>1304.7160115380855</ele></trkpt><trkpt lat="45.79899335442703" lon="6.9779207548930495"><ele>1305.3648348989823</ele></trkpt><trkpt lat="45.79904295138902" lon="6.977977203706892"><ele>1306.0133606815734</ele></trkpt><trkpt lat="45.79909179351394" lon="6.978034787268665"><ele>1306.6713644844149</ele></trkpt><trkpt lat="45.79913950171457" lon="6.978094070934208"><ele>1307.3486219060624</ele></trkpt><trkpt lat="45.79918569690486" lon="6.978155620059372"><ele>1308.0549085450723</ele></trkpt><trkpt lat="45.79923000000001" lon="6.978220000000001"><ele>1308.8</ele></trkpt><trkpt lat="45.79927331784866" lon="6.97829600404336"><ele>1309.6744709466034</ele></trkpt><trkpt lat="45.799311004355275" lon="6.978378365207535"><ele>1310.6105888736297</ele></trkpt><trkpt lat="45.7993457876774" lon="6.9784640144389085"><ele>1311.5837772617808</ele></trkpt><trkpt lat="45.799380395964874" lon="6.978549882683857"><ele>1312.5694595917585</ele></trkpt><trkpt lat="45.79941755736059" lon="6.978632900888761"><ele>1313.5430593442643</ele></trkpt><trkpt lat="45.79946" lon="6.9787099999999995"><ele>1314.48</ele></trkpt><trkpt lat="45.79953947864883" lon="6.978775934496159"><ele>1315.322455840801</ele></trkpt><trkpt lat="45.79962" lon="6.978840000000001"><ele>1316.52</ele></trkpt><trkpt lat="45.79966466836687" lon="6.9789078237087985"><ele>1317.9344617702607</ele></trkpt><trkpt lat="45.79970816400687" lon="6.978977065220989"><ele>1319.4198777957358</ele></trkpt><trkpt lat="45.79975069945286" lon="6.979047471750281"><ele>1320.9607150871952</ele></trkpt><trkpt lat="45.79979248723705" lon="6.979118790510382"><ele>1322.5414406554064</ele></trkpt><trkpt lat="45.799833739890914" lon="6.979190768715009"><ele>1324.1465215111389</ele></trkpt><trkpt lat="45.79987466994533" lon="6.979263153577864"><ele>1325.7604246651608</ele></trkpt><trkpt lat="45.7999154899305" lon="6.9793356923126595"><ele>1327.3676171282414</ele></trkpt><trkpt lat="45.79995641237599" lon="6.979408132133111"><ele>1328.952565911149</ele></trkpt><trkpt lat="45.79999764981082" lon="6.979480220252923"><ele>1330.4997380246523</ele></trkpt><trkpt lat="45.80003941476329" lon="6.979551703885807"><ele>1331.9936004795206</ele></trkpt><trkpt lat="45.80008191976109" lon="6.9796223302454745"><ele>1333.4186202865221</ele></trkpt><trkpt lat="45.80012537733122" lon="6.979691846545635"><ele>1334.7592644564256</ele></trkpt><trkpt lat="45.80017000000001" lon="6.979759999999999"><ele>1336</ele></trkpt><trkpt lat="45.80021779924901" lon="6.97982551886447"><ele>1336.9745664005318</ele></trkpt><trkpt lat="45.80026866450702" lon="6.979886598624379"><ele>1337.584050515346</ele></trkpt><trkpt lat="45.80032145648951" lon="6.979944912948809"><ele>1337.961894138571</ele></trkpt><trkpt lat="45.80037503591593" lon="6.980002135506838"><ele>1338.241539064336</ele></trkpt><trkpt lat="45.800428263510064" lon="6.980059939967542"><ele>1338.5564270867694</ele></trkpt><trkpt lat="45.80047999999999" lon="6.980120000000001"><ele>1339.04</ele></trkpt><trkpt lat="45.800527713537164" lon="6.980182296208237"><ele>1339.7054846479384</ele></trkpt><trkpt lat="45.80057392018244" lon="6.980246994402857"><ele>1340.470752467277</ele></trkpt><trkpt lat="45.80062066673821" lon="6.980310695396048"><ele>1341.2731440529772</ele></trkpt><trkpt lat="45.800670000000004" lon="6.980369999999999"><ele>1342.05</ele></trkpt><trkpt lat="45.80073928607214" lon="6.980426420988801"><ele>1342.9486054611543</ele></trkpt><trkpt lat="45.80081" lon="6.980480000000001"><ele>1343.82</ele></trkpt><trkpt lat="45.80086483624656" lon="6.9805332356285605"><ele>1344.4966384157115</ele></trkpt><trkpt lat="45.80090999999999" lon="6.980600000000001"><ele>1345.18</ele></trkpt><trkpt lat="45.8009434349855" lon="6.980705690316926"><ele>1346.0921194558027</ele></trkpt><trkpt lat="45.80096" lon="6.9808200000000005"><ele>1346.92</ele></trkpt><trkpt lat="45.800958049211296" lon="6.980910112927023"><ele>1347.3636991690764</ele></trkpt><trkpt lat="45.80094900744465" lon="6.981000583574685"><ele>1347.7302817885077</ele></trkpt><trkpt lat="45.80094999999999" lon="6.981089999999999"><ele>1348.26</ele></trkpt><trkpt lat="45.80096555082746" lon="6.981184939809481"><ele>1349.0529217061692</ele></trkpt><trkpt lat="45.80098546628105" lon="6.981278258196981"><ele>1349.9109761820996</ele></trkpt><trkpt lat="45.80100780764091" lon="6.981370689286144"><ele>1350.8049373386202</ele></trkpt><trkpt lat="45.801030636189715" lon="6.981462967200606"><ele>1351.7055790865584</ele></trkpt><trkpt lat="45.80105201321318" lon="6.981555826064013"><ele>1352.5836753367425</ele></trkpt><trkpt lat="45.80107000000001" lon="6.981650000000001"><ele>1353.41</ele></trkpt><trkpt lat="45.80108065391268" lon="6.981764250570835"><ele>1354.1510977844741</ele></trkpt><trkpt lat="45.80108000000002" lon="6.981879999999999"><ele>1354.83</ele></trkpt><trkpt lat="45.801075512943015" lon="6.9819879720469995"><ele>1355.5775932781721</ele></trkpt><trkpt lat="45.80106696564795" lon="6.98209537841026"><ele>1356.3643680001603</ele></trkpt><trkpt lat="45.801050000000004" lon="6.9822"><ele>1357.27</ele></trkpt><trkpt lat="45.801023736313724" lon="6.9822913830111"><ele>1358.1993666566154</ele></trkpt><trkpt lat="45.80099051941791" lon="6.982379319087886"><ele>1359.1668336148805</ele></trkpt><trkpt lat="45.80095643435845" lon="6.982466563659122"><ele>1360.1706172448382</ele></trkpt><trkpt lat="45.8009275661953" lon="6.982555872153573"><ele>1361.2089339165307</ele></trkpt><trkpt lat="45.80090999999999" lon="6.9826500000000005"><ele>1362.28</ele></trkpt><trkpt lat="45.80090169208231" lon="6.98274230388754"><ele>1363.2959472894013</ele></trkpt><trkpt lat="45.80089540073152" lon="6.982835059462599"><ele>1364.2960602197645</ele></trkpt><trkpt lat="45.800891062061844" lon="6.982928155351732"><ele>1365.2881144016126</ele></trkpt><trkpt lat="45.800888612187315" lon="6.983021480181486"><ele>1366.2798854454672</ele></trkpt><trkpt lat="45.800887987221756" lon="6.983114922578419"><ele>1367.2791489618517</ele></trkpt><trkpt lat="45.800889123278786" lon="6.983208371169076"><ele>1368.2936805612878</ele></trkpt><trkpt lat="45.80089195647186" lon="6.983301714580012"><ele>1369.3312558542984</ele></trkpt><trkpt lat="45.80089642291432" lon="6.983394841437778"><ele>1370.3996504514055</ele></trkpt><trkpt lat="45.80090245871932" lon="6.983487640368923"><ele>1371.5066399631319</ele></trkpt><trkpt lat="45.80090999999999" lon="6.98358"><ele>1372.66</ele></trkpt><trkpt lat="45.800920119073936" lon="6.983675377213053"><ele>1373.9340605101406</ele></trkpt><trkpt lat="45.80093313917143" lon="6.983770060808005"><ele>1375.2885876997595</ele></trkpt><trkpt lat="45.80094884277023" lon="6.983863986563468"><ele>1376.697768156241</ele></trkpt><trkpt lat="45.80096701234796" lon="6.983957090258058"><ele>1378.1357884669683</ele></trkpt><trkpt lat="45.800987430382186" lon="6.984049307670392"><ele>1379.576835219324</ele></trkpt><trkpt lat="45.80100987935042" lon="6.984140574579082"><ele>1380.9950950006926</ele></trkpt><trkpt lat="45.80103414173042" lon="6.984230826762747"><ele>1382.3647543984566</ele></trkpt><trkpt lat="45.80105999999999" lon="6.984320000000001"><ele>1383.66</ele></trkpt><trkpt lat="45.80110051201959" lon="6.984415259428544"><ele>1384.8286638597292</ele></trkpt><trkpt lat="45.801153759505674" lon="6.984499637093925"><ele>1385.7181170811102</ele></trkpt><trkpt lat="45.801210000000005" lon="6.984580000000002"><ele>1386.76</ele></trkpt><trkpt lat="45.80125768284823" lon="6.984639075228387"><ele>1388.1012026270619</ele></trkpt><trkpt lat="45.801310000000015" lon="6.98469"><ele>1389.45</ele></trkpt><trkpt lat="45.80133000000002" lon="6.98469"><ele>1389.09</ele></trkpt><trkpt lat="45.80139999999999" lon="6.9846200000000005"><ele>1386.55</ele></trkpt><trkpt lat="45.80148" lon="6.98451"><ele>1385.64</ele></trkpt><trkpt lat="45.80148862862544" lon="6.984418873508668"><ele>1384.2511489169922</ele></trkpt><trkpt lat="45.80148704143266" lon="6.984325771119102"><ele>1382.6974468753187</ele></trkpt><trkpt lat="45.80148443352356" lon="6.984232283169985"><ele>1381.1850213959858</ele></trkpt><trkpt lat="45.80148999999999" lon="6.984139999999999"><ele>1379.92</ele></trkpt><trkpt lat="45.80154000000001" lon="6.984080000000001"><ele>1380.58</ele></trkpt><trkpt lat="45.80163999999997" lon="6.984050000000001"><ele>1383.55</ele></trkpt><trkpt lat="45.80171000000002" lon="6.9840599999999995"><ele>1386.27</ele></trkpt><trkpt lat="45.801770000000005" lon="6.984030000000001"><ele>1387.49</ele></trkpt><trkpt lat="45.80180999999998" lon="6.984030000000001"><ele>1388.43</ele></trkpt><trkpt lat="45.80187319327277" lon="6.984110075653659"><ele>1391.4836552728243</ele></trkpt><trkpt lat="45.80193" lon="6.984200000000001"><ele>1394.54</ele></trkpt><trkpt lat="45.80197938346819" lon="6.984285702686612"><ele>1397.3064746692944</ele></trkpt><trkpt lat="45.80202" lon="6.984380000000001"><ele>1399.85</ele></trkpt><trkpt lat="45.80204738707099" lon="6.984471665672758"><ele>1401.8867482936275</ele></trkpt><trkpt lat="45.80207185733859" lon="6.984565171238706"><ele>1403.8891283371904</ele></trkpt><trkpt lat="45.80209488228596" lon="6.984659637076123"><ele>1405.8448918301488</ele></trkpt><trkpt lat="45.80211793339372" lon="6.984754183563291"><ele>1407.741790471963</ele></trkpt><trkpt lat="45.8021424821399" lon="6.984847931078489"><ele>1409.5675759620933</ele></trkpt><trkpt lat="45.80216999999998" lon="6.98494"><ele>1411.31</ele></trkpt><trkpt lat="45.802202466294204" lon="6.98503324664963"><ele>1413.032232327523</ele></trkpt><trkpt lat="45.80223769162983" lon="6.9851246044421345"><ele>1414.6757024361455</ele></trkpt><trkpt lat="45.802274366835086" lon="6.985215016025467"><ele>1416.2453122917864</ele></trkpt><trkpt lat="45.80231118274139" lon="6.985305424047586"><ele>1417.7459638603636</ele></trkpt><trkpt lat="45.802346830183666" lon="6.985396771156446"><ele>1419.1825591077952</ele></trkpt><trkpt lat="45.80238" lon="6.98549"><ele>1420.56</ele></trkpt><trkpt lat="45.802405398160225" lon="6.985577127460464"><ele>1421.6323248424035</ele></trkpt><trkpt lat="45.80242697443117" lon="6.98566692214216"><ele>1422.5148656558617</ele></trkpt><trkpt lat="45.80244785162454" lon="6.985757153093626"><ele>1423.3502440481182</ele></trkpt><trkpt lat="45.802471152547035" lon="6.985845589363395"><ele>1424.2810816269164</ele></trkpt><trkpt lat="45.802500000000016" lon="6.985930000000001"><ele>1425.45</ele></trkpt><trkpt lat="45.80256" lon="6.985940000000001"><ele>1427.92</ele></trkpt><trkpt lat="45.80259999999998" lon="6.9858899999999995"><ele>1430.4</ele></trkpt><trkpt lat="45.802621860311554" lon="6.9858012523545305"><ele>1431.4319519367882</ele></trkpt><trkpt lat="45.80263918434691" lon="6.985709687455684"><ele>1432.1286824120066</ele></trkpt><trkpt lat="45.80266000000001" lon="6.985620000000001"><ele>1432.88</ele></trkpt><trkpt lat="45.802710000000005" lon="6.98551"><ele>1434.36</ele></trkpt><trkpt lat="45.80275000000001" lon="6.985470000000001"><ele>1437.28</ele></trkpt><trkpt lat="45.80281751611575" lon="6.985522101868629"><ele>1440.2614522902186</ele></trkpt><trkpt lat="45.802880000000016" lon="6.985590000000001"><ele>1442.9</ele></trkpt><trkpt lat="45.80293000000001" lon="6.98566"><ele>1445.8</ele></trkpt><trkpt lat="45.80295999999998" lon="6.985790000000001"><ele>1447.4</ele></trkpt><trkpt lat="45.8029559805956" lon="6.985880249283775"><ele>1447.5308915744508</ele></trkpt><trkpt lat="45.80294674178601" lon="6.985970298306462"><ele>1447.4567580716368</ele></trkpt><trkpt lat="45.802936512677434" lon="6.986060222687262"><ele>1447.3421787815976</ele></trkpt><trkpt lat="45.802929522378584" lon="6.986150098045375"><ele>1447.351732994372</ele></trkpt><trkpt lat="45.80293000000001" lon="6.9862400000000004"><ele>1447.65</ele></trkpt><trkpt lat="45.80293915208066" lon="6.986344711980871"><ele>1448.3486481212808</ele></trkpt><trkpt lat="45.80295317681948" lon="6.9864484653134475"><ele>1449.251016196285</ele></trkpt><trkpt lat="45.80297162551818" lon="6.986550862655589"><ele>1450.310060210649</ele></trkpt><trkpt lat="45.80299404947804" lon="6.986651506665155"><ele>1451.4787361500087</ele></trkpt><trkpt lat="45.80302000000001" lon="6.986750000000001"><ele>1452.71</ele></trkpt><trkpt lat="45.80309999999999" lon="6.98684"><ele>1455.34</ele></trkpt><trkpt lat="45.80314" lon="6.9867799999999995"><ele>1458.36</ele></trkpt><trkpt lat="45.803160000000005" lon="6.98667"><ele>1458.58</ele></trkpt><trkpt lat="45.80322999999997" lon="6.986570000000002"><ele>1463.25</ele></trkpt><trkpt lat="45.803290000000004" lon="6.98655"><ele>1466.25</ele></trkpt><trkpt lat="45.80333861494276" lon="6.986475841910511"><ele>1468.4704693490576</ele></trkpt><trkpt lat="45.803384437193216" lon="6.986397612260827"><ele>1470.530301310729</ele></trkpt><trkpt lat="45.803428951974794" lon="6.986317461655887"><ele>1472.517898597872</ele></trkpt><trkpt lat="45.803473644505836" lon="6.986237540700632"><ele>1474.5216639233433</ele></trkpt><trkpt lat="45.80351999999998" lon="6.98616"><ele>1476.63</ele></trkpt><trkpt lat="45.80358000000001" lon="6.98609"><ele>1479.57</ele></trkpt><trkpt lat="45.803650000000005" lon="6.986050000000001"><ele>1484.38</ele></trkpt><trkpt lat="45.8037" lon="6.9861"><ele>1486.14</ele></trkpt><trkpt lat="45.803740000000005" lon="6.98626"><ele>1489.73</ele></trkpt><trkpt lat="45.80379" lon="6.986290000000001"><ele>1491.36</ele></trkpt><trkpt lat="45.80382999999998" lon="6.98627"><ele>1494.55</ele></trkpt><trkpt lat="45.8038563258416" lon="6.986166189712244"><ele>1495.4442932395816</ele></trkpt><trkpt lat="45.80388" lon="6.98606"><ele>1496</ele></trkpt><trkpt lat="45.803910000000016" lon="6.986020000000001"><ele>1497.67</ele></trkpt><trkpt lat="45.80395999999998" lon="6.986050000000001"><ele>1501.03</ele></trkpt><trkpt lat="45.80396695236917" lon="6.986164097055172"><ele>1501.1814896207138</ele></trkpt><trkpt lat="45.80396999999997" lon="6.986280000000001"><ele>1500.98</ele></trkpt><trkpt lat="45.80399999999999" lon="6.986309999999999"><ele>1502.6</ele></trkpt><trkpt lat="45.804030000000004" lon="6.9863"><ele>1504.22</ele></trkpt><trkpt lat="45.80406999999999" lon="6.986229999999999"><ele>1507.63</ele></trkpt><trkpt lat="45.804129999999994" lon="6.98621"><ele>1510.98</ele></trkpt><trkpt lat="45.80418000000002" lon="6.986229999999999"><ele>1512.67</ele></trkpt><trkpt lat="45.80423463161264" lon="6.986297663175996"><ele>1515.7224206699132</ele></trkpt><trkpt lat="45.80428644945787" lon="6.98636996951278"><ele>1518.8252178901876</ele></trkpt><trkpt lat="45.80434000000001" lon="6.986439999999999"><ele>1521.76</ele></trkpt><trkpt lat="45.804390000000005" lon="6.98648"><ele>1523.1</ele></trkpt><trkpt lat="45.80442999999996" lon="6.98648"><ele>1526.35</ele></trkpt><trkpt lat="45.80444999999999" lon="6.986439999999999"><ele>1526.7</ele></trkpt><trkpt lat="45.804456486155686" lon="6.9863472724697475"><ele>1527.8217239554</ele></trkpt><trkpt lat="45.804470000000016" lon="6.98626"><ele>1529.66</ele></trkpt><trkpt lat="45.80451999999998" lon="6.98626"><ele>1533.12</ele></trkpt><trkpt lat="45.8045664549259" lon="6.986332648499724"><ele>1535.0599167137966</ele></trkpt><trkpt lat="45.80460830845213" lon="6.986412766771056"><ele>1536.5943003677785</ele></trkpt><trkpt lat="45.804651007756576" lon="6.986491501656861"><ele>1538.1090338378713</ele></trkpt><trkpt lat="45.80469999999998" lon="6.98656"><ele>1539.99</ele></trkpt><trkpt lat="45.804769999999984" lon="6.986539999999999"><ele>1543.28</ele></trkpt><trkpt lat="45.8048" lon="6.9865"><ele>1545.55</ele></trkpt><trkpt lat="45.8048" lon="6.986439999999999"><ele>1546.72</ele></trkpt><trkpt lat="45.804837337162986" lon="6.986366371294233"><ele>1549.3971585561371</ele></trkpt><trkpt lat="45.804869999999994" lon="6.986290000000001"><ele>1552</ele></trkpt><trkpt lat="45.80488277173512" lon="6.986171803557326"><ele>1555.1550389028816</ele></trkpt><trkpt lat="45.80488000000001" lon="6.986050000000001"><ele>1557.28</ele></trkpt><trkpt lat="45.804865178134726" lon="6.985928426089592"><ele>1557.1618937180042</ele></trkpt><trkpt lat="45.804840000000006" lon="6.98581"><ele>1556.1</ele></trkpt><trkpt lat="45.80480829339892" lon="6.985725736758617"><ele>1554.936554958791</ele></trkpt><trkpt lat="45.804779999999994" lon="6.985639999999999"><ele>1554.32</ele></trkpt><trkpt lat="45.80476791079501" lon="6.98551016794794"><ele>1555.6883781331903</ele></trkpt><trkpt lat="45.804769999999984" lon="6.985380000000001"><ele>1558.15</ele></trkpt><trkpt lat="45.8048" lon="6.985299999999999"><ele>1561.72</ele></trkpt><trkpt lat="45.80478722732373" lon="6.9852092383285"><ele>1562.0487509970624</ele></trkpt><trkpt lat="45.80476686204626" lon="6.985120050658156"><ele>1561.7637990988046</ele></trkpt><trkpt lat="45.804750000000006" lon="6.985029999999998"><ele>1562.03</ele></trkpt><trkpt lat="45.804759999999995" lon="6.98498"><ele>1564.98</ele></trkpt><trkpt lat="45.804840000000006" lon="6.98488"><ele>1570.87</ele></trkpt><trkpt lat="45.804853232666765" lon="6.984787187889823"><ele>1573.3455160949459</ele></trkpt><trkpt lat="45.804859999999984" lon="6.98469"><ele>1575.41</ele></trkpt><trkpt lat="45.80487673539955" lon="6.984588111320434"><ele>1577.6370940866782</ele></trkpt><trkpt lat="45.8048931499382" lon="6.984485407379805"><ele>1579.68664052442</ele></trkpt><trkpt lat="45.80491119677843" lon="6.984383647778957"><ele>1581.8096399188234</ele></trkpt><trkpt lat="45.804932829080236" lon="6.984284592118741"><ele>1584.2570928754844</ele></trkpt><trkpt lat="45.804959999999994" lon="6.984190000000001"><ele>1587.28</ele></trkpt><trkpt lat="45.80502035402485" lon="6.984089684518587"><ele>1593.8127834620632</ele></trkpt><trkpt lat="45.80509" lon="6.984"><ele>1600.93</ele></trkpt><trkpt lat="45.80511000000003" lon="6.98393"><ele>1601.72</ele></trkpt><trkpt lat="45.805119999999995" lon="6.9838000000000005"><ele>1606.69</ele></trkpt><trkpt lat="45.80510000000002" lon="6.983720000000001"><ele>1606.8</ele></trkpt><trkpt lat="45.805119999999995" lon="6.983650000000002"><ele>1611.28</ele></trkpt><trkpt lat="45.80516999999998" lon="6.9836100000000005"><ele>1614.63</ele></trkpt><trkpt lat="45.80520999999999" lon="6.9836599999999995"><ele>1616.49</ele></trkpt><trkpt lat="45.80520999999999" lon="6.98371"><ele>1615.26</ele></trkpt><trkpt lat="45.80524273278811" lon="6.983801882905434"><ele>1614.489529373916</ele></trkpt><trkpt lat="45.80528000000001" lon="6.983889999999999"><ele>1614.78</ele></trkpt><trkpt lat="45.80531650014274" lon="6.983975308855643"><ele>1616.2150342154087</ele></trkpt><trkpt lat="45.8053524012717" lon="6.984061152207304"><ele>1617.7436784169272</ele></trkpt><trkpt lat="45.805388145732" lon="6.984147040113313"><ele>1619.3712655807276</ele></trkpt><trkpt lat="45.80542417586757" lon="6.984232482631994"><ele>1621.1031286829827</ele></trkpt><trkpt lat="45.80546093402122" lon="6.984316989821675"><ele>1622.944600699865</ele></trkpt><trkpt lat="45.805498862534485" lon="6.984400071740686"><ele>1624.901014607547</ele></trkpt><trkpt lat="45.80553840374777" lon="6.984481238447352"><ele>1626.9777033822013</ele></trkpt><trkpt lat="45.80557999999998" lon="6.984560000000001"><ele>1629.18</ele></trkpt><trkpt lat="45.8056356385714" lon="6.984616211360605"><ele>1632.521714519281</ele></trkpt><trkpt lat="45.805699999999995" lon="6.984649999999999"><ele>1637.04</ele></trkpt><trkpt lat="45.80574" lon="6.984649999999999"><ele>1641.39</ele></trkpt><trkpt lat="45.805780000000006" lon="6.9846200000000005"><ele>1643.96</ele></trkpt><trkpt lat="45.80580000000001" lon="6.984629999999999"><ele>1646.12</ele></trkpt><trkpt lat="45.80583000000003" lon="6.984709999999999"><ele>1647.52</ele></trkpt><trkpt lat="45.80585999999999" lon="6.98473"><ele>1649.32</ele></trkpt><trkpt lat="45.80590999999998" lon="6.98461"><ele>1652.63</ele></trkpt><trkpt lat="45.80590182370204" lon="6.984485223819578"><ele>1653.7066104714627</ele></trkpt><trkpt lat="45.805890000000005" lon="6.98436"><ele>1654.73</ele></trkpt><trkpt lat="45.80589993005914" lon="6.984258415307207"><ele>1656.5582105241197</ele></trkpt><trkpt lat="45.80592" lon="6.98416"><ele>1658.78</ele></trkpt><trkpt lat="45.805960000000006" lon="6.9840599999999995"><ele>1661.54</ele></trkpt><trkpt lat="45.80601999999999" lon="6.983970000000001"><ele>1666.28</ele></trkpt><trkpt lat="45.80603999999999" lon="6.983840000000001"><ele>1669.39</ele></trkpt><trkpt lat="45.80601999999999" lon="6.983740000000001"><ele>1669.05</ele></trkpt><trkpt lat="45.806059999999995" lon="6.98368"><ele>1671.49</ele></trkpt><trkpt lat="45.80608999999998" lon="6.9836599999999995"><ele>1673.25</ele></trkpt><trkpt lat="45.80612" lon="6.98377"><ele>1674.04</ele></trkpt><trkpt lat="45.80619999999999" lon="6.983899999999999"><ele>1678.46</ele></trkpt><trkpt lat="45.806279590775155" lon="6.983960351994654"><ele>1682.1078958111316</ele></trkpt><trkpt lat="45.806359999999984" lon="6.98402"><ele>1685.48</ele></trkpt><trkpt lat="45.806404261476125" lon="6.984106763213565"><ele>1686.4472116462048</ele></trkpt><trkpt lat="45.806449999999984" lon="6.98415"><ele>1688.27</ele></trkpt><trkpt lat="45.806489118442215" lon="6.98405743914167"><ele>1692.1982266654518</ele></trkpt><trkpt lat="45.8065" lon="6.98393"><ele>1695.05</ele></trkpt><trkpt lat="45.806505997044425" lon="6.983840328568209"><ele>1696.8516587725717</ele></trkpt><trkpt lat="45.8065" lon="6.983749999999999"><ele>1697.61</ele></trkpt><trkpt lat="45.806449999999984" lon="6.98359"><ele>1694.88</ele></trkpt><trkpt lat="45.80646000000002" lon="6.983559999999999"><ele>1696.98</ele></trkpt><trkpt lat="45.80649000000002" lon="6.98358"><ele>1698.65</ele></trkpt><trkpt lat="45.80654484093573" lon="6.98365092087605"><ele>1700.9522975654115</ele></trkpt><trkpt lat="45.80659999999999" lon="6.983720000000001"><ele>1703.58</ele></trkpt><trkpt lat="45.806639999999994" lon="6.983740000000001"><ele>1707.33</ele></trkpt><trkpt lat="45.80663075540457" lon="6.983629604487851"><ele>1707.0426512165302</ele></trkpt><trkpt lat="45.80661262191827" lon="6.983520286059912"><ele>1705.8879493586717</ele></trkpt><trkpt lat="45.80659999999999" lon="6.983410000000001"><ele>1705.49</ele></trkpt><trkpt lat="45.806619999999995" lon="6.983299999999999"><ele>1709.39</ele></trkpt><trkpt lat="45.806629999999984" lon="6.98335"><ele>1708.51</ele></trkpt><trkpt lat="45.806700000000006" lon="6.98345"><ele>1713.12</ele></trkpt><trkpt lat="45.80673000000002" lon="6.98358"><ele>1714.49</ele></trkpt><trkpt lat="45.80677" lon="6.983620000000001"><ele>1716.11</ele></trkpt><trkpt lat="45.80679000000001" lon="6.98359"><ele>1718.55</ele></trkpt><trkpt lat="45.806821913715524" lon="6.983490792729602"><ele>1720.6851798469525</ele></trkpt><trkpt lat="45.806829999999984" lon="6.983390000000001"><ele>1722.25</ele></trkpt><trkpt lat="45.80680454098712" lon="6.9832924604283875"><ele>1723.6918306618709</ele></trkpt><trkpt lat="45.806773832581854" lon="6.9831978636094965"><ele>1725.1208576802153</ele></trkpt><trkpt lat="45.80673894953097" lon="6.983105764350274"><ele>1726.4681345891172</ele></trkpt><trkpt lat="45.80670096658279" lon="6.983015717457657"><ele>1727.6647149226594</ele></trkpt><trkpt lat="45.80666095848799" lon="6.982927277738584"><ele>1728.641652214926</ele></trkpt><trkpt lat="45.806619999999995" lon="6.9828399999999995"><ele>1729.33</ele></trkpt><trkpt lat="45.80657733807055" lon="6.9827718579153695"><ele>1728.9282000021121</ele></trkpt><trkpt lat="45.80652767522258" lon="6.982712469422249"><ele>1727.6338784551726</ele></trkpt><trkpt lat="45.80648" lon="6.9826500000000005"><ele>1726.69</ele></trkpt><trkpt lat="45.806439999999995" lon="6.982560000000001"><ele>1727.87</ele></trkpt><trkpt lat="45.806411064597405" lon="6.9824750706027725"><ele>1729.0719756374426</ele></trkpt><trkpt lat="45.80638434773262" lon="6.982388917385901"><ele>1730.3537357463672</ele></trkpt><trkpt lat="45.80637000000002" lon="6.9823"><ele>1732.33</ele></trkpt><trkpt lat="45.80641999999999" lon="6.98218"><ele>1738.45</ele></trkpt><trkpt lat="45.80641626377432" lon="6.982060469397759"><ele>1741.479082227042</ele></trkpt><trkpt lat="45.80641000000001" lon="6.98194"><ele>1744.32</ele></trkpt><trkpt lat="45.806439999999995" lon="6.981879999999999"><ele>1747.33</ele></trkpt><trkpt lat="45.80648595538737" lon="6.981950019319328"><ele>1748.962376942057</ele></trkpt><trkpt lat="45.80652736407604" lon="6.982026721964419"><ele>1750.1921700135747</ele></trkpt><trkpt lat="45.806566795074865" lon="6.982106414949847"><ele>1751.2367746140644</ele></trkpt><trkpt lat="45.80660681738496" lon="6.982185405290184"><ele>1752.313586143036</ele></trkpt><trkpt lat="45.80664999999998" lon="6.982259999999999"><ele>1753.64</ele></trkpt><trkpt lat="45.80669000000002" lon="6.98227"><ele>1755.68</ele></trkpt><trkpt lat="45.806719999999984" lon="6.982149999999999"><ele>1761.29</ele></trkpt><trkpt lat="45.80675999999999" lon="6.982149999999999"><ele>1765.17</ele></trkpt><trkpt lat="45.80683493161943" lon="6.982229188979539"><ele>1767.8604076209892</ele></trkpt><trkpt lat="45.80691000000002" lon="6.98231"><ele>1770.02</ele></trkpt><trkpt lat="45.807009999999984" lon="6.982370000000002"><ele>1773.28</ele></trkpt><trkpt lat="45.807090000000024" lon="6.982389999999999"><ele>1779.37</ele></trkpt><trkpt lat="45.807109999999994" lon="6.982339999999999"><ele>1780.81</ele></trkpt><trkpt lat="45.80709482107109" lon="6.982239690979018"><ele>1782.5970818201297</ele></trkpt><trkpt lat="45.80707434630244" lon="6.982140560193098"><ele>1784.2511855064722</ele></trkpt><trkpt lat="45.80706000000001" lon="6.98204"><ele>1785.96</ele></trkpt><trkpt lat="45.80707999999998" lon="6.981929999999999"><ele>1788.03</ele></trkpt><trkpt lat="45.80716000000002" lon="6.981870000000001"><ele>1794.44</ele></trkpt><trkpt lat="45.80716999999998" lon="6.98181"><ele>1795.68</ele></trkpt><trkpt lat="45.807169248951965" lon="6.981696637377302"><ele>1797.7817898383257</ele></trkpt><trkpt lat="45.807166275681844" lon="6.98158329258029"><ele>1799.8493676972112</ele></trkpt><trkpt lat="45.80716000000002" lon="6.98147"><ele>1801.69</ele></trkpt><trkpt lat="45.80714000000004" lon="6.981400000000001"><ele>1801.7</ele></trkpt><trkpt lat="45.80714694084824" lon="6.981285604530396"><ele>1806.0335592460326</ele></trkpt><trkpt lat="45.807157976250785" lon="6.981172419175799"><ele>1810.8043565949042</ele></trkpt><trkpt lat="45.80715" lon="6.981060000000001"><ele>1814.25</ele></trkpt><trkpt lat="45.80709769324245" lon="6.980978647758069"><ele>1813.672122287503</ele></trkpt><trkpt lat="45.80702999999998" lon="6.980910000000001"><ele>1811.29</ele></trkpt><trkpt lat="45.807009999999984" lon="6.980850000000001"><ele>1810.44</ele></trkpt><trkpt lat="45.80702" lon="6.9806799999999996"><ele>1815.98</ele></trkpt><trkpt lat="45.806998909528225" lon="6.980589329617415"><ele>1816.7143934591497</ele></trkpt><trkpt lat="45.806970757279515" lon="6.980500947018705"><ele>1816.7750300296507</ele></trkpt><trkpt lat="45.80695" lon="6.98041"><ele>1817.35</ele></trkpt><trkpt lat="45.80694146290036" lon="6.980307583681449"><ele>1818.8629534869885</ele></trkpt><trkpt lat="45.80696000000004" lon="6.98022"><ele>1822</ele></trkpt><trkpt lat="45.80702" lon="6.9803"><ele>1824.89</ele></trkpt><trkpt lat="45.807026172839834" lon="6.980214050958517"><ele>1827.4121841863691</ele></trkpt><trkpt lat="45.80701605192498" lon="6.980121573776692"><ele>1828.7823599488156</ele></trkpt><trkpt lat="45.807009999999984" lon="6.980030000000001"><ele>1830.61</ele></trkpt><trkpt lat="45.80702999999998" lon="6.97998"><ele>1834.25</ele></trkpt><trkpt lat="45.80706999999999" lon="6.97996"><ele>1838.06</ele></trkpt><trkpt lat="45.80704" lon="6.979890000000002"><ele>1836.64</ele></trkpt><trkpt lat="45.80706000000001" lon="6.979850000000001"><ele>1840.67</ele></trkpt><trkpt lat="45.80702999999998" lon="6.9797400000000005"><ele>1842.21</ele></trkpt><trkpt lat="45.80702763511486" lon="6.979646752818116"><ele>1845.0480973300896</ele></trkpt><trkpt lat="45.807030078670145" lon="6.979553793121352"><ele>1848.1763892448896</ele></trkpt><trkpt lat="45.80702999999998" lon="6.979460000000001"><ele>1850.88</ele></trkpt><trkpt lat="45.807023502429715" lon="6.979349749692735"><ele>1852.8610152823403</ele></trkpt><trkpt lat="45.807009999999984" lon="6.97924"><ele>1854.12</ele></trkpt><trkpt lat="45.80698673297419" lon="6.979136589457663"><ele>1855.0283546634278</ele></trkpt><trkpt lat="45.80695983248211" lon="6.979034497935448"><ele>1855.7256171682156</ele></trkpt><trkpt lat="45.80694000000001" lon="6.97893"><ele>1856.55</ele></trkpt><trkpt lat="45.80696000000004" lon="6.97882"><ele>1858.05</ele></trkpt><trkpt lat="45.806989999999985" lon="6.97881"><ele>1860.26</ele></trkpt><trkpt lat="45.80704999999999" lon="6.978880000000002"><ele>1864.15</ele></trkpt><trkpt lat="45.80706999999999" lon="6.97887"><ele>1866.5</ele></trkpt><trkpt lat="45.807009999999984" lon="6.97856"><ele>1866.33</ele></trkpt><trkpt lat="45.80702999999998" lon="6.978549999999999"><ele>1868.53</ele></trkpt><trkpt lat="45.80706999999999" lon="6.9786"><ele>1870.19</ele></trkpt><trkpt lat="45.80707999999998" lon="6.978549999999999"><ele>1870.77</ele></trkpt><trkpt lat="45.80704999999999" lon="6.978439999999999"><ele>1869.96</ele></trkpt><trkpt lat="45.807059504432054" lon="6.9783337542699115"><ele>1870.965084188993</ele></trkpt><trkpt lat="45.80707999999998" lon="6.97823"><ele>1872.2</ele></trkpt><trkpt lat="45.80710590081291" lon="6.978122121058777"><ele>1872.7537164081273</ele></trkpt><trkpt lat="45.80714000000004" lon="6.978020000000001"><ele>1873.81</ele></trkpt><trkpt lat="45.80716999999998" lon="6.97801"><ele>1876.74</ele></trkpt><trkpt lat="45.80718000000002" lon="6.978040000000001"><ele>1880.33</ele></trkpt><trkpt lat="45.80715" lon="6.978040000000001"><ele>1877.53</ele></trkpt><trkpt lat="45.807177523153825" lon="6.978142295032707"><ele>1880.1261213626676</ele></trkpt><trkpt lat="45.807209955013434" lon="6.978239316239932"><ele>1883.19240297955</ele></trkpt><trkpt lat="45.80725999999998" lon="6.978279999999999"><ele>1887.25</ele></trkpt><trkpt lat="45.80728163855173" lon="6.978177321589591"><ele>1888.1700586307857</ele></trkpt><trkpt lat="45.807289999999995" lon="6.978030000000001"><ele>1888.02</ele></trkpt><trkpt lat="45.80735000000001" lon="6.9781200000000005"><ele>1893.74</ele></trkpt><trkpt lat="45.80739915028057" lon="6.978040236666853"><ele>1897.1737474246775</ele></trkpt><trkpt lat="45.80743999999998" lon="6.97794"><ele>1899.97</ele></trkpt><trkpt lat="45.807479999999984" lon="6.9779100000000005"><ele>1904.22</ele></trkpt><trkpt lat="45.807498252927715" lon="6.978005654287823"><ele>1905.8532744009715</ele></trkpt><trkpt lat="45.80751071517762" lon="6.978104307806602"><ele>1906.9115362071143</ele></trkpt><trkpt lat="45.807521050965406" lon="6.97820413418147"><ele>1907.727160812771</ele></trkpt><trkpt lat="45.80753292450324" lon="6.978303307037559"><ele>1908.6325236122855</ele></trkpt><trkpt lat="45.807549999999985" lon="6.978399999999999"><ele>1909.96</ele></trkpt><trkpt lat="45.80761000000002" lon="6.9784999999999995"><ele>1914.48</ele></trkpt><trkpt lat="45.8076702625782" lon="6.9784390552186615"><ele>1917.774907384681</ele></trkpt><trkpt lat="45.8077233951412" lon="6.978362051126631"><ele>1920.5253744452393</ele></trkpt><trkpt lat="45.807772330136586" lon="6.978276521471285"><ele>1922.8956542831777</ele></trkpt><trkpt lat="45.80782000000001" lon="6.978189999999999"><ele>1925.05</ele></trkpt><trkpt lat="45.80786000000001" lon="6.97806"><ele>1925.42</ele></trkpt><trkpt lat="45.80786000000001" lon="6.97794"><ele>1924.86</ele></trkpt><trkpt lat="45.8078" lon="6.977800000000001"><ele>1922.52</ele></trkpt><trkpt lat="45.807769999999984" lon="6.977640000000001"><ele>1923.5</ele></trkpt><trkpt lat="45.80777736304372" lon="6.977541611866205"><ele>1925.7755026681557</ele></trkpt><trkpt lat="45.807792138221025" lon="6.9774452332263115"><ele>1928.483275686592</ele></trkpt><trkpt lat="45.80781000000002" lon="6.9773499999999995"><ele>1931.24</ele></trkpt><trkpt lat="45.807840000000006" lon="6.97727"><ele>1933.84</ele></trkpt><trkpt lat="45.80788000000001" lon="6.97727"><ele>1935.27</ele></trkpt><trkpt lat="45.80793823346889" lon="6.977309986165022"><ele>1936.753926062714</ele></trkpt><trkpt lat="45.807995340292265" lon="6.977353575553764"><ele>1938.1627464958037</ele></trkpt><trkpt lat="45.80805227697047" lon="6.9773978771656235"><ele>1939.5101936809915</ele></trkpt><trkpt lat="45.808110000000006" lon="6.9774400000000005"><ele>1940.81</ele></trkpt><trkpt lat="45.80816915630326" lon="6.977477738531414"><ele>1941.9894268465214</ele></trkpt><trkpt lat="45.80823" lon="6.97751"><ele>1942.94</ele></trkpt><trkpt lat="45.808279999999996" lon="6.977520000000001"><ele>1943.07</ele></trkpt><trkpt lat="45.80832" lon="6.977569999999999"><ele>1945.36</ele></trkpt><trkpt lat="45.808359928241856" lon="6.977646219678054"><ele>1947.0162337474867</ele></trkpt><trkpt lat="45.808389999999996" lon="6.977729999999999"><ele>1948.48</ele></trkpt><trkpt lat="45.80840302019128" lon="6.977829045088005"><ele>1950.0219385661226</ele></trkpt><trkpt lat="45.80840874095158" lon="6.977930512762592"><ele>1951.5227771094837</ele></trkpt><trkpt lat="45.80842000000001" lon="6.978030000000001"><ele>1953.26</ele></trkpt><trkpt lat="45.80844983428308" lon="6.9781481892763795"><ele>1956.1223527936447</ele></trkpt><trkpt lat="45.808490000000006" lon="6.978260000000001"><ele>1959.12</ele></trkpt><trkpt lat="45.80854" lon="6.97833"><ele>1960.73</ele></trkpt><trkpt lat="45.80862276828871" lon="6.978389208458351"><ele>1962.8364643514024</ele></trkpt><trkpt lat="45.80870999999999" lon="6.97843"><ele>1965.09</ele></trkpt><trkpt lat="45.808749999999996" lon="6.978389999999999"><ele>1966.55</ele></trkpt><trkpt lat="45.80874563850701" lon="6.9782600458070325"><ele>1968.2278016171613</ele></trkpt><trkpt lat="45.80874000000001" lon="6.978129999999999"><ele>1970.01</ele></trkpt><trkpt lat="45.808769999999996" lon="6.978140000000002"><ele>1971.05</ele></trkpt><trkpt lat="45.80879088829363" lon="6.9782398105527"><ele>1970.0907536462837</ele></trkpt><trkpt lat="45.80882000000002" lon="6.97833"><ele>1969.7</ele></trkpt><trkpt lat="45.80892000000001" lon="6.97834"><ele>1973.95</ele></trkpt><trkpt lat="45.80897" lon="6.978439999999999"><ele>1975.97</ele></trkpt><trkpt lat="45.80899999999999" lon="6.97843"><ele>1977.44</ele></trkpt><trkpt lat="45.80901000000001" lon="6.978389999999999"><ele>1977.79</ele></trkpt><trkpt lat="45.80912000000001" lon="6.97847"><ele>1982.96</ele></trkpt><trkpt lat="45.80919" lon="6.97859"><ele>1985.15</ele></trkpt><trkpt lat="45.80924064965564" lon="6.978658166793703"><ele>1986.6522747590352</ele></trkpt><trkpt lat="45.809292164538135" lon="6.97872504322572"><ele>1988.1653984259576</ele></trkpt><trkpt lat="45.80934509715208" lon="6.978789398044877"><ele>1989.7133228799014</ele></trkpt><trkpt lat="45.8094" lon="6.978850000000001"><ele>1991.32</ele></trkpt><trkpt lat="45.809439999999974" lon="6.978850000000001"><ele>1992.48</ele></trkpt><trkpt lat="45.80950123983727" lon="6.978922083006072"><ele>1994.1818972970918</ele></trkpt><trkpt lat="45.80955" lon="6.979009999999999"><ele>1995.74</ele></trkpt><trkpt lat="45.809581822077206" lon="6.9791087702716785"><ele>1997.1791486011275</ele></trkpt><trkpt lat="45.80960492095578" lon="6.979213034882403"><ele>1998.5436638553144</ele></trkpt><trkpt lat="45.80962" lon="6.97932"><ele>1999.92</ele></trkpt><trkpt lat="45.80961718705261" lon="6.979449780287916"><ele>2001.4890731969826</ele></trkpt><trkpt lat="45.809609999999985" lon="6.97958"><ele>2003.23</ele></trkpt><trkpt lat="45.809629999999984" lon="6.97959"><ele>2004.16</ele></trkpt><trkpt lat="45.80966999999999" lon="6.97957"><ele>2005.09</ele></trkpt><trkpt lat="45.80972000000001" lon="6.979599999999999"><ele>2007.67</ele></trkpt><trkpt lat="45.80973" lon="6.979699999999999"><ele>2007.46</ele></trkpt><trkpt lat="45.80977000000001" lon="6.97975"><ele>2008.61</ele></trkpt><trkpt lat="45.809879999999986" lon="6.979779999999999"><ele>2013.91</ele></trkpt><trkpt lat="45.80991" lon="6.97983"><ele>2015.21</ele></trkpt><trkpt lat="45.80993999999999" lon="6.97999"><ele>2016.36</ele></trkpt><trkpt lat="45.81005" lon="6.980050000000002"><ele>2021.55</ele></trkpt><trkpt lat="45.81011999999999" lon="6.9801400000000005"><ele>2024.44</ele></trkpt><trkpt lat="45.81019108268126" lon="6.9801033866452205"><ele>2026.756365823911</ele></trkpt><trkpt lat="45.81024999999997" lon="6.980030000000001"><ele>2028.74</ele></trkpt><trkpt lat="45.810276928966815" lon="6.979942169003296"><ele>2030.2246054693753</ele></trkpt><trkpt lat="45.81029999999999" lon="6.979850000000001"><ele>2031.66</ele></trkpt><trkpt lat="45.810359999999996" lon="6.979790000000001"><ele>2033.78</ele></trkpt><trkpt lat="45.81038" lon="6.9797199999999995"><ele>2034.48</ele></trkpt><trkpt lat="45.81042000000001" lon="6.979680000000001"><ele>2034.8</ele></trkpt><trkpt lat="45.810449999999996" lon="6.979669999999999"><ele>2034.95</ele></trkpt><trkpt lat="45.810529999999986" lon="6.979669999999999"><ele>2034.56</ele></trkpt><trkpt lat="45.81061" lon="6.97971"><ele>2035.08</ele></trkpt><trkpt lat="45.81068332308225" lon="6.9797215689406515"><ele>2035.6336531844736</ele></trkpt><trkpt lat="45.81075695252403" lon="6.979727263025611"><ele>2036.1651858424723</ele></trkpt><trkpt lat="45.81083" lon="6.9797199999999995"><ele>2036.11</ele></trkpt><trkpt lat="45.81087999999997" lon="6.97965"><ele>2033.08</ele></trkpt><trkpt lat="45.810945421291585" lon="6.979616064795882"><ele>2035.5019211208432</ele></trkpt><trkpt lat="45.811009999999996" lon="6.97958"><ele>2037.9</ele></trkpt><trkpt lat="45.811060384568265" lon="6.979515894373158"><ele>2036.8120985049432</ele></trkpt><trkpt lat="45.811109999999985" lon="6.979449999999999"><ele>2035.25</ele></trkpt><trkpt lat="45.81117880046147" lon="6.979410825573357"><ele>2035.8980936462726</ele></trkpt><trkpt lat="45.81123999999999" lon="6.979359999999999"><ele>2036.27</ele></trkpt><trkpt lat="45.8112678392697" lon="6.979273503111212"><ele>2034.6700317980522</ele></trkpt><trkpt lat="45.811283135636394" lon="6.979177583487623"><ele>2032.4870549190352</ele></trkpt><trkpt lat="45.81130999999999" lon="6.979090000000001"><ele>2030.89</ele></trkpt><trkpt lat="45.811378252874455" lon="6.979022870675489"><ele>2031.234520006019</ele></trkpt><trkpt lat="45.81145000000001" lon="6.978959999999999"><ele>2031.55</ele></trkpt><trkpt lat="45.811494908392504" lon="6.978849801262921"><ele>2028.8960994915906</ele></trkpt><trkpt lat="45.81154000000001" lon="6.978739999999999"><ele>2026.12</ele></trkpt><trkpt lat="45.81160086677722" lon="6.978676949664392"><ele>2025.7212431119083</ele></trkpt><trkpt lat="45.811669999999985" lon="6.978629999999999"><ele>2026.15</ele></trkpt><trkpt lat="45.81177999999999" lon="6.97858"><ele>2027.46</ele></trkpt><trkpt lat="45.81190000000001" lon="6.97857"><ele>2031.29</ele></trkpt><trkpt lat="45.811970141280064" lon="6.97852082258457"><ele>2031.239396972675</ele></trkpt><trkpt lat="45.81204" lon="6.97847"><ele>2030.52</ele></trkpt><trkpt lat="45.812105641502974" lon="6.978443902490322"><ele>2030.1408339496215</ele></trkpt><trkpt lat="45.8121725768563" lon="6.978424777798006"><ele>2029.7335836593743</ele></trkpt><trkpt lat="45.81224" lon="6.97841"><ele>2029.2</ele></trkpt><trkpt lat="45.81231473297256" lon="6.978395351044628"><ele>2028.4056726418019</ele></trkpt><trkpt lat="45.81238963047869" lon="6.978382534261891"><ele>2027.4999269842453</ele></trkpt><trkpt lat="45.81246471274553" lon="6.978373450348209"><ele>2026.606717834566</ele></trkpt><trkpt lat="45.81254000000002" lon="6.978370000000001"><ele>2025.85</ele></trkpt><trkpt lat="45.81263002135001" lon="6.97838786979875"><ele>2025.3507324877578</ele></trkpt><trkpt lat="45.81272000000002" lon="6.97841"><ele>2025.08</ele></trkpt><trkpt lat="45.81279234082755" lon="6.978418868771214"><ele>2025.1955357794054</ele></trkpt><trkpt lat="45.812859999999986" lon="6.978399999999999"><ele>2024.71</ele></trkpt><trkpt lat="45.81292239477136" lon="6.97830474872505"><ele>2021.8938138519054</ele></trkpt><trkpt lat="45.81298" lon="6.978199999999999"><ele>2018.85</ele></trkpt><trkpt lat="45.813080000000014" lon="6.978140000000002"><ele>2017.33</ele></trkpt><trkpt lat="45.81314971227617" lon="6.978132870117107"><ele>2016.5055383374977</ele></trkpt><trkpt lat="45.813219870632345" lon="6.978134686145295"><ele>2015.7424468510549</ele></trkpt><trkpt lat="45.81328999999998" lon="6.978140000000002"><ele>2015.07</ele></trkpt><trkpt lat="45.81335367562508" lon="6.978145600740013"><ele>2014.5596058139522</ele></trkpt><trkpt lat="45.81341718197872" lon="6.978154688784126"><ele>2014.1410944011714</ele></trkpt><trkpt lat="45.81347999999999" lon="6.9781699999999995"><ele>2013.8</ele></trkpt><trkpt lat="45.81357999999996" lon="6.97823"><ele>2013.64</ele></trkpt><trkpt lat="45.81365989960014" lon="6.978221591641916"><ele>2012.0632498036402</ele></trkpt><trkpt lat="45.81373999999998" lon="6.978209999999999"><ele>2010.54</ele></trkpt><trkpt lat="45.81385000000001" lon="6.97825"><ele>2010.63</ele></trkpt><trkpt lat="45.81391323292322" lon="6.978258158856156"><ele>2010.1020439291535</ele></trkpt><trkpt lat="45.81397649044535" lon="6.978265848666702"><ele>2009.530607663076</ele></trkpt><trkpt lat="45.81403977278229" lon="6.9782729915261195"><ele>2008.925416102552</ele></trkpt><trkpt lat="45.81410308014981" lon="6.9782795095288925"><ele>2008.296194148367</ele></trkpt><trkpt lat="45.81416641276375" lon="6.978285324769502"><ele>2007.6526667013059</ele></trkpt><trkpt lat="45.81422977083992" lon="6.978290359342437"><ele>2007.0045586621536</ele></trkpt><trkpt lat="45.81429315459415" lon="6.978294535342175"><ele>2006.361594931695</ele></trkpt><trkpt lat="45.81435656424223" lon="6.978297774863202"><ele>2005.7335004107154</ele></trkpt><trkpt lat="45.81441999999997" lon="6.9783"><ele>2005.13</ele></trkpt><trkpt lat="45.81451260705024" lon="6.9783006267359"><ele>2004.4940145518156</ele></trkpt><trkpt lat="45.8146" lon="6.978270000000001"><ele>2003.68</ele></trkpt><trkpt lat="45.81466" lon="6.9781200000000005"><ele>2001.55</ele></trkpt><trkpt lat="45.814644006187166" lon="6.978002549677125"><ele>1999.4580116428842</ele></trkpt><trkpt lat="45.814640000000004" lon="6.977890000000001"><ele>1998.03</ele></trkpt><trkpt lat="45.814695326963886" lon="6.977826791968606"><ele>1998.8448190444415</ele></trkpt><trkpt lat="45.81477000000001" lon="6.977800000000001"><ele>2000.4</ele></trkpt><trkpt lat="45.81485273315167" lon="6.977780674300407"><ele>2001.7961238794296</ele></trkpt><trkpt lat="45.814936504100565" lon="6.977772685595353"><ele>2003.1499218520398</ele></trkpt><trkpt lat="45.815020000000004" lon="6.97778"><ele>2004.18</ele></trkpt><trkpt lat="45.81508303218169" lon="6.977798484857538"><ele>2004.7417267471103</ele></trkpt><trkpt lat="45.8151447981813" lon="6.977825588830374"><ele>2005.2068726785537</ele></trkpt><trkpt lat="45.81520604809172" lon="6.977856450374442"><ele>2005.536155236442</ele></trkpt><trkpt lat="45.81526753200254" lon="6.977886207945673"><ele>2005.6902918628869</ele></trkpt><trkpt lat="45.81533000000001" lon="6.9779100000000005"><ele>2005.63</ele></trkpt><trkpt lat="45.815392413517905" lon="6.977922127685459"><ele>2005.1613980096631</ele></trkpt><trkpt lat="45.81545557631103" lon="6.9779269455648505"><ele>2004.3024940308246</ele></trkpt><trkpt lat="45.81551845094743" lon="6.9779332906618174"><ele>2003.3448430365738</ele></trkpt><trkpt lat="45.815579999999976" lon="6.977949999999999"><ele>2002.58</ele></trkpt><trkpt lat="45.81565109916044" lon="6.9780057138857705"><ele>2002.2226267551073</ele></trkpt><trkpt lat="45.81571999999997" lon="6.97807"><ele>2001.95</ele></trkpt><trkpt lat="45.81578569292656" lon="6.978098054323593"><ele>2001.1745720084832</ele></trkpt><trkpt lat="45.815850000000026" lon="6.978129999999999"><ele>2000.5</ele></trkpt><trkpt lat="45.81590755086011" lon="6.978182467942907"><ele>2000.3309261712097</ele></trkpt><trkpt lat="45.81596295433435" lon="6.978239810238228"><ele>2000.304660154321</ele></trkpt><trkpt lat="45.81601758238129" lon="6.978298918562097"><ele>2000.3169310518272</ele></trkpt><trkpt lat="45.81607280695396" lon="6.978356684590644"><ele>2000.2634679662222</ele></trkpt><trkpt lat="45.81612999999999" lon="6.97841"><ele>2000.04</ele></trkpt><trkpt lat="45.81619518555592" lon="6.978444551261615"><ele>1999.0446279217854</ele></trkpt><trkpt lat="45.81625999999999" lon="6.97848"><ele>1998.1</ele></trkpt><trkpt lat="45.816319999999976" lon="6.97858"><ele>1999.24</ele></trkpt><trkpt lat="45.81640950430175" lon="6.978611916693346"><ele>1997.4979954645632</ele></trkpt><trkpt lat="45.816500000000005" lon="6.97864"><ele>1995.48</ele></trkpt><trkpt lat="45.81657044262388" lon="6.978698323669961"><ele>1994.529647841578</ele></trkpt><trkpt lat="45.81664" lon="6.97876"><ele>1993.78</ele></trkpt><trkpt lat="45.81674000000001" lon="6.9788"><ele>1992.59</ele></trkpt><trkpt lat="45.81680253397269" lon="6.978845571518931"><ele>1992.4705279138025</ele></trkpt><trkpt lat="45.816864676612596" lon="6.978892275037391"><ele>1992.4411836415993</ele></trkpt><trkpt lat="45.81692644163916" lon="6.97894003133759"><ele>1992.4629277693768</ele></trkpt><trkpt lat="45.8169878427719" lon="6.978988761201742"><ele>1992.4967208831201</ele></trkpt><trkpt lat="45.817048893730096" lon="6.979038385412052"><ele>1992.5035235688147</ele></trkpt><trkpt lat="45.81710960823304" lon="6.979088824750734"><ele>1992.4442964124462</ele></trkpt><trkpt lat="45.817170000000004" lon="6.979139999999999"><ele>1992.28</ele></trkpt><trkpt lat="45.817225584686476" lon="6.979190495690892"><ele>1992.021104173013</ele></trkpt><trkpt lat="45.81727986511678" lon="6.979244040186604"><ele>1991.6814566413186</ele></trkpt><trkpt lat="45.81733364407943" lon="6.979298698176253"><ele>1991.2697899315435</ele></trkpt><trkpt lat="45.817387724359875" lon="6.9793525343489575"><ele>1990.7948365703141</ele></trkpt><trkpt lat="45.81744290874036" lon="6.979403613393834"><ele>1990.2653290842572</ele></trkpt><trkpt lat="45.81749999999999" lon="6.979449999999999"><ele>1989.69</ele></trkpt><trkpt lat="45.8176" lon="6.979460000000001"><ele>1987.89</ele></trkpt><trkpt lat="45.81766112328831" lon="6.979491455822848"><ele>1987.0975288673194</ele></trkpt><trkpt lat="45.8177222809946" lon="6.979523094835942"><ele>1986.3009325374933</ele></trkpt><trkpt lat="45.81778333801514" lon="6.97955527778625"><ele>1985.5101008592283</ele></trkpt><trkpt lat="45.81784415924671" lon="6.979588365420748"><ele>1984.7349236812306</ele></trkpt><trkpt lat="45.81790460958677" lon="6.979622718486401"><ele>1983.985290852208</ele></trkpt><trkpt lat="45.81796455393328" lon="6.979658697730183"><ele>1983.271092220867</ele></trkpt><trkpt lat="45.818023857184826" lon="6.979696663899062"><ele>1982.602217635914</ele></trkpt><trkpt lat="45.81808238424052" lon="6.979736977740011"><ele>1981.9885569460562</ele></trkpt><trkpt lat="45.81814" lon="6.979779999999999"><ele>1981.44</ele></trkpt><trkpt lat="45.81819651788543" lon="6.979831111065231"><ele>1981.0166915594962</ele></trkpt><trkpt lat="45.81824946906301" lon="6.9798901766451005"><ele>1980.7618601707602</ele></trkpt><trkpt lat="45.81830057320292" lon="6.979953397534062"><ele>1980.6126405771174</ele></trkpt><trkpt lat="45.81835154996868" lon="6.980016974526564"><ele>1980.506167521893</ele></trkpt><trkpt lat="45.8184041190175" lon="6.980077108417059"><ele>1980.3795757484122</ele></trkpt><trkpt lat="45.818460000000016" lon="6.980129999999999"><ele>1980.17</ele></trkpt><trkpt lat="45.818520059773995" lon="6.980171720759532"><ele>1979.8817304116928</ele></trkpt><trkpt lat="45.818583269537605" lon="6.980204667732273"><ele>1979.565104755562</ele></trkpt><trkpt lat="45.818647748860094" lon="6.980233905030453"><ele>1979.2298709589681</ele></trkpt><trkpt lat="45.81871161731909" lon="6.980264496766312"><ele>1978.88577694927</ele></trkpt><trkpt lat="45.818772994500954" lon="6.980301507052082"><ele>1978.5425706538272</ele></trkpt><trkpt lat="45.818830000000005" lon="6.980349999999999"><ele>1978.21</ele></trkpt><trkpt lat="45.81888186096361" lon="6.980404902876382"><ele>1977.8800911864773</ele></trkpt><trkpt lat="45.81893282243605" lon="6.9804615555923935"><ele>1977.5224465408576</ele></trkpt><trkpt lat="45.81898291639428" lon="6.980519847584707"><ele>1977.1467454753258</ele></trkpt><trkpt lat="45.81903217481508" lon="6.9805796682899945"><ele>1976.7626674020673</ele></trkpt><trkpt lat="45.8190806296751" lon="6.980640907144929"><ele>1976.3798917332663</ele></trkpt><trkpt lat="45.81912831295077" lon="6.98070345358618"><ele>1976.0080978811075</ele></trkpt><trkpt lat="45.81917525661849" lon="6.980767197050422"><ele>1975.6569652577764</ele></trkpt><trkpt lat="45.81922149265446" lon="6.980832026974325"><ele>1975.3361732754574</ele></trkpt><trkpt lat="45.81926705303471" lon="6.980897832794562"><ele>1975.0554013463352</ele></trkpt><trkpt lat="45.81931196973519" lon="6.980964503947805"><ele>1974.8243288825952</ele></trkpt><trkpt lat="45.81935627473173" lon="6.981031929870728"><ele>1974.6526352964217</ele></trkpt><trkpt lat="45.819399999999995" lon="6.9811"><ele>1974.55</ele></trkpt><trkpt lat="45.81944355206622" lon="6.9811781175911864"><ele>1974.6756288652343</ele></trkpt><trkpt lat="45.81948126359718" lon="6.981262513429955"><ele>1975.1129985150556</ele></trkpt><trkpt lat="45.81951519909798" lon="6.981350850473128"><ele>1975.74155373226</ele></trkpt><trkpt lat="45.819547423067654" lon="6.981440791677536"><ele>1976.4407392996427</ele></trkpt><trkpt lat="45.819580000000016" lon="6.98153"><ele>1977.09</ele></trkpt><trkpt lat="45.81960974559459" lon="6.981620441736513"><ele>1977.8557072813683</ele></trkpt><trkpt lat="45.81963603850261" lon="6.981713532455177"><ele>1978.7755411894484</ele></trkpt><trkpt lat="45.8196643121622" lon="6.981804856946252"><ele>1979.5276045028045</ele></trkpt><trkpt lat="45.81970000000001" lon="6.981889999999998"><ele>1979.79</ele></trkpt><trkpt lat="45.81974279468932" lon="6.9819695115031815"><ele>1979.5571920467944</ele></trkpt><trkpt lat="45.81978790074868" lon="6.982046270172141"><ele>1979.092912441306</ele></trkpt><trkpt lat="45.81983480098805" lon="6.982120882549631"><ele>1978.4774629084027</ele></trkpt><trkpt lat="45.81988297821887" lon="6.982193955178408"><ele>1977.7911451729524</ele></trkpt><trkpt lat="45.81993191525423" lon="6.982266094601224"><ele>1977.1142609598232</ele></trkpt><trkpt lat="45.81998109490905" lon="6.9823379073608365"><ele>1976.527111993883</ele></trkpt><trkpt lat="45.82003000000002" lon="6.982410000000001"><ele>1976.11</ele></trkpt><trkpt lat="45.820078957863764" lon="6.982478984876328"><ele>1976.0427749207415</ele></trkpt><trkpt lat="45.82012962610906" lon="6.982545516306757"><ele>1976.258939535861</ele></trkpt><trkpt lat="45.82018048129845" lon="6.982611789583807"><ele>1976.4881343830496</ele></trkpt><trkpt lat="45.820230000000016" lon="6.98268"><ele>1976.46</ele></trkpt><trkpt lat="45.82027577448536" lon="6.9827459718498925"><ele>1976.201798820388</ele></trkpt><trkpt lat="45.8203216463027" lon="6.982811820012139"><ele>1975.8990496320607</ele></trkpt><trkpt lat="45.820367514411465" lon="6.982877676548779"><ele>1975.5593913699204</ele></trkpt><trkpt lat="45.820413277771536" lon="6.982943673521859"><ele>1975.1904629688697</ele></trkpt><trkpt lat="45.820458835343" lon="6.983009942993421"><ele>1974.799903363812</ele></trkpt><trkpt lat="45.8205040860864" lon="6.98307661702551"><ele>1974.3953514896493</ele></trkpt><trkpt lat="45.820548928962495" lon="6.983143827680168"><ele>1973.9844462812844</ele></trkpt><trkpt lat="45.82059326293246" lon="6.98321170701944"><ele>1973.574826673619</ele></trkpt><trkpt lat="45.82063698695774" lon="6.983280387105369"><ele>1973.1741316015568</ele></trkpt><trkpt lat="45.82068000000002" lon="6.98335"><ele>1972.79</ele></trkpt><trkpt lat="45.82072670961215" lon="6.983432882335275"><ele>1972.2822245459301</ele></trkpt><trkpt lat="45.82076986703059" lon="6.983519805742752"><ele>1971.7171733299656</ele></trkpt><trkpt lat="45.82081059093466" lon="6.983609326278854"><ele>1971.2485354490184</ele></trkpt><trkpt lat="45.82085" lon="6.9837"><ele>1971.03</ele></trkpt><trkpt lat="45.8208877146458" lon="6.983817332689415"><ele>1971.8393116953162</ele></trkpt><trkpt lat="45.82093000000001" lon="6.98393"><ele>1972.52</ele></trkpt><trkpt lat="45.82097297067959" lon="6.984003228350161"><ele>1972.138685656018</ele></trkpt><trkpt lat="45.82101782296654" lon="6.984074054579435"><ele>1971.528831596018</ele></trkpt><trkpt lat="45.821064254450796" lon="6.98414281177344"><ele>1970.8032369102084</ele></trkpt><trkpt lat="45.82111196272316" lon="6.9842098330177915"><ele>1970.0747006887966</ele></trkpt><trkpt lat="45.821160645375336" lon="6.984275451398106"><ele>1969.4560220219914</ele></trkpt><trkpt lat="45.82121000000003" lon="6.98434"><ele>1969.06</ele></trkpt><trkpt lat="45.82125793381407" lon="6.98440019604062"><ele>1968.9326611967133</ele></trkpt><trkpt lat="45.821306960648656" lon="6.984458595543457"><ele>1968.9795657209575</ele></trkpt><trkpt lat="45.821356880593676" lon="6.984515487099666"><ele>1969.1367327180706</ele></trkpt><trkpt lat="45.82140749373963" lon="6.984571159300393"><ele>1969.3401813333903</ele></trkpt><trkpt lat="45.821458600177756" lon="6.984625900736787"><ele>1969.5259307122542</ele></trkpt><trkpt lat="45.82150999999999" lon="6.984679999999999"><ele>1969.63</ele></trkpt><trkpt lat="45.82157869159078" lon="6.984729570091964"><ele>1969.4235339863421</ele></trkpt><trkpt lat="45.821639999999995" lon="6.984790000000001"><ele>1969.41</ele></trkpt><trkpt lat="45.821677628989946" lon="6.984862342064149"><ele>1969.8319551460463</ele></trkpt><trkpt lat="45.821713581172254" lon="6.984936343036706"><ele>1970.3491909483862</ele></trkpt><trkpt lat="45.82174818293542" lon="6.9850116856550075"><ele>1970.9295642320726</ele></trkpt><trkpt lat="45.82178176066715" lon="6.985088052656387"><ele>1971.5409318221577</ele></trkpt><trkpt lat="45.821814640754134" lon="6.985165126778178"><ele>1972.1511505436947</ele></trkpt><trkpt lat="45.8218471495824" lon="6.985242590757715"><ele>1972.7280772217362</ele></trkpt><trkpt lat="45.82187961353709" lon="6.985320127332333"><ele>1973.2395686813347</ele></trkpt><trkpt lat="45.82191235900262" lon="6.985397419239363"><ele>1973.653481747543</ele></trkpt><trkpt lat="45.82194571236263" lon="6.985474149216142"><ele>1973.9376732454139</ele></trkpt><trkpt lat="45.82197999999999" lon="6.98555"><ele>1974.06</ele></trkpt><trkpt lat="45.82201743616965" lon="6.985633184718845"><ele>1973.6228963309218</ele></trkpt><trkpt lat="45.82205501981558" lon="6.9857161029101595"><ele>1972.5099907192107</ele></trkpt><trkpt lat="45.82209509355547" lon="6.985795969646395"><ele>1971.1195897478942</ele></trkpt><trkpt lat="45.82213999999999" lon="6.985869999999999"><ele>1969.85</ele></trkpt><trkpt lat="45.822187435199545" lon="6.985937192056788"><ele>1968.7779750015025</ele></trkpt><trkpt lat="45.82223605268005" lon="6.9860025500382985"><ele>1967.6675288419403</ele></trkpt><trkpt lat="45.82228562054851" lon="6.9860664465421385"><ele>1966.5376066020847</ele></trkpt><trkpt lat="45.8223359069127" lon="6.986129254165913"><ele>1965.4071533627073</ele></trkpt><trkpt lat="45.82238667988124" lon="6.986191345507229"><ele>1964.2951142045795</ele></trkpt><trkpt lat="45.82243770756354" lon="6.986253093163688"><ele>1963.2204342084738</ele></trkpt><trkpt lat="45.82248875806988" lon="6.986314869732899"><ele>1962.2020584551606</ele></trkpt><trkpt lat="45.822539599511394" lon="6.986377047812468"><ele>1961.2589320254122</ele></trkpt><trkpt lat="45.822589999999984" lon="6.986439999999999"><ele>1960.41</ele></trkpt><trkpt lat="45.82264021565642" lon="6.986502839891113"><ele>1959.6715364783583</ele></trkpt><trkpt lat="45.82269087051331" lon="6.9865650861934885"><ele>1959.028540348874</ele></trkpt><trkpt lat="45.82274175323479" lon="6.9866270461711135"><ele>1958.461480011275</ele></trkpt><trkpt lat="45.822792652485546" lon="6.986689027087964"><ele>1957.950823865288</ele></trkpt><trkpt lat="45.82284335693118" lon="6.986751336208025"><ele>1957.4770403106409</ele></trkpt><trkpt lat="45.82289365523799" lon="6.986814280795276"><ele>1957.0205977470612</ele></trkpt><trkpt lat="45.82294333607307" lon="6.986878168113703"><ele>1956.561964574276</ele></trkpt><trkpt lat="45.82299218810421" lon="6.986943305427284"><ele>1956.0816091920133</ele></trkpt><trkpt lat="45.823039999999956" lon="6.987010000000001"><ele>1955.56</ele></trkpt><trkpt lat="45.823086197124915" lon="6.987093171569946"><ele>1955.0454589652302</ele></trkpt><trkpt lat="45.823126191123116" lon="6.987183902881166"><ele>1954.518712588324</ele></trkpt><trkpt lat="45.82316999999999" lon="6.987269999999999"><ele>1953.67</ele></trkpt><trkpt lat="45.82321451948425" lon="6.987339575761545"><ele>1952.505468143802</ele></trkpt><trkpt lat="45.823260943785904" lon="6.98740633878885"><ele>1951.1064415946041</ele></trkpt><trkpt lat="45.82330939619473" lon="6.987469932421731"><ele>1949.6466942481043</ele></trkpt><trkpt lat="45.82336" lon="6.98753"><ele>1948.3</ele></trkpt><trkpt lat="45.8234300941216" lon="6.987593300350314"><ele>1946.6352545337147</ele></trkpt><trkpt lat="45.82350349804508" lon="6.987650046468473"><ele>1945.0790415345928</ele></trkpt><trkpt lat="45.82357" lon="6.98772"><ele>1944.14</ele></trkpt><trkpt lat="45.8236145196212" lon="6.9878045624572644"><ele>1944.2105422568645</ele></trkpt><trkpt lat="45.82365011911557" lon="6.987899519031688"><ele>1944.9138514246501</ele></trkpt><trkpt lat="45.82369000000001" lon="6.987990000000001"><ele>1945.75</ele></trkpt><trkpt lat="45.82373261012936" lon="6.988059773199511"><ele>1946.5448551631898</ele></trkpt><trkpt lat="45.82377812510506" lon="6.9881258954987215"><ele>1947.5168148371504</ele></trkpt><trkpt lat="45.82382433501251" lon="6.988191131198177"><ele>1948.4693469295162</ele></trkpt><trkpt lat="45.82386902994432" lon="6.988258244598422"><ele>1949.2059193479215</ele></trkpt><trkpt lat="45.82391000000001" lon="6.98833"><ele>1949.53</ele></trkpt><trkpt lat="45.823951097173655" lon="6.98841266420151"><ele>1949.4249149773877</ele></trkpt><trkpt lat="45.823990587372826" lon="6.988496992987713"><ele>1949.0469533451544</ele></trkpt><trkpt lat="45.82402834667619" lon="6.988582938659639"><ele>1948.4732980672998</ele></trkpt><trkpt lat="45.82406425116249" lon="6.988670453518308"><ele>1947.7811321078232</ele></trkpt><trkpt lat="45.82409817691074" lon="6.988759489864754"><ele>1947.0476384307235</ele></trkpt><trkpt lat="45.82413" lon="6.988850000000001"><ele>1946.35</ele></trkpt><trkpt lat="45.824156132662814" lon="6.988932718584482"><ele>1945.618901862975</ele></trkpt><trkpt lat="45.824179373819405" lon="6.989017315145663"><ele>1944.7143019457442</ele></trkpt><trkpt lat="45.824199548644756" lon="6.989103552414605"><ele>1943.8122510970256</ele></trkpt><trkpt lat="45.82421648231349" lon="6.989191193122364"><ele>1943.088800165538</ele></trkpt><trkpt lat="45.82423000000001" lon="6.98928"><ele>1942.72</ele></trkpt><trkpt lat="45.824234462997694" lon="6.989389364897043"><ele>1943.1995849114478</ele></trkpt><trkpt lat="45.82422942330545" lon="6.98949984261609"><ele>1944.34210587556</ele></trkpt><trkpt lat="45.82423000000001" lon="6.98961"><ele>1945.22</ele></trkpt><trkpt lat="45.82424396188071" lon="6.989717254896463"><ele>1945.3610139831135</ele></trkpt><trkpt lat="45.82426346631732" lon="6.989823229738976"><ele>1945.2335770161924</ele></trkpt><trkpt lat="45.82427999999998" lon="6.98993"><ele>1945.31</ele></trkpt><trkpt lat="45.824279455901625" lon="6.990037672049331"><ele>1946.3238124900604</ele></trkpt><trkpt lat="45.82428999999999" lon="6.990140000000001"><ele>1946.87</ele></trkpt><trkpt lat="45.82433599744766" lon="6.990220785305087"><ele>1945.5065552393573</ele></trkpt><trkpt lat="45.824392611082175" lon="6.990290209679085"><ele>1943.5653517246221</ele></trkpt><trkpt lat="45.824440000000024" lon="6.99037"><ele>1942.43</ele></trkpt><trkpt lat="45.8244616664929" lon="6.990460381035777"><ele>1942.9558540749017</ele></trkpt><trkpt lat="45.82447240649181" lon="6.990556788340165"><ele>1944.3003236996417</ele></trkpt><trkpt lat="45.82448999999999" lon="6.990649999999999"><ele>1945.37</ele></trkpt><trkpt lat="45.8245345770062" lon="6.990740256679083"><ele>1945.4120933917973</ele></trkpt><trkpt lat="45.82457999999999" lon="6.99083"><ele>1945.38</ele></trkpt><trkpt lat="45.82459298830792" lon="6.990926566672406"><ele>1946.379179904381</ele></trkpt><trkpt lat="45.82461000000001" lon="6.99102"><ele>1947.22</ele></trkpt><trkpt lat="45.82465086162826" lon="6.99109451665786"><ele>1947.1341347031355</ele></trkpt><trkpt lat="45.82469813255616" lon="6.991161849592012"><ele>1946.7748408888344</ele></trkpt><trkpt lat="45.824746337201425" lon="6.9912282577301585"><ele>1946.3581266301162</ele></trkpt><trkpt lat="45.82479000000001" lon="6.991300000000001"><ele>1946.1</ele></trkpt><trkpt lat="45.824837470923704" lon="6.991394306776743"><ele>1946.0418492438682</ele></trkpt><trkpt lat="45.824879682943845" lon="6.991493557423688"><ele>1946.1387864544472</ele></trkpt><trkpt lat="45.824909999999974" lon="6.9916"><ele>1946.41</ele></trkpt><trkpt lat="45.82491676145784" lon="6.99171605776331"><ele>1947.0639914344972</ele></trkpt><trkpt lat="45.82491077023727" lon="6.991835018721853"><ele>1947.8781393715901</ele></trkpt><trkpt lat="45.82491999999999" lon="6.99195"><ele>1948.24</ele></trkpt><trkpt lat="45.824975771019766" lon="6.992052771653413"><ele>1947.1858698436154</ele></trkpt><trkpt lat="45.82504" lon="6.99215"><ele>1946.07</ele></trkpt><trkpt lat="45.825068621071786" lon="6.9922323731073055"><ele>1946.1510796407233</ele></trkpt><trkpt lat="45.82509219587645" lon="6.99231831961335"><ele>1946.5280486206118</ele></trkpt><trkpt lat="45.82511467274458" lon="6.992405106312722"><ele>1946.9809932901944</ele></trkpt><trkpt lat="45.82514000000002" lon="6.992490000000002"><ele>1947.29</ele></trkpt><trkpt lat="45.82517227244285" lon="6.992584634883096"><ele>1947.4310048806458</ele></trkpt><trkpt lat="45.82520571819769" lon="6.992678501783593"><ele>1947.494297897884</ele></trkpt><trkpt lat="45.825241304854394" lon="6.992770617792292"><ele>1947.5004419661805</ele></trkpt><trkpt lat="45.825279999999964" lon="6.99286"><ele>1947.47</ele></trkpt><trkpt lat="45.82532130086337" lon="6.992936413844978"><ele>1947.3046952888697</ele></trkpt><trkpt lat="45.82536703870249" lon="6.993008232829114"><ele>1947.0259864057402</ele></trkpt><trkpt lat="45.825411757186046" lon="6.993080935398691"><ele>1946.8442843197408</ele></trkpt><trkpt lat="45.825449999999975" lon="6.993159999999998"><ele>1946.97</ele></trkpt><trkpt lat="45.82548272382788" lon="6.993247816160073"><ele>1947.4337918428223</ele></trkpt><trkpt lat="45.82551238587414" lon="6.993338018232235"><ele>1948.076060286833</ele></trkpt><trkpt lat="45.8255386860065" lon="6.99343031222436"><ele>1948.8524328094322</ele></trkpt><trkpt lat="45.8255613240926" lon="6.993524404144321"><ele>1949.718536888021</ele></trkpt><trkpt lat="45.82558" lon="6.993620000000001"><ele>1950.63</ele></trkpt><trkpt lat="45.825549999999986" lon="6.993739999999999"><ele>1952.51</ele></trkpt><trkpt lat="45.82554078565947" lon="6.993859664392844"><ele>1953.6348177821787</ele></trkpt><trkpt lat="45.82554" lon="6.993979999999999"><ele>1954.78</ele></trkpt><trkpt lat="45.8255425764463" lon="6.994083474293481"><ele>1956.1352034165698</ele></trkpt><trkpt lat="45.825546198442204" lon="6.99418700549527"><ele>1957.630393681415</ele></trkpt><trkpt lat="45.82555422121768" lon="6.994289533949424"><ele>1959.0403871055526</ele></trkpt><trkpt lat="45.82557000000001" lon="6.99439"><ele>1960.14</ele></trkpt><trkpt lat="45.82561603263103" lon="6.994497253325602"><ele>1960.33312652416</ele></trkpt><trkpt lat="45.82567" lon="6.9946"><ele>1960.22</ele></trkpt><trkpt lat="45.825704033348224" lon="6.9946915501446325"><ele>1960.5696001128672</ele></trkpt><trkpt lat="45.82573773498304" lon="6.994783657520831"><ele>1960.9327994830323</ele></trkpt><trkpt lat="45.825769419942006" lon="6.994876989824718"><ele>1961.3871987967636</ele></trkpt><trkpt lat="45.825797403266314" lon="6.9949722147524005"><ele>1962.0103987403304</ele></trkpt><trkpt lat="45.82582000000001" lon="6.99507"><ele>1962.88</ele></trkpt><trkpt lat="45.8258246102675" lon="6.99516929226231"><ele>1964.3688090336707</ele></trkpt><trkpt lat="45.82581660963238" lon="6.995270515135867"><ele>1966.357887397711</ele></trkpt><trkpt lat="45.82582000000001" lon="6.995370000000001"><ele>1968.12</ele></trkpt><trkpt lat="45.82584875657624" lon="6.995462352667163"><ele>1969.1635165279</ele></trkpt><trkpt lat="45.825888221545455" lon="6.995549076606464"><ele>1969.9238907804183</ele></trkpt><trkpt lat="45.825919999999996" lon="6.99564"><ele>1971.11</ele></trkpt><trkpt lat="45.82593190747145" lon="6.995769435914992"><ele>1973.9843059416553</ele></trkpt><trkpt lat="45.82594" lon="6.995900000000001"><ele>1977.12</ele></trkpt><trkpt lat="45.82596206379685" lon="6.995986297446458"><ele>1978.6598701961602</ele></trkpt><trkpt lat="45.82599000000002" lon="6.9960700000000005"><ele>1980.04</ele></trkpt><trkpt lat="45.82599000000002" lon="6.996060000000001"><ele>1980.04</ele></trkpt><trkpt lat="45.826029999999975" lon="6.996190000000001"><ele>1981.96</ele></trkpt><trkpt lat="45.82608008640757" lon="6.996258611064271"><ele>1982.3404586045335</ele></trkpt><trkpt lat="45.826131536984924" lon="6.996325162883331"><ele>1982.6197956565966</ele></trkpt><trkpt lat="45.82618408737625" lon="6.996390025934308"><ele>1982.8328780810502</ele></trkpt><trkpt lat="45.82623747322677" lon="6.996453570694334"><ele>1983.0145728027564</ele></trkpt><trkpt lat="45.82629143018266" lon="6.9965161676405385"><ele>1983.1997467465756</ele></trkpt><trkpt lat="45.82634569389098" lon="6.9965781872500505"><ele>1983.4232668373697</ele></trkpt><trkpt lat="45.826400000000014" lon="6.996640000000001"><ele>1983.72</ele></trkpt><trkpt lat="45.82646659276618" lon="6.996697552530439"><ele>1984.2934546392262</ele></trkpt><trkpt lat="45.82652999999999" lon="6.996760000000001"><ele>1985.14</ele></trkpt><trkpt lat="45.826580846980555" lon="6.996854279496011"><ele>1986.2109873660763</ele></trkpt><trkpt lat="45.82661999999999" lon="6.99696"><ele>1987.5</ele></trkpt><trkpt lat="45.82664999999999" lon="6.99713"><ele>1990.08</ele></trkpt><trkpt lat="45.826695873955906" lon="6.997209282021896"><ele>1990.876159263571</ele></trkpt><trkpt lat="45.82674000000001" lon="6.99729"><ele>1991.32</ele></trkpt><trkpt lat="45.82676568006003" lon="6.997372439590987"><ele>1991.627164992088</ele></trkpt><trkpt lat="45.826790795132695" lon="6.997455319454707"><ele>1991.9343695897542</ele></trkpt><trkpt lat="45.82681521687253" lon="6.997538665708572"><ele>1992.2345196176457</ele></trkpt><trkpt lat="45.82683881693431" lon="6.997622504469998"><ele>1992.5205209004107</ele></trkpt><trkpt lat="45.826861466972964" lon="6.9977068618564"><ele>1992.7852792626963</ele></trkpt><trkpt lat="45.82688303864355" lon="6.997791763985186"><ele>1993.0217005291506</ele></trkpt><trkpt lat="45.826903403601335" lon="6.997877236973772"><ele>1993.2226905244208</ele></trkpt><trkpt lat="45.82692243350168" lon="6.997963306939573"><ele>1993.3811550731548</ele></trkpt><trkpt lat="45.826940000000015" lon="6.99805"><ele>1993.49</ele></trkpt><trkpt lat="45.82695156598215" lon="6.998143302978203"><ele>1993.3497980330203</ele></trkpt><trkpt lat="45.82695478533006" lon="6.998238632136308"><ele>1992.9382583992046</ele></trkpt><trkpt lat="45.82695561201339" lon="6.998334645226261"><ele>1992.527589565787</ele></trkpt><trkpt lat="45.826959999999985" lon="6.998430000000002"><ele>1992.39</ele></trkpt><trkpt lat="45.82697022888038" lon="6.998531842443909"><ele>1993.3118703622117</ele></trkpt><trkpt lat="45.82699" lon="6.99863"><ele>1994.04</ele></trkpt><trkpt lat="45.827017851621086" lon="6.998713565481531"><ele>1993.5074000605841</ele></trkpt><trkpt lat="45.82704929525637" lon="6.998794550118501"><ele>1992.6170445965827</ele></trkpt><trkpt lat="45.82708181307833" lon="6.998874752014708"><ele>1991.6399891022893</ele></trkpt><trkpt lat="45.82711288726502" lon="6.998955969273943"><ele>1990.847289071997</ele></trkpt><trkpt lat="45.827139999999986" lon="6.999040000000001"><ele>1990.51</ele></trkpt><trkpt lat="45.82716079293917" lon="6.999126721310047"><ele>1990.7930863279653</ele></trkpt><trkpt lat="45.827177117269706" lon="6.999215545885456"><ele>1991.5157077232952</ele></trkpt><trkpt lat="45.82719204513252" lon="6.999305009805843"><ele>1992.430785954643</ele></trkpt><trkpt lat="45.827208648664815" lon="6.99939364915082"><ele>1993.2912427906604</ele></trkpt><trkpt lat="45.827229999999986" lon="6.999479999999999"><ele>1993.85</ele></trkpt><trkpt lat="45.82725909926038" lon="6.999573464875536"><ele>1994.073189838386</ele></trkpt><trkpt lat="45.8272910165228" lon="6.999665155016727"><ele>1994.087624047977</ele></trkpt><trkpt lat="45.827325384154726" lon="6.999755112720151"><ele>1993.998463338375</ele></trkpt><trkpt lat="45.82736183452424" lon="6.999843380282384"><ele>1993.910868419182</ele></trkpt><trkpt lat="45.8274" lon="6.99993"><ele>1993.93</ele></trkpt><trkpt lat="45.82744041381289" lon="7.000007196842776"><ele>1994.1302331161723</ele></trkpt><trkpt lat="45.827485197322126" lon="7.000079815215485"><ele>1994.434047709794</ele></trkpt><trkpt lat="45.827529882166814" lon="7.000152525980452"><ele>1994.7008384485187</ele></trkpt><trkpt lat="45.82757000000001" lon="7.000229999999999"><ele>1994.79</ele></trkpt><trkpt lat="45.82759861964548" lon="7.000315374598528"><ele>1994.7522642466015</ele></trkpt><trkpt lat="45.82762125897461" lon="7.000405308792252"><ele>1994.482716661027</ele></trkpt><trkpt lat="45.82764999999999" lon="7.00049"><ele>1993.61</ele></trkpt><trkpt lat="45.82768964335125" lon="7.000565907252444"><ele>1991.8699502786067</ele></trkpt><trkpt lat="45.827733467695495" lon="7.00063647401471"><ele>1989.6328637351942</ele></trkpt><trkpt lat="45.82777805818936" lon="7.000706303769622"><ele>1987.4143453241845</ele></trkpt><trkpt lat="45.82782" lon="7.000779999999999"><ele>1985.73</ele></trkpt><trkpt lat="45.82787" lon="7.00092"><ele>1986.67</ele></trkpt><trkpt lat="45.82793221425569" lon="7.001018108736836"><ele>1985.5057015000004</ele></trkpt><trkpt lat="45.82798999999999" lon="7.001119999999999"><ele>1983.96</ele></trkpt><trkpt lat="45.82801673772466" lon="7.001221827283472"><ele>1983.018632345687</ele></trkpt><trkpt lat="45.82803000000002" lon="7.001330000000001"><ele>1981.96</ele></trkpt><trkpt lat="45.828033224400585" lon="7.001438970075632"><ele>1980.7111635200954</ele></trkpt><trkpt lat="45.82803023985402" lon="7.001549484559001"><ele>1979.4564144874848</ele></trkpt><trkpt lat="45.82803213538123" lon="7.001657756762868"><ele>1977.9834582111314</ele></trkpt><trkpt lat="45.82805" lon="7.001760000000001"><ele>1976.08</ele></trkpt><trkpt lat="45.82809576601626" lon="7.001837775801916"><ele>1973.2813274611963</ele></trkpt><trkpt lat="45.82815971454084" lon="7.001895022389981"><ele>1970.1125423967396</ele></trkpt><trkpt lat="45.82821999999998" lon="7.001960000000001"><ele>1967.88</ele></trkpt><trkpt lat="45.82826365502465" lon="7.002038372663484"><ele>1967.2069750846588</ele></trkpt><trkpt lat="45.82830290352498" lon="7.002122743365152"><ele>1967.2709548447335</ele></trkpt><trkpt lat="45.82834320026687" lon="7.002205742384243"><ele>1967.4819571824414</ele></trkpt><trkpt lat="45.82839000000002" lon="7.002279999999999"><ele>1967.25</ele></trkpt><trkpt lat="45.828455802468675" lon="7.002313874420701"><ele>1965.7573208274464</ele></trkpt><trkpt lat="45.82852" lon="7.002350000000001"><ele>1964.12</ele></trkpt><trkpt lat="45.828556578084" lon="7.002436628964317"><ele>1963.5474063692106</ele></trkpt><trkpt lat="45.82858249003561" lon="7.002534640334652"><ele>1963.3185902075606</ele></trkpt><trkpt lat="45.828620000000015" lon="7.002619999999999"><ele>1962.81</ele></trkpt><trkpt lat="45.82869313646783" lon="7.00266302997353"><ele>1961.097060063631</ele></trkpt><trkpt lat="45.82877" lon="7.0027"><ele>1959.9</ele></trkpt><trkpt lat="45.82881840434174" lon="7.0027602090601855"><ele>1960.219356414179</ele></trkpt><trkpt lat="45.82886229344472" lon="7.002828038189463"><ele>1960.9300191505554</ele></trkpt><trkpt lat="45.828904980382106" lon="7.002897762788649"><ele>1961.8080036798424</ele></trkpt><trkpt lat="45.82894977821661" lon="7.002963658258558"><ele>1962.6293254727527</ele></trkpt><trkpt lat="45.828999999999986" lon="7.003019999999999"><ele>1963.17</ele></trkpt><trkpt lat="45.82906732490259" lon="7.003044963101756"><ele>1963.0172001786557</ele></trkpt><trkpt lat="45.82913999999998" lon="7.00304"><ele>1962.13</ele></trkpt><trkpt lat="45.82926" lon="7.003"><ele>1959.04</ele></trkpt><trkpt lat="45.829327491953144" lon="7.003020290094499"><ele>1958.3137997866575</ele></trkpt><trkpt lat="45.82939389674036" lon="7.003048894582701"><ele>1957.8632615487918</ele></trkpt><trkpt lat="45.82945835315645" lon="7.0030855517795505"><ele>1957.4510925365303</ele></trkpt><trkpt lat="45.82952000000001" lon="7.00313"><ele>1956.84</ele></trkpt><trkpt lat="45.82957652920239" lon="7.003185445102131"><ele>1955.7802734459806</ele></trkpt><trkpt lat="45.829626620828115" lon="7.003253323884467"><ele>1954.5332482866447</ele></trkpt><trkpt lat="45.82966999999999" lon="7.00333"><ele>1953.64</ele></trkpt><trkpt lat="45.829710037147834" lon="7.003433603182509"><ele>1953.3084022837647</ele></trkpt><trkpt lat="45.82974234465231" lon="7.0035439692655865"><ele>1953.3442356130868</ele></trkpt><trkpt lat="45.82977999999999" lon="7.00365"><ele>1953.35</ele></trkpt><trkpt lat="45.829824698852406" lon="7.0037333709180105"><ele>1952.949216781163</ele></trkpt><trkpt lat="45.82987482960134" lon="7.003811585385029"><ele>1952.3536341312442</ele></trkpt><trkpt lat="45.82992254554306" lon="7.0038915071595325"><ele>1952.0987344157031</ele></trkpt><trkpt lat="45.82995999999999" lon="7.00398"><ele>1952.72</ele></trkpt><trkpt lat="45.829930000000004" lon="7.004130000000001"><ele>1959.6</ele></trkpt><trkpt lat="45.83000711929625" lon="7.004149946631054"><ele>1956.8600303881362</ele></trkpt><trkpt lat="45.83008899291204" lon="7.004135102996157"><ele>1952.6214032391758</ele></trkpt><trkpt lat="45.83017000000001" lon="7.00414"><ele>1949.4</ele></trkpt><trkpt lat="45.83023551396732" lon="7.004188108877482"><ele>1948.815552139442</ele></trkpt><trkpt lat="45.83029596649741" lon="7.0042542023613095"><ele>1949.3482269204455</ele></trkpt><trkpt lat="45.83035999999997" lon="7.00431"><ele>1949.36</ele></trkpt><trkpt lat="45.83047" lon="7.004320000000001"><ele>1945.93</ele></trkpt><trkpt lat="45.83052557799227" lon="7.004378163663296"><ele>1945.8972909442296</ele></trkpt><trkpt lat="45.8305757546677" lon="7.0044482111339255"><ele>1946.4377833146805</ele></trkpt><trkpt lat="45.83063" lon="7.00451"><ele>1946.68</ele></trkpt><trkpt lat="45.83074999999999" lon="7.004560000000001"><ele>1945</ele></trkpt><trkpt lat="45.8308045034532" lon="7.00460845422163"><ele>1943.7661702806452</ele></trkpt><trkpt lat="45.8308589637581" lon="7.004656993457421"><ele>1942.4645104181554</ele></trkpt><trkpt lat="45.83091332783961" lon="7.004705734714418"><ele>1941.1134488653838</ele></trkpt><trkpt lat="45.830967542622915" lon="7.004754794999663"><ele>1939.7314140751841</ele></trkpt><trkpt lat="45.831021555033324" lon="7.004804291320197"><ele>1938.3368345004108</ele></trkpt><trkpt lat="45.831075311996386" lon="7.004854340683064"><ele>1936.9481385939166</ele></trkpt><trkpt lat="45.831128760437835" lon="7.0049050600953064"><ele>1935.583754808556</ele></trkpt><trkpt lat="45.83118184728367" lon="7.004956566563964"><ele>1934.2621115971826</ele></trkpt><trkpt lat="45.83123451946002" lon="7.005008977096083"><ele>1933.0016374126499</ele></trkpt><trkpt lat="45.8312867238932" lon="7.005062408698703"><ele>1931.8207607078114</ele></trkpt><trkpt lat="45.83133840750973" lon="7.005116978378866"><ele>1930.737909935521</ele></trkpt><trkpt lat="45.831389517236374" lon="7.005172803143618"><ele>1929.7715135486328</ele></trkpt><trkpt lat="45.83143999999999" lon="7.00523"><ele>1928.94</ele></trkpt><trkpt lat="45.83145999999999" lon="7.005379999999998"><ele>1934.27</ele></trkpt><trkpt lat="45.83148630704436" lon="7.005463259206877"><ele>1934.8834354419728</ele></trkpt><trkpt lat="45.83151439489727" lon="7.005546313590712"><ele>1934.9468871219383</ele></trkpt><trkpt lat="45.83154778530392" lon="7.005623711179191"><ele>1934.709395240935</ele></trkpt><trkpt lat="45.83159" lon="7.00569"><ele>1934.42</ele></trkpt><trkpt lat="45.83164513116848" lon="7.005744274398203"><ele>1933.9989949562892</ele></trkpt><trkpt lat="45.83170601773551" lon="7.005785974113567"><ele>1933.3656991695648</ele></trkpt><trkpt lat="45.831769338711105" lon="7.005822536629831"><ele>1932.7189059046962</ele></trkpt><trkpt lat="45.8318317731196" lon="7.005861399430729"><ele>1932.2574084265516</ele></trkpt><trkpt lat="45.831889999999994" lon="7.005910000000001"><ele>1932.18</ele></trkpt><trkpt lat="45.83194163988192" lon="7.0059675897311795"><ele>1932.558088184001</ele></trkpt><trkpt lat="45.831990342781566" lon="7.006030172979705"><ele>1933.2481649231077</ele></trkpt><trkpt lat="45.83203731947426" lon="7.006095727688216"><ele>1934.1118123457904</ele></trkpt><trkpt lat="45.832083780731026" lon="7.006162231799344"><ele>1935.01061258052</ele></trkpt><trkpt lat="45.832130937318674" lon="7.006227663255727"><ele>1935.8061477557662</ele></trkpt><trkpt lat="45.832179999999966" lon="7.006290000000001"><ele>1936.36</ele></trkpt><trkpt lat="45.832237570495856" lon="7.006350187956303"><ele>1936.5078963336778</ele></trkpt><trkpt lat="45.83229804161105" lon="7.006405345892278"><ele>1936.3192508496782</ele></trkpt><trkpt lat="45.83235699191608" lon="7.006462830882113"><ele>1936.1034799408392</ele></trkpt><trkpt lat="45.83241000000001" lon="7.006530000000001"><ele>1936.17</ele></trkpt><trkpt lat="45.83245099685288" lon="7.006599989705428"><ele>1936.512304916397</ele></trkpt><trkpt lat="45.83248786189422" lon="7.00667470109411"><ele>1936.961009586319</ele></trkpt><trkpt lat="45.832522394930464" lon="7.006752095991979"><ele>1937.4871227197027</ele></trkpt><trkpt lat="45.832556395762985" lon="7.006830136224963"><ele>1938.0616530264858</ele></trkpt><trkpt lat="45.83259166418876" lon="7.006906783618994"><ele>1938.6556092166059</ele></trkpt><trkpt lat="45.832629999999995" lon="7.0069799999999995"><ele>1939.24</ele></trkpt><trkpt lat="45.832670184488094" lon="7.007049185700285"><ele>1939.8503420617608</ele></trkpt><trkpt lat="45.83271135324574" lon="7.007117284875726"><ele>1940.528468436536</ele></trkpt><trkpt lat="45.832753712724895" lon="7.007183856709872"><ele>1941.2249382710365</ele></trkpt><trkpt lat="45.832797469376786" lon="7.007248460386268"><ele>1941.8903107119731</ele></trkpt><trkpt lat="45.8328428296519" lon="7.007310655088461"><ele>1942.4751449060575</ele></trkpt><trkpt lat="45.83288999999998" lon="7.00737"><ele>1942.93</ele></trkpt><trkpt lat="45.832950709418384" lon="7.007425264908499"><ele>1943.0528201176464</ele></trkpt><trkpt lat="45.833016697078676" lon="7.007469530353144"><ele>1942.8446745645633</ele></trkpt><trkpt lat="45.83307999999999" lon="7.0075199999999995"><ele>1942.73</ele></trkpt><trkpt lat="45.83314000000002" lon="7.007620000000001"><ele>1943.24</ele></trkpt><trkpt lat="45.83314000000002" lon="7.00776"><ele>1945.48</ele></trkpt><trkpt lat="45.83306747956728" lon="7.007762313999512"><ele>1947.5407002909112</ele></trkpt><trkpt lat="45.83298999999997" lon="7.007739999999999"><ele>1949.4</ele></trkpt><trkpt lat="45.83287" lon="7.00777"><ele>1953.65</ele></trkpt><trkpt lat="45.83288404157301" lon="7.007855718030434"><ele>1955.0944628898915</ele></trkpt><trkpt lat="45.83292456948601" lon="7.007936452491369"><ele>1955.6373402024794</ele></trkpt><trkpt lat="45.83295999999997" lon="7.00802"><ele>1956.53</ele></trkpt><trkpt lat="45.832972168399905" lon="7.0081317342702985"><ele>1959.1754901544996</ele></trkpt><trkpt lat="45.83298999999997" lon="7.00824"><ele>1961.62</ele></trkpt><trkpt lat="45.83307999999999" lon="7.008329999999999"><ele>1960.9</ele></trkpt><trkpt lat="45.83314314613177" lon="7.008357838296572"><ele>1959.867737845229</ele></trkpt><trkpt lat="45.83320791357592" lon="7.008378803842646"><ele>1958.691232378531</ele></trkpt><trkpt lat="45.833270000000006" lon="7.00841"><ele>1957.68</ele></trkpt><trkpt lat="45.83332000000002" lon="7.008500000000001"><ele>1957.56</ele></trkpt><trkpt lat="45.83333999999997" lon="7.0086200000000005"><ele>1959.69</ele></trkpt><trkpt lat="45.83336574131742" lon="7.0087099242905415"><ele>1960.2358690075596</ele></trkpt><trkpt lat="45.83339426766351" lon="7.008798156489551"><ele>1960.5101729598134</ele></trkpt><trkpt lat="45.83343" lon="7.0088799999999996"><ele>1960.63</ele></trkpt><trkpt lat="45.83352" lon="7.008959999999999"><ele>1960.05</ele></trkpt><trkpt lat="45.833579999999955" lon="7.00906"><ele>1960.28</ele></trkpt><trkpt lat="45.83359000000002" lon="7.00917"><ele>1962.85</ele></trkpt><trkpt lat="45.833659999999995" lon="7.009210000000001"><ele>1962.13</ele></trkpt><trkpt lat="45.833717118351835" lon="7.009277270981389"><ele>1962.3054664030024</ele></trkpt><trkpt lat="45.83377373150311" lon="7.009345714794275"><ele>1962.5433032792475</ele></trkpt><trkpt lat="45.83382878547647" lon="7.009416523116468"><ele>1962.853406953992</ele></trkpt><trkpt lat="45.8338812262986" lon="7.009490887625773"><ele>1963.245673752491</ele></trkpt><trkpt lat="45.833929999999995" lon="7.00957"><ele>1963.73</ele></trkpt><trkpt lat="45.83396164674067" lon="7.0096782311264985"><ele>1964.8924897745592</ele></trkpt><trkpt lat="45.83399" lon="7.00979"><ele>1965.91</ele></trkpt><trkpt lat="45.83404999999998" lon="7.009830000000001"><ele>1964.54</ele></trkpt><trkpt lat="45.83409983975549" lon="7.0098994537020705"><ele>1964.3193379362692</ele></trkpt><trkpt lat="45.83414884282838" lon="7.009970703772206"><ele>1964.235269418216</ele></trkpt><trkpt lat="45.834193424484376" lon="7.010046601956236"><ele>1964.2960661910547</ele></trkpt><trkpt lat="45.834229999999984" lon="7.01013"><ele>1964.51</ele></trkpt><trkpt lat="45.83425696116376" lon="7.01023357150709"><ele>1965.0552463421973</ele></trkpt><trkpt lat="45.83427324610544" lon="7.010342864651243"><ele>1965.8389118028044</ele></trkpt><trkpt lat="45.83428790799735" lon="7.010453225469771"><ele>1966.5731213620095</ele></trkpt><trkpt lat="45.834310000000016" lon="7.01056"><ele>1966.97</ele></trkpt><trkpt lat="45.834353405656756" lon="7.010651037531738"><ele>1966.1932729970863</ele></trkpt><trkpt lat="45.834399999999995" lon="7.01074"><ele>1965.29</ele></trkpt><trkpt lat="45.834419999999994" lon="7.0108700000000015"><ele>1966.59</ele></trkpt><trkpt lat="45.834399999999995" lon="7.01096"><ele>1967.25</ele></trkpt><trkpt lat="45.834419999999994" lon="7.011080000000001"><ele>1968.17</ele></trkpt><trkpt lat="45.834399999999995" lon="7.011220000000001"><ele>1969.68</ele></trkpt><trkpt lat="45.834399999999995" lon="7.01139"><ele>1967.17</ele></trkpt><trkpt lat="45.83435" lon="7.01149"><ele>1970.53</ele></trkpt><trkpt lat="45.83435" lon="7.011589999999999"><ele>1968.71</ele></trkpt><trkpt lat="45.83429173963539" lon="7.011682964601164"><ele>1971.4756432640504</ele></trkpt><trkpt lat="45.83426999999999" lon="7.011770000000001"><ele>1973.75</ele></trkpt><trkpt lat="45.83432200372004" lon="7.01180996826945"><ele>1972.8776860060168</ele></trkpt><trkpt lat="45.834391072322106" lon="7.011808510891524"><ele>1970.8825855194355</ele></trkpt><trkpt lat="45.83446" lon="7.01181"><ele>1969.14</ele></trkpt><trkpt lat="45.834529735550234" lon="7.01182260643925"><ele>1967.7980437730732</ele></trkpt><trkpt lat="45.83458999999998" lon="7.0118599999999995"><ele>1967.88</ele></trkpt><trkpt lat="45.83456999999995" lon="7.01197"><ele>1973</ele></trkpt><trkpt lat="45.83460773597727" lon="7.012046184035381"><ele>1976.4065942380703</ele></trkpt><trkpt lat="45.83466" lon="7.01211"><ele>1978.57</ele></trkpt><trkpt lat="45.834700000000005" lon="7.01212"><ele>1975.92</ele></trkpt><trkpt lat="45.83475174141982" lon="7.012200277375199"><ele>1976.2050238220618</ele></trkpt><trkpt lat="45.83480163270741" lon="7.012283005526314"><ele>1976.8764974189737</ele></trkpt><trkpt lat="45.83484820764016" lon="7.012369230914272"><ele>1977.774722306399</ele></trkpt><trkpt lat="45.834889999999994" lon="7.01246"><ele>1978.74</ele></trkpt><trkpt lat="45.83490000000001" lon="7.0126"><ele>1980.78</ele></trkpt><trkpt lat="45.83500000000002" lon="7.01268"><ele>1977.4</ele></trkpt><trkpt lat="45.835045103428506" lon="7.012778785967037"><ele>1977.3300730848573</ele></trkpt><trkpt lat="45.835069999999995" lon="7.012889999999999"><ele>1978.59</ele></trkpt><trkpt lat="45.83503000000002" lon="7.012970000000001"><ele>1982.46</ele></trkpt><trkpt lat="45.835060000000006" lon="7.013069999999999"><ele>1982.32</ele></trkpt><trkpt lat="45.83507417862523" lon="7.013158049505646"><ele>1983.1544602797155</ele></trkpt><trkpt lat="45.835085927065386" lon="7.013246940972749"><ele>1984.2480689102613</ele></trkpt><trkpt lat="45.83509758619399" lon="7.013335807687029"><ele>1985.31544740095</ele></trkpt><trkpt lat="45.83511149688254" lon="7.013423782934206"><ele>1986.0712172610922</ele></trkpt><trkpt lat="45.83513000000001" lon="7.01351"><ele>1986.23</ele></trkpt><trkpt lat="45.835160219823265" lon="7.013589205726199"><ele>1984.7887174626312</ele></trkpt><trkpt lat="45.835198042952904" lon="7.013661906872388"><ele>1982.226523027618</ele></trkpt><trkpt lat="45.835229999999996" lon="7.013740000000001"><ele>1980.47</ele></trkpt><trkpt lat="45.83523999999998" lon="7.013890000000001"><ele>1983.04</ele></trkpt><trkpt lat="45.835229999999996" lon="7.013980000000001"><ele>1984.87</ele></trkpt><trkpt lat="45.835278211323484" lon="7.014058697628987"><ele>1985.3637659822462</ele></trkpt><trkpt lat="45.835331041022144" lon="7.014131546111764"><ele>1985.6885942578106</ele></trkpt><trkpt lat="45.83538576505387" lon="7.014202045780047"><ele>1985.918539542252</ele></trkpt><trkpt lat="45.83543965938695" lon="7.014273696965555"><ele>1986.127656551129</ele></trkpt><trkpt lat="45.83548999999998" lon="7.01435"><ele>1986.39</ele></trkpt><trkpt lat="45.83553788176671" lon="7.014432189072903"><ele>1986.5810480857253</ele></trkpt><trkpt lat="45.83558348513984" lon="7.0145173521366315"><ele>1986.6903106496666</ele></trkpt><trkpt lat="45.83562484594177" lon="7.014606339132047"><ele>1986.9769178887748</ele></trkpt><trkpt lat="45.83565999999999" lon="7.0147"><ele>1987.7</ele></trkpt><trkpt lat="45.83564000000001" lon="7.014810000000001"><ele>1991.3</ele></trkpt><trkpt lat="45.835710143431754" lon="7.014829686937426"><ele>1987.864113575753</ele></trkpt><trkpt lat="45.83578000000001" lon="7.014849999999999"><ele>1984.53</ele></trkpt><trkpt lat="45.835825512254566" lon="7.014918613078481"><ele>1983.6483782345267</ele></trkpt><trkpt lat="45.83586428766634" lon="7.0149969627163715"><ele>1983.327643924595</ele></trkpt><trkpt lat="45.83589591924534" lon="7.015081830996075"><ele>1983.6905876523654</ele></trkpt><trkpt lat="45.83591999999997" lon="7.01517"><ele>1984.86</ele></trkpt><trkpt lat="45.83588000000002" lon="7.015290000000001"><ele>1992.53</ele></trkpt><trkpt lat="45.835910247771935" lon="7.015368682985584"><ele>1993.2880412361385</ele></trkpt><trkpt lat="45.835943464749356" lon="7.0154450134416"><ele>1993.7576997430758</ele></trkpt><trkpt lat="45.835978933496236" lon="7.015519566651167"><ele>1994.0036989412506</ele></trkpt><trkpt lat="45.83601593657806" lon="7.01559291789741"><ele>1994.0907622511013</ele></trkpt><trkpt lat="45.836053756562066" lon="7.015665642463453"><ele>1994.083613093068</ele></trkpt><trkpt lat="45.83609167601737" lon="7.015738315632422"><ele>1994.0469748875894</ele></trkpt><trkpt lat="45.83612897751497" lon="7.015811512687437"><ele>1994.045571055104</ele></trkpt><trkpt lat="45.83616494362785" lon="7.015885808911621"><ele>1994.1441250160515</ele></trkpt><trkpt lat="45.83619885693077" lon="7.015961779588102"><ele>1994.4073601908703</ele></trkpt><trkpt lat="45.83623" lon="7.016039999999999"><ele>1994.9</ele></trkpt><trkpt lat="45.836240376353295" lon="7.016147310269199"><ele>1997.4538462565151</ele></trkpt><trkpt lat="45.83623999999999" lon="7.01626"><ele>2000.2</ele></trkpt><trkpt lat="45.836263839170506" lon="7.01636532808547"><ele>2000.3313108520954</ele></trkpt><trkpt lat="45.83629000000001" lon="7.016469999999999"><ele>1999.47</ele></trkpt><trkpt lat="45.83630583106832" lon="7.016557498122383"><ele>1998.7596517236764</ele></trkpt><trkpt lat="45.836320935652374" lon="7.016645240976676"><ele>1997.981998487651</ele></trkpt><trkpt lat="45.83633512470221" lon="7.016733234769778"><ele>1997.1265193897877</ele></trkpt><trkpt lat="45.836348209167994" lon="7.016821485708586"><ele>1996.1826935279496</ele></trkpt><trkpt lat="45.836360000000006" lon="7.01691"><ele>1995.14</ele></trkpt><trkpt lat="45.8363704475589" lon="7.017009847534538"><ele>1993.3686747104734</ele></trkpt><trkpt lat="45.836369999999974" lon="7.017110000000001"><ele>1991.56</ele></trkpt><trkpt lat="45.83632999999999" lon="7.01723"><ele>1990.97</ele></trkpt><trkpt lat="45.83625000000001" lon="7.017360000000001"><ele>1989.63</ele></trkpt><trkpt lat="45.836180000000006" lon="7.017399999999999"><ele>1991.31</ele></trkpt><trkpt lat="45.83618233130486" lon="7.017501586035765"><ele>1988.7417059880668</ele></trkpt><trkpt lat="45.836180000000006" lon="7.017599999999999"><ele>1986.42</ele></trkpt><trkpt lat="45.83611973877903" lon="7.017661122156895"><ele>1986.898449186701</ele></trkpt><trkpt lat="45.83605" lon="7.01771"><ele>1988.61</ele></trkpt><trkpt lat="45.835999609895765" lon="7.017778570750455"><ele>1990.8019162350397</ele></trkpt><trkpt lat="45.83596" lon="7.017859999999999"><ele>1992.71</ele></trkpt><trkpt lat="45.83596" lon="7.0179599999999995"><ele>1991.32</ele></trkpt><trkpt lat="45.83590822341292" lon="7.018048555164512"><ele>1992.4406669792565</ele></trkpt><trkpt lat="45.83584985527652" lon="7.018129718977299"><ele>1993.9460250743914</ele></trkpt><trkpt lat="45.835800000000006" lon="7.01822"><ele>1994.55</ele></trkpt><trkpt lat="45.83578400699432" lon="7.018324275095571"><ele>1992.4046293296221</ele></trkpt><trkpt lat="45.83576999999999" lon="7.018430000000001"><ele>1990.03</ele></trkpt><trkpt lat="45.835728098436974" lon="7.018522511689605"><ele>1990.1352496678485</ele></trkpt><trkpt lat="45.83566999999998" lon="7.0185900000000006"><ele>1991.82</ele></trkpt><trkpt lat="45.83560232623757" lon="7.018583674997513"><ele>1995.5285211743776</ele></trkpt><trkpt lat="45.835539999999995" lon="7.0185900000000006"><ele>1998.55</ele></trkpt><trkpt lat="45.83552692600523" lon="7.018678290542811"><ele>1996.9406059994742</ele></trkpt><trkpt lat="45.835530000000006" lon="7.018780000000001"><ele>1994.24</ele></trkpt><trkpt lat="45.83550613262759" lon="7.018883887635213"><ele>1993.0256099119165</ele></trkpt><trkpt lat="45.83546999999997" lon="7.01898"><ele>1992.98</ele></trkpt><trkpt lat="45.83541544793167" lon="7.019055515707927"><ele>1995.1994963947595</ele></trkpt><trkpt lat="45.83535999999997" lon="7.0191300000000005"><ele>1997.54</ele></trkpt><trkpt lat="45.83531999999999" lon="7.019269999999999"><ele>1996.57</ele></trkpt><trkpt lat="45.83529999999999" lon="7.019379999999999"><ele>1995.96</ele></trkpt><trkpt lat="45.83529501195552" lon="7.019472777929158"><ele>1996.2947935617897</ele></trkpt><trkpt lat="45.83529271778181" lon="7.019566010345258"><ele>1996.7012218180034</ele></trkpt><trkpt lat="45.83528906471749" lon="7.019658737588727"><ele>1997.3545391652153</ele></trkpt><trkpt lat="45.83528000000001" lon="7.019749999999999"><ele>1998.43</ele></trkpt><trkpt lat="45.8352521299908" lon="7.019841111410814"><ele>2001.1191020112135</ele></trkpt><trkpt lat="45.83521999999998" lon="7.01993"><ele>2004.16</ele></trkpt><trkpt lat="45.83520999999999" lon="7.02004"><ele>2005.09</ele></trkpt><trkpt lat="45.83527985868173" lon="7.020079723118328"><ele>2000.6639708022449</ele></trkpt><trkpt lat="45.835350000000005" lon="7.0201199999999995"><ele>1996.57</ele></trkpt><trkpt lat="45.83535999999997" lon="7.020260000000001"><ele>1998.24</ele></trkpt><trkpt lat="45.83529" lon="7.02038"><ele>2003.79</ele></trkpt><trkpt lat="45.83528660363952" lon="7.020495387075554"><ele>2005.1442152022878</ele></trkpt><trkpt lat="45.83529512107201" lon="7.0206126346807185"><ele>2005.7178904419434</ele></trkpt><trkpt lat="45.83529999999999" lon="7.02073"><ele>2005.7</ele></trkpt><trkpt lat="45.835289536727934" lon="7.02083054968881"><ele>2004.6935036236237</ele></trkpt><trkpt lat="45.83528000000001" lon="7.02093"><ele>2002.61</ele></trkpt><trkpt lat="45.83529999999999" lon="7.02102"><ele>1998.8</ele></trkpt><trkpt lat="45.83537451998357" lon="7.020969813551698"><ele>1994.951843882</ele></trkpt><trkpt lat="45.83545000000002" lon="7.020910000000001"><ele>1992.23</ele></trkpt><trkpt lat="45.835530000000006" lon="7.0209399999999995"><ele>1991.35</ele></trkpt><trkpt lat="45.835581716580734" lon="7.020884218408757"><ele>1991.063034119159</ele></trkpt><trkpt lat="45.83563051768064" lon="7.020822944016027"><ele>1990.772189527485</ele></trkpt><trkpt lat="45.8356774372474" lon="7.020758142021301"><ele>1990.4921864205148</ele></trkpt><trkpt lat="45.83572350922503" lon="7.020691777624073"><ele>1990.2377449937844</ele></trkpt><trkpt lat="45.835769767553906" lon="7.020625816023838"><ele>1990.023585442831</ele></trkpt><trkpt lat="45.83581724617109" lon="7.020562222420085"><ele>1989.8644279631915</ele></trkpt><trkpt lat="45.835866979009936" lon="7.0205029620123085"><ele>1989.7749927504024</ele></trkpt><trkpt lat="45.83591999999997" lon="7.02045"><ele>1989.77</ele></trkpt><trkpt lat="45.836000000000006" lon="7.02052"><ele>1991.71</ele></trkpt><trkpt lat="45.836070031015836" lon="7.020522737286231"><ele>1992.1560524052325</ele></trkpt><trkpt lat="45.83614078692142" lon="7.02051438519145"><ele>1992.4045108254509</ele></trkpt><trkpt lat="45.83621" lon="7.02052"><ele>1993.43</ele></trkpt><trkpt lat="45.83628341112347" lon="7.020552026528198"><ele>1996.0072036996266</ele></trkpt><trkpt lat="45.836352922086796" lon="7.020597290307983"><ele>1999.3008770588674</ele></trkpt><trkpt lat="45.83641999999999" lon="7.020650000000001"><ele>2002.5</ele></trkpt><trkpt lat="45.83648999999999" lon="7.02075"><ele>2005.59</ele></trkpt><trkpt lat="45.83655599428754" lon="7.020779385013729"><ele>2006.532026721788</ele></trkpt><trkpt lat="45.83662475741908" lon="7.020798764107407"><ele>2007.1783084463684</ele></trkpt><trkpt lat="45.83668999999999" lon="7.020830000000001"><ele>2008.26</ele></trkpt><trkpt lat="45.836735061508556" lon="7.020894671962411"><ele>2010.6318821777313</ele></trkpt><trkpt lat="45.83677999999999" lon="7.0209600000000005"><ele>2012.88</ele></trkpt><trkpt lat="45.83688999999999" lon="7.020979999999999"><ele>2012.45</ele></trkpt><trkpt lat="45.83696674966342" lon="7.021014597390172"><ele>2014.0505889755555</ele></trkpt><trkpt lat="45.83704" lon="7.02106"><ele>2016.34</ele></trkpt><trkpt lat="45.837109999999996" lon="7.021139999999999"><ele>2019.94</ele></trkpt><trkpt lat="45.83717455623583" lon="7.021135796416608"><ele>2019.6656663745277</ele></trkpt><trkpt lat="45.837238591475966" lon="7.021122592402207"><ele>2018.9953549902416</ele></trkpt><trkpt lat="45.83730234859873" lon="7.0211044901795026"><ele>2018.0882104186921</ele></trkpt><trkpt lat="45.83736607048139" lon="7.0210855919711985"><ele>2017.103377231428</ele></trkpt><trkpt lat="45.83742999999999" lon="7.021070000000001"><ele>2016.2</ele></trkpt><trkpt lat="45.8374931494288" lon="7.021056497843347"><ele>2015.2735623781978</ele></trkpt><trkpt lat="45.8375563997639" lon="7.021044588111266"><ele>2014.2790102321487</ele></trkpt><trkpt lat="45.83762" lon="7.02104"><ele>2013.5</ele></trkpt><trkpt lat="45.83768578085386" lon="7.021042642214122"><ele>2013.0028178177984</ele></trkpt><trkpt lat="45.837751546227075" lon="7.021047905727924"><ele>2012.6483225983106</ele></trkpt><trkpt lat="45.8378172920944" lon="7.021054832175916"><ele>2012.3597671717775</ele></trkpt><trkpt lat="45.83788301443056" lon="7.021062463192608"><ele>2012.0604043684395</ele></trkpt><trkpt lat="45.83794870921034" lon="7.021069840412514"><ele>2011.673487018537</ele></trkpt><trkpt lat="45.83801437240856" lon="7.021076005470139"><ele>2011.1222679523103</ele></trkpt><trkpt lat="45.83807999999999" lon="7.021080000000001"><ele>2010.33</ele></trkpt><trkpt lat="45.83815533470306" lon="7.0210783914732815"><ele>2008.78948102453</ele></trkpt><trkpt lat="45.83823024187813" lon="7.02107189104737"><ele>2006.6622878625897</ele></trkpt><trkpt lat="45.83830502811454" lon="7.0210669450977745"><ele>2004.4439507693546</ele></trkpt><trkpt lat="45.83838000000001" lon="7.021070000000001"><ele>2002.63</ele></trkpt><trkpt lat="45.838444200057175" lon="7.021085517331244"><ele>2001.822639901318</ele></trkpt><trkpt lat="45.8385074329369" lon="7.021111301714871"><ele>2001.462011774002</ele></trkpt><trkpt lat="45.83856999999999" lon="7.021139999999999"><ele>2000.9</ele></trkpt><trkpt lat="45.83863654518669" lon="7.021170213247958"><ele>1999.953988092318</ele></trkpt><trkpt lat="45.83870287344981" lon="7.021201370059962"><ele>1998.9912619380386</ele></trkpt><trkpt lat="45.83876905108202" lon="7.021233146761426"><ele>1998.0049660758432</ele></trkpt><trkpt lat="45.83883514437563" lon="7.02126521967776"><ele>1996.9882450444143</ele></trkpt><trkpt lat="45.8389012196227" lon="7.021297265134372"><ele>1995.9342433824331</ele></trkpt><trkpt lat="45.83896734311489" lon="7.021328959456675"><ele>1994.8361056285826</ele></trkpt><trkpt lat="45.83903358114364" lon="7.021359978970081"><ele>1993.686976321544</ele></trkpt><trkpt lat="45.8391" lon="7.02139"><ele>1992.48</ele></trkpt><trkpt lat="45.83916986091203" lon="7.021419664582325"><ele>1991.1047776260828</ele></trkpt><trkpt lat="45.83923997133027" lon="7.021447625340779"><ele>1989.6027451394634</ele></trkpt><trkpt lat="45.8393101858509" lon="7.021474760768568"><ele>1988.0185768368437</ele></trkpt><trkpt lat="45.839380359070844" lon="7.021501949358897"><ele>1986.3969470149257</ele></trkpt><trkpt lat="45.839450345587736" lon="7.021530069604971"><ele>1984.7825299704105</ele></trkpt><trkpt lat="45.839519999999986" lon="7.021559999999999"><ele>1983.22</ele></trkpt><trkpt lat="45.83960167055988" lon="7.021599129418008"><ele>1981.3847331063603</ele></trkpt><trkpt lat="45.83968000000001" lon="7.021650000000001"><ele>1979.77</ele></trkpt><trkpt lat="45.83977000000001" lon="7.02176"><ele>1978.72</ele></trkpt><trkpt lat="45.83986999999999" lon="7.021829999999999"><ele>1975.88</ele></trkpt><trkpt lat="45.83992630865987" lon="7.0218838137886035"><ele>1974.7359771426427</ele></trkpt><trkpt lat="45.83998243939931" lon="7.021938170351668"><ele>1973.620186111911</ele></trkpt><trkpt lat="45.8400381330599" lon="7.021993518471766"><ele>1972.5576598950431</ele></trkpt><trkpt lat="45.8400931304843" lon="7.022050306931473"><ele>1971.5734314792771</ele></trkpt><trkpt lat="45.84014717251613" lon="7.022108984513361"><ele>1970.69253385185</ele></trkpt><trkpt lat="45.8402" lon="7.022169999999999"><ele>1969.94</ele></trkpt><trkpt lat="45.84024535142709" lon="7.022236913528151"><ele>1969.8224241504358</ele></trkpt><trkpt lat="45.84028623995128" lon="7.02231061650435"><ele>1970.1265391706706</ele></trkpt><trkpt lat="45.84032999999998" lon="7.022379999999999"><ele>1969.88</ele></trkpt><trkpt lat="45.84037903838298" lon="7.022439482928218"><ele>1968.6799134203604</ele></trkpt><trkpt lat="45.840430182495055" lon="7.022494783594494"><ele>1967.0355373661264</ele></trkpt><trkpt lat="45.84048123535763" lon="7.022550192463521"><ele>1965.363392628829</ele></trkpt><trkpt lat="45.84053000000001" lon="7.02261"><ele>1964.08</ele></trkpt><trkpt lat="45.84057658275127" lon="7.022687220501156"><ele>1963.6735995997115</ele></trkpt><trkpt lat="45.840619995927625" lon="7.022769172329477"><ele>1963.7196654802115</ele></trkpt><trkpt lat="45.84067" lon="7.02284"><ele>1962.99</ele></trkpt><trkpt lat="45.84073221165288" lon="7.022883658850099"><ele>1960.5485233019176</ele></trkpt><trkpt lat="45.84079887558785" lon="7.022913925365485"><ele>1957.3890565469387</ele></trkpt><trkpt lat="45.84085999999999" lon="7.02296"><ele>1955.17</ele></trkpt><trkpt lat="45.84085999999999" lon="7.023060000000001"><ele>1958.86</ele></trkpt><trkpt lat="45.840899187036456" lon="7.023142458176261"><ele>1958.2687050317709</ele></trkpt><trkpt lat="45.84094999999999" lon="7.023209999999999"><ele>1956.57</ele></trkpt><trkpt lat="45.841020000000015" lon="7.023229999999999"><ele>1953.86</ele></trkpt><trkpt lat="45.84107778876612" lon="7.023294407002241"><ele>1951.5307637752258</ele></trkpt><trkpt lat="45.841129999999986" lon="7.023369999999999"><ele>1949.95</ele></trkpt><trkpt lat="45.84116999663077" lon="7.023440018903418"><ele>1949.7389968166003</ele></trkpt><trkpt lat="45.84120786904676" lon="7.023512892261913"><ele>1950.0514041917306</ele></trkpt><trkpt lat="45.84125" lon="7.02358"><ele>1950.3</ele></trkpt><trkpt lat="45.841310172167944" lon="7.023652429173121"><ele>1950.2617606322392</ele></trkpt><trkpt lat="45.84137406040493" lon="7.023718375331319"><ele>1950.1594647336365</ele></trkpt><trkpt lat="45.84144000000002" lon="7.023780000000001"><ele>1950.09</ele></trkpt><trkpt lat="45.84150291387329" lon="7.023831684631693"><ele>1950.159614444644</ele></trkpt><trkpt lat="45.84157" lon="7.0238700000000005"><ele>1950.2</ele></trkpt><trkpt lat="45.84163940030727" lon="7.023890325980745"><ele>1950.0155277612832</ele></trkpt><trkpt lat="45.84170999303554" lon="7.023903038397281"><ele>1949.7729907524142</ele></trkpt><trkpt lat="45.841779999999986" lon="7.02392"><ele>1949.71</ele></trkpt><trkpt lat="45.841859953512376" lon="7.023954384476779"><ele>1950.1436121034333</ele></trkpt><trkpt lat="45.841939123649084" lon="7.02399295227684"><ele>1950.7564674939626</ele></trkpt><trkpt lat="45.84202" lon="7.024020000000001"><ele>1950.89</ele></trkpt><trkpt lat="45.842140000000015" lon="7.02399"><ele>1948.29</ele></trkpt><trkpt lat="45.842204092330086" lon="7.023994934923411"><ele>1947.365332775384</ele></trkpt><trkpt lat="45.842267834120776" lon="7.024007385421713"><ele>1946.614363013381</ele></trkpt><trkpt lat="45.84233" lon="7.024030000000001"><ele>1946.13</ele></trkpt><trkpt lat="45.842397887186145" lon="7.024077056243181"><ele>1946.3288511475857</ele></trkpt><trkpt lat="45.84246000000003" lon="7.02414"><ele>1946.61</ele></trkpt><trkpt lat="45.84251298341604" lon="7.024205585974599"><ele>1945.92216420248</ele></trkpt><trkpt lat="45.84255999999999" lon="7.024279999999999"><ele>1945.32</ele></trkpt><trkpt lat="45.8426" lon="7.02439"><ele>1946.53</ele></trkpt><trkpt lat="45.84265567139575" lon="7.024491735750103"><ele>1945.6320222335894</ele></trkpt><trkpt lat="45.84271999999999" lon="7.02458"><ele>1944.01</ele></trkpt><trkpt lat="45.842809999999965" lon="7.024610000000001"><ele>1940.99</ele></trkpt><trkpt lat="45.84287765940947" lon="7.024679255092212"><ele>1938.9387308674961</ele></trkpt><trkpt lat="45.84293999999999" lon="7.024759999999999"><ele>1937.55</ele></trkpt><trkpt lat="45.84299183893266" lon="7.024834363304906"><ele>1937.0390278219934</ele></trkpt><trkpt lat="45.84304162591071" lon="7.0249121688265745"><ele>1936.7826701454997</ele></trkpt><trkpt lat="45.8430914934263" lon="7.024989792695792"><ele>1936.6227985580094</ele></trkpt><trkpt lat="45.84314357396398" lon="7.025063611043339"><ele>1936.401284647013</ele></trkpt><trkpt lat="45.84319999999998" lon="7.02513"><ele>1935.96</ele></trkpt><trkpt lat="45.84325500599389" lon="7.025177307044943"><ele>1935.3033953761574</ele></trkpt><trkpt lat="45.843313906289126" lon="7.02521492903964"><ele>1934.468304958396</ele></trkpt><trkpt lat="45.84337430358242" lon="7.025248897511865"><ele>1933.5605168525565</ele></trkpt><trkpt lat="45.843433800580435" lon="7.025285243989394"><ele>1932.6858191644778</ele></trkpt><trkpt lat="45.84349000000001" lon="7.02533"><ele>1931.95</ele></trkpt><trkpt lat="45.84354000076977" lon="7.025385593774096"><ele>1931.4014816231036</ele></trkpt><trkpt lat="45.843586252906874" lon="7.025449114573109"><ele>1930.9566934242484</ele></trkpt><trkpt lat="45.84363106766076" lon="7.0255154389961225"><ele>1930.5623932829726</ele></trkpt><trkpt lat="45.84367675627301" lon="7.025579443642219"><ele>1930.1653390788142</ele></trkpt><trkpt lat="45.8437256299776" lon="7.025636005110483"><ele>1929.7122886913105</ele></trkpt><trkpt lat="45.84378000000001" lon="7.02568"><ele>1929.15</ele></trkpt><trkpt lat="45.843843200235206" lon="7.025713727124516"><ele>1928.428897682027</ele></trkpt><trkpt lat="45.843908185732516" lon="7.025739078218125"><ele>1927.6445303913138</ele></trkpt><trkpt lat="45.84397449953895" lon="7.0257582802784935"><ele>1926.8210095167985</ele></trkpt><trkpt lat="45.84404168470353" lon="7.025773560303286"><ele>1925.9824464474186</ele></trkpt><trkpt lat="45.8441092842774" lon="7.025787145290167"><ele>1925.152952572111</ele></trkpt><trkpt lat="45.84417684131404" lon="7.025801262236802"><ele>1924.3566392798136</ele></trkpt><trkpt lat="45.84424389886896" lon="7.025818138140859"><ele>1923.6176179594643</ele></trkpt><trkpt lat="45.844310000000014" lon="7.0258400000000005"><ele>1922.96</ele></trkpt><trkpt lat="45.84437999999999" lon="7.02591"><ele>1923.57</ele></trkpt><trkpt lat="45.84442124475592" lon="7.025981043862044"><ele>1924.3517887001433</ele></trkpt><trkpt lat="45.844461180285855" lon="7.026053612013005"><ele>1925.1812490175143</ele></trkpt><trkpt lat="45.84450028338226" lon="7.026127150328127"><ele>1926.0362539006217</ele></trkpt><trkpt lat="45.844539030836124" lon="7.026201104682666"><ele>1926.894676297973</ele></trkpt><trkpt lat="45.844577899437155" lon="7.026274920951872"><ele>1927.7343891580783</ele></trkpt><trkpt lat="45.84461736597374" lon="7.026348045010996"><ele>1928.5332654294455</ele></trkpt><trkpt lat="45.84465790723283" lon="7.026419922735286"><ele>1929.2691780605833</ele></trkpt><trkpt lat="45.84470000000001" lon="7.02649"><ele>1929.92</ele></trkpt><trkpt lat="45.84474966941366" lon="7.026563155587541"><ele>1930.443277458274</ele></trkpt><trkpt lat="45.84480241863837" lon="7.026632086838791"><ele>1930.763942715595</ele></trkpt><trkpt lat="45.844856333152606" lon="7.026699440296268"><ele>1930.9979692437792</ele></trkpt><trkpt lat="45.84490949844217" lon="7.026767862502497"><ele>1931.2613305146426</ele></trkpt><trkpt lat="45.844960000000015" lon="7.026840000000001"><ele>1931.67</ele></trkpt><trkpt lat="45.845003267833505" lon="7.02693760342743"><ele>1932.9263361021563</ele></trkpt><trkpt lat="45.845050000000015" lon="7.02703"><ele>1933.67</ele></trkpt><trkpt lat="45.84515999999999" lon="7.027079999999999"><ele>1930.24</ele></trkpt><trkpt lat="45.845208789396125" lon="7.0271522275018645"><ele>1930.686095560596</ele></trkpt><trkpt lat="45.84525179746391" lon="7.027232265097361"><ele>1931.7254700803705</ele></trkpt><trkpt lat="45.84529390680363" lon="7.027313670144176"><ele>1932.85460955996</ele></trkpt><trkpt lat="45.84533999999999" lon="7.0273900000000005"><ele>1933.57</ele></trkpt><trkpt lat="45.84539134122916" lon="7.027453152717269"><ele>1933.4174934245816</ele></trkpt><trkpt lat="45.845446357932175" lon="7.027510360607217"><ele>1932.8242922847833</ele></trkpt><trkpt lat="45.845500000000015" lon="7.027569999999999"><ele>1932.57</ele></trkpt><trkpt lat="45.845564060954814" lon="7.027661687780071"><ele>1933.507578079579</ele></trkpt><trkpt lat="45.84562999999999" lon="7.027750000000001"><ele>1934.56</ele></trkpt><trkpt lat="45.84574" lon="7.027830000000001"><ele>1934.11</ele></trkpt><trkpt lat="45.84573000000001" lon="7.027990000000001"><ele>1940.75</ele></trkpt><trkpt lat="45.845779999999976" lon="7.02805"><ele>1941.11</ele></trkpt><trkpt lat="45.84584000000001" lon="7.0280700000000005"><ele>1938.92</ele></trkpt><trkpt lat="45.84591297945328" lon="7.028139206542241"><ele>1938.2590452842073</ele></trkpt><trkpt lat="45.84597999999998" lon="7.028219999999998"><ele>1938.12</ele></trkpt><trkpt lat="45.8460266558802" lon="7.028291319483993"><ele>1938.163831160102</ele></trkpt><trkpt lat="45.846070259334645" lon="7.028367160576182"><ele>1938.3371386648394</ele></trkpt><trkpt lat="45.846113534853345" lon="7.028443341926372"><ele>1938.5235305895258</ele></trkpt><trkpt lat="45.846159206917726" lon="7.028515682184374"><ele>1938.6066150094746</ele></trkpt><trkpt lat="45.84620999999997" lon="7.02858"><ele>1938.47</ele></trkpt><trkpt lat="45.84632999999999" lon="7.0286"><ele>1936.28</ele></trkpt><trkpt lat="45.846379785584595" lon="7.028656976416609"><ele>1936.2991698679139</ele></trkpt><trkpt lat="45.846423378316494" lon="7.028726044931906"><ele>1936.687675691718</ele></trkpt><trkpt lat="45.84647000000001" lon="7.028790000000001"><ele>1936.98</ele></trkpt><trkpt lat="45.84656000000001" lon="7.028849999999999"><ele>1936.68</ele></trkpt><trkpt lat="45.846611350788805" lon="7.028923481623616"><ele>1937.0045254487743</ele></trkpt><trkpt lat="45.84666055071093" lon="7.0289999972735915"><ele>1937.379776437861</ele></trkpt><trkpt lat="45.84670807523952" lon="7.029078772111762"><ele>1937.8117647025601</ele></trkpt><trkpt lat="45.84675439984599" lon="7.0291590312999555"><ele>1938.306501978173</ele></trkpt><trkpt lat="45.846800000000016" lon="7.02924"><ele>1938.87</ele></trkpt><trkpt lat="45.84683999999997" lon="7.02935"><ele>1940.38</ele></trkpt><trkpt lat="45.84683999999997" lon="7.02934"><ele>1940.38</ele></trkpt><trkpt lat="45.846900000000005" lon="7.029469999999999"><ele>1942.55</ele></trkpt><trkpt lat="45.84696430145094" lon="7.029531078447171"><ele>1943.0934090353346</ele></trkpt><trkpt lat="45.84703000000001" lon="7.02959"><ele>1943.45</ele></trkpt><trkpt lat="45.84707529073306" lon="7.029659489901316"><ele>1944.037535935923</ele></trkpt><trkpt lat="45.84711999999998" lon="7.029730000000001"><ele>1944.56</ele></trkpt><trkpt lat="45.84717777768079" lon="7.0297814918521"><ele>1944.4876996341252</ele></trkpt><trkpt lat="45.84722999999999" lon="7.02984"><ele>1944.8</ele></trkpt><trkpt lat="45.84726642568457" lon="7.02992670494008"><ele>1946.23760034898</ele></trkpt><trkpt lat="45.847296012897424" lon="7.0300190501381215"><ele>1947.9951850735479</ele></trkpt><trkpt lat="45.84732509366508" lon="7.030111870267101"><ele>1949.785177261342</ele></trkpt><trkpt lat="45.847360000000016" lon="7.030200000000001"><ele>1951.32</ele></trkpt><trkpt lat="45.84742" lon="7.030239999999999"><ele>1951.04</ele></trkpt><trkpt lat="45.847469999999994" lon="7.0303700000000005"><ele>1952.8</ele></trkpt><trkpt lat="45.84753" lon="7.030459999999999"><ele>1953.64</ele></trkpt><trkpt lat="45.84756999999998" lon="7.03045"><ele>1953</ele></trkpt><trkpt lat="45.84767999999998" lon="7.03049"><ele>1951.53</ele></trkpt><trkpt lat="45.847732215927536" lon="7.030558710078653"><ele>1951.9921980568251</ele></trkpt><trkpt lat="45.847777676044544" lon="7.030637635001448"><ele>1952.8433267990874</ele></trkpt><trkpt lat="45.84782000000003" lon="7.03072"><ele>1953.88</ele></trkpt><trkpt lat="45.8478536017866" lon="7.0307972073022125"><ele>1955.1722942230024</ele></trkpt><trkpt lat="45.84787999999999" lon="7.030880000000001"><ele>1956.59</ele></trkpt><trkpt lat="45.847900755742884" lon="7.031002968073684"><ele>1958.4072385074405</ele></trkpt><trkpt lat="45.847930000000005" lon="7.0311200000000005"><ele>1959.57</ele></trkpt><trkpt lat="45.847975916994685" lon="7.031204529019263"><ele>1959.6455459352574</ele></trkpt><trkpt lat="45.84802760193998" lon="7.03128260263627"><ele>1959.4078519094796</ele></trkpt><trkpt lat="45.84808132838112" lon="7.031358411743643"><ele>1959.0463849160733</ele></trkpt><trkpt lat="45.848133369876926" lon="7.031436147234012"><ele>1958.7506119484447</ele></trkpt><trkpt lat="45.84818" lon="7.031520000000001"><ele>1958.71</ele></trkpt><trkpt lat="45.848219374001864" lon="7.0316193170663315"><ele>1959.1383343053785</ele></trkpt><trkpt lat="45.848220000000005" lon="7.03172"><ele>1960.59</ele></trkpt><trkpt lat="45.84815135794684" lon="7.031763932410143"><ele>1962.8785404137716</ele></trkpt><trkpt lat="45.84807" lon="7.031789999999999"><ele>1965.4</ele></trkpt><trkpt lat="45.84801999999998" lon="7.03191"><ele>1969.44</ele></trkpt><trkpt lat="45.84795000000001" lon="7.032"><ele>1972.37</ele></trkpt><trkpt lat="45.84789" lon="7.03202"><ele>1973.54</ele></trkpt><trkpt lat="45.8478" lon="7.0320100000000005"><ele>1975.62</ele></trkpt><trkpt lat="45.847759999999994" lon="7.032029999999999"><ele>1977.29</ele></trkpt><trkpt lat="45.847739999999995" lon="7.03206"><ele>1978.18</ele></trkpt><trkpt lat="45.8476752336642" lon="7.032072647052355"><ele>1980.80217099331</ele></trkpt><trkpt lat="45.84760999999996" lon="7.03207"><ele>1983.24</ele></trkpt><trkpt lat="45.84750000000001" lon="7.0320100000000005"><ele>1986.2</ele></trkpt><trkpt lat="45.847379999999994" lon="7.0320100000000005"><ele>1990.58</ele></trkpt><trkpt lat="45.84731" lon="7.032099999999999"><ele>1994.39</ele></trkpt><trkpt lat="45.847270000000016" lon="7.032099999999999"><ele>1996.14</ele></trkpt><trkpt lat="45.84715999999999" lon="7.032170000000001"><ele>2000.53</ele></trkpt><trkpt lat="45.84710999999997" lon="7.032170000000001"><ele>2001.99</ele></trkpt><trkpt lat="45.84713" lon="7.032320000000002"><ele>2003.97</ele></trkpt><trkpt lat="45.84711124991384" lon="7.032408029117242"><ele>2005.8456320319071</ele></trkpt><trkpt lat="45.84708372029133" lon="7.0324916254589604"><ele>2007.8571076781825</ele></trkpt><trkpt lat="45.84705000000001" lon="7.03257"><ele>2009.96</ele></trkpt><trkpt lat="45.846988029854565" lon="7.032653171015843"><ele>2012.9557746294377</ele></trkpt><trkpt lat="45.84692999999999" lon="7.03274"><ele>2015.84</ele></trkpt><trkpt lat="45.84695" lon="7.03284"><ele>2016.51</ele></trkpt><trkpt lat="45.84695" lon="7.03292"><ele>2017.05</ele></trkpt><trkpt lat="45.84692999999999" lon="7.032989999999998"><ele>2018.87</ele></trkpt><trkpt lat="45.84688999999999" lon="7.033029999999999"><ele>2020.16</ele></trkpt><trkpt lat="45.84685000000001" lon="7.032959999999999"><ele>2021.22</ele></trkpt><trkpt lat="45.84682000000002" lon="7.03295"><ele>2022.32</ele></trkpt><trkpt lat="45.846788456031256" lon="7.0330586288592905"><ele>2024.1199119403996</ele></trkpt><trkpt lat="45.84676000000001" lon="7.03317"><ele>2025.74</ele></trkpt><trkpt lat="45.84672937592122" lon="7.033252321073549"><ele>2027.1538682038072</ele></trkpt><trkpt lat="45.846695881242525" lon="7.033332339546068"><ele>2028.5997033012409</ele></trkpt><trkpt lat="45.84665999999997" lon="7.03341"><ele>2030.14</ele></trkpt><trkpt lat="45.846620000000016" lon="7.033459999999999"><ele>2031.84</ele></trkpt><trkpt lat="45.846611681136224" lon="7.033554113958942"><ele>2033.4845535675097</ele></trkpt><trkpt lat="45.84660785939424" lon="7.033649100519011"><ele>2035.062594031667</ele></trkpt><trkpt lat="45.84660760795536" lon="7.033744536819575"><ele>2036.5068374799907</ele></trkpt><trkpt lat="45.846610000000005" lon="7.033839999999999"><ele>2037.75</ele></trkpt><trkpt lat="45.8466274049216" lon="7.033930023518333"><ele>2038.1563522677097</ele></trkpt><trkpt lat="45.84664000000002" lon="7.034020000000001"><ele>2038.42</ele></trkpt><trkpt lat="45.84659" lon="7.03413"><ele>2040.26</ele></trkpt><trkpt lat="45.84658000000001" lon="7.03421"><ele>2041.39</ele></trkpt><trkpt lat="45.846540000000005" lon="7.03428"><ele>2042.95</ele></trkpt><trkpt lat="45.846529999999994" lon="7.034419999999999"><ele>2043.98</ele></trkpt><trkpt lat="45.84648" lon="7.03452"><ele>2046.3</ele></trkpt><trkpt lat="45.84649000000001" lon="7.034589999999999"><ele>2046.37</ele></trkpt><trkpt lat="45.846439999999994" lon="7.034730000000001"><ele>2047.44</ele></trkpt><trkpt lat="45.84642999999998" lon="7.03483"><ele>2048.38</ele></trkpt><trkpt lat="45.84640951936369" lon="7.034920986691957"><ele>2048.9371593359915</ele></trkpt><trkpt lat="45.84638772039501" lon="7.0350113881574465"><ele>2049.4435119254704</ele></trkpt><trkpt lat="45.846364561228896" lon="7.035101095544214"><ele>2049.930608552214</ele></trkpt><trkpt lat="45.846340000000005" lon="7.03519"><ele>2050.43</ele></trkpt><trkpt lat="45.84631000000001" lon="7.03525"><ele>2050.83</ele></trkpt><trkpt lat="45.84629613843607" lon="7.0353390100059885"><ele>2050.607253846509</ele></trkpt><trkpt lat="45.84628630284124" lon="7.035429210516153"><ele>2050.2736129897226</ele></trkpt><trkpt lat="45.84627999999999" lon="7.03552"><ele>2049.93</ele></trkpt><trkpt lat="45.84627596306985" lon="7.0356233773577666"><ele>2049.6602926134956</ele></trkpt><trkpt lat="45.8462754797021" lon="7.03572694141889"><ele>2049.3820071688115</ele></trkpt><trkpt lat="45.84627999999999" lon="7.035829999999999"><ele>2048.82</ele></trkpt><trkpt lat="45.84631000000001" lon="7.03593"><ele>2046.75</ele></trkpt><trkpt lat="45.84629550606122" lon="7.036028258398263"><ele>2045.9453242864784</ele></trkpt><trkpt lat="45.84627366392017" lon="7.036124712243864"><ele>2045.3291544144154</ele></trkpt><trkpt lat="45.846252489816244" lon="7.036221309967533"><ele>2044.7934073351448</ele></trkpt><trkpt lat="45.84623999999999" lon="7.036320000000001"><ele>2044.23</ele></trkpt><trkpt lat="45.84627999999999" lon="7.036480000000001"><ele>2043.39</ele></trkpt><trkpt lat="45.84636076047287" lon="7.036529904536311"><ele>2042.136315692772</ele></trkpt><trkpt lat="45.846450000000004" lon="7.03655"><ele>2040.62</ele></trkpt><trkpt lat="45.84651496103539" lon="7.036544528703204"><ele>2038.8782237913201</ele></trkpt><trkpt lat="45.84658000000001" lon="7.0365400000000005"><ele>2037.43</ele></trkpt><trkpt lat="45.84665394939305" lon="7.036565337808141"><ele>2036.94360053919</ele></trkpt><trkpt lat="45.846726689317116" lon="7.036599224571957"><ele>2036.8679426533454</ele></trkpt><trkpt lat="45.846800000000016" lon="7.036629999999999"><ele>2036.85</ele></trkpt><trkpt lat="45.846866937234886" lon="7.036638008547227"><ele>2036.7870228120585</ele></trkpt><trkpt lat="45.846934337530115" lon="7.036642868978976"><ele>2036.78191585681</ele></trkpt><trkpt lat="45.846990000000005" lon="7.03668"><ele>2036.84</ele></trkpt><trkpt lat="45.847028705347974" lon="7.036773789609054"><ele>2036.9558272746565</ele></trkpt><trkpt lat="45.847046091065764" lon="7.036886214034761"><ele>2037.1156818592</ele></trkpt><trkpt lat="45.84705999999998" lon="7.037"><ele>2037.37</ele></trkpt><trkpt lat="45.84705999999998" lon="7.0371"><ele>2038.07</ele></trkpt><trkpt lat="45.84710999999997" lon="7.03719"><ele>2033.19</ele></trkpt><trkpt lat="45.847179999999994" lon="7.037229999999999"><ele>2028.7</ele></trkpt><trkpt lat="45.84725007582177" lon="7.037214174156936"><ele>2027.468679866468</ele></trkpt><trkpt lat="45.84731967670579" lon="7.037188382233833"><ele>2026.9071328053215</ele></trkpt><trkpt lat="45.84738999999998" lon="7.037169999999999"><ele>2027.1</ele></trkpt><trkpt lat="45.84742" lon="7.037200000000001"><ele>2030.72</ele></trkpt><trkpt lat="45.847480000000004" lon="7.037200000000001"><ele>2031.91</ele></trkpt><trkpt lat="45.847529807687074" lon="7.03727528593678"><ele>2032.5117574166156</ele></trkpt><trkpt lat="45.84757358474793" lon="7.037359335148134"><ele>2032.931591224369</ele></trkpt><trkpt lat="45.84762" lon="7.037440000000001"><ele>2032.98</ele></trkpt><trkpt lat="45.84767807911839" lon="7.0375015614193845"><ele>2031.940055503615</ele></trkpt><trkpt lat="45.847730000000006" lon="7.037569999999999"><ele>2030.92</ele></trkpt><trkpt lat="45.847753901865104" lon="7.037677364261771"><ele>2031.4727258154826</ele></trkpt><trkpt lat="45.84777000000001" lon="7.03779"><ele>2032.35</ele></trkpt><trkpt lat="45.8478" lon="7.037860000000001"><ele>2032.2</ele></trkpt><trkpt lat="45.84788095465253" lon="7.037871263029457"><ele>2031.253722839704</ele></trkpt><trkpt lat="45.84796" lon="7.03785"><ele>2029.9</ele></trkpt><trkpt lat="45.84803999999998" lon="7.037729999999999"><ele>2026.32</ele></trkpt><trkpt lat="45.84816" lon="7.037719999999999"><ele>2027.71</ele></trkpt><trkpt lat="45.848224792338684" lon="7.037673765125155"><ele>2026.6675942703512</ele></trkpt><trkpt lat="45.848286405524505" lon="7.037619168100043"><ele>2025.192903964443</ele></trkpt><trkpt lat="45.84834731595083" lon="7.037562487024908"><ele>2023.6667616763134</ele></trkpt><trkpt lat="45.848409999999994" lon="7.03751"><ele>2022.47</ele></trkpt><trkpt lat="45.84852000000002" lon="7.03745"><ele>2022.65</ele></trkpt><trkpt lat="45.84852000000002" lon="7.03743"><ele>2022.65</ele></trkpt><trkpt lat="45.84860000000001" lon="7.037379999999999"><ele>2022.26</ele></trkpt><trkpt lat="45.848650275754245" lon="7.037321666062736"><ele>2021.4902212731215</ele></trkpt><trkpt lat="45.84869938345721" lon="7.037261272370713"><ele>2020.6914272022427</ele></trkpt><trkpt lat="45.84874735328317" lon="7.03719904564732"><ele>2019.8355224948032</ele></trkpt><trkpt lat="45.84879421540613" lon="7.0371352126159525"><ele>2018.8944118582422</ele></trkpt><trkpt lat="45.84883999999999" lon="7.037070000000001"><ele>2017.84</ele></trkpt><trkpt lat="45.84888486710911" lon="7.03698489964015"><ele>2015.891846240787</ele></trkpt><trkpt lat="45.84892999999999" lon="7.036899999999999"><ele>2014.09</ele></trkpt><trkpt lat="45.848974376127266" lon="7.036836558891365"><ele>2013.298441210863</ele></trkpt><trkpt lat="45.849019217525345" lon="7.0367735137177085"><ele>2012.6052788638376</ele></trkpt><trkpt lat="45.84906486240383" lon="7.0367115998603875"><ele>2012.0101832640812</ele></trkpt><trkpt lat="45.84911164897113" lon="7.036651552700758"><ele>2011.5128247167509</ele></trkpt><trkpt lat="45.849159915434555" lon="7.036594107620176"><ele>2011.1128735270047</ele></trkpt><trkpt lat="45.84921000000001" lon="7.0365400000000005"><ele>2010.81</ele></trkpt><trkpt lat="45.84926946747392" lon="7.036488865028441"><ele>2010.7711345394496</ele></trkpt><trkpt lat="45.84933356699357" lon="7.036449453387166"><ele>2011.1283092029234</ele></trkpt><trkpt lat="45.84940000000002" lon="7.03642"><ele>2011.75</ele></trkpt><trkpt lat="45.84944999999998" lon="7.03645"><ele>2013.36</ele></trkpt><trkpt lat="45.849509999999995" lon="7.03642"><ele>2013.08</ele></trkpt><trkpt lat="45.849576740155506" lon="7.036486330319803"><ele>2012.8048833947971</ele></trkpt><trkpt lat="45.84962000000002" lon="7.03658"><ele>2012.26</ele></trkpt><trkpt lat="45.84960838410742" lon="7.036669723629734"><ele>2011.2085934789422</ele></trkpt><trkpt lat="45.84958000000002" lon="7.036759999999999"><ele>2009.96</ele></trkpt><trkpt lat="45.84957" lon="7.0368900000000005"><ele>2008.12</ele></trkpt><trkpt lat="45.849590000000006" lon="7.03697"><ele>2005.19</ele></trkpt><trkpt lat="45.84965999999998" lon="7.03702"><ele>2005.38</ele></trkpt><trkpt lat="45.84973724358125" lon="7.037062072719936"><ele>2006.6928852871933</ele></trkpt><trkpt lat="45.849814793680224" lon="7.037102551618033"><ele>2008.2131128264054</ele></trkpt><trkpt lat="45.84989000000002" lon="7.03715"><ele>2009.91</ele></trkpt><trkpt lat="45.84994396124472" lon="7.037213115172437"><ele>2011.921433023299</ele></trkpt><trkpt lat="45.849999999999994" lon="7.03727"><ele>2013.63</ele></trkpt><trkpt lat="45.850089999999994" lon="7.03725"><ele>2012.62</ele></trkpt><trkpt lat="45.85015228340191" lon="7.037279974558155"><ele>2013.2411606722637</ele></trkpt><trkpt lat="45.85021339694455" lon="7.037314633853416"><ele>2014.0297101122856</ele></trkpt><trkpt lat="45.85027336878629" lon="7.0373533058696"><ele>2014.9306792161756</ele></trkpt><trkpt lat="45.85033222708543" lon="7.037395318590526"><ele>2015.889098880044</ele></trkpt><trkpt lat="45.85039000000001" lon="7.037440000000001"><ele>2016.85</ele></trkpt><trkpt lat="45.85044100910154" lon="7.037494519628777"><ele>2018.0343450008634</ele></trkpt><trkpt lat="45.85048820313215" lon="7.037557098267836"><ele>2019.3150420717257</ele></trkpt><trkpt lat="45.850539999999995" lon="7.03761"><ele>2020.04</ele></trkpt><trkpt lat="45.85065999999998" lon="7.037640000000001"><ele>2017.94</ele></trkpt><trkpt lat="45.85072502365807" lon="7.037680079855589"><ele>2018.5561970498775</ele></trkpt><trkpt lat="45.85079000000002" lon="7.037719999999999"><ele>2019.61</ele></trkpt><trkpt lat="45.850854581301775" lon="7.037744659108596"><ele>2020.3013869060378</ele></trkpt><trkpt lat="45.850919920833014" lon="7.037765376505941"><ele>2020.9619897031316</ele></trkpt><trkpt lat="45.85098529994689" lon="7.037785905650315"><ele>2021.6215976486592</ele></trkpt><trkpt lat="45.85104999999998" lon="7.0378099999999995"><ele>2022.31</ele></trkpt><trkpt lat="45.85111528093214" lon="7.037841309633984"><ele>2023.0836819597548</ele></trkpt><trkpt lat="45.85117971217444" lon="7.0378763869685175"><ele>2023.8957921330968</ele></trkpt><trkpt lat="45.85124428733068" lon="7.037910770818792"><ele>2024.6850062398903</ele></trkpt><trkpt lat="45.85131000000001" lon="7.03794"><ele>2025.39</ele></trkpt><trkpt lat="45.8513729459705" lon="7.037956010600966"><ele>2025.8029289093693</ele></trkpt><trkpt lat="45.8514368805198" lon="7.037965332927365"><ele>2026.0981819986314</ele></trkpt><trkpt lat="45.85149999999997" lon="7.037980000000001"><ele>2026.65</ele></trkpt><trkpt lat="45.85156442027442" lon="7.038002931488765"><ele>2027.5266662546865</ele></trkpt><trkpt lat="45.851628595019925" lon="7.038027130540075"><ele>2028.471735834515</ele></trkpt><trkpt lat="45.85169258406263" lon="7.038052284258512"><ele>2029.467687764414</ele></trkpt><trkpt lat="45.851756447228446" lon="7.0380780797486455"><ele>2030.4970010693125</ele></trkpt><trkpt lat="45.851820244342925" lon="7.038104204115057"><ele>2031.5421547741403</ele></trkpt><trkpt lat="45.8518840352314" lon="7.038130344462319"><ele>2032.5856279038267</ele></trkpt><trkpt lat="45.85194787971894" lon="7.038156187895008"><ele>2033.6098994832996</ele></trkpt><trkpt lat="45.85201183763031" lon="7.0381814215177"><ele>2034.5974485374902</ele></trkpt><trkpt lat="45.85207596879002" lon="7.038205732434968"><ele>2035.530754091326</ele></trkpt><trkpt lat="45.852140333022305" lon="7.0382288077513895"><ele>2036.3922951697366</ele></trkpt><trkpt lat="45.85220499015106" lon="7.038250334571543"><ele>2037.1645507976518</ele></trkpt><trkpt lat="45.85226999999999" lon="7.03827"><ele>2037.83</ele></trkpt><trkpt lat="45.85233963545499" lon="7.038260670975322"><ele>2036.643192959798</ele></trkpt><trkpt lat="45.85241000000001" lon="7.03824"><ele>2035.11</ele></trkpt><trkpt lat="45.85253" lon="7.038260000000001"><ele>2037.67</ele></trkpt><trkpt lat="45.85260508829229" lon="7.038299069596257"><ele>2040.502819651958</ele></trkpt><trkpt lat="45.852679999999985" lon="7.038339999999998"><ele>2043.17</ele></trkpt><trkpt lat="45.852749208080795" lon="7.038369244121076"><ele>2044.900670422117</ele></trkpt><trkpt lat="45.852818659488136" lon="7.038398087228916"><ele>2046.522561612672</ele></trkpt><trkpt lat="45.85288850685545" lon="7.038425308276218"><ele>2048.015117592169</ele></trkpt><trkpt lat="45.852958902815445" lon="7.038449686215679"><ele>2049.3577823811106</ele></trkpt><trkpt lat="45.85303" lon="7.038469999999999"><ele>2050.53</ele></trkpt><trkpt lat="45.853239999999985" lon="7.038480000000002"><ele>2051.63</ele></trkpt><trkpt lat="45.853317578464484" lon="7.038508363800747"><ele>2053.174701808728</ele></trkpt><trkpt lat="45.85339338662798" lon="7.038545729472467"><ele>2055.1137121131537</ele></trkpt><trkpt lat="45.85347000000003" lon="7.038579999999999"><ele>2056.79</ele></trkpt><trkpt lat="45.85354448959865" lon="7.038603384999506"><ele>2057.562399963086</ele></trkpt><trkpt lat="45.853620000000014" lon="7.038619999999999"><ele>2058.1</ele></trkpt><trkpt lat="45.85370001698291" lon="7.0386307337117815"><ele>2058.8793273987135</ele></trkpt><trkpt lat="45.85378022202491" lon="7.03863859520268"><ele>2059.7147913827034</ele></trkpt><trkpt lat="45.85385999999999" lon="7.03865"><ele>2060.83</ele></trkpt><trkpt lat="45.85392621004678" lon="7.038664686816362"><ele>2062.1077204262724</ele></trkpt><trkpt lat="45.853992009935524" lon="7.038681856562234"><ele>2063.598623829256</ele></trkpt><trkpt lat="45.85405770480164" lon="7.0386996828999235"><ele>2065.132667019104</ele></trkpt><trkpt lat="45.854123599778966" lon="7.038716339491742"><ele>2066.539806805967</ele></trkpt><trkpt lat="45.854190000000024" lon="7.038729999999999"><ele>2067.65</ele></trkpt><trkpt lat="45.85425313208708" lon="7.038735158604964"><ele>2068.0504233535376</ele></trkpt><trkpt lat="45.85431668618395" lon="7.038735304770987"><ele>2067.9352426935698</ele></trkpt><trkpt lat="45.85437999999999" lon="7.03874"><ele>2067.88</ele></trkpt><trkpt lat="45.85450000000001" lon="7.03878"><ele>2068.47</ele></trkpt><trkpt lat="45.85457075272208" lon="7.038785666781138"><ele>2066.9187926910163</ele></trkpt><trkpt lat="45.854640000000025" lon="7.038800000000001"><ele>2065.42</ele></trkpt><trkpt lat="45.85471481806677" lon="7.038848912721029"><ele>2065.5869450069194</ele></trkpt><trkpt lat="45.85478000000002" lon="7.03892"><ele>2066.14</ele></trkpt><trkpt lat="45.85482780908367" lon="7.038991443692913"><ele>2066.326756254097</ele></trkpt><trkpt lat="45.85487396322758" lon="7.039065169809171"><ele>2066.6231019476104</ele></trkpt><trkpt lat="45.854918930244516" lon="7.039140521676434"><ele>2066.9684891507086</ele></trkpt><trkpt lat="45.854963177945706" lon="7.039216842622362"><ele>2067.3023699335595</ele></trkpt><trkpt lat="45.85500717414074" lon="7.0392934759746115"><ele>2067.564196366332</ele></trkpt><trkpt lat="45.85505138663782" lon="7.039369765060841"><ele>2067.6934205191938</ele></trkpt><trkpt lat="45.855096283243554" lon="7.039445053208711"><ele>2067.6294944623137</ele></trkpt><trkpt lat="45.855142331763126" lon="7.039518683745877"><ele>2067.3118702658594</ele></trkpt><trkpt lat="45.85519000000001" lon="7.03959"><ele>2066.68</ele></trkpt><trkpt lat="45.855237701176506" lon="7.039657563203169"><ele>2065.7923290506064</ele></trkpt><trkpt lat="45.85528595962551" lon="7.039724043461572"><ele>2064.7241730346564</ele></trkpt><trkpt lat="45.85533469288986" lon="7.0397896021320285"><ele>2063.502131803665</ele></trkpt><trkpt lat="45.85538381851266" lon="7.039854400571363"><ele>2062.1528052091485</ele></trkpt><trkpt lat="45.855433254037244" lon="7.039918600136391"><ele>2060.702793102623</ele></trkpt><trkpt lat="45.855482917007265" lon="7.039982362183932"><ele>2059.1786953356045</ele></trkpt><trkpt lat="45.85553272496674" lon="7.04004584807081"><ele>2057.6071117596084</ele></trkpt><trkpt lat="45.85558259545989" lon="7.040109219153841"><ele>2056.014642226151</ele></trkpt><trkpt lat="45.855632446031244" lon="7.040172636789846"><ele>2054.427886586748</ele></trkpt><trkpt lat="45.85568219422566" lon="7.040236262335644"><ele>2052.8734446929157</ele></trkpt><trkpt lat="45.855731757588266" lon="7.040300257148057"><ele>2051.3779163961694</ele></trkpt><trkpt lat="45.855781053664465" lon="7.040364782583903"><ele>2049.9679015480256</ele></trkpt><trkpt lat="45.85583" lon="7.040430000000001"><ele>2048.67</ele></trkpt><trkpt lat="45.85587843030705" lon="7.040497289634337"><ele>2047.8597108964495</ele></trkpt><trkpt lat="45.85592531994318" lon="7.040567291416271"><ele>2047.4931259147684</ele></trkpt><trkpt lat="45.85597000000001" lon="7.04064"><ele>2046.95</ele></trkpt><trkpt lat="45.85601940674751" lon="7.040740960760795"><ele>2045.6635254823545</ele></trkpt><trkpt lat="45.85607" lon="7.04084"><ele>2044.03</ele></trkpt><trkpt lat="45.85612843942246" lon="7.0409222585787745"><ele>2042.1885460295161</ele></trkpt><trkpt lat="45.85618998575416" lon="7.040999875680844"><ele>2040.221632302863</ele></trkpt><trkpt lat="45.85624999999998" lon="7.04108"><ele>2038.39</ele></trkpt><trkpt lat="45.85629875291924" lon="7.041144462933229"><ele>2036.9106089264253</ele></trkpt><trkpt lat="45.8563458863629" lon="7.04121130618658"><ele>2035.5690400359176</ele></trkpt><trkpt lat="45.85638000000001" lon="7.041289999999999"><ele>2035.02</ele></trkpt><trkpt lat="45.85640196682592" lon="7.04137597429281"><ele>2035.1410723577837</ele></trkpt><trkpt lat="45.85642180275436" lon="7.041462936064607"><ele>2035.3656688536507</ele></trkpt><trkpt lat="45.8564399051458" lon="7.041550703324086"><ele>2035.676967526812</ele></trkpt><trkpt lat="45.85645667135991" lon="7.041639094079942"><ele>2036.0581464164782</ele></trkpt><trkpt lat="45.85647249875588" lon="7.041727926340872"><ele>2036.4923835618604</ele></trkpt><trkpt lat="45.85648778469228" lon="7.041817018115572"><ele>2036.9628570021696</ele></trkpt><trkpt lat="45.85650292652721" lon="7.0419061874127395"><ele>2037.4527447766166</ele></trkpt><trkpt lat="45.856518321618445" lon="7.041995252241067"><ele>2037.945224924412</ele></trkpt><trkpt lat="45.856534367323206" lon="7.042084030609257"><ele>2038.4234754847676</ele></trkpt><trkpt lat="45.85655146099832" lon="7.042172340526003"><ele>2038.870674496893</ele></trkpt><trkpt lat="45.85657" lon="7.042259999999999"><ele>2039.27</ele></trkpt><trkpt lat="45.85659293994659" lon="7.042357605687593"><ele>2039.6990717902704</ele></trkpt><trkpt lat="45.856618562788775" lon="7.0424539516181115"><ele>2040.1214750215838</ele></trkpt><trkpt lat="45.856647404236966" lon="7.042548321739572"><ele>2040.4856407421053</ele></trkpt><trkpt lat="45.856679999999976" lon="7.0426400000000005"><ele>2040.74</ele></trkpt><trkpt lat="45.85671337184898" lon="7.0427253648721075"><ele>2040.9015247989018</ele></trkpt><trkpt lat="45.85674748883676" lon="7.042810113618802"><ele>2041.0416051642078</ele></trkpt><trkpt lat="45.85678224142964" lon="7.0428943363813215"><ele>2041.1636512235527</ele></trkpt><trkpt lat="45.856817520094154" lon="7.042978123300905"><ele>2041.2710731045731</ele></trkpt><trkpt lat="45.856853215297164" lon="7.043061564518793"><ele>2041.367280934904</ele></trkpt><trkpt lat="45.85688921750573" lon="7.043144750176229"><ele>2041.4556848421805</ele></trkpt><trkpt lat="45.85692541718723" lon="7.043227770414451"><ele>2041.539694954039</ele></trkpt><trkpt lat="45.85696170480933" lon="7.043310715374698"><ele>2041.6227213981147</ele></trkpt><trkpt lat="45.85699797083997" lon="7.043393675198214"><ele>2041.7081743020428</ele></trkpt><trkpt lat="45.85703410574736" lon="7.043476740026233"><ele>2041.7994637934596</ele></trkpt><trkpt lat="45.857069999999986" lon="7.043560000000001"><ele>2041.9</ele></trkpt><trkpt lat="45.857069999999986" lon="7.04355"><ele>2041.9</ele></trkpt><trkpt lat="45.857107163988466" lon="7.043628557749666"><ele>2042.4148818923773</ele></trkpt><trkpt lat="45.857143690735334" lon="7.043707756316808"><ele>2042.9387201040006</ele></trkpt><trkpt lat="45.85717995836025" lon="7.04378721394672"><ele>2043.4634501791334</ele></trkpt><trkpt lat="45.85721634498195" lon="7.0438665488847"><ele>2043.981007662037</ele></trkpt><trkpt lat="45.85725322871819" lon="7.0439453793760425"><ele>2044.4833280969744</ele></trkpt><trkpt lat="45.85729098768565" lon="7.044023323666044"><ele>2044.9623470282081</ele></trkpt><trkpt lat="45.85733" lon="7.0441"><ele>2045.41</ele></trkpt><trkpt lat="45.85737174210347" lon="7.044176486373628"><ele>2045.7819599676936</ele></trkpt><trkpt lat="45.85741567488152" lon="7.044250549793535"><ele>2046.066527120211</ele></trkpt><trkpt lat="45.857461770218855" lon="7.044321838316676"><ele>2046.332830712623</ele></trkpt><trkpt lat="45.85751" lon="7.044390000000001"><ele>2046.65</ele></trkpt><trkpt lat="45.85755817905442" lon="7.044451015020167"><ele>2046.9871399835895</ele></trkpt><trkpt lat="45.857608309992436" lon="7.044508803810443"><ele>2047.3222930754505</ele></trkpt><trkpt lat="45.857659351401345" lon="7.044565085090634"><ele>2047.6838761755168</ele></trkpt><trkpt lat="45.85771026187227" lon="7.044621577580551"><ele>2048.1003061837223</ele></trkpt><trkpt lat="45.85775999999999" lon="7.04468"><ele>2048.6</ele></trkpt><trkpt lat="45.85780864288301" lon="7.044752598765394"><ele>2049.602154185606</ele></trkpt><trkpt lat="45.85786000000003" lon="7.04482"><ele>2050.6</ele></trkpt><trkpt lat="45.857932388909795" lon="7.044875647453731"><ele>2051.083240784017</ele></trkpt><trkpt lat="45.85800782083224" lon="7.044923870005635"><ele>2051.3770586435417</ele></trkpt><trkpt lat="45.85807999999999" lon="7.044980000000001"><ele>2051.83</ele></trkpt><trkpt lat="45.85813172730412" lon="7.045036689685222"><ele>2052.486647011693</ele></trkpt><trkpt lat="45.858180251243645" lon="7.045099405908944"><ele>2053.2951478439554</ele></trkpt><trkpt lat="45.85822864956408" lon="7.045162419178195"><ele>2054.0585747542395</ele></trkpt><trkpt lat="45.858280000000015" lon="7.0452200000000005"><ele>2054.58</ele></trkpt><trkpt lat="45.858335707370045" lon="7.045273136353943"><ele>2054.8579246071786</ele></trkpt><trkpt lat="45.85839229405801" lon="7.045324357861698"><ele>2055.029631603627</ele></trkpt><trkpt lat="45.85844951956961" lon="7.045374186160189"><ele>2055.131266634347</ele></trkpt><trkpt lat="45.858507143411515" lon="7.045423142886344"><ele>2055.198975344342</ele></trkpt><trkpt lat="45.858564925091265" lon="7.045471749677079"><ele>2055.268903378614</ele></trkpt><trkpt lat="45.858622624117565" lon="7.045520528169324"><ele>2055.377196382166</ele></trkpt><trkpt lat="45.85867999999999" lon="7.04557"><ele>2055.56</ele></trkpt><trkpt lat="45.85873889291482" lon="7.045617119513715"><ele>2055.787500018979</ele></trkpt><trkpt lat="45.85880010073894" lon="7.045660382196101"><ele>2056.0175099621456</ele></trkpt><trkpt lat="45.8588618845078" lon="7.0457026782432095"><ele>2056.267881014049</ele></trkpt><trkpt lat="45.8589225052644" lon="7.045746897851098"><ele>2056.556464359238</ele></trkpt><trkpt lat="45.8589802240594" lon="7.045795931215822"><ele>2056.90111118226</ele></trkpt><trkpt lat="45.85903330195017" lon="7.0458526685334375"><ele>2057.3196726676647</ele></trkpt><trkpt lat="45.85908" lon="7.045920000000001"><ele>2057.83</ele></trkpt><trkpt lat="45.8591002452558" lon="7.046002941175801"><ele>2058.5706006225487</ele></trkpt><trkpt lat="45.859094095747444" lon="7.046100766799164"><ele>2059.529884276344</ele></trkpt><trkpt lat="45.85908589836494" lon="7.046200709022946"><ele>2060.4467257919678</ele></trkpt><trkpt lat="45.8591" lon="7.046289999999999"><ele>2061.06</ele></trkpt><trkpt lat="45.85917188508272" lon="7.046332937305479"><ele>2060.568297060331</ele></trkpt><trkpt lat="45.85926" lon="7.04635"><ele>2059.85</ele></trkpt><trkpt lat="45.85931902421071" lon="7.0463958774917455"><ele>2060.0760819067405</ele></trkpt><trkpt lat="45.859375564139405" lon="7.0464483397198725"><ele>2060.5442182889165</ele></trkpt><trkpt lat="45.85943182200065" lon="7.046501632088064"><ele>2061.000245526634</ele></trkpt><trkpt lat="45.859489999999994" lon="7.04655"><ele>2061.19</ele></trkpt><trkpt lat="45.859547249444375" lon="7.046591315174314"><ele>2061.162313338774</ele></trkpt><trkpt lat="45.85960486630074" lon="7.046631596695151"><ele>2061.130240616372</ele></trkpt><trkpt lat="45.859662770495135" lon="7.046671066687356"><ele>2061.089942809603</ele></trkpt><trkpt lat="45.859720881953905" lon="7.046709947275771"><ele>2061.0375808952795</ele></trkpt><trkpt lat="45.859779120603825" lon="7.046748460585239"><ele>2060.9693158502105</ele></trkpt><trkpt lat="45.8598374063719" lon="7.046786828740604"><ele>2060.8813086512046</ele></trkpt><trkpt lat="45.85989565918555" lon="7.046825273866706"><ele>2060.7697202750733</ele></trkpt><trkpt lat="45.8599537989725" lon="7.046864018088389"><ele>2060.630711698626</ele></trkpt><trkpt lat="45.86001174566078" lon="7.046903283530495"><ele>2060.4604438986726</ele></trkpt><trkpt lat="45.86006941917878" lon="7.046943292317866"><ele>2060.2550778520235</ele></trkpt><trkpt lat="45.86012673945523" lon="7.046984266575345"><ele>2060.010774535488</ele></trkpt><trkpt lat="45.86018362641921" lon="7.047026428427776"><ele>2059.723694925877</ele></trkpt><trkpt lat="45.860240000000005" lon="7.04707"><ele>2059.39</ele></trkpt><trkpt lat="45.860296099972054" lon="7.047115191382792"><ele>2058.9615809518264</ele></trkpt><trkpt lat="45.860351689974046" lon="7.047161600137076"><ele>2058.4141228667227</ele></trkpt><trkpt lat="45.86040678624719" lon="7.047209170466644"><ele>2057.774300304219</ele></trkpt><trkpt lat="45.86046140503269" lon="7.047257846575287"><ele>2057.068787823845</ele></trkpt><trkpt lat="45.8605155625716" lon="7.047307572666797"><ele>2056.324259985131</ele></trkpt><trkpt lat="45.860569275104936" lon="7.04735829294496"><ele>2055.567391347606</ele></trkpt><trkpt lat="45.860622558873594" lon="7.047409951613572"><ele>2054.824856470801</ele></trkpt><trkpt lat="45.86067543011849" lon="7.047462492876422"><ele>2054.1233299142446</ele></trkpt><trkpt lat="45.86072790508039" lon="7.0475158609373"><ele>2053.4894862374676</ele></trkpt><trkpt lat="45.860780000000005" lon="7.0475699999999994"><ele>2052.95</ele></trkpt><trkpt lat="45.86083422554088" lon="7.047634016706591"><ele>2052.5786266725154</ele></trkpt><trkpt lat="45.86088501341284" lon="7.047704183564835"><ele>2052.4293202964554</ele></trkpt><trkpt lat="45.86093468851867" lon="7.047776342069785"><ele>2052.364700584137</ele></trkpt><trkpt lat="45.86098557575253" lon="7.047846333716488"><ele>2052.2473872478795</ele></trkpt><trkpt lat="45.86104000000001" lon="7.047910000000001"><ele>2051.94</ele></trkpt><trkpt lat="45.86110555595311" lon="7.047967026803144"><ele>2051.2308139994</ele></trkpt><trkpt lat="45.86117501773257" lon="7.0480149224716735"><ele>2050.2756609876233</ele></trkpt><trkpt lat="45.86124447064093" lon="7.048062856904365"><ele>2049.3626774820345</ele></trkpt><trkpt lat="45.86131000000001" lon="7.04812"><ele>2048.78</ele></trkpt><trkpt lat="45.86136778967451" lon="7.048190089723369"><ele>2048.713874999201</ele></trkpt><trkpt lat="45.861421042181476" lon="7.0482680029460445"><ele>2048.9731755799025</ele></trkpt><trkpt lat="45.8614737736016" lon="7.048346914695697"><ele>2049.293388370653</ele></trkpt><trkpt lat="45.861530000000016" lon="7.04842"><ele>2049.41</ele></trkpt><trkpt lat="45.86158300065679" lon="7.048478905482341"><ele>2049.3073740967043</ele></trkpt><trkpt lat="45.861636990216496" lon="7.048535981628994"><ele>2049.141847149389</ele></trkpt><trkpt lat="45.86169168111723" lon="7.048591755650654"><ele>2048.9324758748357</ele></trkpt><trkpt lat="45.8617467857981" lon="7.048646754758002"><ele>2048.698316989827</ele></trkpt><trkpt lat="45.86180201669936" lon="7.048701506161724"><ele>2048.458427211145</ele></trkpt><trkpt lat="45.86185708626243" lon="7.048756537072511"><ele>2048.231863255571</ele></trkpt><trkpt lat="45.8619117069298" lon="7.048812374701044"><ele>2048.0376818398877</ele></trkpt><trkpt lat="45.8619655911452" lon="7.048869546258011"><ele>2047.8949396808769</ele></trkpt><trkpt lat="45.862018451353315" lon="7.0489285789541025"><ele>2047.8226934953202</ele></trkpt><trkpt lat="45.86207000000002" lon="7.04899"><ele>2047.84</ele></trkpt><trkpt lat="45.86212193791783" lon="7.049061147442086"><ele>2048.144186989395</ele></trkpt><trkpt lat="45.862169143153636" lon="7.049139200481641"><ele>2048.7895994814535</ele></trkpt><trkpt lat="45.86221177681304" lon="7.049222653280377"><ele>2049.5952122327853</ele></trkpt><trkpt lat="45.86224999999999" lon="7.049310000000001"><ele>2050.38</ele></trkpt><trkpt lat="45.86228369417936" lon="7.049398631742023"><ele>2051.111052840107</ele></trkpt><trkpt lat="45.8623144947885" lon="7.049489405025675"><ele>2051.884188645122</ele></trkpt><trkpt lat="45.862343399135874" lon="7.049581594291862"><ele>2052.675947068079</ele></trkpt><trkpt lat="45.86237140452771" lon="7.049674473981482"><ele>2053.462867762012</ele></trkpt><trkpt lat="45.862399508268" lon="7.0497673185354435"><ele>2054.221490379954</ele></trkpt><trkpt lat="45.862428707658815" lon="7.049859402394649"><ele>2054.928354574939</ele></trkpt><trkpt lat="45.862460000000006" lon="7.04995"><ele>2055.56</ele></trkpt><trkpt lat="45.86249363634765" lon="7.050031094509183"><ele>2056.0005316235497</ele></trkpt><trkpt lat="45.86253087858673" lon="7.050109302628541"><ele>2056.2794292532008</ele></trkpt><trkpt lat="45.86256768152984" lon="7.0501878594336285"><ele>2056.473612256251</ele></trkpt><trkpt lat="45.8626" lon="7.050270000000001"><ele>2056.66</ele></trkpt><trkpt lat="45.862628249127894" lon="7.05035605236712"><ele>2056.87433907474</ele></trkpt><trkpt lat="45.86265532578708" lon="7.05044291810433"><ele>2057.0961437105534</ele></trkpt><trkpt lat="45.86268148946794" lon="7.050530414961146"><ele>2057.3222015936794</ele></trkpt><trkpt lat="45.86270699966041" lon="7.050618360687077"><ele>2057.549300410359</ele></trkpt><trkpt lat="45.862732115853774" lon="7.050706573031634"><ele>2057.774227846832</ele></trkpt><trkpt lat="45.86275709753701" lon="7.050794869744328"><ele>2057.993771589339</ele></trkpt><trkpt lat="45.86278220419849" lon="7.050883068574672"><ele>2058.2047193241197</ele></trkpt><trkpt lat="45.86280769532615" lon="7.050970987272176"><ele>2058.403858737414</ele></trkpt><trkpt lat="45.86283383040746" lon="7.051058443586353"><ele>2058.587977515462</ele></trkpt><trkpt lat="45.86286086892938" lon="7.051145255266712"><ele>2058.753863344505</ele></trkpt><trkpt lat="45.862889070378344" lon="7.051231240062765"><ele>2058.898303910782</ele></trkpt><trkpt lat="45.862918694240165" lon="7.0513162157240235"><ele>2059.018086900534</ele></trkpt><trkpt lat="45.862950000000005" lon="7.051400000000001"><ele>2059.11</ele></trkpt><trkpt lat="45.86298680898609" lon="7.051475388800492"><ele>2059.0860073979943</ele></trkpt><trkpt lat="45.86303148368122" lon="7.051542428377595"><ele>2058.9043679678107</ele></trkpt><trkpt lat="45.86307975387658" lon="7.051605773554455"><ele>2058.62572483863</ele></trkpt><trkpt lat="45.8631273493766" lon="7.051670079154208"><ele>2058.3107211396327</ele></trkpt><trkpt lat="45.86317000000001" lon="7.051739999999999"><ele>2058.02</ele></trkpt><trkpt lat="45.86320753110402" lon="7.051825142128138"><ele>2057.734184435787</ele></trkpt><trkpt lat="45.86323961119842" lon="7.051915446984071"><ele>2057.429581478498</ele></trkpt><trkpt lat="45.86327188569706" lon="7.052005528347969"><ele>2057.0926877819597</ele></trkpt><trkpt lat="45.863310000000006" lon="7.0520900000000015"><ele>2056.71</ele></trkpt><trkpt lat="45.86335194024429" lon="7.052156791971756"><ele>2056.3627718278485</ele></trkpt><trkpt lat="45.8633986995057" lon="7.052217711481564"><ele>2056.0219179491164</ele></trkpt><trkpt lat="45.86344648863875" lon="7.052277235005493"><ele>2055.6416781564603</ele></trkpt><trkpt lat="45.86349151851049" lon="7.052339839019616"><ele>2055.1762922425364</ele></trkpt><trkpt lat="45.86352999999998" lon="7.05241"><ele>2054.58</ele></trkpt><trkpt lat="45.86356467929515" lon="7.052485845682807"><ele>2053.8398027942467</ele></trkpt><trkpt lat="45.86360004371233" lon="7.052561821217644"><ele>2053.0008157499224</ele></trkpt><trkpt lat="45.86363549231566" lon="7.052638160274976"><ele>2052.092951657237</ele></trkpt><trkpt lat="45.863670424170735" lon="7.052715096525278"><ele>2051.1461233064</ele></trkpt><trkpt lat="45.86370423834477" lon="7.0527928636390165"><ele>2050.190243487624</ele></trkpt><trkpt lat="45.863736333906296" lon="7.0528716952866635"><ele>2049.255224991117</ele></trkpt><trkpt lat="45.86376610992514" lon="7.05295182513869"><ele>2048.370980607091</ele></trkpt><trkpt lat="45.863792965472136" lon="7.053033486865567"><ele>2047.5674231257558</ele></trkpt><trkpt lat="45.86381629961893" lon="7.053116914137762"><ele>2046.8744653373224</ele></trkpt><trkpt lat="45.86383551143754" lon="7.0532023406257505"><ele>2046.3220200320002</ele></trkpt><trkpt lat="45.863850000000006" lon="7.0532900000000005"><ele>2045.94</ele></trkpt><trkpt lat="45.8638534524943" lon="7.053378251691805"><ele>2045.8988705845695</ele></trkpt><trkpt lat="45.86384280739571" lon="7.053465312531978"><ele>2046.2655042424376</ele></trkpt><trkpt lat="45.86382240418745" lon="7.053551675264569"><ele>2046.9128975841404</ele></trkpt><trkpt lat="45.86379658235205" lon="7.053637832633623"><ele>2047.7140472202127</ele></trkpt><trkpt lat="45.86376968137739" lon="7.053724277383181"><ele>2048.5419497611897</ele></trkpt><trkpt lat="45.86374604075914" lon="7.053811502257293"><ele>2049.269601817607</ele></trkpt><trkpt lat="45.86372999999999" lon="7.0539"><ele>2049.77</ele></trkpt><trkpt lat="45.86372495795097" lon="7.053999615246083"><ele>2049.7653216496824</ele></trkpt><trkpt lat="45.86373008283501" lon="7.054100172815046"><ele>2049.436024005076</ele></trkpt><trkpt lat="45.86374" lon="7.054199999999999"><ele>2049.45</ele></trkpt><trkpt lat="45.86374935030343" lon="7.054292578027708"><ele>2049.951009580571</ele></trkpt><trkpt lat="45.86375836536889" lon="7.054385449087721"><ele>2050.6329353611573</ele></trkpt><trkpt lat="45.86376794770785" lon="7.0544782074693995"><ele>2051.4070257056364</ele></trkpt><trkpt lat="45.863778999831055" lon="7.0545704474621065"><ele>2052.1845289778835</ele></trkpt><trkpt lat="45.863792424248494" lon="7.0546617633552"><ele>2052.8766935417757</ele></trkpt><trkpt lat="45.86380912346905" lon="7.0547517494380445"><ele>2053.394767761189</ele></trkpt><trkpt lat="45.86383" lon="7.05484"><ele>2053.65</ele></trkpt><trkpt lat="45.863879991062944" lon="7.054899450351408"><ele>2052.244410861338</ele></trkpt><trkpt lat="45.86394000000003" lon="7.054949999999999"><ele>2050.26</ele></trkpt><trkpt lat="45.86398946465776" lon="7.0550324344141115"><ele>2049.0621199175075</ele></trkpt><trkpt lat="45.86403317862422" lon="7.055121309728714"><ele>2048.170548439056</ele></trkpt><trkpt lat="45.864059999999995" lon="7.05522"><ele>2048.15</ele></trkpt><trkpt lat="45.864040654778904" lon="7.055334432446059"><ele>2050.8391205424223</ele></trkpt><trkpt lat="45.86401" lon="7.0554499999999996"><ele>2053.14</ele></trkpt><trkpt lat="45.86400617924701" lon="7.05555134023773"><ele>2052.452995787126</ele></trkpt><trkpt lat="45.86400627604641" lon="7.055652814899205"><ele>2050.925860178292</ele></trkpt><trkpt lat="45.86401323482347" lon="7.055752882111079"><ele>2049.1482944803124</ele></trkpt><trkpt lat="45.86403000000001" lon="7.05585"><ele>2047.71</ele></trkpt><trkpt lat="45.86406179082543" lon="7.055937025104489"><ele>2046.9393932021362</ele></trkpt><trkpt lat="45.86410768866568" lon="7.056013077520285"><ele>2046.497349862405</ele></trkpt><trkpt lat="45.864159999999984" lon="7.05608"><ele>2046.04</ele></trkpt><trkpt lat="45.86421740965947" lon="7.0561376912412275"><ele>2045.4957814595125</ele></trkpt><trkpt lat="45.86427897704201" lon="7.056186989950921"><ele>2044.9827606436024</ele></trkpt><trkpt lat="45.86434105589953" lon="7.056235293685153"><ele>2044.4033595058916</ele></trkpt><trkpt lat="45.86439999999999" lon="7.056289999999999"><ele>2043.66</ele></trkpt><trkpt lat="45.86445660742718" lon="7.056358064153248"><ele>2042.4887345587817</ele></trkpt><trkpt lat="45.864509260217886" lon="7.056432543706833"><ele>2041.0920988683533</ele></trkpt><trkpt lat="45.86455999999996" lon="7.056510000000001"><ele>2039.93</ele></trkpt><trkpt lat="45.86460485226381" lon="7.056580437845736"><ele>2039.419799356107</ele></trkpt><trkpt lat="45.86464" lon="7.05666"><ele>2039.42</ele></trkpt><trkpt lat="45.86464999999999" lon="7.056820000000001"><ele>2040.75</ele></trkpt><trkpt lat="45.864708238136004" lon="7.056882555553683"><ele>2038.4025240345172</ele></trkpt><trkpt lat="45.86477999999999" lon="7.05691"><ele>2036.23</ele></trkpt><trkpt lat="45.86484723678767" lon="7.05691736095857"><ele>2035.6302652587503</ele></trkpt><trkpt lat="45.864915115435984" lon="7.0569190629297065"><ele>2035.1019949660458</ele></trkpt><trkpt lat="45.86498342438531" lon="7.056916804542286"><ele>2034.6384408642125</ele></trkpt><trkpt lat="45.86505195207708" lon="7.056912284425184"><ele>2034.2328546955757</ele></trkpt><trkpt lat="45.86512048695365" lon="7.056907201207279"><ele>2033.878488202462</ele></trkpt><trkpt lat="45.86518881745848" lon="7.056903253517444"><ele>2033.5685931271964</ele></trkpt><trkpt lat="45.86525673203612" lon="7.056902139984556"><ele>2033.2964212121055</ele></trkpt><trkpt lat="45.86532401913206" lon="7.056905559237492"><ele>2033.0552241995142</ele></trkpt><trkpt lat="45.86539046719286" lon="7.056915209905127"><ele>2032.8382538317492</ele></trkpt><trkpt lat="45.86545586466602" lon="7.0569327906163375"><ele>2032.638761851136</ele></trkpt><trkpt lat="45.86552000000002" lon="7.05696"><ele>2032.45</ele></trkpt><trkpt lat="45.86558030621643" lon="7.057009984527575"><ele>2032.3983075888232</ele></trkpt><trkpt lat="45.865629981926375" lon="7.057084334978804"><ele>2032.566091057038</ele></trkpt><trkpt lat="45.86567334420615" lon="7.057173006322552"><ele>2032.8488605021025</ele></trkpt><trkpt lat="45.865714710115036" lon="7.057265953527681"><ele>2033.1421260214734</ele></trkpt><trkpt lat="45.865758396698666" lon="7.057353131563056"><ele>2033.3413977126083</ele></trkpt><trkpt lat="45.86580872098886" lon="7.057424495397541"><ele>2033.3421856729647</ele></trkpt><trkpt lat="45.86587" lon="7.0574699999999995"><ele>2033.04</ele></trkpt><trkpt lat="45.865918790650895" lon="7.057451263676142"><ele>2032.2884256199468</ele></trkpt><trkpt lat="45.86595127483839" lon="7.057369107745154"><ele>2031.127515096961</ele></trkpt><trkpt lat="45.86597812161334" lon="7.0572623979415905"><ele>2029.8978470254947</ele></trkpt><trkpt lat="45.866010000000024" lon="7.057170000000001"><ele>2028.94</ele></trkpt><trkpt lat="45.86607999999999" lon="7.05707"><ele>2029.12</ele></trkpt><trkpt lat="45.866146498014864" lon="7.057061414028968"><ele>2029.3627223430706</ele></trkpt><trkpt lat="45.86621335616191" lon="7.057058003568925"><ele>2029.6408388717114</ele></trkpt><trkpt lat="45.86628035493672" lon="7.05705946277794"><ele>2029.9219872438237</ele></trkpt><trkpt lat="45.86634727483598" lon="7.057065485814079"><ele>2030.1738051173086</ele></trkpt><trkpt lat="45.86641389635749" lon="7.0570757668354105"><ele>2030.363930150067</ele></trkpt><trkpt lat="45.866479999999996" lon="7.057089999999999"><ele>2030.46</ele></trkpt><trkpt lat="45.86654527117005" lon="7.057109158140826"><ele>2030.4901431102792</ele></trkpt><trkpt lat="45.8666098169948" lon="7.0571333799625675"><ele>2030.5012978563725</ele></trkpt><trkpt lat="45.86667385976036" lon="7.057161061705927"><ele>2030.4892058230198</ele></trkpt><trkpt lat="45.866737621751746" lon="7.057190599611621"><ele>2030.4496085949618</ele></trkpt><trkpt lat="45.86680132525291" lon="7.05722038992036"><ele>2030.378247756939</ele></trkpt><trkpt lat="45.86686519254688" lon="7.057248828872855"><ele>2030.270864893691</ele></trkpt><trkpt lat="45.866929445915616" lon="7.057274312709819"><ele>2030.1232015899582</ele></trkpt><trkpt lat="45.866994307640034" lon="7.057295237671964"><ele>2029.930999430481</ele></trkpt><trkpt lat="45.86706" lon="7.05731"><ele>2029.69</ele></trkpt><trkpt lat="45.8671345808422" lon="7.0573061782396636"><ele>2029.2075838224105</ele></trkpt><trkpt lat="45.867209696856605" lon="7.057281171209844"><ele>2028.4785404674246</ele></trkpt><trkpt lat="45.867284522447726" lon="7.057252075060192"><ele>2027.684705201234</ele></trkpt><trkpt lat="45.86735823202445" lon="7.057235985940359"><ele>2027.0079132900291</ele></trkpt><trkpt lat="45.86743000000001" lon="7.057249999999999"><ele>2026.63</ele></trkpt><trkpt lat="45.867486317222344" lon="7.057288552447892"><ele>2026.640298597536</ele></trkpt><trkpt lat="45.86753664518676" lon="7.0573418375616175"><ele>2026.886969604359</ele></trkpt><trkpt lat="45.86758302829684" lon="7.057405019537813"><ele>2027.2652727125324</ele></trkpt><trkpt lat="45.86762751094805" lon="7.057473262573113"><ele>2027.6704676141194</ele></trkpt><trkpt lat="45.867672137528864" lon="7.057541730864154"><ele>2027.997814001184</ele></trkpt><trkpt lat="45.86771895242126" lon="7.057605588607572"><ele>2028.1425715657897</ele></trkpt><trkpt lat="45.86777000000001" lon="7.05766"><ele>2028</ele></trkpt><trkpt lat="45.8678413816325" lon="7.057696664545872"><ele>2026.7127044834076</ele></trkpt><trkpt lat="45.86791814674467" lon="7.05771448494249"><ele>2024.6382212171625</ele></trkpt><trkpt lat="45.867989999999985" lon="7.057750000000001"><ele>2023.29</ele></trkpt><trkpt lat="45.86804999999997" lon="7.0579"><ele>2025.96</ele></trkpt><trkpt lat="45.86812832105498" lon="7.057925279954848"><ele>2024.643318904464</ele></trkpt><trkpt lat="45.86820999999999" lon="7.05794"><ele>2022.9</ele></trkpt><trkpt lat="45.868270301571236" lon="7.057972532942488"><ele>2022.185285407069</ele></trkpt><trkpt lat="45.8683299925795" lon="7.058007452839116"><ele>2021.5628620016823</ele></trkpt><trkpt lat="45.868389236191874" lon="7.058044106643191"><ele>2020.9985837041852</ele></trkpt><trkpt lat="45.86844819557474" lon="7.058081841308011"><ele>2020.4583044349233</ele></trkpt><trkpt lat="45.86850703389384" lon="7.058120003786884"><ele>2019.9078781142416</ele></trkpt><trkpt lat="45.86856591431415" lon="7.058157941033114"><ele>2019.3131586624854</ele></trkpt><trkpt lat="45.868625" lon="7.058195"><ele>2018.64</ele></trkpt><trkpt lat="45.8686842044753" lon="7.058231851341034"><ele>2017.8742415458541</ele></trkpt><trkpt lat="45.86874322862767" lon="7.058269222131039"><ele>2017.0430453685703</ele></trkpt><trkpt lat="45.868802196899225" lon="7.058306716146713"><ele>2016.1708257928603</ele></trkpt><trkpt lat="45.86886123373151" lon="7.058343937164751"><ele>2015.281997143436</ele></trkpt><trkpt lat="45.86892046356549" lon="7.0583804889618476"><ele>2014.40097374501</ele></trkpt><trkpt lat="45.86898001084165" lon="7.058415975314699"><ele>2013.552169922294</ele></trkpt><trkpt lat="45.86903999999999" lon="7.05845"><ele>2012.76</ele></trkpt><trkpt lat="45.869116136646205" lon="7.058485413269688"><ele>2011.9638988395602</ele></trkpt><trkpt lat="45.86919356986267" lon="7.058515631411703"><ele>2011.3014932177775</ele></trkpt><trkpt lat="45.86927000000001" lon="7.05855"><ele>2010.55</ele></trkpt><trkpt lat="45.869345069254955" lon="7.058600212153387"><ele>2009.6452849663938</ele></trkpt><trkpt lat="45.86941999999999" lon="7.05865"><ele>2008.36</ele></trkpt><trkpt lat="45.869489976104994" lon="7.058675282661639"><ele>2006.396021420941</ele></trkpt><trkpt lat="45.869559999999986" lon="7.0587"><ele>2004.33</ele></trkpt><trkpt lat="45.86962" lon="7.058749999999999"><ele>2003.48</ele></trkpt><trkpt lat="45.86960389326807" lon="7.058632769773635"><ele>2001.6489081307936</ele></trkpt><trkpt lat="45.869559999999986" lon="7.05853"><ele>2000.7</ele></trkpt><trkpt lat="45.86951162484721" lon="7.058459240567993"><ele>2000.1374902210382</ele></trkpt><trkpt lat="45.86946011473711" lon="7.058393061927047"><ele>1999.6625431622647</ele></trkpt><trkpt lat="45.86940633343128" lon="7.058330256313468"><ele>1999.2687397172274</ele></trkpt><trkpt lat="45.86935114469404" lon="7.058269615963564"><ele>1998.9496607794727</ele></trkpt><trkpt lat="45.86929541229325" lon="7.058209933113641"><ele>1998.6988872425477</ele></trkpt><trkpt lat="45.86923999999999" lon="7.058150000000001"><ele>1998.51</ele></trkpt><trkpt lat="45.86918683571579" lon="7.05809394939343"><ele>1998.4539754533494</ele></trkpt><trkpt lat="45.86913231734488" lon="7.058040227421611"><ele>1998.549997556184</ele></trkpt><trkpt lat="45.869077007094404" lon="7.057987889139398"><ele>1998.7372394220565</ele></trkpt><trkpt lat="45.86902146717373" lon="7.057935989601656"><ele>1998.9548741645187</ele></trkpt><trkpt lat="45.868966259794504" lon="7.057883583863237"><ele>1999.1420748971227</ele></trkpt><trkpt lat="45.868911947170496" lon="7.057829726979004"><ele>1999.2380147334209</ele></trkpt><trkpt lat="45.86885909151773" lon="7.057773474003815"><ele>1999.181866786965</ele></trkpt><trkpt lat="45.86880825505427" lon="7.0577138799925265"><ele>1998.9128041713072</ele></trkpt><trkpt lat="45.86876" lon="7.05765"><ele>1998.37</ele></trkpt><trkpt lat="45.86872966231034" lon="7.057562664935805"><ele>1996.233919961565</ele></trkpt><trkpt lat="45.86871741263981" lon="7.057460820165031"><ele>1992.8034903552527</ele></trkpt><trkpt lat="45.86869000000001" lon="7.05737"><ele>1990.28</ele></trkpt><trkpt lat="45.86862676589656" lon="7.057307684587373"><ele>1989.9520597833662</ele></trkpt><trkpt lat="45.86855256708745" lon="7.0572633910567735"><ele>1990.6528114250957</ele></trkpt><trkpt lat="45.86849000000001" lon="7.0572"><ele>1990.54</ele></trkpt><trkpt lat="45.8684542892763" lon="7.057120805900261"><ele>1989.2081499585638</ele></trkpt><trkpt lat="45.86842888067085" lon="7.057033216168011"><ele>1987.3684934769817</ele></trkpt><trkpt lat="45.86840903173241" lon="7.056941518351756"><ele>1985.3220902569092</ele></trkpt><trkpt lat="45.86838999999999" lon="7.056849999999999"><ele>1983.37</ele></trkpt><trkpt lat="45.86837200622531" lon="7.056760326332649"><ele>1981.5378455316745</ele></trkpt><trkpt lat="45.86835686897477" lon="7.056669385722956"><ele>1979.6368829684602</ele></trkpt><trkpt lat="45.86834304451917" lon="7.056577873069796"><ele>1977.7182566323845</ele></trkpt><trkpt lat="45.86832898912752" lon="7.056486483272043"><ele>1975.8331108454736</ele></trkpt><trkpt lat="45.86831315906714" lon="7.056395911228577"><ele>1974.0325899297547</ele></trkpt><trkpt lat="45.868294010603684" lon="7.056306851838271"><ele>1972.3678382072546</ele></trkpt><trkpt lat="45.86827" lon="7.05622"><ele>1970.89</ele></trkpt><trkpt lat="45.868237624820196" lon="7.0561379995083415"><ele>1969.9228932050007</ele></trkpt><trkpt lat="45.86819652198947" lon="7.056062891852928"><ele>1969.4959073612013</ele></trkpt><trkpt lat="45.86814965816216" lon="7.05599383827105"><ele>1969.2084678368014</ele></trkpt><trkpt lat="45.86809999999999" lon="7.055930000000001"><ele>1968.66</ele></trkpt><trkpt lat="45.8680412473089" lon="7.0558801060053735"><ele>1967.7510061339246</ele></trkpt><trkpt lat="45.86797714987816" lon="7.055841677377093"><ele>1966.6377511638368</ele></trkpt><trkpt lat="45.86791999999999" lon="7.05579"><ele>1965.21</ele></trkpt><trkpt lat="45.8678755317063" lon="7.055721667548197"><ele>1963.5430907432678</ele></trkpt><trkpt lat="45.86783598999134" lon="7.055647232613099"><ele>1961.7274889132589</ele></trkpt><trkpt lat="45.86779868242711" lon="7.055569963903903"><ele>1959.8473417116156</ele></trkpt><trkpt lat="45.86776091657774" lon="7.055493130129804"><ele>1957.9867963399815</ele></trkpt><trkpt lat="45.86771999999999" lon="7.055420000000001"><ele>1956.23</ele></trkpt><trkpt lat="45.86767471930047" lon="7.055358082635466"><ele>1954.8221423066097</ele></trkpt><trkpt lat="45.86762596122743" lon="7.055300866886863"><ele>1953.55780241117</ele></trkpt><trkpt lat="45.86758" lon="7.0552399999999995"><ele>1952.07</ele></trkpt><trkpt lat="45.86750607631174" lon="7.055148628494421"><ele>1949.691911466295</ele></trkpt><trkpt lat="45.86748000000001" lon="7.05505"><ele>1946.5</ele></trkpt><trkpt lat="45.867545351425704" lon="7.055005917770587"><ele>1944.3034022493903</ele></trkpt><trkpt lat="45.86763458528502" lon="7.054999680543232"><ele>1943.1761347695735</ele></trkpt><trkpt lat="45.867689999999996" lon="7.054949999999999"><ele>1940.91</ele></trkpt><trkpt lat="45.86767182595516" lon="7.054852394888706"><ele>1937.8994426181694</ele></trkpt><trkpt lat="45.86761305229737" lon="7.054754191454128"><ele>1935.383308152498</ele></trkpt><trkpt lat="45.86756275245453" lon="7.054663892292485"><ele>1932.858019610578</ele></trkpt><trkpt lat="45.86757000000001" lon="7.05459"><ele>1929.82</ele></trkpt><trkpt lat="45.867624292952584" lon="7.054560304453111"><ele>1927.6730622818332</ele></trkpt><trkpt lat="45.86768757352733" lon="7.054575439470362"><ele>1927.1347334612246</ele></trkpt><trkpt lat="45.867755707616574" lon="7.054617422261057"><ele>1927.4568734996992</ele></trkpt><trkpt lat="45.867824561130675" lon="7.0546682700345"><ele>1927.8913423587828</ele></trkpt><trkpt lat="45.867889999999974" lon="7.054709999999999"><ele>1927.69</ele></trkpt><trkpt lat="45.86795722042433" lon="7.054755203889584"><ele>1926.3304725509186</ele></trkpt><trkpt lat="45.86802197876709" lon="7.0548080655996515"><ele>1924.5980478097108</ele></trkpt><trkpt lat="45.86809" lon="7.054850000000001"><ele>1923.41</ele></trkpt><trkpt lat="45.86815383062994" lon="7.054874450895325"><ele>1922.9815290129084</ele></trkpt><trkpt lat="45.86821845418374" lon="7.054895063964451"><ele>1922.735778302824</ele></trkpt><trkpt lat="45.86828359660087" lon="7.054913126156012"><ele>1922.6121324996466</ele></trkpt><trkpt lat="45.868348983821974" lon="7.054929924418641"><ele>1922.549976233276</ele></trkpt><trkpt lat="45.868414341788984" lon="7.054946745700974"><ele>1922.488694133611</ele></trkpt><trkpt lat="45.86847939644514" lon="7.054964876951641"><ele>1922.3676708305513</ele></trkpt><trkpt lat="45.86854387373497" lon="7.0549856051192785"><ele>1922.1262909539967</ele></trkpt><trkpt lat="45.86860749960426" lon="7.055010217152521"><ele>1921.7039391338462</ele></trkpt><trkpt lat="45.86867" lon="7.055040000000001"><ele>1921.04</ele></trkpt><trkpt lat="45.868729006802425" lon="7.055072798963645"><ele>1920.1997062924293</ele></trkpt><trkpt lat="45.86878723959336" lon="7.055107931910302"><ele>1919.2387512948792</ele></trkpt><trkpt lat="45.86884481475328" lon="7.055145054653951"><ele>1918.1764545836322</ele></trkpt><trkpt lat="45.86890184866217" lon="7.055183823008569"><ele>1917.0321357349708</ele></trkpt><trkpt lat="45.8689584576995" lon="7.055223892788135"><ele>1915.8251143251782</ele></trkpt><trkpt lat="45.8690147582442" lon="7.055264919806622"><ele>1914.574709930536</ele></trkpt><trkpt lat="45.86907086667485" lon="7.055306559878013"><ele>1913.3002421273275</ele></trkpt><trkpt lat="45.86912689936947" lon="7.05534846881628"><ele>1912.0210304918348</ele></trkpt><trkpt lat="45.86918297270557" lon="7.055390302435405"><ele>1910.7563946003409</ele></trkpt><trkpt lat="45.86923920306032" lon="7.055431716549362"><ele>1909.525654029128</ele></trkpt><trkpt lat="45.86929570681027" lon="7.055472366972126"><ele>1908.3481283544784</ele></trkpt><trkpt lat="45.86935260033161" lon="7.055511909517681"><ele>1907.2431371526748</ele></trkpt><trkpt lat="45.86941" lon="7.05555"><ele>1906.23</ele></trkpt><trkpt lat="45.869467956033034" lon="7.0555873571335"><ele>1905.3611592464003</ele></trkpt><trkpt lat="45.86952609333524" lon="7.0556245374565565"><ele>1904.6491493932765</ele></trkpt><trkpt lat="45.8695844341688" lon="7.055661304671249"><ele>1904.0443710878333</ele></trkpt><trkpt lat="45.86964300079586" lon="7.055697422479652"><ele>1903.4972249772773</ele></trkpt><trkpt lat="45.86970181547841" lon="7.055732654583841"><ele>1902.9581117088137</ele></trkpt><trkpt lat="45.8697609004783" lon="7.0557667646858935"><ele>1902.3774319296485</ele></trkpt><trkpt lat="45.86982027805742" lon="7.055799516487887"><ele>1901.7055862869872</ele></trkpt><trkpt lat="45.869879970477434" lon="7.055830673691897"><ele>1900.892975428036</ele></trkpt><trkpt lat="45.869939999999986" lon="7.055859999999999"><ele>1899.89</ele></trkpt><trkpt lat="45.87002849419052" lon="7.055898721392628"><ele>1897.527281208539</ele></trkpt><trkpt lat="45.87009" lon="7.05587"><ele>1893.64</ele></trkpt><trkpt lat="45.870078476125016" lon="7.055779172052066"><ele>1890.989932382005</ele></trkpt><trkpt lat="45.870032819486575" lon="7.055690279021011"><ele>1889.9111881034255</ele></trkpt><trkpt lat="45.86999000000001" lon="7.055600000000001"><ele>1888.48</ele></trkpt><trkpt lat="45.8699600006659" lon="7.055501263810389"><ele>1885.8214194090526</ele></trkpt><trkpt lat="45.869932951834045" lon="7.055401500496693"><ele>1882.8191588754953</ele></trkpt><trkpt lat="45.86991" lon="7.0553"><ele>1879.72</ele></trkpt><trkpt lat="45.86991" lon="7.055200000000001"><ele>1876.53</ele></trkpt><trkpt lat="45.86997437719773" lon="7.0551948188831615"><ele>1874.2345513546013</ele></trkpt><trkpt lat="45.87004256793805" lon="7.055209652103515"><ele>1872.4476762105805</ele></trkpt><trkpt lat="45.87010000000001" lon="7.0551900000000005"><ele>1869.74</ele></trkpt><trkpt lat="45.87011427470923" lon="7.055098321868539"><ele>1865.9417780296767</ele></trkpt><trkpt lat="45.87009" lon="7.05499"><ele>1862.63</ele></trkpt><trkpt lat="45.870046534814826" lon="7.054889374399575"><ele>1859.5008723703895</ele></trkpt><trkpt lat="45.87" lon="7.054789999999999"><ele>1856.58</ele></trkpt><trkpt lat="45.8699710351455" lon="7.05469892662169"><ele>1854.0399256538449</ele></trkpt><trkpt lat="45.86994733671267" lon="7.0546051502295395"><ele>1851.4387121519771</ele></trkpt><trkpt lat="45.869939999999986" lon="7.054509999999998"><ele>1848.32</ele></trkpt><trkpt lat="45.87001000000001" lon="7.05458"><ele>1848.81</ele></trkpt><trkpt lat="45.87008604377556" lon="7.0546120498932465"><ele>1847.57838836672</ele></trkpt><trkpt lat="45.87016000000002" lon="7.0546500000000005"><ele>1846.44</ele></trkpt><trkpt lat="45.87022166513727" lon="7.0547166281649085"><ele>1846.5667214998784</ele></trkpt><trkpt lat="45.8702789848711" lon="7.0547922965988"><ele>1847.036519404708</ele></trkpt><trkpt lat="45.87033999999999" lon="7.054860000000001"><ele>1846.72</ele></trkpt><trkpt lat="45.87042487685694" lon="7.054910861317792"><ele>1843.9418483497575</ele></trkpt><trkpt lat="45.87051" lon="7.054960000000001"><ele>1840.64</ele></trkpt><trkpt lat="45.870562374985624" lon="7.055018926971918"><ele>1839.418379682804</ele></trkpt><trkpt lat="45.87061210393872" lon="7.055092409871287"><ele>1838.6436612016305</ele></trkpt><trkpt lat="45.87066164540349" lon="7.055162429284696"><ele>1837.816752879055</ele></trkpt><trkpt lat="45.87071345791524" lon="7.055210965798736"><ele>1836.4385630376532</ele></trkpt><trkpt lat="45.870769999999986" lon="7.05522"><ele>1834.01</ele></trkpt><trkpt lat="45.87079334622465" lon="7.055147756193621"><ele>1831.2898889210737</ele></trkpt><trkpt lat="45.87076597753444" lon="7.055015757043582"><ele>1829.6741538837941</ele></trkpt><trkpt lat="45.87076" lon="7.05489"><ele>1827.58</ele></trkpt><trkpt lat="45.870870000000004" lon="7.054869999999999"><ele>1824.06</ele></trkpt><trkpt lat="45.870880000000014" lon="7.054789999999999"><ele>1821.91</ele></trkpt><trkpt lat="45.87083864238806" lon="7.054715888641979"><ele>1820.5066784606383</ele></trkpt><trkpt lat="45.8707924683596" lon="7.054646492973066"><ele>1819.3388063234331</ele></trkpt><trkpt lat="45.87074449750317" lon="7.054579009633836"><ele>1818.2387929985762</ele></trkpt><trkpt lat="45.87069774941734" lon="7.054510635264866"><ele>1817.0390478962574</ele></trkpt><trkpt lat="45.87065524371058" lon="7.054438566506729"><ele>1815.5719804266685</ele></trkpt><trkpt lat="45.87062" lon="7.054359999999999"><ele>1813.67</ele></trkpt><trkpt lat="45.87059271846613" lon="7.05425826363793"><ele>1810.7650152559345</ele></trkpt><trkpt lat="45.870585671889756" lon="7.054150578024421"><ele>1807.0228166281086</ele></trkpt><trkpt lat="45.87061000000001" lon="7.05406"><ele>1802.72</ele></trkpt><trkpt lat="45.870672229221285" lon="7.054030688226358"><ele>1799.1609344546155</ele></trkpt><trkpt lat="45.87075195748186" lon="7.054042072392329"><ele>1796.4662647904993</ele></trkpt><trkpt lat="45.87082000000001" lon="7.05402"><ele>1793.13</ele></trkpt><trkpt lat="45.87082660770854" lon="7.053933518336766"><ele>1789.9932269408073</ele></trkpt><trkpt lat="45.8708" lon="7.0538300000000005"><ele>1787.66</ele></trkpt><trkpt lat="45.87076" lon="7.0536900000000005"><ele>1785.02</ele></trkpt><trkpt lat="45.87083107419695" lon="7.053662490233194"><ele>1782.4275656702052</ele></trkpt><trkpt lat="45.87091000000001" lon="7.0536900000000005"><ele>1781.19</ele></trkpt><trkpt lat="45.870979808424735" lon="7.0537478960914015"><ele>1781.2217737159258</ele></trkpt><trkpt lat="45.87104375915128" lon="7.053821492554836"><ele>1781.9044787995683</ele></trkpt><trkpt lat="45.87110999999998" lon="7.053889999999999"><ele>1782.47</ele></trkpt><trkpt lat="45.87116741437839" lon="7.053942021551026"><ele>1782.8373729154318</ele></trkpt><trkpt lat="45.8712267934823" lon="7.053988680056966"><ele>1783.0863973336814</ele></trkpt><trkpt lat="45.87128999999998" lon="7.05401"><ele>1782.55</ele></trkpt><trkpt lat="45.87136924801687" lon="7.0539734737459785"><ele>1779.875425542259</ele></trkpt><trkpt lat="45.87143999999999" lon="7.0539"><ele>1776.69</ele></trkpt><trkpt lat="45.87151220328016" lon="7.053831792678617"><ele>1774.6177647124055</ele></trkpt><trkpt lat="45.87155000000002" lon="7.0537399999999995"><ele>1773</ele></trkpt><trkpt lat="45.87152427177638" lon="7.053653176577612"><ele>1772.2286463630107</ele></trkpt><trkpt lat="45.87147300279384" lon="7.053580530869422"><ele>1772.0103437839716</ele></trkpt><trkpt lat="45.871419999999986" lon="7.053509999999999"><ele>1771.82</ele></trkpt><trkpt lat="45.871350000000014" lon="7.05342"><ele>1771.47</ele></trkpt><trkpt lat="45.87132" lon="7.053299999999999"><ele>1770.67</ele></trkpt><trkpt lat="45.87131528113432" lon="7.053198552765604"><ele>1770.1098005978356</ele></trkpt><trkpt lat="45.871312083463984" lon="7.053096973797259"><ele>1769.5191583414182</ele></trkpt><trkpt lat="45.87131018175227" lon="7.0529952960657445"><ele>1768.9374651920875</ele></trkpt><trkpt lat="45.87130935076234" lon="7.052893552541841"><ele>1768.4041131111817</ele></trkpt><trkpt lat="45.87130936525725" lon="7.052791776196333"><ele>1767.9584940600398</ele></trkpt><trkpt lat="45.87131000000001" lon="7.052689999999999"><ele>1767.64</ele></trkpt><trkpt lat="45.87131052368592" lon="7.052596434291664"><ele>1767.5161067666127</ele></trkpt><trkpt lat="45.871311055527286" lon="7.052502716577135"><ele>1767.5450871073044</ele></trkpt><trkpt lat="45.87131243230185" lon="7.052409030573561"><ele>1767.6619538115324</ele></trkpt><trkpt lat="45.87131549078738" lon="7.0523155599980845"><ele>1767.8017196687529</ele></trkpt><trkpt lat="45.87132106776119" lon="7.052222488567848"><ele>1767.899397468423</ele></trkpt><trkpt lat="45.871330000000015" lon="7.05213"><ele>1767.89</ele></trkpt><trkpt lat="45.87134285541922" lon="7.052038136737257"><ele>1767.765493692696</ele></trkpt><trkpt lat="45.87135901137509" lon="7.051947325547978"><ele>1767.5767806063038</ele></trkpt><trkpt lat="45.871377635838755" lon="7.051857336355891"><ele>1767.3463677173306</ele></trkpt><trkpt lat="45.87139789678202" lon="7.051767939084716"><ele>1767.0967620022839</ele></trkpt><trkpt lat="45.87141896217774" lon="7.051678903658177"><ele>1766.8504704376712</ele></trkpt><trkpt lat="45.87143999999999" lon="7.05159"><ele>1766.63</ele></trkpt><trkpt lat="45.87146999999998" lon="7.05153"><ele>1766.54</ele></trkpt></trkseg></trk></gpx>