<?xml version='1.0' encoding='utf-8'?>
<gpx xmlns="http://www.topografix.com/GPX/1/1" xmlns:xsi="http://www.w3.org/2001/XMLSchema-instance" xsi:schemaLocation="http://www.topografix.com/GPX/1/1 http://www.topografix.com/GPX/1/1/gpx.xsd" version="1.1" creator="FATMAP.com"><metadata /><wpt lat="45.92349" lon="6.86898"><ele>1042.30</ele><name>Chamonix (Start)</name><sym>icons/start.svg</sym><desc>Historic starting point in the main church square.</desc><extensions><station id="chamonix-start" type="start" subtype="start"><accessibility crew_allowed="true" pacer_allowed="false" vehicle_tier="easy" drop_bag_allowed="true" /><services water="true" unmanaged_water="false" food="true" hot_food="true" toilets="true" medical="true" sleep_area="false" /><passes><pass num="1" dist_m="0.00" label="Chamonix (Start)" /></passes></station></extensions></wpt><wpt lat="45.92498" lon="6.87138"><ele>1041.99</ele><name>Chamonix (End)</name><sym>icons/finish.svg</sym><desc>Historic finish line of the Tour du Mont-Blanc.</desc><extensions><station id="chamonix-end" type="finish" subtype="finish"><accessibility crew_allowed="true" pacer_allowed="false" vehicle_tier="easy" drop_bag_allowed="true" /><services water="true" unmanaged_water="false" food="true" hot_food="true" toilets="true" medical="true" sleep_area="false" /><passes><pass num="1" dist_m="16.85" label="Chamonix (End)" /></passes></station></extensions></wpt><wpt lat="45.88971" lon="6.79774"><ele>1013.07</ele><name>Les Houches</name><sym>icons/aid_station.svg</sym><desc>Pastoral hamlet, famous for physics and ski racing.</desc><extensions><station id="les-houches" type="segmenting" subtype="aid_station"><accessibility crew_allowed="true" pacer_allowed="false" vehicle_tier="easy" drop_bag_allowed="false" /><services water="true" unmanaged_water="false" food="true" hot_food="true" toilets="true" medical="true" sleep_area="false" /><passes><pass num="1" dist_m="7917.24" label="Les Houches" /></passes></station></extensions></wpt><wpt lat="45.87641" lon="6.77479"><ele>1700.51</ele><name>Bellevue</name><sym>icons/aid_station.svg</sym><desc>Top station of the Bellevue gondola with alpine railway stop.</desc><extensions><station id="bellevue" type="segmenting" subtype="aid_station"><accessibility crew_allowed="true" pacer_allowed="false" vehicle_tier="easy" drop_bag_allowed="false" /><services water="true" unmanaged_water="false" food="true" hot_food="true" toilets="true" medical="false" sleep_area="false" /><passes><pass num="1" dist_m="12367.48" label="Bellevue" /></passes></station></extensions></wpt><wpt lat="45.86362" lon="6.78424"><ele>1738.79</ele><name>Bionnassay Footbridge</name><sym>icons/scenic.svg</sym><desc>Spectacular suspension bridge over glacial runoff.</desc><extensions><station id="bionnassay-footbridge" type="informational" subtype="scenic"><accessibility crew_allowed="false" pacer_allowed="false" vehicle_tier="none" drop_bag_allowed="false" /><services water="false" unmanaged_water="false" food="false" hot_food="false" toilets="false" medical="false" sleep_area="false" /><passes><pass num="1" dist_m="14840.27" label="Bionnassay Footbridge" /></passes></station></extensions></wpt><wpt lat="45.85003" lon="6.76951"><ele>2094.85</ele><name>Tricot Pass</name><sym>icons/summit.svg</sym><desc>Col de Tricot. High pass summit with views of Dômes de Miage.</desc><extensions><station id="tricot-pass" type="informational" subtype="summit"><accessibility crew_allowed="false" pacer_allowed="false" vehicle_tier="none" drop_bag_allowed="false" /><services water="false" unmanaged_water="false" food="false" hot_food="false" toilets="false" medical="false" sleep_area="false" /><passes><pass num="1" dist_m="17017.07" label="Tricot Pass" /></passes></station></extensions></wpt><wpt lat="45.8451" lon="6.76568"><ele>1768.12</ele><name>Miage</name><sym>icons/aid_station.svg</sym><desc>Hamlets of Chalets de Miage with locally-sourced cheese &amp; cakes.</desc><extensions><station id="miage" type="segmenting" subtype="aid_station"><accessibility crew_allowed="false" pacer_allowed="false" vehicle_tier="none" drop_bag_allowed="false" /><services water="true" unmanaged_water="false" food="true" hot_food="true" toilets="true" medical="false" sleep_area="false" /><passes><pass num="1" dist_m="18009.58" label="Miage" /></passes></station></extensions></wpt><wpt lat="45.83475" lon="6.74711"><ele>1686.96</ele><name>Truc</name><sym>icons/aid_station.svg</sym><desc>Auberge du Truc active alpine dairy farm.</desc><extensions><station id="truc" type="segmenting" subtype="aid_station"><accessibility crew_allowed="false" pacer_allowed="false" vehicle_tier="none" drop_bag_allowed="false" /><services water="true" unmanaged_water="false" food="true" hot_food="true" toilets="true" medical="false" sleep_area="false" /><passes><pass num="1" dist_m="20581.49" label="Truc" /></passes></station></extensions></wpt><wpt lat="45.82115" lon="6.72737"><ele>1158.73</ele><name>Les Contamines (End)</name><sym>icons/finish.svg</sym><desc>Les Contamines-Montjoie village center checkin.</desc><extensions><station id="les-contamines-end" type="finish" subtype="finish"><accessibility crew_allowed="true" pacer_allowed="false" vehicle_tier="easy" drop_bag_allowed="true" /><services water="true" unmanaged_water="false" food="true" hot_food="true" toilets="true" medical="true" sleep_area="false" /><passes><pass num="1" dist_m="23746.27" label="Les Contamines (End)" /></passes></station></extensions></wpt><wpt lat="45.82053" lon="6.72743"><ele>1158.73</ele><name>Les Contamines-Montjoie (Start)</name><sym>icons/start.svg</sym><desc>Start point from Les Contamines-Montjoie.</desc><extensions><station id="les-contamines-montjoie-start" type="start" subtype="start"><accessibility crew_allowed="true" pacer_allowed="false" vehicle_tier="easy" drop_bag_allowed="true" /><services water="true" unmanaged_water="false" food="true" hot_food="true" toilets="true" medical="true" sleep_area="false" /><passes><pass num="1" dist_m="23746.27" label="Les Contamines-Montjoie (Start)" /></passes></station></extensions></wpt><trk><name /><desc /><trkseg><trkpt lat="45.92349" lon="6.8689800000000005"><ele>1042.3</ele></trkpt><trkpt lat="45.92355000000001" lon="6.8690500000000005"><ele>1042.11</ele></trkpt><trkpt lat="45.92358999999999" lon="6.869140000000001"><ele>1041.99</ele></trkpt><trkpt lat="45.92360289999999" lon="6.869095700000001"><ele>1042.09</ele></trkpt><trkpt lat="45.92363259999999" lon="6.8689919"><ele>1042.05</ele></trkpt><trkpt lat="45.9236679" lon="6.868868399999998"><ele>1042.53</ele></trkpt><trkpt lat="45.923697499999996" lon="6.868764600000001"><ele>1043</ele></trkpt><trkpt lat="45.92371000000001" lon="6.868719999999999"><ele>1043.18</ele></trkpt><trkpt lat="45.923659999999984" lon="6.86867"><ele>1043.34</ele></trkpt><trkpt lat="45.923659999999984" lon="6.86859"><ele>1043.81</ele></trkpt><trkpt lat="45.92368500000001" lon="6.868475"><ele>1044.39</ele></trkpt><trkpt lat="45.92371000000001" lon="6.86836"><ele>1045.19</ele></trkpt><trkpt lat="45.92372019999999" lon="6.868245"><ele>1045.8</ele></trkpt><trkpt lat="45.923730000000006" lon="6.86813"><ele>1046.66</ele></trkpt><trkpt lat="45.923715200000025" lon="6.8680349"><ele>1047.1</ele></trkpt><trkpt lat="45.92369999999999" lon="6.86794"><ele>1047.38</ele></trkpt><trkpt lat="45.923660199999986" lon="6.867824799999999"><ele>1048.27</ele></trkpt><trkpt lat="45.92362000000001" lon="6.86771"><ele>1048.82</ele></trkpt><trkpt lat="45.92356999999996" lon="6.867729999999999"><ele>1048.81</ele></trkpt><trkpt lat="45.923519999999996" lon="6.86771"><ele>1048.79</ele></trkpt><trkpt lat="45.92347999999999" lon="6.8676499999999985"><ele>1049.11</ele></trkpt><trkpt lat="45.92347" lon="6.867569999999999"><ele>1049.16</ele></trkpt><trkpt lat="45.923395000000006" lon="6.86756"><ele>1049.15</ele></trkpt><trkpt lat="45.92331999999999" lon="6.86755"><ele>1048.44</ele></trkpt><trkpt lat="45.923292100000005" lon="6.8675297"><ele>1048.34</ele></trkpt><trkpt lat="45.9232237" lon="6.867479699999999"><ele>1048.06</ele></trkpt><trkpt lat="45.923134999999995" lon="6.8674148"><ele>1047.72</ele></trkpt><trkpt lat="45.9230464" lon="6.8673501"><ele>1047.51</ele></trkpt><trkpt lat="45.922977999999986" lon="6.867300199999999"><ele>1047.45</ele></trkpt><trkpt lat="45.92295000000003" lon="6.86728"><ele>1047.29</ele></trkpt><trkpt lat="45.92292589999999" lon="6.867278499999999"><ele>1047.13</ele></trkpt><trkpt lat="45.922863500000005" lon="6.8672751"><ele>1046.79</ele></trkpt><trkpt lat="45.92277560000001" lon="6.8672703"><ele>1046.52</ele></trkpt><trkpt lat="45.92267500000001" lon="6.8672648"><ele>1046.26</ele></trkpt><trkpt lat="45.92257440000001" lon="6.867259400000001"><ele>1046.01</ele></trkpt><trkpt lat="45.92248649999999" lon="6.8672547"><ele>1045.6</ele></trkpt><trkpt lat="45.92242410000001" lon="6.867251300000001"><ele>1045.18</ele></trkpt><trkpt lat="45.92240000000002" lon="6.867249999999999"><ele>1044.88</ele></trkpt><trkpt lat="45.92233500000002" lon="6.8672352"><ele>1044.62</ele></trkpt><trkpt lat="45.92226999999999" lon="6.86722"><ele>1044.84</ele></trkpt><trkpt lat="45.92221249999998" lon="6.8671940000000005"><ele>1044.92</ele></trkpt><trkpt lat="45.92210750000002" lon="6.8671462"><ele>1045.16</ele></trkpt><trkpt lat="45.922050000000006" lon="6.86712"><ele>1045.28</ele></trkpt><trkpt lat="45.9220257" lon="6.867107000000001"><ele>1045.28</ele></trkpt><trkpt lat="45.92196419999999" lon="6.867074099999999"><ele>1045.41</ele></trkpt><trkpt lat="45.921880499999986" lon="6.8670294"><ele>1045.55</ele></trkpt><trkpt lat="45.92178939999999" lon="6.866980600000001"><ele>1045.71</ele></trkpt><trkpt lat="45.92170579999998" lon="6.8669359000000005"><ele>1045.86</ele></trkpt><trkpt lat="45.9216443" lon="6.866903"><ele>1045.98</ele></trkpt><trkpt lat="45.92161999999999" lon="6.866890000000001"><ele>1046.02</ele></trkpt><trkpt lat="45.9215957" lon="6.866876999999999"><ele>1046.13</ele></trkpt><trkpt lat="45.921534199999996" lon="6.866844200000001"><ele>1046.21</ele></trkpt><trkpt lat="45.92145049999999" lon="6.866799399999999"><ele>1046.43</ele></trkpt><trkpt lat="45.921359400000014" lon="6.866750699999999"><ele>1046.41</ele></trkpt><trkpt lat="45.92127569999998" lon="6.866705900000001"><ele>1046.29</ele></trkpt><trkpt lat="45.9212143" lon="6.8666731"><ele>1046.06</ele></trkpt><trkpt lat="45.92118999999999" lon="6.86666"><ele>1046.11</ele></trkpt><trkpt lat="45.9211149" lon="6.866595199999999"><ele>1046.14</ele></trkpt><trkpt lat="45.92104000000003" lon="6.866529999999999"><ele>1046.47</ele></trkpt><trkpt lat="45.920989899999995" lon="6.866475100000001"><ele>1046.52</ele></trkpt><trkpt lat="45.920939999999995" lon="6.866420000000001"><ele>1046.5</ele></trkpt><trkpt lat="45.92091249999998" lon="6.8663809"><ele>1046.5</ele></trkpt><trkpt lat="45.92084829999998" lon="6.866289400000001"><ele>1046.5</ele></trkpt><trkpt lat="45.920771800000026" lon="6.8661805"><ele>1046.5</ele></trkpt><trkpt lat="45.920707500000006" lon="6.866088999999999"><ele>1046.43</ele></trkpt><trkpt lat="45.92068000000001" lon="6.866050000000002"><ele>1046.23</ele></trkpt><trkpt lat="45.920570000000005" lon="6.86599"><ele>1045.68</ele></trkpt><trkpt lat="45.92054580000002" lon="6.8659674"><ele>1045.5</ele></trkpt><trkpt lat="45.9204866" lon="6.8659119"><ele>1045.37</ele></trkpt><trkpt lat="45.92040999999998" lon="6.86584"><ele>1045.08</ele></trkpt><trkpt lat="45.920333400000004" lon="6.865768100000001"><ele>1045.03</ele></trkpt><trkpt lat="45.9202742" lon="6.865712600000002"><ele>1044.95</ele></trkpt><trkpt lat="45.92025000000002" lon="6.865690000000002"><ele>1044.84</ele></trkpt><trkpt lat="45.920175099999994" lon="6.865644700000001"><ele>1044.65</ele></trkpt><trkpt lat="45.920099999999984" lon="6.865599999999999"><ele>1044.28</ele></trkpt><trkpt lat="45.92005570000002" lon="6.865590400000001"><ele>1044.02</ele></trkpt><trkpt lat="45.91995999999999" lon="6.865569900000001"><ele>1043.27</ele></trkpt><trkpt lat="45.91986430000001" lon="6.865549400000002"><ele>1042.67</ele></trkpt><trkpt lat="45.91982000000002" lon="6.86554"><ele>1042.47</ele></trkpt><trkpt lat="45.9197757" lon="6.865535200000001"><ele>1042.09</ele></trkpt><trkpt lat="45.91968" lon="6.8655249000000005"><ele>1041.68</ele></trkpt><trkpt lat="45.9195843" lon="6.8655146"><ele>1041.3</ele></trkpt><trkpt lat="45.919539999999984" lon="6.8655100000000004"><ele>1041.17</ele></trkpt><trkpt lat="45.91948" lon="6.86554"><ele>1040.96</ele></trkpt><trkpt lat="45.91937999999998" lon="6.86556"><ele>1040.58</ele></trkpt><trkpt lat="45.919325099999995" lon="6.865539200000001"><ele>1040.4</ele></trkpt><trkpt lat="45.91922490000001" lon="6.8655008"><ele>1039.86</ele></trkpt><trkpt lat="45.91917000000002" lon="6.86548"><ele>1039.79</ele></trkpt><trkpt lat="45.91910000000002" lon="6.8655100000000004"><ele>1039.86</ele></trkpt><trkpt lat="45.91901999999999" lon="6.86546"><ele>1039.77</ele></trkpt><trkpt lat="45.91901000000002" lon="6.865420000000001"><ele>1039.77</ele></trkpt><trkpt lat="45.91899999999998" lon="6.86533"><ele>1039.76</ele></trkpt><trkpt lat="45.91903" lon="6.865249999999999"><ele>1039.66</ele></trkpt><trkpt lat="45.919004900000004" lon="6.865165"><ele>1039.28</ele></trkpt><trkpt lat="45.918980000000005" lon="6.865080000000001"><ele>1039.12</ele></trkpt><trkpt lat="45.91903" lon="6.86496"><ele>1039.28</ele></trkpt><trkpt lat="45.91901000000002" lon="6.86483"><ele>1039.47</ele></trkpt><trkpt lat="45.91900019999998" lon="6.864810200000001"><ele>1039.65</ele></trkpt><trkpt lat="45.91897389999998" lon="6.8647569"><ele>1039.82</ele></trkpt><trkpt lat="45.91893479999999" lon="6.8646778"><ele>1040.22</ele></trkpt><trkpt lat="45.9188866" lon="6.8645800999999995"><ele>1040.54</ele></trkpt><trkpt lat="45.91883279999999" lon="6.864471299999999"><ele>1040.82</ele></trkpt><trkpt lat="45.918777200000015" lon="6.864358700000001"><ele>1040.81</ele></trkpt><trkpt lat="45.9187234" lon="6.864249899999999"><ele>1040.83</ele></trkpt><trkpt lat="45.918675099999994" lon="6.864152200000001"><ele>1040.73</ele></trkpt><trkpt lat="45.91863599999999" lon="6.864073099999999"><ele>1040.83</ele></trkpt><trkpt lat="45.91860980000002" lon="6.8640198"><ele>1040.89</ele></trkpt><trkpt lat="45.918600000000005" lon="6.864"><ele>1041.04</ele></trkpt><trkpt lat="45.91858510000002" lon="6.863954599999999"><ele>1041.1</ele></trkpt><trkpt lat="45.91855050000002" lon="6.863848300000001"><ele>1041.2</ele></trkpt><trkpt lat="45.9185093" lon="6.8637218"><ele>1041.35</ele></trkpt><trkpt lat="45.9184748" lon="6.863615500000001"><ele>1041.68</ele></trkpt><trkpt lat="45.91846000000001" lon="6.86357"><ele>1041.72</ele></trkpt><trkpt lat="45.91845230000003" lon="6.863541599999999"><ele>1041.72</ele></trkpt><trkpt lat="45.918432" lon="6.863467"><ele>1041.86</ele></trkpt><trkpt lat="45.918402799999996" lon="6.8633594"><ele>1042.09</ele></trkpt><trkpt lat="45.918368199999996" lon="6.863232000000001"><ele>1042.33</ele></trkpt><trkpt lat="45.91833179999999" lon="6.863097999999999"><ele>1042.37</ele></trkpt><trkpt lat="45.9182972" lon="6.8629706"><ele>1042.33</ele></trkpt><trkpt lat="45.91826789999999" lon="6.862863000000001"><ele>1042.4</ele></trkpt><trkpt lat="45.918247699999995" lon="6.8627884"><ele>1042.48</ele></trkpt><trkpt lat="45.918240000000004" lon="6.862759999999998"><ele>1042.55</ele></trkpt><trkpt lat="45.918231600000006" lon="6.862717700000001"><ele>1042.59</ele></trkpt><trkpt lat="45.91821129999999" lon="6.8626142"><ele>1042.62</ele></trkpt><trkpt lat="45.91818489999999" lon="6.86248"><ele>1042.76</ele></trkpt><trkpt lat="45.9181586" lon="6.8623459"><ele>1042.85</ele></trkpt><trkpt lat="45.9181383" lon="6.862242299999999"><ele>1042.7</ele></trkpt><trkpt lat="45.918130000000005" lon="6.862199999999999"><ele>1042.95</ele></trkpt><trkpt lat="45.9181257" lon="6.862163499999999"><ele>1043.2</ele></trkpt><trkpt lat="45.91811499999999" lon="6.862071399999999"><ele>1043.55</ele></trkpt><trkpt lat="45.91810040000003" lon="6.861945799999998"><ele>1043.7</ele></trkpt><trkpt lat="45.91808449999999" lon="6.8618092"><ele>1044.25</ele></trkpt><trkpt lat="45.9180699" lon="6.861683700000001"><ele>1044.45</ele></trkpt><trkpt lat="45.9180592" lon="6.8615915"><ele>1044.68</ele></trkpt><trkpt lat="45.91805500000001" lon="6.861555"><ele>1044.83</ele></trkpt><trkpt lat="45.9180508" lon="6.8615185"><ele>1044.99</ele></trkpt><trkpt lat="45.918039999999976" lon="6.8614264"><ele>1045.21</ele></trkpt><trkpt lat="45.918025499999985" lon="6.8613008"><ele>1045.67</ele></trkpt><trkpt lat="45.9180096" lon="6.861164199999999"><ele>1045.89</ele></trkpt><trkpt lat="45.917995000000005" lon="6.861038599999999"><ele>1046.27</ele></trkpt><trkpt lat="45.91798430000001" lon="6.860946500000001"><ele>1046.53</ele></trkpt><trkpt lat="45.91797999999999" lon="6.86091"><ele>1046.6</ele></trkpt><trkpt lat="45.91797669999999" lon="6.8608862"><ele>1046.6</ele></trkpt><trkpt lat="45.917967699999956" lon="6.860822400000001"><ele>1046.77</ele></trkpt><trkpt lat="45.91795429999999" lon="6.8607275"><ele>1046.91</ele></trkpt><trkpt lat="45.917937899999984" lon="6.860610399999999"><ele>1047.17</ele></trkpt><trkpt lat="45.917919500000025" lon="6.860479999999999"><ele>1047.41</ele></trkpt><trkpt lat="45.9179005" lon="6.860344999999999"><ele>1047.88</ele></trkpt><trkpt lat="45.91788220000001" lon="6.8602146"><ele>1048.05</ele></trkpt><trkpt lat="45.91786570000001" lon="6.8600974"><ele>1048.15</ele></trkpt><trkpt lat="45.91785229999999" lon="6.8600025"><ele>1048.19</ele></trkpt><trkpt lat="45.91784330000001" lon="6.859938799999999"><ele>1048.19</ele></trkpt><trkpt lat="45.917840000000005" lon="6.859915"><ele>1048.04</ele></trkpt><trkpt lat="45.917836700000024" lon="6.859891199999999"><ele>1048.04</ele></trkpt><trkpt lat="45.91782769999999" lon="6.859827400000001"><ele>1048</ele></trkpt><trkpt lat="45.917814299999996" lon="6.8597325"><ele>1047.99</ele></trkpt><trkpt lat="45.91779789999999" lon="6.859615400000001"><ele>1047.72</ele></trkpt><trkpt lat="45.91777949999998" lon="6.8594849"><ele>1047.53</ele></trkpt><trkpt lat="45.91776049999998" lon="6.85935"><ele>1047.79</ele></trkpt><trkpt lat="45.91774219999999" lon="6.8592195999999985"><ele>1048.03</ele></trkpt><trkpt lat="45.91772570000001" lon="6.8591024"><ele>1048.38</ele></trkpt><trkpt lat="45.9177123" lon="6.859007500000001"><ele>1048.2</ele></trkpt><trkpt lat="45.917703399999986" lon="6.8589438"><ele>1048.33</ele></trkpt><trkpt lat="45.91770000000001" lon="6.858920000000001"><ele>1048.33</ele></trkpt><trkpt lat="45.91769540000003" lon="6.858894699999999"><ele>1048.42</ele></trkpt><trkpt lat="45.917683199999985" lon="6.8588276"><ele>1048.23</ele></trkpt><trkpt lat="45.91766530000002" lon="6.858729199999999"><ele>1048.55</ele></trkpt><trkpt lat="45.9176436" lon="6.858609800000001"><ele>1048.34</ele></trkpt><trkpt lat="45.91762" lon="6.85848"><ele>1048.29</ele></trkpt><trkpt lat="45.91759640000002" lon="6.858350199999999"><ele>1048.25</ele></trkpt><trkpt lat="45.91757469999998" lon="6.858230800000001"><ele>1048.42</ele></trkpt><trkpt lat="45.91755680000001" lon="6.8581323"><ele>1048.31</ele></trkpt><trkpt lat="45.91754459999999" lon="6.8580653"><ele>1048.47</ele></trkpt><trkpt lat="45.91754000000001" lon="6.858039999999999"><ele>1048.32</ele></trkpt><trkpt lat="45.9175334" lon="6.8580092"><ele>1048.32</ele></trkpt><trkpt lat="45.91751640000001" lon="6.8579298"><ele>1048.43</ele></trkpt><trkpt lat="45.917492400000015" lon="6.857818000000001"><ele>1048.55</ele></trkpt><trkpt lat="45.91746499999999" lon="6.857689999999999"><ele>1048.4</ele></trkpt><trkpt lat="45.9174375" lon="6.857561999999999"><ele>1048.33</ele></trkpt><trkpt lat="45.9174136" lon="6.8574502"><ele>1048.24</ele></trkpt><trkpt lat="45.91739659999999" lon="6.8573708"><ele>1048.36</ele></trkpt><trkpt lat="45.917390000000005" lon="6.857339999999999"><ele>1048.24</ele></trkpt><trkpt lat="45.91738659999997" lon="6.857319199999999"><ele>1048.24</ele></trkpt><trkpt lat="45.91737739999999" lon="6.8572624"><ele>1048.31</ele></trkpt><trkpt lat="45.917363499999986" lon="6.8571763"><ele>1048.43</ele></trkpt><trkpt lat="45.917345799999985" lon="6.8570671999999995"><ele>1048.34</ele></trkpt><trkpt lat="45.91732559999999" lon="6.856941899999999"><ele>1048.3</ele></trkpt><trkpt lat="45.91730369999998" lon="6.8568067"><ele>1048.48</ele></trkpt><trkpt lat="45.91728130000003" lon="6.856668300000001"><ele>1048.44</ele></trkpt><trkpt lat="45.91725940000001" lon="6.8565331"><ele>1048.34</ele></trkpt><trkpt lat="45.91723910000002" lon="6.8564077999999995"><ele>1048.1</ele></trkpt><trkpt lat="45.91722149999996" lon="6.856298700000002"><ele>1048.04</ele></trkpt><trkpt lat="45.91720759999998" lon="6.856212600000001"><ele>1047.76</ele></trkpt><trkpt lat="45.9171984" lon="6.8561558"><ele>1047.73</ele></trkpt><trkpt lat="45.91719499999997" lon="6.856134999999998"><ele>1047.75</ele></trkpt><trkpt lat="45.917191599999995" lon="6.8561142"><ele>1047.75</ele></trkpt><trkpt lat="45.91718239999999" lon="6.8560574"><ele>1047.47</ele></trkpt><trkpt lat="45.9171685" lon="6.855971299999999"><ele>1047.47</ele></trkpt><trkpt lat="45.9171509" lon="6.855862200000001"><ele>1047.21</ele></trkpt><trkpt lat="45.91713060000001" lon="6.855736900000001"><ele>1047.21</ele></trkpt><trkpt lat="45.91710870000002" lon="6.8556017"><ele>1046.85</ele></trkpt><trkpt lat="45.917086299999994" lon="6.8554633"><ele>1046.54</ele></trkpt><trkpt lat="45.9170644" lon="6.8553281"><ele>1046.29</ele></trkpt><trkpt lat="45.91704420000001" lon="6.8552028"><ele>1045.81</ele></trkpt><trkpt lat="45.917026500000006" lon="6.855093700000001"><ele>1045.48</ele></trkpt><trkpt lat="45.9170126" lon="6.855007600000001"><ele>1045.2</ele></trkpt><trkpt lat="45.91700339999999" lon="6.854950799999999"><ele>1044.77</ele></trkpt><trkpt lat="45.917000000000016" lon="6.85493"><ele>1044.77</ele></trkpt><trkpt lat="45.916992699999994" lon="6.8548918"><ele>1044.69</ele></trkpt><trkpt lat="45.91697410000001" lon="6.854795400000001"><ele>1044.54</ele></trkpt><trkpt lat="45.91694879999999" lon="6.854663999999999"><ele>1044.47</ele></trkpt><trkpt lat="45.916921200000004" lon="6.854521"><ele>1043.91</ele></trkpt><trkpt lat="45.916895899999986" lon="6.8543896"><ele>1043.39</ele></trkpt><trkpt lat="45.9168773" lon="6.8542931"><ele>1043.06</ele></trkpt><trkpt lat="45.91687000000003" lon="6.854255000000001"><ele>1043.01</ele></trkpt><trkpt lat="45.916862600000016" lon="6.8542169"><ele>1043</ele></trkpt><trkpt lat="45.91684409999998" lon="6.8541204"><ele>1042.78</ele></trkpt><trkpt lat="45.91681869999999" lon="6.853988999999999"><ele>1042.54</ele></trkpt><trkpt lat="45.9167912" lon="6.853845999999999"><ele>1041.92</ele></trkpt><trkpt lat="45.91676590000001" lon="6.8537146"><ele>1041.84</ele></trkpt><trkpt lat="45.9167473" lon="6.853618199999999"><ele>1041.58</ele></trkpt><trkpt lat="45.916740000000004" lon="6.853579999999999"><ele>1041.59</ele></trkpt><trkpt lat="45.916736799999995" lon="6.853557399999999"><ele>1041.59</ele></trkpt><trkpt lat="45.916728000000006" lon="6.853496200000001"><ele>1041.5</ele></trkpt><trkpt lat="45.91671489999996" lon="6.853404200000001"><ele>1041.3</ele></trkpt><trkpt lat="45.91669839999998" lon="6.853289"><ele>1040.89</ele></trkpt><trkpt lat="45.9166797" lon="6.853158399999999"><ele>1040.69</ele></trkpt><trkpt lat="45.916659999999965" lon="6.85302"><ele>1040.15</ele></trkpt><trkpt lat="45.91664019999999" lon="6.852881700000002"><ele>1039.66</ele></trkpt><trkpt lat="45.91662159999998" lon="6.852751"><ele>1039.44</ele></trkpt><trkpt lat="45.916605100000005" lon="6.8526358"><ele>1038.69</ele></trkpt><trkpt lat="45.916592" lon="6.8525438"><ele>1038.23</ele></trkpt><trkpt lat="45.91658319999999" lon="6.8524826"><ele>1037.78</ele></trkpt><trkpt lat="45.91658000000001" lon="6.85246"><ele>1037.55</ele></trkpt><trkpt lat="45.9165768" lon="6.8524374"><ele>1037.55</ele></trkpt><trkpt lat="45.916567999999984" lon="6.8523762"><ele>1037.1</ele></trkpt><trkpt lat="45.91655489999999" lon="6.852284200000001"><ele>1036.47</ele></trkpt><trkpt lat="45.91653840000001" lon="6.852169"><ele>1035.94</ele></trkpt><trkpt lat="45.9165198" lon="6.8520382999999985"><ele>1034.93</ele></trkpt><trkpt lat="45.9165" lon="6.8519000000000005"><ele>1034.23</ele></trkpt><trkpt lat="45.91648029999999" lon="6.8517616"><ele>1033.44</ele></trkpt><trkpt lat="45.916461600000005" lon="6.851631"><ele>1032.71</ele></trkpt><trkpt lat="45.916445100000004" lon="6.8515158"><ele>1032.07</ele></trkpt><trkpt lat="45.91643199999998" lon="6.8514238"><ele>1031.34</ele></trkpt><trkpt lat="45.91642319999999" lon="6.8513626"><ele>1031.16</ele></trkpt><trkpt lat="45.91642000000004" lon="6.851340000000001"><ele>1031.03</ele></trkpt><trkpt lat="45.91640180000002" lon="6.8512512"><ele>1030.28</ele></trkpt><trkpt lat="45.9163684" lon="6.851088699999999"><ele>1029.34</ele></trkpt><trkpt lat="45.91634999999999" lon="6.851000000000001"><ele>1028.83</ele></trkpt><trkpt lat="45.91633569999999" lon="6.850958500000001"><ele>1028.37</ele></trkpt><trkpt lat="45.91630060000001" lon="6.850856799999999"><ele>1027.57</ele></trkpt><trkpt lat="45.916255100000015" lon="6.850725"><ele>1026.65</ele></trkpt><trkpt lat="45.91620950000001" lon="6.850593199999999"><ele>1026.03</ele></trkpt><trkpt lat="45.916174399999974" lon="6.850491500000001"><ele>1025.68</ele></trkpt><trkpt lat="45.91615999999998" lon="6.850450000000001"><ele>1025.46</ele></trkpt><trkpt lat="45.916139399999985" lon="6.850399200000001"><ele>1025.21</ele></trkpt><trkpt lat="45.91609509999999" lon="6.8502899"><ele>1024.67</ele></trkpt><trkpt lat="45.916050699999985" lon="6.8501807"><ele>1024.07</ele></trkpt><trkpt lat="45.91602999999999" lon="6.850129999999999"><ele>1023.94</ele></trkpt><trkpt lat="45.915980000000005" lon="6.8500700000000005"><ele>1023.32</ele></trkpt><trkpt lat="45.915889999999976" lon="6.85005"><ele>1023.03</ele></trkpt><trkpt lat="45.915880699999995" lon="6.850019299999999"><ele>1023.03</ele></trkpt><trkpt lat="45.9158569" lon="6.8499399"><ele>1022.99</ele></trkpt><trkpt lat="45.91582339999998" lon="6.8498281"><ele>1023.01</ele></trkpt><trkpt lat="45.91578499999999" lon="6.8496999999999995"><ele>1022.66</ele></trkpt><trkpt lat="45.915746600000006" lon="6.849571899999998"><ele>1022.55</ele></trkpt><trkpt lat="45.91571310000001" lon="6.849460099999999"><ele>1022.6</ele></trkpt><trkpt lat="45.91568929999999" lon="6.849380699999999"><ele>1022.59</ele></trkpt><trkpt lat="45.91568000000001" lon="6.84935"><ele>1022.59</ele></trkpt><trkpt lat="45.91564999999999" lon="6.8493055"><ele>1022.6</ele></trkpt><trkpt lat="45.91558509999999" lon="6.849209900000001"><ele>1022.6</ele></trkpt><trkpt lat="45.91552010000001" lon="6.8491144"><ele>1022.59</ele></trkpt><trkpt lat="45.91548999999997" lon="6.84907"><ele>1022.61</ele></trkpt><trkpt lat="45.91546640000002" lon="6.8489995"><ele>1022.62</ele></trkpt><trkpt lat="45.9154236" lon="6.8488706"><ele>1022.87</ele></trkpt><trkpt lat="45.9154" lon="6.848799999999999"><ele>1023.12</ele></trkpt><trkpt lat="45.91537149999997" lon="6.848754"><ele>1023.14</ele></trkpt><trkpt lat="45.91531" lon="6.848654999999999"><ele>1023.34</ele></trkpt><trkpt lat="45.915248399999996" lon="6.848556"><ele>1023.63</ele></trkpt><trkpt lat="45.91522" lon="6.848510000000001"><ele>1023.65</ele></trkpt><trkpt lat="45.9152" lon="6.848369999999999"><ele>1023.98</ele></trkpt><trkpt lat="45.915170100000005" lon="6.848274900000001"><ele>1024.01</ele></trkpt><trkpt lat="45.915140000000015" lon="6.84818"><ele>1024.03</ele></trkpt><trkpt lat="45.915117800000004" lon="6.8481308"><ele>1023.94</ele></trkpt><trkpt lat="45.91506989999999" lon="6.848025"><ele>1024.36</ele></trkpt><trkpt lat="45.91502209999998" lon="6.847919199999999"><ele>1023.87</ele></trkpt><trkpt lat="45.91499999999999" lon="6.847870000000001"><ele>1023.98</ele></trkpt><trkpt lat="45.91498719999999" lon="6.8478183"><ele>1024.06</ele></trkpt><trkpt lat="45.914957500000014" lon="6.8476972"><ele>1024.26</ele></trkpt><trkpt lat="45.914922200000014" lon="6.847552900000001"><ele>1024.06</ele></trkpt><trkpt lat="45.91489259999999" lon="6.847431800000001"><ele>1023.49</ele></trkpt><trkpt lat="45.914879999999975" lon="6.847379999999999"><ele>1023.06</ele></trkpt><trkpt lat="45.9148721" lon="6.8473229"><ele>1022.94</ele></trkpt><trkpt lat="45.91485510000003" lon="6.8472"><ele>1022.36</ele></trkpt><trkpt lat="45.91483809999999" lon="6.847077"><ele>1021.53</ele></trkpt><trkpt lat="45.91482999999998" lon="6.84702"><ele>1021.81</ele></trkpt><trkpt lat="45.91480480000001" lon="6.846966"><ele>1021.78</ele></trkpt><trkpt lat="45.91475020000002" lon="6.846849800000001"><ele>1021.59</ele></trkpt><trkpt lat="45.9146954" lon="6.846733700000001"><ele>1021.52</ele></trkpt><trkpt lat="45.914670000000015" lon="6.84668"><ele>1021.85</ele></trkpt><trkpt lat="45.91460519999998" lon="6.8465997"><ele>1023.19</ele></trkpt><trkpt lat="45.91453999999998" lon="6.84652"><ele>1025.05</ele></trkpt><trkpt lat="45.9145227" lon="6.846508099999999"><ele>1024.53</ele></trkpt><trkpt lat="45.91447659999999" lon="6.846476399999999"><ele>1025.71</ele></trkpt><trkpt lat="45.9144089" lon="6.84643"><ele>1027.9</ele></trkpt><trkpt lat="45.91432680000001" lon="6.846373699999999"><ele>1031.91</ele></trkpt><trkpt lat="45.91423750000002" lon="6.8463124"><ele>1033.98</ele></trkpt><trkpt lat="45.91414820000001" lon="6.8462512"><ele>1031</ele></trkpt><trkpt lat="45.914066200000015" lon="6.8461948999999995"><ele>1031.87</ele></trkpt><trkpt lat="45.91399849999999" lon="6.8461485"><ele>1032.59</ele></trkpt><trkpt lat="45.91395229999999" lon="6.846116899999999"><ele>1030.69</ele></trkpt><trkpt lat="45.91393500000001" lon="6.846104999999999"><ele>1032.5</ele></trkpt><trkpt lat="45.9139177" lon="6.8460931"><ele>1031.4</ele></trkpt><trkpt lat="45.9138715" lon="6.8460614"><ele>1032.02</ele></trkpt><trkpt lat="45.9138039" lon="6.846015000000001"><ele>1029.96</ele></trkpt><trkpt lat="45.91372180000001" lon="6.8459585999999994"><ele>1029.63</ele></trkpt><trkpt lat="45.91363250000002" lon="6.845897400000001"><ele>1031.17</ele></trkpt><trkpt lat="45.91354330000003" lon="6.8458361000000005"><ele>1032.63</ele></trkpt><trkpt lat="45.91346120000001" lon="6.8457798"><ele>1033.74</ele></trkpt><trkpt lat="45.91339349999999" lon="6.8457334"><ele>1034.49</ele></trkpt><trkpt lat="45.913347399999985" lon="6.8457018"><ele>1034.19</ele></trkpt><trkpt lat="45.91333000000001" lon="6.84569"><ele>1032.67</ele></trkpt><trkpt lat="45.9132841" lon="6.8456896"><ele>1030.72</ele></trkpt><trkpt lat="45.91318500000002" lon="6.845689699999999"><ele>1026.41</ele></trkpt><trkpt lat="45.91308590000001" lon="6.8456899"><ele>1024.95</ele></trkpt><trkpt lat="45.91304" lon="6.84569"><ele>1024.68</ele></trkpt><trkpt lat="45.913014000000004" lon="6.845687200000001"><ele>1024.36</ele></trkpt><trkpt lat="45.91294829999999" lon="6.845680099999999"><ele>1024.84</ele></trkpt><trkpt lat="45.91285870000001" lon="6.8456705"><ele>1023.78</ele></trkpt><trkpt lat="45.91276120000002" lon="6.8456599"><ele>1022.61</ele></trkpt><trkpt lat="45.912671700000004" lon="6.8456502"><ele>1022.96</ele></trkpt><trkpt lat="45.91260599999997" lon="6.845643"><ele>1022.59</ele></trkpt><trkpt lat="45.91257999999999" lon="6.845640000000001"><ele>1023.13</ele></trkpt><trkpt lat="45.9125607" lon="6.845630300000001"><ele>1023.13</ele></trkpt><trkpt lat="45.91251" lon="6.8456045"><ele>1022.42</ele></trkpt><trkpt lat="45.91243689999999" lon="6.845567399999999"><ele>1022.5</ele></trkpt><trkpt lat="45.912350400000015" lon="6.845523299999999"><ele>1022.63</ele></trkpt><trkpt lat="45.91225950000001" lon="6.845477"><ele>1022.88</ele></trkpt><trkpt lat="45.91217299999999" lon="6.845432999999999"><ele>1024.1</ele></trkpt><trkpt lat="45.9121" lon="6.8453957"><ele>1025.72</ele></trkpt><trkpt lat="45.9120493" lon="6.845369899999999"><ele>1026.93</ele></trkpt><trkpt lat="45.91203000000001" lon="6.8453599999999994"><ele>1026.49</ele></trkpt><trkpt lat="45.91200029999996" lon="6.845336800000001"><ele>1027.41</ele></trkpt><trkpt lat="45.91193109999997" lon="6.845282500000001"><ele>1027.03</ele></trkpt><trkpt lat="45.91184879999998" lon="6.845217800000001"><ele>1024.32</ele></trkpt><trkpt lat="45.911779599999996" lon="6.8451634"><ele>1025.4</ele></trkpt><trkpt lat="45.91174999999999" lon="6.845140000000001"><ele>1025.4</ele></trkpt><trkpt lat="45.91170549999998" lon="6.845085199999999"><ele>1025.11</ele></trkpt><trkpt lat="45.911624399999994" lon="6.844984900000001"><ele>1024.63</ele></trkpt><trkpt lat="45.91158000000001" lon="6.84493"><ele>1024.62</ele></trkpt><trkpt lat="45.91152779999999" lon="6.844880400000002"><ele>1024.16</ele></trkpt><trkpt lat="45.9114322" lon="6.8447897"><ele>1024.17</ele></trkpt><trkpt lat="45.91138000000001" lon="6.844739999999999"><ele>1024.22</ele></trkpt><trkpt lat="45.91133819999999" lon="6.8446695"><ele>1024.81</ele></trkpt><trkpt lat="45.9112619" lon="6.844540400000001"><ele>1025.9</ele></trkpt><trkpt lat="45.91122000000001" lon="6.84447"><ele>1027.47</ele></trkpt><trkpt lat="45.91120069999999" lon="6.8444532"><ele>1026.98</ele></trkpt><trkpt lat="45.911150799999994" lon="6.8444102"><ele>1026.78</ele></trkpt><trkpt lat="45.91108040000001" lon="6.844349500000001"><ele>1027.11</ele></trkpt><trkpt lat="45.91099990000001" lon="6.8442801"><ele>1025.91</ele></trkpt><trkpt lat="45.910919400000004" lon="6.8442107"><ele>1025.3</ele></trkpt><trkpt lat="45.910849200000015" lon="6.84415"><ele>1024.22</ele></trkpt><trkpt lat="45.910799299999994" lon="6.844106799999999"><ele>1025.42</ele></trkpt><trkpt lat="45.910779999999974" lon="6.84409"><ele>1026.66</ele></trkpt><trkpt lat="45.91076549999998" lon="6.8440539"><ele>1026.66</ele></trkpt><trkpt lat="45.9107304" lon="6.843965100000001"><ele>1028.62</ele></trkpt><trkpt lat="45.910684899999985" lon="6.843850099999999"><ele>1029.07</ele></trkpt><trkpt lat="45.910639500000016" lon="6.843735"><ele>1029.99</ele></trkpt><trkpt lat="45.910604400000004" lon="6.8436462"><ele>1031.13</ele></trkpt><trkpt lat="45.91059000000001" lon="6.843609999999999"><ele>1031.82</ele></trkpt><trkpt lat="45.91057250000001" lon="6.843588399999999"><ele>1031.48</ele></trkpt><trkpt lat="45.91052709999996" lon="6.8435328"><ele>1032.2</ele></trkpt><trkpt lat="45.91046320000002" lon="6.843454600000001"><ele>1030.34</ele></trkpt><trkpt lat="45.91039000000001" lon="6.843365"><ele>1032.85</ele></trkpt><trkpt lat="45.910316800000004" lon="6.8432754"><ele>1033.26</ele></trkpt><trkpt lat="45.91025289999998" lon="6.8431972000000005"><ele>1029.93</ele></trkpt><trkpt lat="45.91020750000001" lon="6.843141600000001"><ele>1030.27</ele></trkpt><trkpt lat="45.91019000000001" lon="6.84312"><ele>1029.51</ele></trkpt><trkpt lat="45.910174" lon="6.843076700000001"><ele>1030.92</ele></trkpt><trkpt lat="45.910137" lon="6.8429754"><ele>1034.8</ele></trkpt><trkpt lat="45.910093" lon="6.842854699999999"><ele>1036.88</ele></trkpt><trkpt lat="45.91005600000001" lon="6.8427533"><ele>1039.64</ele></trkpt><trkpt lat="45.91004000000002" lon="6.84271"><ele>1039.64</ele></trkpt><trkpt lat="45.910014699999984" lon="6.8426792"><ele>1039.83</ele></trkpt><trkpt lat="45.909955300000014" lon="6.8426076"><ele>1039.03</ele></trkpt><trkpt lat="45.909884700000006" lon="6.8425224"><ele>1039.33</ele></trkpt><trkpt lat="45.90982529999998" lon="6.842450800000001"><ele>1039.44</ele></trkpt><trkpt lat="45.90979999999999" lon="6.842420000000001"><ele>1039.5</ele></trkpt><trkpt lat="45.909777700000014" lon="6.842361600000001"><ele>1039.37</ele></trkpt><trkpt lat="45.909729999999996" lon="6.842235"><ele>1039.86</ele></trkpt><trkpt lat="45.90968219999998" lon="6.842108500000001"><ele>1037.13</ele></trkpt><trkpt lat="45.909659999999995" lon="6.8420499999999995"><ele>1037.08</ele></trkpt><trkpt lat="45.90964139999999" lon="6.842020000000001"><ele>1035.8</ele></trkpt><trkpt lat="45.90959419999999" lon="6.841944300000001"><ele>1033.89</ele></trkpt><trkpt lat="45.90952999999997" lon="6.8418411"><ele>1034.02</ele></trkpt><trkpt lat="45.909459999999996" lon="6.841728899999999"><ele>1037.58</ele></trkpt><trkpt lat="45.9093958" lon="6.8416257"><ele>1038.88</ele></trkpt><trkpt lat="45.9093486" lon="6.84155"><ele>1039.35</ele></trkpt><trkpt lat="45.90933000000002" lon="6.841519999999999"><ele>1039.28</ele></trkpt><trkpt lat="45.909318100000014" lon="6.841492799999999"><ele>1039.28</ele></trkpt><trkpt lat="45.90928739999994" lon="6.841422499999999"><ele>1039.56</ele></trkpt><trkpt lat="45.9092443" lon="6.8413235"><ele>1040.43</ele></trkpt><trkpt lat="45.909194899999996" lon="6.841210099999999"><ele>1040.8</ele></trkpt><trkpt lat="45.90914549999999" lon="6.8410967"><ele>1040.11</ele></trkpt><trkpt lat="45.909102399999995" lon="6.8409977"><ele>1041.89</ele></trkpt><trkpt lat="45.90907179999999" lon="6.8409273"><ele>1042.19</ele></trkpt><trkpt lat="45.90906000000002" lon="6.8408999999999995"><ele>1042.56</ele></trkpt><trkpt lat="45.9090441" lon="6.8408368"><ele>1044.1</ele></trkpt><trkpt lat="45.909009999999995" lon="6.840699999999999"><ele>1047.85</ele></trkpt><trkpt lat="45.908975899999994" lon="6.8405632999999995"><ele>1049.19</ele></trkpt><trkpt lat="45.90896" lon="6.840499999999998"><ele>1047.71</ele></trkpt><trkpt lat="45.90893999999997" lon="6.8404524"><ele>1044.89</ele></trkpt><trkpt lat="45.9088929" lon="6.8403413"><ele>1040.52</ele></trkpt><trkpt lat="45.908836899999976" lon="6.840208800000001"><ele>1034.86</ele></trkpt><trkpt lat="45.908789899999995" lon="6.840097600000001"><ele>1030.15</ele></trkpt><trkpt lat="45.90876999999999" lon="6.84005"><ele>1029.25</ele></trkpt><trkpt lat="45.90876689999998" lon="6.840009199999999"><ele>1028.44</ele></trkpt><trkpt lat="45.90875949999999" lon="6.8399094"><ele>1026.43</ele></trkpt><trkpt lat="45.90874999999999" lon="6.83978"><ele>1025.95</ele></trkpt><trkpt lat="45.908740499999986" lon="6.8396506"><ele>1025.92</ele></trkpt><trkpt lat="45.90873319999999" lon="6.8395508000000005"><ele>1025.31</ele></trkpt><trkpt lat="45.908729999999984" lon="6.83951"><ele>1025.25</ele></trkpt><trkpt lat="45.9087199" lon="6.8394829"><ele>1024.97</ele></trkpt><trkpt lat="45.90869330000001" lon="6.839411999999999"><ele>1023.64</ele></trkpt><trkpt lat="45.9086548" lon="6.839309700000001"><ele>1024.18</ele></trkpt><trkpt lat="45.90860919999999" lon="6.839188600000001"><ele>1024.11</ele></trkpt><trkpt lat="45.90856120000002" lon="6.8390612"><ele>1024.85</ele></trkpt><trkpt lat="45.90851559999999" lon="6.838940099999999"><ele>1024.75</ele></trkpt><trkpt lat="45.908477000000005" lon="6.838837799999999"><ele>1024.33</ele></trkpt><trkpt lat="45.90845020000002" lon="6.838766999999999"><ele>1023.61</ele></trkpt><trkpt lat="45.908439999999985" lon="6.83874"><ele>1023.61</ele></trkpt><trkpt lat="45.9084225" lon="6.8387127"><ele>1022.76</ele></trkpt><trkpt lat="45.90837830000001" lon="6.838644099999999"><ele>1022.76</ele></trkpt><trkpt lat="45.90831800000001" lon="6.8385507"><ele>1022.6</ele></trkpt><trkpt lat="45.90825230000002" lon="6.838449"><ele>1020.15</ele></trkpt><trkpt lat="45.90819189999997" lon="6.838355599999999"><ele>1019.01</ele></trkpt><trkpt lat="45.90814760000001" lon="6.8382871"><ele>1019.29</ele></trkpt><trkpt lat="45.90813000000001" lon="6.83826"><ele>1018</ele></trkpt><trkpt lat="45.908102499999984" lon="6.8382251"><ele>1017.39</ele></trkpt><trkpt lat="45.90803819999999" lon="6.8381436"><ele>1016.55</ele></trkpt><trkpt lat="45.907961599999986" lon="6.8380466"><ele>1015.45</ele></trkpt><trkpt lat="45.90789739999999" lon="6.837965000000001"><ele>1013.81</ele></trkpt><trkpt lat="45.907869999999996" lon="6.83793"><ele>1014.1</ele></trkpt><trkpt lat="45.90785399999998" lon="6.8378815"><ele>1013.52</ele></trkpt><trkpt lat="45.907816900000014" lon="6.8377678"><ele>1012.41</ele></trkpt><trkpt lat="45.9077728" lon="6.8376324"><ele>1011.29</ele></trkpt><trkpt lat="45.907735800000005" lon="6.8375187"><ele>1011.61</ele></trkpt><trkpt lat="45.90771999999998" lon="6.837470000000001"><ele>1011.76</ele></trkpt><trkpt lat="45.9077041" lon="6.8373865"><ele>1011.25</ele></trkpt><trkpt lat="45.90767540000003" lon="6.8372337"><ele>1008.73</ele></trkpt><trkpt lat="45.90766000000001" lon="6.837150000000001"><ele>1009.08</ele></trkpt><trkpt lat="45.90768980000002" lon="6.837034999999999"><ele>1012.08</ele></trkpt><trkpt lat="45.90771999999998" lon="6.836919999999999"><ele>1012.78</ele></trkpt><trkpt lat="45.9077253" lon="6.836879899999999"><ele>1012.66</ele></trkpt><trkpt lat="45.9077383" lon="6.836782000000001"><ele>1012.06</ele></trkpt><trkpt lat="45.907755099999996" lon="6.836655"><ele>1010.73</ele></trkpt><trkpt lat="45.90777189999999" lon="6.8365281"><ele>1011.43</ele></trkpt><trkpt lat="45.907784800000016" lon="6.8364301"><ele>1014.17</ele></trkpt><trkpt lat="45.907790000000006" lon="6.83639"><ele>1014.43</ele></trkpt><trkpt lat="45.90775999999999" lon="6.836220000000001"><ele>1014.37</ele></trkpt><trkpt lat="45.90771509999999" lon="6.8361049"><ele>1013.43</ele></trkpt><trkpt lat="45.90766999999999" lon="6.835989999999999"><ele>1013.28</ele></trkpt><trkpt lat="45.90762519999999" lon="6.8359097"><ele>1013.96</ele></trkpt><trkpt lat="45.907579999999996" lon="6.8358300000000005"><ele>1016.3</ele></trkpt><trkpt lat="45.90754199999999" lon="6.8358061"><ele>1017.28</ele></trkpt><trkpt lat="45.90746" lon="6.835755"><ele>1018.1</ele></trkpt><trkpt lat="45.90737799999998" lon="6.8357038999999995"><ele>1019.42</ele></trkpt><trkpt lat="45.907339999999984" lon="6.835680000000001"><ele>1020.74</ele></trkpt><trkpt lat="45.90727490000001" lon="6.8355902"><ele>1018.25</ele></trkpt><trkpt lat="45.907210000000006" lon="6.835500000000001"><ele>1012.61</ele></trkpt><trkpt lat="45.9071831" lon="6.8354525"><ele>1012.47</ele></trkpt><trkpt lat="45.907125" lon="6.835349999999999"><ele>1011.09</ele></trkpt><trkpt lat="45.907067000000026" lon="6.8352475"><ele>1010.14</ele></trkpt><trkpt lat="45.907039999999995" lon="6.8351999999999995"><ele>1010.01</ele></trkpt><trkpt lat="45.90700349999999" lon="6.8351527"><ele>1010.73</ele></trkpt><trkpt lat="45.906936700000024" lon="6.835066899999999"><ele>1010.88</ele></trkpt><trkpt lat="45.9069" lon="6.835020000000001"><ele>1011.24</ele></trkpt><trkpt lat="45.906819900000016" lon="6.8349602"><ele>1010.7</ele></trkpt><trkpt lat="45.906740000000006" lon="6.834900000000001"><ele>1011.67</ele></trkpt><trkpt lat="45.906705800000005" lon="6.834821899999999"><ele>1012.87</ele></trkpt><trkpt lat="45.90664369999999" lon="6.8346786"><ele>1013.65</ele></trkpt><trkpt lat="45.90661" lon="6.834599999999999"><ele>1013.21</ele></trkpt><trkpt lat="45.9066031" lon="6.834555499999999"><ele>1013.7</ele></trkpt><trkpt lat="45.90658640000002" lon="6.8344464"><ele>1015.33</ele></trkpt><trkpt lat="45.906564800000005" lon="6.834304999999999"><ele>1017.45</ele></trkpt><trkpt lat="45.90654330000001" lon="6.8341636"><ele>1018.56</ele></trkpt><trkpt lat="45.90652670000001" lon="6.834054499999999"><ele>1020.83</ele></trkpt><trkpt lat="45.90652" lon="6.83401"><ele>1021.95</ele></trkpt><trkpt lat="45.90652990000002" lon="6.833885"><ele>1025.86</ele></trkpt><trkpt lat="45.90654" lon="6.833759999999998"><ele>1030.12</ele></trkpt><trkpt lat="45.9065352" lon="6.833645000000001"><ele>1034.51</ele></trkpt><trkpt lat="45.90653000000001" lon="6.8335300000000005"><ele>1040.8</ele></trkpt><trkpt lat="45.906479999999995" lon="6.83343"><ele>1041.35</ele></trkpt><trkpt lat="45.90646370000001" lon="6.8334190999999995"><ele>1039.14</ele></trkpt><trkpt lat="45.90642020000001" lon="6.833390100000001"><ele>1038.86</ele></trkpt><trkpt lat="45.90635640000001" lon="6.8333475"><ele>1036.41</ele></trkpt><trkpt lat="45.90627910000001" lon="6.833296"><ele>1032.41</ele></trkpt><trkpt lat="45.90619500000001" lon="6.833239900000001"><ele>1028.94</ele></trkpt><trkpt lat="45.90611089999996" lon="6.8331838000000005"><ele>1028.92</ele></trkpt><trkpt lat="45.90603360000002" lon="6.833132300000001"><ele>1024.59</ele></trkpt><trkpt lat="45.905969799999994" lon="6.8330898"><ele>1022.86</ele></trkpt><trkpt lat="45.905926400000006" lon="6.8330609"><ele>1021.68</ele></trkpt><trkpt lat="45.905910000000006" lon="6.83305"><ele>1021.68</ele></trkpt><trkpt lat="45.90587310000001" lon="6.833032"><ele>1020.47</ele></trkpt><trkpt lat="45.90578649999999" lon="6.8329901"><ele>1018.85</ele></trkpt><trkpt lat="45.90568350000001" lon="6.8329401"><ele>1016.59</ele></trkpt><trkpt lat="45.90559689999999" lon="6.8328980999999995"><ele>1014.61</ele></trkpt><trkpt lat="45.905559999999994" lon="6.832880000000001"><ele>1014.37</ele></trkpt><trkpt lat="45.905523200000026" lon="6.8328332"><ele>1014.09</ele></trkpt><trkpt lat="45.9054566" lon="6.832747300000001"><ele>1014.28</ele></trkpt><trkpt lat="45.90541999999998" lon="6.832700000000001"><ele>1014.46</ele></trkpt><trkpt lat="45.90539559999999" lon="6.832667200000001"><ele>1014.55</ele></trkpt><trkpt lat="45.90533880000002" lon="6.8325906000000005"><ele>1014.1</ele></trkpt><trkpt lat="45.90527109999999" lon="6.832499500000001"><ele>1012.79</ele></trkpt><trkpt lat="45.90521430000002" lon="6.832422900000001"><ele>1014.06</ele></trkpt><trkpt lat="45.905190000000005" lon="6.832389999999999"><ele>1012.88</ele></trkpt><trkpt lat="45.90517410000002" lon="6.832361200000001"><ele>1014.04</ele></trkpt><trkpt lat="45.90513410000001" lon="6.832288400000001"><ele>1018.36</ele></trkpt><trkpt lat="45.90507949999999" lon="6.8321892"><ele>1019.51</ele></trkpt><trkpt lat="45.905020199999996" lon="6.832081100000001"><ele>1017.73</ele></trkpt><trkpt lat="45.90496569999999" lon="6.8319819"><ele>1017.5</ele></trkpt><trkpt lat="45.90492580000001" lon="6.8319090000000005"><ele>1016.86</ele></trkpt><trkpt lat="45.90491000000002" lon="6.831880000000001"><ele>1016.52</ele></trkpt><trkpt lat="45.9049014" lon="6.8318461"><ele>1018.49</ele></trkpt><trkpt lat="45.904880000000006" lon="6.831760399999999"><ele>1020.29</ele></trkpt><trkpt lat="45.90485079999999" lon="6.8316436000000005"><ele>1021.45</ele></trkpt><trkpt lat="45.90481909999999" lon="6.8315164"><ele>1022.11</ele></trkpt><trkpt lat="45.90478999999998" lon="6.831399600000002"><ele>1021.59</ele></trkpt><trkpt lat="45.904768600000004" lon="6.8313139"><ele>1022.21</ele></trkpt><trkpt lat="45.90476000000001" lon="6.83128"><ele>1021.1</ele></trkpt><trkpt lat="45.90475159999999" lon="6.831261399999999"><ele>1021.63</ele></trkpt><trkpt lat="45.9047286" lon="6.8312111"><ele>1020.6</ele></trkpt><trkpt lat="45.9046941" lon="6.8311355"><ele>1019.93</ele></trkpt><trkpt lat="45.90465099999999" lon="6.8310408"><ele>1019.58</ele></trkpt><trkpt lat="45.904602" lon="6.830933500000001"><ele>1018.03</ele></trkpt><trkpt lat="45.904550099999994" lon="6.8308199"><ele>1017.06</ele></trkpt><trkpt lat="45.904498300000014" lon="6.8307062"><ele>1018.03</ele></trkpt><trkpt lat="45.904449299999996" lon="6.830598900000001"><ele>1017.05</ele></trkpt><trkpt lat="45.90440610000001" lon="6.830504299999999"><ele>1018.04</ele></trkpt><trkpt lat="45.90437150000002" lon="6.830428800000001"><ele>1017.41</ele></trkpt><trkpt lat="45.904348499999976" lon="6.8303785"><ele>1018.78</ele></trkpt><trkpt lat="45.90433999999998" lon="6.830360000000001"><ele>1018.65</ele></trkpt><trkpt lat="45.9043274" lon="6.8303439"><ele>1018.65</ele></trkpt><trkpt lat="45.904293399999986" lon="6.830300900000001"><ele>1018.11</ele></trkpt><trkpt lat="45.90424289999998" lon="6.8302369999999994"><ele>1015.36</ele></trkpt><trkpt lat="45.904180499999995" lon="6.830158099999999"><ele>1013.5</ele></trkpt><trkpt lat="45.904111000000015" lon="6.830070299999999"><ele>1012.32</ele></trkpt><trkpt lat="45.90403920000001" lon="6.8299794"><ele>1013.72</ele></trkpt><trkpt lat="45.903969700000026" lon="6.829891600000001"><ele>1016.61</ele></trkpt><trkpt lat="45.903907300000014" lon="6.8298127"><ele>1018.14</ele></trkpt><trkpt lat="45.90385670000001" lon="6.8297489"><ele>1019.78</ele></trkpt><trkpt lat="45.903822700000006" lon="6.829706000000001"><ele>1020.55</ele></trkpt><trkpt lat="45.90380999999999" lon="6.82969"><ele>1020.55</ele></trkpt><trkpt lat="45.90379069999998" lon="6.8296719"><ele>1021.45</ele></trkpt><trkpt lat="45.90374080000001" lon="6.8296253999999985"><ele>1021.95</ele></trkpt><trkpt lat="45.90367049999999" lon="6.829559899999999"><ele>1020.09</ele></trkpt><trkpt lat="45.903590000000015" lon="6.8294849"><ele>1012.79</ele></trkpt><trkpt lat="45.903509600000014" lon="6.829409999999999"><ele>1015.29</ele></trkpt><trkpt lat="45.9034393" lon="6.829344500000001"><ele>1018.91</ele></trkpt><trkpt lat="45.90338930000001" lon="6.8292980000000005"><ele>1020.73</ele></trkpt><trkpt lat="45.90336999999999" lon="6.82928"><ele>1021.93</ele></trkpt><trkpt lat="45.90335070000002" lon="6.829262000000001"><ele>1020.65</ele></trkpt><trkpt lat="45.9033007" lon="6.8292155"><ele>1021.09</ele></trkpt><trkpt lat="45.903230399999984" lon="6.82915"><ele>1019.96</ele></trkpt><trkpt lat="45.90314999999998" lon="6.829075099999999"><ele>1020.79</ele></trkpt><trkpt lat="45.90306950000003" lon="6.8290001"><ele>1018.58</ele></trkpt><trkpt lat="45.90299920000002" lon="6.828934600000001"><ele>1016.75</ele></trkpt><trkpt lat="45.902949299999996" lon="6.8288881"><ele>1015.89</ele></trkpt><trkpt lat="45.902930000000005" lon="6.82887"><ele>1014.45</ele></trkpt><trkpt lat="45.90290450000002" lon="6.828834199999999"><ele>1012.93</ele></trkpt><trkpt lat="45.90284509999999" lon="6.828750300000001"><ele>1010.24</ele></trkpt><trkpt lat="45.902774499999985" lon="6.8286503000000005"><ele>1009.53</ele></trkpt><trkpt lat="45.90271519999999" lon="6.828566199999999"><ele>1008.78</ele></trkpt><trkpt lat="45.90268999999999" lon="6.828529999999999"><ele>1007.93</ele></trkpt><trkpt lat="45.902681799999996" lon="6.828469900000001"><ele>1010.11</ele></trkpt><trkpt lat="45.9026647" lon="6.828340099999998"><ele>1012.73</ele></trkpt><trkpt lat="45.90264780000001" lon="6.828210300000002"><ele>1014.9</ele></trkpt><trkpt lat="45.90263999999998" lon="6.828150000000001"><ele>1013.68</ele></trkpt><trkpt lat="45.90263479999999" lon="6.828045000000001"><ele>1013.49</ele></trkpt><trkpt lat="45.90262999999999" lon="6.82794"><ele>1013.33</ele></trkpt><trkpt lat="45.90264260000002" lon="6.827881399999999"><ele>1013.96</ele></trkpt><trkpt lat="45.90266999999999" lon="6.827755"><ele>1010.94</ele></trkpt><trkpt lat="45.90269739999999" lon="6.827628600000001"><ele>1011.24</ele></trkpt><trkpt lat="45.90271" lon="6.827570000000001"><ele>1010.68</ele></trkpt><trkpt lat="45.90270040000003" lon="6.8274799"><ele>1008.42</ele></trkpt><trkpt lat="45.90268999999999" lon="6.827390000000002"><ele>1005.95</ele></trkpt><trkpt lat="45.90264009999997" lon="6.8272949"><ele>1003.67</ele></trkpt><trkpt lat="45.902590000000004" lon="6.8271999999999995"><ele>1001.79</ele></trkpt><trkpt lat="45.902590000000004" lon="6.827190000000001"><ele>1001.79</ele></trkpt><trkpt lat="45.90251999999998" lon="6.827079999999999"><ele>1003.93</ele></trkpt><trkpt lat="45.902490399999984" lon="6.827051399999999"><ele>1005.26</ele></trkpt><trkpt lat="45.90242130000002" lon="6.826984599999999"><ele>1003.83</ele></trkpt><trkpt lat="45.90233889999998" lon="6.8269051"><ele>1001.73</ele></trkpt><trkpt lat="45.9022697" lon="6.8268384"><ele>1001.55</ele></trkpt><trkpt lat="45.90224" lon="6.82681"><ele>1001.03</ele></trkpt><trkpt lat="45.902211300000005" lon="6.826793300000001"><ele>1000.89</ele></trkpt><trkpt lat="45.90214109999999" lon="6.826752699999999"><ele>999.97</ele></trkpt><trkpt lat="45.90205000000001" lon="6.826699999999999"><ele>999.1</ele></trkpt><trkpt lat="45.90195890000001" lon="6.8266474"><ele>999.31</ele></trkpt><trkpt lat="45.901888600000014" lon="6.826606699999999"><ele>999.11</ele></trkpt><trkpt lat="45.90186" lon="6.82659"><ele>999.14</ele></trkpt><trkpt lat="45.901812800000016" lon="6.826527699999999"><ele>998.71</ele></trkpt><trkpt lat="45.901726800000006" lon="6.8264130000000005"><ele>998.86</ele></trkpt><trkpt lat="45.90168" lon="6.826349999999999"><ele>999.26</ele></trkpt><trkpt lat="45.90164469999999" lon="6.8262302"><ele>999.35</ele></trkpt><trkpt lat="45.90161" lon="6.826109999999999"><ele>999.07</ele></trkpt><trkpt lat="45.9016149" lon="6.82601"><ele>999.06</ele></trkpt><trkpt lat="45.901620000000015" lon="6.82591"><ele>999.3</ele></trkpt><trkpt lat="45.901605399999994" lon="6.8257948"><ele>1000.88</ele></trkpt><trkpt lat="45.90159" lon="6.82568"><ele>1001.4</ele></trkpt><trkpt lat="45.901579000000005" lon="6.825662299999999"><ele>1001.4</ele></trkpt><trkpt lat="45.9015496" lon="6.825614799999999"><ele>1001.04</ele></trkpt><trkpt lat="45.9015057" lon="6.825544300000001"><ele>1000</ele></trkpt><trkpt lat="45.90145149999999" lon="6.825457200000001"><ele>999.73</ele></trkpt><trkpt lat="45.90139119999999" lon="6.825360200000001"><ele>998.65</ele></trkpt><trkpt lat="45.90132879999999" lon="6.825259899999999"><ele>998.42</ele></trkpt><trkpt lat="45.901268399999985" lon="6.8251629000000005"><ele>1000.12</ele></trkpt><trkpt lat="45.90121430000001" lon="6.8250758"><ele>1001.08</ele></trkpt><trkpt lat="45.901170400000005" lon="6.825005199999998"><ele>1000.09</ele></trkpt><trkpt lat="45.9011409" lon="6.8249577"><ele>999.25</ele></trkpt><trkpt lat="45.90113000000001" lon="6.82494"><ele>999.49</ele></trkpt><trkpt lat="45.90112149999999" lon="6.824900800000001"><ele>999.76</ele></trkpt><trkpt lat="45.90110110000002" lon="6.8248047"><ele>998.79</ele></trkpt><trkpt lat="45.9010747" lon="6.8246801999999995"><ele>996.84</ele></trkpt><trkpt lat="45.90104850000001" lon="6.8245556"><ele>995.07</ele></trkpt><trkpt lat="45.901028199999985" lon="6.8244594"><ele>994.54</ele></trkpt><trkpt lat="45.90102000000003" lon="6.82442"><ele>994.97</ele></trkpt><trkpt lat="45.901017300000014" lon="6.824344199999998"><ele>996.82</ele></trkpt><trkpt lat="45.901012600000016" lon="6.8242059"><ele>998.39</ele></trkpt><trkpt lat="45.90100999999999" lon="6.824129999999999"><ele>999.17</ele></trkpt><trkpt lat="45.90099019999999" lon="6.824"><ele>995.95</ele></trkpt><trkpt lat="45.900970000000015" lon="6.8238699999999985"><ele>998.42</ele></trkpt><trkpt lat="45.90096379999999" lon="6.8238461"><ele>996.21</ele></trkpt><trkpt lat="45.900947099999996" lon="6.823782"><ele>998.51</ele></trkpt><trkpt lat="45.9009223" lon="6.823686699999999"><ele>998.94</ele></trkpt><trkpt lat="45.90089169999999" lon="6.823569"><ele>1000.77</ele></trkpt><trkpt lat="45.90085760000001" lon="6.823437799999999"><ele>1002.38</ele></trkpt><trkpt lat="45.90082230000003" lon="6.823302199999999"><ele>1002.68</ele></trkpt><trkpt lat="45.90078819999998" lon="6.823171099999999"><ele>1001.5</ele></trkpt><trkpt lat="45.9007576" lon="6.8230534"><ele>1001.36</ele></trkpt><trkpt lat="45.9007328" lon="6.822958000000001"><ele>1001.19</ele></trkpt><trkpt lat="45.9007162" lon="6.8228939"><ele>1000.35</ele></trkpt><trkpt lat="45.900710000000004" lon="6.82287"><ele>1000.35</ele></trkpt><trkpt lat="45.900707600000004" lon="6.8228299"><ele>1000.45</ele></trkpt><trkpt lat="45.9007019" lon="6.8227285"><ele>1000.39</ele></trkpt><trkpt lat="45.90069410000002" lon="6.822590299999999"><ele>999.34</ele></trkpt><trkpt lat="45.90068569999999" lon="6.8224398"><ele>999.32</ele></trkpt><trkpt lat="45.900678000000006" lon="6.822301499999999"><ele>999.45</ele></trkpt><trkpt lat="45.9006723" lon="6.822200099999999"><ele>1000.13</ele></trkpt><trkpt lat="45.90067" lon="6.822159999999999"><ele>999.6</ele></trkpt><trkpt lat="45.900658999999976" lon="6.822101299999999"><ele>999.88</ele></trkpt><trkpt lat="45.90063520000001" lon="6.8219749"><ele>1000.19</ele></trkpt><trkpt lat="45.900611200000014" lon="6.8218486"><ele>1000.97</ele></trkpt><trkpt lat="45.900600000000004" lon="6.82179"><ele>1001.64</ele></trkpt><trkpt lat="45.90054000000002" lon="6.821659999999999"><ele>1002.57</ele></trkpt><trkpt lat="45.90053180000002" lon="6.8215867999999995"><ele>1003.42</ele></trkpt><trkpt lat="45.90051749999999" lon="6.8214533"><ele>1002.75</ele></trkpt><trkpt lat="45.900510000000004" lon="6.82138"><ele>1001.87</ele></trkpt><trkpt lat="45.900514399999985" lon="6.821359"><ele>1001.87</ele></trkpt><trkpt lat="45.90052639999998" lon="6.8213021"><ele>1002</ele></trkpt><trkpt lat="45.900544499999995" lon="6.821216700000001"><ele>1000.51</ele></trkpt><trkpt lat="45.900567099999996" lon="6.821109699999999"><ele>1000.22</ele></trkpt><trkpt lat="45.900592800000005" lon="6.8209884"><ele>1000.61</ele></trkpt><trkpt lat="45.90062" lon="6.82086"><ele>1002.92</ele></trkpt><trkpt lat="45.9006472" lon="6.820731500000001"><ele>1005.89</ele></trkpt><trkpt lat="45.90067279999999" lon="6.8206103"><ele>1006.84</ele></trkpt><trkpt lat="45.90069549999998" lon="6.820503300000001"><ele>1005.59</ele></trkpt><trkpt lat="45.900713600000024" lon="6.820417799999999"><ele>1005.91</ele></trkpt><trkpt lat="45.90072559999997" lon="6.820361000000002"><ele>1005.28</ele></trkpt><trkpt lat="45.90073" lon="6.820340000000001"><ele>1005.28</ele></trkpt><trkpt lat="45.900735399999995" lon="6.8202851"><ele>1007.31</ele></trkpt><trkpt lat="45.900747800000005" lon="6.8201566"><ele>1008.15</ele></trkpt><trkpt lat="45.90076249999997" lon="6.820003499999999"><ele>1016.37</ele></trkpt><trkpt lat="45.90077480000001" lon="6.819874900000001"><ele>1022.9</ele></trkpt><trkpt lat="45.900779999999976" lon="6.81982"><ele>1024.5</ele></trkpt><trkpt lat="45.900767099999996" lon="6.8197494"><ele>1027.2</ele></trkpt><trkpt lat="45.90074310000001" lon="6.819620699999999"><ele>1027</ele></trkpt><trkpt lat="45.90073" lon="6.8195500000000004"><ele>1025.75</ele></trkpt><trkpt lat="45.900729799999986" lon="6.819469000000001"><ele>1028.25</ele></trkpt><trkpt lat="45.900729699999985" lon="6.819321"><ele>1030.16</ele></trkpt><trkpt lat="45.90073" lon="6.81924"><ele>1029.45</ele></trkpt><trkpt lat="45.90074729999999" lon="6.8191767"><ele>1031.84</ele></trkpt><trkpt lat="45.90078499999999" lon="6.819040000000001"><ele>1032.57</ele></trkpt><trkpt lat="45.90082269999997" lon="6.8189033"><ele>1035.69</ele></trkpt><trkpt lat="45.90084000000001" lon="6.81884"><ele>1034.99</ele></trkpt><trkpt lat="45.90084480000003" lon="6.818782900000001"><ele>1034.49</ele></trkpt><trkpt lat="45.90085499999999" lon="6.818660000000001"><ele>1035.63</ele></trkpt><trkpt lat="45.9008652" lon="6.818537100000001"><ele>1034.45</ele></trkpt><trkpt lat="45.90087" lon="6.81848"><ele>1034.21</ele></trkpt><trkpt lat="45.900909700000014" lon="6.8183748"><ele>1036.45</ele></trkpt><trkpt lat="45.90094999999999" lon="6.818270000000001"><ele>1039.77</ele></trkpt><trkpt lat="45.900994399999995" lon="6.8182047"><ele>1041.26</ele></trkpt><trkpt lat="45.90107570000001" lon="6.818085400000001"><ele>1046.02</ele></trkpt><trkpt lat="45.90112" lon="6.818019999999999"><ele>1049.63</ele></trkpt><trkpt lat="45.90114370000002" lon="6.8179418"><ele>1048.96</ele></trkpt><trkpt lat="45.90118669999999" lon="6.817798500000001"><ele>1051.55</ele></trkpt><trkpt lat="45.90121" lon="6.81772"><ele>1052.22</ele></trkpt><trkpt lat="45.90121640000001" lon="6.8176703"><ele>1051.35</ele></trkpt><trkpt lat="45.9012312" lon="6.817554099999999"><ele>1047.17</ele></trkpt><trkpt lat="45.901248800000005" lon="6.8174158"><ele>1046.16</ele></trkpt><trkpt lat="45.901263599999986" lon="6.8172996999999995"><ele>1047.02</ele></trkpt><trkpt lat="45.901270000000004" lon="6.81725"><ele>1051.1</ele></trkpt><trkpt lat="45.9012773" lon="6.8172212000000005"><ele>1052.08</ele></trkpt><trkpt lat="45.90129669999999" lon="6.8171457"><ele>1052.59</ele></trkpt><trkpt lat="45.9013246" lon="6.8170368"><ele>1053.13</ele></trkpt><trkpt lat="45.901357599999976" lon="6.816907799999999"><ele>1051.77</ele></trkpt><trkpt lat="45.90139239999999" lon="6.816772199999999"><ele>1050.29</ele></trkpt><trkpt lat="45.9014254" lon="6.8166432"><ele>1047.93</ele></trkpt><trkpt lat="45.90145330000001" lon="6.8165343"><ele>1045.58</ele></trkpt><trkpt lat="45.9014726" lon="6.8164588"><ele>1043.75</ele></trkpt><trkpt lat="45.90147999999999" lon="6.81643"><ele>1046.41</ele></trkpt><trkpt lat="45.90149109999999" lon="6.8163667000000006"><ele>1043.83</ele></trkpt><trkpt lat="45.90151490000001" lon="6.8162299"><ele>1046.56</ele></trkpt><trkpt lat="45.901538800000004" lon="6.8160932"><ele>1045.23</ele></trkpt><trkpt lat="45.90154999999999" lon="6.81603"><ele>1043.45</ele></trkpt><trkpt lat="45.90158649999999" lon="6.8159723"><ele>1042.16</ele></trkpt><trkpt lat="45.90165339999998" lon="6.8158676"><ele>1042.27</ele></trkpt><trkpt lat="45.90169000000001" lon="6.815809999999999"><ele>1044.58</ele></trkpt><trkpt lat="45.90171109999999" lon="6.8157291"><ele>1042.06</ele></trkpt><trkpt lat="45.901749300000006" lon="6.8155811"><ele>1043.22</ele></trkpt><trkpt lat="45.90177" lon="6.8155"><ele>1041.55</ele></trkpt><trkpt lat="45.90177640000004" lon="6.815432000000001"><ele>1043.67</ele></trkpt><trkpt lat="45.90179019999999" lon="6.815284999999999"><ele>1042.95</ele></trkpt><trkpt lat="45.90180380000001" lon="6.815137999999999"><ele>1043.83</ele></trkpt><trkpt lat="45.901810000000005" lon="6.8150699999999995"><ele>1047.92</ele></trkpt><trkpt lat="45.90180860000001" lon="6.8150398"><ele>1048.62</ele></trkpt><trkpt lat="45.90180499999998" lon="6.814960599999999"><ele>1046.64</ele></trkpt><trkpt lat="45.9017996" lon="6.8148464"><ele>1047.38</ele></trkpt><trkpt lat="45.90179329999998" lon="6.8147111"><ele>1047.43</ele></trkpt><trkpt lat="45.901786699999995" lon="6.8145689"><ele>1050.31</ele></trkpt><trkpt lat="45.9017804" lon="6.814433600000001"><ele>1053.55</ele></trkpt><trkpt lat="45.901775100000016" lon="6.8143194000000005"><ele>1052.07</ele></trkpt><trkpt lat="45.901771400000015" lon="6.8142402"><ele>1052.73</ele></trkpt><trkpt lat="45.90177" lon="6.814209999999998"><ele>1053.09</ele></trkpt><trkpt lat="45.90177030000002" lon="6.8141839"><ele>1053.49</ele></trkpt><trkpt lat="45.901771" lon="6.8141145000000005"><ele>1053.79</ele></trkpt><trkpt lat="45.901772199999996" lon="6.8140127"><ele>1054</ele></trkpt><trkpt lat="45.9017735" lon="6.8138892"><ele>1052.64</ele></trkpt><trkpt lat="45.901774999999965" lon="6.8137550000000005"><ele>1048.37</ele></trkpt><trkpt lat="45.90177649999998" lon="6.8136206999999995"><ele>1052.82</ele></trkpt><trkpt lat="45.901777900000006" lon="6.8134973"><ele>1052.7</ele></trkpt><trkpt lat="45.901779000000005" lon="6.8133955"><ele>1052.19</ele></trkpt><trkpt lat="45.901779799999986" lon="6.813326099999999"><ele>1052.11</ele></trkpt><trkpt lat="45.90178000000001" lon="6.8133"><ele>1051.91</ele></trkpt><trkpt lat="45.901778" lon="6.813277"><ele>1051.65</ele></trkpt><trkpt lat="45.901772600000015" lon="6.8132147000000005"><ele>1048.69</ele></trkpt><trkpt lat="45.90176439999999" lon="6.813120999999999"><ele>1050.71</ele></trkpt><trkpt lat="45.901754100000005" lon="6.813003799999999"><ele>1052.12</ele></trkpt><trkpt lat="45.90174239999998" lon="6.812870800000001"><ele>1049.22</ele></trkpt><trkpt lat="45.901730100000016" lon="6.81273"><ele>1049.13</ele></trkpt><trkpt lat="45.9017177" lon="6.812589199999999"><ele>1050.03</ele></trkpt><trkpt lat="45.90170610000002" lon="6.8124562"><ele>1047.99</ele></trkpt><trkpt lat="45.901695799999985" lon="6.812339000000001"><ele>1048.51</ele></trkpt><trkpt lat="45.901687500000016" lon="6.812245299999999"><ele>1049.66</ele></trkpt><trkpt lat="45.90168199999998" lon="6.812183000000001"><ele>1047.71</ele></trkpt><trkpt lat="45.90168" lon="6.81216"><ele>1049.26</ele></trkpt><trkpt lat="45.90167480000001" lon="6.8121281"><ele>1049.26</ele></trkpt><trkpt lat="45.90166119999999" lon="6.812045900000001"><ele>1051.23</ele></trkpt><trkpt lat="45.901642000000024" lon="6.8119301000000005"><ele>1051.62</ele></trkpt><trkpt lat="45.90162010000001" lon="6.811797499999999"><ele>1052.36</ele></trkpt><trkpt lat="45.9015981" lon="6.8116649"><ele>1053.33</ele></trkpt><trkpt lat="45.901578900000004" lon="6.811549099999999"><ele>1050.21</ele></trkpt><trkpt lat="45.901565300000016" lon="6.811466899999999"><ele>1049.31</ele></trkpt><trkpt lat="45.90156" lon="6.811435"><ele>1050.07</ele></trkpt><trkpt lat="45.90155469999999" lon="6.811403100000001"><ele>1050.07</ele></trkpt><trkpt lat="45.9015411" lon="6.811320900000001"><ele>1051.6</ele></trkpt><trkpt lat="45.901521999999986" lon="6.8112051"><ele>1051.47</ele></trkpt><trkpt lat="45.9015" lon="6.8110725"><ele>1049.54</ele></trkpt><trkpt lat="45.901478099999984" lon="6.8109399"><ele>1051.53</ele></trkpt><trkpt lat="45.901458899999966" lon="6.810824099999999"><ele>1049.53</ele></trkpt><trkpt lat="45.9014453" lon="6.8107419"><ele>1048.8</ele></trkpt><trkpt lat="45.901440000000015" lon="6.810710000000001"><ele>1048.8</ele></trkpt><trkpt lat="45.901432699999994" lon="6.810674100000001"><ele>1049.4</ele></trkpt><trkpt lat="45.90141410000001" lon="6.8105833"><ele>1048.33</ele></trkpt><trkpt lat="45.90138879999999" lon="6.8104598"><ele>1049.73</ele></trkpt><trkpt lat="45.901361200000004" lon="6.8103252"><ele>1050.24</ele></trkpt><trkpt lat="45.901335899999985" lon="6.810201600000001"><ele>1047.74</ele></trkpt><trkpt lat="45.901317399999975" lon="6.8101109"><ele>1044.67</ele></trkpt><trkpt lat="45.90130999999998" lon="6.810074999999999"><ele>1044.6</ele></trkpt><trkpt lat="45.901302700000016" lon="6.8100391"><ele>1044.66</ele></trkpt><trkpt lat="45.901284099999984" lon="6.809948300000001"><ele>1042.63</ele></trkpt><trkpt lat="45.901258900000016" lon="6.8098247"><ele>1040.63</ele></trkpt><trkpt lat="45.90123139999999" lon="6.8096901"><ele>1038.83</ele></trkpt><trkpt lat="45.9012061" lon="6.8095665"><ele>1036.26</ele></trkpt><trkpt lat="45.9011875" lon="6.809475899999999"><ele>1036.92</ele></trkpt><trkpt lat="45.901180000000004" lon="6.809440000000001"><ele>1037.72</ele></trkpt><trkpt lat="45.901154699999985" lon="6.809398699999999"><ele>1036.38</ele></trkpt><trkpt lat="45.901095300000016" lon="6.8093024"><ele>1034.25</ele></trkpt><trkpt lat="45.90102450000001" lon="6.809187699999999"><ele>1030.29</ele></trkpt><trkpt lat="45.90096509999999" lon="6.809091400000002"><ele>1027.4</ele></trkpt><trkpt lat="45.90094" lon="6.809050000000001"><ele>1028.45</ele></trkpt><trkpt lat="45.90093759999997" lon="6.809023099999999"><ele>1027.04</ele></trkpt><trkpt lat="45.90093150000003" lon="6.8089514"><ele>1027.55</ele></trkpt><trkpt lat="45.900922499999965" lon="6.808846299999999"><ele>1028.76</ele></trkpt><trkpt lat="45.900911699999995" lon="6.808718700000001"><ele>1030.5</ele></trkpt><trkpt lat="45.90089990000002" lon="6.80858"><ele>1030.14</ele></trkpt><trkpt lat="45.90088819999999" lon="6.8084413"><ele>1029</ele></trkpt><trkpt lat="45.90087740000002" lon="6.8083138"><ele>1027.37</ele></trkpt><trkpt lat="45.90086840000001" lon="6.808208600000001"><ele>1027.81</ele></trkpt><trkpt lat="45.900862299999986" lon="6.808136999999999"><ele>1028.07</ele></trkpt><trkpt lat="45.90085999999999" lon="6.80811"><ele>1028.37</ele></trkpt><trkpt lat="45.90081019999999" lon="6.8080048"><ele>1024.77</ele></trkpt><trkpt lat="45.90075999999997" lon="6.807899999999999"><ele>1020.35</ele></trkpt><trkpt lat="45.90075999999997" lon="6.80789"><ele>1020.35</ele></trkpt><trkpt lat="45.900750200000004" lon="6.807869199999999"><ele>1020.45</ele></trkpt><trkpt lat="45.90072390000001" lon="6.8078135"><ele>1018.04</ele></trkpt><trkpt lat="45.900684799999986" lon="6.8077305"><ele>1016.25</ele></trkpt><trkpt lat="45.90063649999998" lon="6.8076281"><ele>1014.7</ele></trkpt><trkpt lat="45.900582700000015" lon="6.807514000000001"><ele>1016.95</ele></trkpt><trkpt lat="45.90052709999999" lon="6.807396099999999"><ele>1018.58</ele></trkpt><trkpt lat="45.900473400000024" lon="6.807282"><ele>1016.23</ele></trkpt><trkpt lat="45.90042510000002" lon="6.8071795999999996"><ele>1015.45</ele></trkpt><trkpt lat="45.900386" lon="6.807096600000001"><ele>1016.08</ele></trkpt><trkpt lat="45.9003597" lon="6.807040799999999"><ele>1015.41</ele></trkpt><trkpt lat="45.90035" lon="6.80702"><ele>1015.41</ele></trkpt><trkpt lat="45.90034080000002" lon="6.8069771"><ele>1014.37</ele></trkpt><trkpt lat="45.90031859999999" lon="6.8068717"><ele>1016.96</ele></trkpt><trkpt lat="45.900289899999976" lon="6.806735"><ele>1016.51</ele></trkpt><trkpt lat="45.90026119999998" lon="6.8065983999999995"><ele>1017.13</ele></trkpt><trkpt lat="45.90023909999999" lon="6.806493000000001"><ele>1017.66</ele></trkpt><trkpt lat="45.900229999999986" lon="6.80645"><ele>1018.59</ele></trkpt><trkpt lat="45.90021210000002" lon="6.806400299999999"><ele>1017.46</ele></trkpt><trkpt lat="45.9001702" lon="6.8062841"><ele>1018.05</ele></trkpt><trkpt lat="45.90012010000001" lon="6.806145699999999"><ele>1015.88</ele></trkpt><trkpt lat="45.900078" lon="6.8060296"><ele>1017.54</ele></trkpt><trkpt lat="45.900059999999975" lon="6.80598"><ele>1017.13</ele></trkpt><trkpt lat="45.90004420000001" lon="6.805950500000001"><ele>1017.13</ele></trkpt><trkpt lat="45.900004200000005" lon="6.805876199999999"><ele>1015.4</ele></trkpt><trkpt lat="45.89994970000001" lon="6.805775000000001"><ele>1013.2</ele></trkpt><trkpt lat="45.89989040000001" lon="6.805664900000001"><ele>1011.1</ele></trkpt><trkpt lat="45.899835899999985" lon="6.8055636999999995"><ele>1010.33</ele></trkpt><trkpt lat="45.89979590000003" lon="6.8054894"><ele>1007.24</ele></trkpt><trkpt lat="45.89977999999999" lon="6.80546"><ele>1007.63</ele></trkpt><trkpt lat="45.8997642" lon="6.805430599999999"><ele>1005.73</ele></trkpt><trkpt lat="45.899724199999994" lon="6.805356199999999"><ele>1005.77</ele></trkpt><trkpt lat="45.8996697" lon="6.805254999999999"><ele>1007.23</ele></trkpt><trkpt lat="45.89961039999999" lon="6.8051448"><ele>1008.31</ele></trkpt><trkpt lat="45.899555899999996" lon="6.805043599999999"><ele>1008.73</ele></trkpt><trkpt lat="45.89951589999997" lon="6.8049693"><ele>1009.57</ele></trkpt><trkpt lat="45.8995" lon="6.804939999999999"><ele>1009.4</ele></trkpt><trkpt lat="45.899483900000014" lon="6.804921700000001"><ele>1009.4</ele></trkpt><trkpt lat="45.899441500000016" lon="6.8048738"><ele>1008</ele></trkpt><trkpt lat="45.89938039999998" lon="6.804804699999999"><ele>1007.41</ele></trkpt><trkpt lat="45.899307999999984" lon="6.804722999999999"><ele>1006.31</ele></trkpt><trkpt lat="45.89923189999999" lon="6.804636999999999"><ele>1004.45</ele></trkpt><trkpt lat="45.89915959999999" lon="6.804555299999999"><ele>1004.24</ele></trkpt><trkpt lat="45.89909850000001" lon="6.8044863"><ele>1003.36</ele></trkpt><trkpt lat="45.8990561" lon="6.804438300000002"><ele>1002.85</ele></trkpt><trkpt lat="45.899040000000014" lon="6.804420000000001"><ele>1002.85</ele></trkpt><trkpt lat="45.89902739999998" lon="6.8043939"><ele>1002.92</ele></trkpt><trkpt lat="45.89899500000001" lon="6.8043265"><ele>1002.96</ele></trkpt><trkpt lat="45.8989495" lon="6.804231399999999"><ele>1003.63</ele></trkpt><trkpt lat="45.8988974" lon="6.804122600000001"><ele>1004.05</ele></trkpt><trkpt lat="45.8988453" lon="6.8040138"><ele>1004.21</ele></trkpt><trkpt lat="45.89879980000001" lon="6.803918699999999"><ele>1006.1</ele></trkpt><trkpt lat="45.89876749999999" lon="6.803851200000001"><ele>1006.36</ele></trkpt><trkpt lat="45.89875499999998" lon="6.803825"><ele>1007.14</ele></trkpt><trkpt lat="45.8987425" lon="6.803798800000001"><ele>1007.14</ele></trkpt><trkpt lat="45.89871010000003" lon="6.8037313"><ele>1008.89</ele></trkpt><trkpt lat="45.89866459999999" lon="6.8036363"><ele>1009.78</ele></trkpt><trkpt lat="45.89861250000002" lon="6.8035275"><ele>1013.11</ele></trkpt><trkpt lat="45.898560399999994" lon="6.803418700000001"><ele>1014.83</ele></trkpt><trkpt lat="45.89851479999998" lon="6.803323700000001"><ele>1016.77</ele></trkpt><trkpt lat="45.898482499999986" lon="6.8032562"><ele>1016.77</ele></trkpt><trkpt lat="45.89847" lon="6.80323"><ele>1017.68</ele></trkpt><trkpt lat="45.89843" lon="6.803100000000001"><ele>1018.51</ele></trkpt><trkpt lat="45.898393699999986" lon="6.8030587"><ele>1018.7</ele></trkpt><trkpt lat="45.89831509999997" lon="6.802969799999999"><ele>1019.09</ele></trkpt><trkpt lat="45.89823649999998" lon="6.802880999999999"><ele>1018.68</ele></trkpt><trkpt lat="45.8982" lon="6.80284"><ele>1018.88</ele></trkpt><trkpt lat="45.898124899999985" lon="6.8027801"><ele>1018.87</ele></trkpt><trkpt lat="45.89804999999999" lon="6.80272"><ele>1018.1</ele></trkpt><trkpt lat="45.89803239999999" lon="6.8026912"><ele>1017.58</ele></trkpt><trkpt lat="45.89798809999998" lon="6.802618399999999"><ele>1016.39</ele></trkpt><trkpt lat="45.89792779999998" lon="6.802519199999999"><ele>1014.4</ele></trkpt><trkpt lat="45.89786210000001" lon="6.8024111"><ele>1012.22</ele></trkpt><trkpt lat="45.89780170000001" lon="6.8023118"><ele>1010.81</ele></trkpt><trkpt lat="45.8977575" lon="6.802238900000001"><ele>1010.19</ele></trkpt><trkpt lat="45.89773999999999" lon="6.802210000000001"><ele>1009.02</ele></trkpt><trkpt lat="45.89770470000001" lon="6.8021052"><ele>1008.21</ele></trkpt><trkpt lat="45.89767000000002" lon="6.802"><ele>1008.04</ele></trkpt><trkpt lat="45.89766779999999" lon="6.801945100000001"><ele>1009.12</ele></trkpt><trkpt lat="45.89766289999999" lon="6.801816499999999"><ele>1010.58</ele></trkpt><trkpt lat="45.89765709999999" lon="6.8016635"><ele>1012.1</ele></trkpt><trkpt lat="45.89765220000002" lon="6.8015349"><ele>1011.61</ele></trkpt><trkpt lat="45.89765000000001" lon="6.80148"><ele>1012.27</ele></trkpt><trkpt lat="45.89764059999999" lon="6.801433399999999"><ele>1012.64</ele></trkpt><trkpt lat="45.897618400000006" lon="6.801324600000001"><ele>1011.91</ele></trkpt><trkpt lat="45.89759199999999" lon="6.8011952"><ele>1010.6</ele></trkpt><trkpt lat="45.897569699999984" lon="6.8010865"><ele>1010.46</ele></trkpt><trkpt lat="45.89755999999999" lon="6.80104"><ele>1009.24</ele></trkpt><trkpt lat="45.8975499" lon="6.801015399999999"><ele>1009.24</ele></trkpt><trkpt lat="45.897523199999995" lon="6.800950799999999"><ele>1008.24</ele></trkpt><trkpt lat="45.89748470000001" lon="6.8008578"><ele>1007.66</ele></trkpt><trkpt lat="45.897439200000015" lon="6.8007477"><ele>1006.59</ele></trkpt><trkpt lat="45.89739120000003" lon="6.800631900000001"><ele>1006.3</ele></trkpt><trkpt lat="45.897345599999994" lon="6.8005219"><ele>1006.41</ele></trkpt><trkpt lat="45.897307100000006" lon="6.800428900000001"><ele>1006.85</ele></trkpt><trkpt lat="45.89728030000002" lon="6.8003645"><ele>1007.83</ele></trkpt><trkpt lat="45.89726999999999" lon="6.80034"><ele>1007.83</ele></trkpt><trkpt lat="45.89723059999999" lon="6.8003143"><ele>1007.28</ele></trkpt><trkpt lat="45.897145099999975" lon="6.8002597"><ele>1006.61</ele></trkpt><trkpt lat="45.897059600000006" lon="6.8002053"><ele>1007.05</ele></trkpt><trkpt lat="45.89701999999999" lon="6.80018"><ele>1007.15</ele></trkpt><trkpt lat="45.896996500000014" lon="6.8001559"><ele>1006.38</ele></trkpt><trkpt lat="45.89693919999997" lon="6.8000967"><ele>1007.77</ele></trkpt><trkpt lat="45.89686499999999" lon="6.800019899999999"><ele>1006.58</ele></trkpt><trkpt lat="45.896790800000005" lon="6.7999432"><ele>1005.2</ele></trkpt><trkpt lat="45.89673350000002" lon="6.7998841"><ele>1005.91</ele></trkpt><trkpt lat="45.89671000000001" lon="6.79986"><ele>1004.95</ele></trkpt><trkpt lat="45.8966762" lon="6.799843999999999"><ele>1005.7</ele></trkpt><trkpt lat="45.896597099999994" lon="6.7998069999999995"><ele>1004.29</ele></trkpt><trkpt lat="45.89650289999999" lon="6.7997629"><ele>1003.48</ele></trkpt><trkpt lat="45.89642380000001" lon="6.7997259"><ele>1001.52</ele></trkpt><trkpt lat="45.89639" lon="6.79971"><ele>1002.37</ele></trkpt><trkpt lat="45.89635349999999" lon="6.7996784"><ele>1002.6</ele></trkpt><trkpt lat="45.896274999999996" lon="6.79961"><ele>999.82</ele></trkpt><trkpt lat="45.89619650000001" lon="6.799541600000001"><ele>1000.56</ele></trkpt><trkpt lat="45.89616" lon="6.79951"><ele>999.31</ele></trkpt><trkpt lat="45.896120400000015" lon="6.799494"><ele>1000.17</ele></trkpt><trkpt lat="45.89603499999999" lon="6.7994599000000004"><ele>999.27</ele></trkpt><trkpt lat="45.895949599999994" lon="6.799425900000001"><ele>996.41</ele></trkpt><trkpt lat="45.89591000000001" lon="6.799410000000001"><ele>996.78</ele></trkpt><trkpt lat="45.89588510000001" lon="6.7993953000000005"><ele>995.87</ele></trkpt><trkpt lat="45.89582220000001" lon="6.799358200000001"><ele>995.67</ele></trkpt><trkpt lat="45.89573659999999" lon="6.7993076"><ele>994.58</ele></trkpt><trkpt lat="45.89564339999998" lon="6.7992525"><ele>993.81</ele></trkpt><trkpt lat="45.89555769999997" lon="6.7992019"><ele>994.65</ele></trkpt><trkpt lat="45.895494900000024" lon="6.7991647"><ele>993.43</ele></trkpt><trkpt lat="45.895469999999996" lon="6.799150000000001"><ele>994.08</ele></trkpt><trkpt lat="45.89541510000001" lon="6.799105599999999"><ele>994.67</ele></trkpt><trkpt lat="45.895314900000024" lon="6.799024299999999"><ele>995.37</ele></trkpt><trkpt lat="45.89526000000001" lon="6.798980000000001"><ele>995.48</ele></trkpt><trkpt lat="45.8952328" lon="6.7989671"><ele>994.79</ele></trkpt><trkpt lat="45.89516620000001" lon="6.798935600000001"><ele>994.98</ele></trkpt><trkpt lat="45.89508000000001" lon="6.798894899999998"><ele>994.73</ele></trkpt><trkpt lat="45.8949938" lon="6.798854300000001"><ele>994.21</ele></trkpt><trkpt lat="45.894927199999984" lon="6.798822899999999"><ele>992.66</ele></trkpt><trkpt lat="45.89490000000001" lon="6.7988100000000005"><ele>993.06</ele></trkpt><trkpt lat="45.89479000000001" lon="6.798739999999999"><ele>992.47</ele></trkpt><trkpt lat="45.894742899999976" lon="6.7987789"><ele>989.62</ele></trkpt><trkpt lat="45.89465710000001" lon="6.798850699999999"><ele>986.2</ele></trkpt><trkpt lat="45.89461000000001" lon="6.79889"><ele>985.32</ele></trkpt><trkpt lat="45.894549999999995" lon="6.79889"><ele>984.54</ele></trkpt><trkpt lat="45.89448999999999" lon="6.798849999999999"><ele>984.12</ele></trkpt><trkpt lat="45.894480499999986" lon="6.7988324"><ele>983.66</ele></trkpt><trkpt lat="45.894454799999984" lon="6.7987849"><ele>983.63</ele></trkpt><trkpt lat="45.894416199999995" lon="6.7987134"><ele>984.08</ele></trkpt><trkpt lat="45.89436789999999" lon="6.798623899999999"><ele>984.06</ele></trkpt><trkpt lat="45.8943131" lon="6.7985224"><ele>984.32</ele></trkpt><trkpt lat="45.894255" lon="6.798415"><ele>984.59</ele></trkpt><trkpt lat="45.894197" lon="6.7983075"><ele>984.68</ele></trkpt><trkpt lat="45.894142200000005" lon="6.798206"><ele>985.01</ele></trkpt><trkpt lat="45.89409380000001" lon="6.798116599999999"><ele>984.9</ele></trkpt><trkpt lat="45.89405519999997" lon="6.7980451"><ele>985.73</ele></trkpt><trkpt lat="45.89402949999999" lon="6.7979975"><ele>985.34</ele></trkpt><trkpt lat="45.89402000000001" lon="6.797980000000001"><ele>985.34</ele></trkpt><trkpt lat="45.893949799999994" lon="6.7979182"><ele>984.1</ele></trkpt><trkpt lat="45.893879999999996" lon="6.797859999999999"><ele>983.43</ele></trkpt><trkpt lat="45.893875600000015" lon="6.7978869"><ele>983.4</ele></trkpt><trkpt lat="45.8938641" lon="6.797958500000001"><ele>983.48</ele></trkpt><trkpt lat="45.89384730000001" lon="6.798063699999999"><ele>982.06</ele></trkpt><trkpt lat="45.89382689999999" lon="6.7981912"><ele>972.01</ele></trkpt><trkpt lat="45.893804800000005" lon="6.7983299000000015"><ele>972.38</ele></trkpt><trkpt lat="45.8937828" lon="6.798468599999999"><ele>980.78</ele></trkpt><trkpt lat="45.89376240000003" lon="6.7985962"><ele>983.72</ele></trkpt><trkpt lat="45.893745700000004" lon="6.7987014"><ele>984.34</ele></trkpt><trkpt lat="45.89373430000002" lon="6.798773000000001"><ele>984.51</ele></trkpt><trkpt lat="45.893729999999984" lon="6.798800000000001"><ele>984.8</ele></trkpt><trkpt lat="45.89370020000002" lon="6.7989201"><ele>985.66</ele></trkpt><trkpt lat="45.89367" lon="6.799040000000001"><ele>986.61</ele></trkpt><trkpt lat="45.89362019999998" lon="6.7991352"><ele>987.51</ele></trkpt><trkpt lat="45.89357000000002" lon="6.7992300000000006"><ele>988.06</ele></trkpt><trkpt lat="45.893548100000004" lon="6.7992602"><ele>986.54</ele></trkpt><trkpt lat="45.89349450000001" lon="6.799334199999999"><ele>983.54</ele></trkpt><trkpt lat="45.8934251" lon="6.799430100000001"><ele>983.16</ele></trkpt><trkpt lat="45.89335559999999" lon="6.7995259"><ele>984.05</ele></trkpt><trkpt lat="45.893301899999976" lon="6.799599799999999"><ele>992.44</ele></trkpt><trkpt lat="45.89328000000001" lon="6.7996300000000005"><ele>992.87</ele></trkpt><trkpt lat="45.89321000000002" lon="6.7996799999999995"><ele>993.48</ele></trkpt><trkpt lat="45.89312000000002" lon="6.799649999999999"><ele>994.34</ele></trkpt><trkpt lat="45.89307030000002" lon="6.799597899999998"><ele>995</ele></trkpt><trkpt lat="45.89297959999998" lon="6.799502400000001"><ele>996.01</ele></trkpt><trkpt lat="45.89292999999998" lon="6.79945"><ele>996.71</ele></trkpt><trkpt lat="45.89288569999999" lon="6.799389499999999"><ele>997.18</ele></trkpt><trkpt lat="45.8928046" lon="6.799279200000001"><ele>998.6</ele></trkpt><trkpt lat="45.89276000000002" lon="6.79922"><ele>999.07</ele></trkpt><trkpt lat="45.892724999999984" lon="6.799241599999999"><ele>999.63</ele></trkpt><trkpt lat="45.89264330000001" lon="6.7992932"><ele>1000.25</ele></trkpt><trkpt lat="45.89254610000001" lon="6.799355"><ele>1003.19</ele></trkpt><trkpt lat="45.89246459999998" lon="6.799407199999998"><ele>1005.4</ele></trkpt><trkpt lat="45.89242999999998" lon="6.799429999999999"><ele>1005.83</ele></trkpt><trkpt lat="45.892438899999995" lon="6.7994869"><ele>1006.19</ele></trkpt><trkpt lat="45.892459500000015" lon="6.7996098"><ele>1007.15</ele></trkpt><trkpt lat="45.8924804" lon="6.7997328"><ele>1007.79</ele></trkpt><trkpt lat="45.892490000000016" lon="6.79979"><ele>1007.86</ele></trkpt><trkpt lat="45.89244" lon="6.79994"><ele>1007.93</ele></trkpt><trkpt lat="45.892369900000006" lon="6.799875700000001"><ele>1008.35</ele></trkpt><trkpt lat="45.892300000000006" lon="6.799810000000001"><ele>1008.9</ele></trkpt><trkpt lat="45.89229000000002" lon="6.799810000000001"><ele>1008.9</ele></trkpt><trkpt lat="45.892224900000016" lon="6.799720099999999"><ele>1009.88</ele></trkpt><trkpt lat="45.89215999999999" lon="6.7996300000000005"><ele>1010.27</ele></trkpt><trkpt lat="45.89213779999998" lon="6.799590899999999"><ele>1010.41</ele></trkpt><trkpt lat="45.89208589999998" lon="6.799499399999999"><ele>1005.38</ele></trkpt><trkpt lat="45.89202410000001" lon="6.7993905"><ele>1003.42</ele></trkpt><trkpt lat="45.8919723" lon="6.7992991"><ele>1010.76</ele></trkpt><trkpt lat="45.891949999999994" lon="6.79926"><ele>1010.8</ele></trkpt><trkpt lat="45.8919109" lon="6.799215299999999"><ele>1010.58</ele></trkpt><trkpt lat="45.89183940000001" lon="6.7991342999999995"><ele>1010.53</ele></trkpt><trkpt lat="45.89179999999999" lon="6.799089999999999"><ele>1010.52</ele></trkpt><trkpt lat="45.89170999999999" lon="6.79905"><ele>1010.52</ele></trkpt><trkpt lat="45.89168799999998" lon="6.7990423"><ele>1010.52</ele></trkpt><trkpt lat="45.8916313" lon="6.799022400000001"><ele>1010.64</ele></trkpt><trkpt lat="45.89155140000001" lon="6.798994499999999"><ele>1010.93</ele></trkpt><trkpt lat="45.891459999999995" lon="6.798962500000001"><ele>1011.2</ele></trkpt><trkpt lat="45.8913686" lon="6.7989305"><ele>1011.48</ele></trkpt><trkpt lat="45.89128869999998" lon="6.7989025"><ele>1011.59</ele></trkpt><trkpt lat="45.89123199999998" lon="6.7988827"><ele>1011.71</ele></trkpt><trkpt lat="45.891209999999994" lon="6.798875"><ele>1011.71</ele></trkpt><trkpt lat="45.891188000000014" lon="6.798867300000001"><ele>1011.75</ele></trkpt><trkpt lat="45.891131299999984" lon="6.798847500000001"><ele>1011.82</ele></trkpt><trkpt lat="45.89105140000002" lon="6.7988196"><ele>1011.91</ele></trkpt><trkpt lat="45.89096000000003" lon="6.798787599999999"><ele>1012.08</ele></trkpt><trkpt lat="45.89086850000001" lon="6.7987556"><ele>1012.32</ele></trkpt><trkpt lat="45.890788700000016" lon="6.798727600000001"><ele>1012.47</ele></trkpt><trkpt lat="45.890732000000014" lon="6.7987078"><ele>1012.54</ele></trkpt><trkpt lat="45.89071000000003" lon="6.7987"><ele>1012.55</ele></trkpt><trkpt lat="45.89067410000001" lon="6.798676900000001"><ele>1012.54</ele></trkpt><trkpt lat="45.89058999999999" lon="6.7986226"><ele>1012.54</ele></trkpt><trkpt lat="45.8904899" lon="6.7985578"><ele>1012.51</ele></trkpt><trkpt lat="45.890405899999976" lon="6.7985033"><ele>1012.53</ele></trkpt><trkpt lat="45.89036999999998" lon="6.798479999999999"><ele>1012.55</ele></trkpt><trkpt lat="45.89033930000001" lon="6.798451499999999"><ele>1012.53</ele></trkpt><trkpt lat="45.89026760000002" lon="6.7983848"><ele>1012.7</ele></trkpt><trkpt lat="45.8901823" lon="6.7983053"><ele>1012.95</ele></trkpt><trkpt lat="45.89011070000001" lon="6.798238600000001"><ele>1013.05</ele></trkpt><trkpt lat="45.890080000000005" lon="6.79821"><ele>1012.99</ele></trkpt><trkpt lat="45.890004899999994" lon="6.798135099999999"><ele>1013.06</ele></trkpt><trkpt lat="45.88993" lon="6.79806"><ele>1013.07</ele></trkpt><trkpt lat="45.88990350000001" lon="6.798021999999999"><ele>1013.09</ele></trkpt><trkpt lat="45.88984169999999" lon="6.797933099999998"><ele>1013.14</ele></trkpt><trkpt lat="45.88976819999999" lon="6.7978271"><ele>1013.08</ele></trkpt><trkpt lat="45.889706399999994" lon="6.7977381"><ele>1013.07</ele></trkpt><trkpt lat="45.889680000000006" lon="6.797699999999999"><ele>1013.07</ele></trkpt><trkpt lat="45.889651400000005" lon="6.797649400000001"><ele>1013.06</ele></trkpt><trkpt lat="45.889589900000004" lon="6.797540099999999"><ele>1013.07</ele></trkpt><trkpt lat="45.8895284" lon="6.7974308"><ele>1012.81</ele></trkpt><trkpt lat="45.889500000000005" lon="6.79738"><ele>1012.67</ele></trkpt><trkpt lat="45.88948400000002" lon="6.7973231"><ele>1012.58</ele></trkpt><trkpt lat="45.889449800000016" lon="6.7972001"><ele>1012.57</ele></trkpt><trkpt lat="45.88941570000001" lon="6.7970771"><ele>1012.73</ele></trkpt><trkpt lat="45.88939999999999" lon="6.79702"><ele>1012.85</ele></trkpt><trkpt lat="45.889397499999994" lon="6.7969936"><ele>1012.95</ele></trkpt><trkpt lat="45.88939099999998" lon="6.796923500000001"><ele>1013.08</ele></trkpt><trkpt lat="45.889381500000006" lon="6.796820500000001"><ele>1013.1</ele></trkpt><trkpt lat="45.88936999999997" lon="6.7966957"><ele>1013.1</ele></trkpt><trkpt lat="45.88935739999999" lon="6.79656"><ele>1013.3</ele></trkpt><trkpt lat="45.889344900000005" lon="6.7964243"><ele>1012.48</ele></trkpt><trkpt lat="45.8893334" lon="6.796299499999999"><ele>1013.65</ele></trkpt><trkpt lat="45.889323899999994" lon="6.796196500000001"><ele>1013.91</ele></trkpt><trkpt lat="45.88931740000001" lon="6.7961264"><ele>1013.98</ele></trkpt><trkpt lat="45.88931500000001" lon="6.796099999999999"><ele>1014.05</ele></trkpt><trkpt lat="45.88931259999998" lon="6.7960736"><ele>1014.14</ele></trkpt><trkpt lat="45.889306000000026" lon="6.796003500000001"><ele>1014.28</ele></trkpt><trkpt lat="45.8892965" lon="6.795900499999999"><ele>1014.66</ele></trkpt><trkpt lat="45.88928489999999" lon="6.795775699999999"><ele>1014.98</ele></trkpt><trkpt lat="45.88927240000001" lon="6.79564"><ele>1015.55</ele></trkpt><trkpt lat="45.8892598" lon="6.7955043"><ele>1015.99</ele></trkpt><trkpt lat="45.88924829999999" lon="6.795379500000001"><ele>1016.38</ele></trkpt><trkpt lat="45.889238799999994" lon="6.795276499999998"><ele>1016.6</ele></trkpt><trkpt lat="45.889232400000004" lon="6.795206400000001"><ele>1016.64</ele></trkpt><trkpt lat="45.889230000000005" lon="6.79518"><ele>1017.04</ele></trkpt><trkpt lat="45.889232799999995" lon="6.7951549"><ele>1016.65</ele></trkpt><trkpt lat="45.889240499999985" lon="6.795087599999999"><ele>1016.66</ele></trkpt><trkpt lat="45.88925190000002" lon="6.794987500000001"><ele>1016.47</ele></trkpt><trkpt lat="45.88926599999999" lon="6.7948639"><ele>1016.25</ele></trkpt><trkpt lat="45.889281799999985" lon="6.7947261999999995"><ele>1017</ele></trkpt><trkpt lat="45.88929809999999" lon="6.7945838"><ele>1016.01</ele></trkpt><trkpt lat="45.88931389999998" lon="6.794446099999999"><ele>1016.27</ele></trkpt><trkpt lat="45.88932800000001" lon="6.7943225"><ele>1014.86</ele></trkpt><trkpt lat="45.88933949999999" lon="6.7942224"><ele>1014.33</ele></trkpt><trkpt lat="45.8893472" lon="6.7941551"><ele>1014.16</ele></trkpt><trkpt lat="45.88935000000002" lon="6.794129999999999"><ele>1013.98</ele></trkpt><trkpt lat="45.88934799999996" lon="6.794080300000001"><ele>1013.79</ele></trkpt><trkpt lat="45.88934309999999" lon="6.7939641"><ele>1013.1</ele></trkpt><trkpt lat="45.88933719999999" lon="6.793825900000001"><ele>1012.49</ele></trkpt><trkpt lat="45.88933220000002" lon="6.793709699999999"><ele>1011.82</ele></trkpt><trkpt lat="45.889329999999994" lon="6.79366"><ele>1011.66</ele></trkpt><trkpt lat="45.889327200000004" lon="6.793621300000001"><ele>1011.47</ele></trkpt><trkpt lat="45.889320000000005" lon="6.793523399999999"><ele>1011.69</ele></trkpt><trkpt lat="45.889310300000005" lon="6.793390100000001"><ele>1010.97</ele></trkpt><trkpt lat="45.88929970000001" lon="6.7932448999999995"><ele>1010.35</ele></trkpt><trkpt lat="45.88929000000001" lon="6.7931116000000005"><ele>1009.92</ele></trkpt><trkpt lat="45.88928279999999" lon="6.793013700000001"><ele>1009.3</ele></trkpt><trkpt lat="45.88928" lon="6.792975"><ele>1009.04</ele></trkpt><trkpt lat="45.88927720000001" lon="6.792936299999999"><ele>1008.85</ele></trkpt><trkpt lat="45.88927000000001" lon="6.7928384"><ele>1008.5</ele></trkpt><trkpt lat="45.88926029999999" lon="6.792705099999999"><ele>1008.21</ele></trkpt><trkpt lat="45.889249699999965" lon="6.7925599"><ele>1007.92</ele></trkpt><trkpt lat="45.88923990000002" lon="6.792426599999999"><ele>1007.62</ele></trkpt><trkpt lat="45.889232799999995" lon="6.7923287"><ele>1007.44</ele></trkpt><trkpt lat="45.889230000000005" lon="6.79229"><ele>1007.47</ele></trkpt><trkpt lat="45.889229900000004" lon="6.792216700000001"><ele>1007.46</ele></trkpt><trkpt lat="45.889229900000004" lon="6.792083299999999"><ele>1007.24</ele></trkpt><trkpt lat="45.889230000000005" lon="6.79201"><ele>1007.1</ele></trkpt><trkpt lat="45.88923170000002" lon="6.791983899999999"><ele>1007.06</ele></trkpt><trkpt lat="45.88923629999999" lon="6.7919145"><ele>1007.07</ele></trkpt><trkpt lat="45.88924299999998" lon="6.7918126999999995"><ele>1007.06</ele></trkpt><trkpt lat="45.88925109999998" lon="6.7916892"><ele>1007.04</ele></trkpt><trkpt lat="45.88926000000002" lon="6.791555"><ele>1006.94</ele></trkpt><trkpt lat="45.88926879999998" lon="6.791420700000001"><ele>1006.67</ele></trkpt><trkpt lat="45.889276999999986" lon="6.791297300000001"><ele>1006.61</ele></trkpt><trkpt lat="45.88928369999999" lon="6.7911955"><ele>1006.56</ele></trkpt><trkpt lat="45.8892883" lon="6.7911261000000005"><ele>1006.42</ele></trkpt><trkpt lat="45.88929000000001" lon="6.7911"><ele>1006.42</ele></trkpt><trkpt lat="45.88930039999999" lon="6.7910086"><ele>1005.38</ele></trkpt><trkpt lat="45.88931949999999" lon="6.790841399999999"><ele>1005.01</ele></trkpt><trkpt lat="45.889329999999994" lon="6.790749999999999"><ele>1004.61</ele></trkpt><trkpt lat="45.88934820000001" lon="6.790663799999999"><ele>1004.82</ele></trkpt><trkpt lat="45.8893816" lon="6.7905062"><ele>1004.02</ele></trkpt><trkpt lat="45.88939999999999" lon="6.790420000000001"><ele>1003.88</ele></trkpt><trkpt lat="45.889409" lon="6.790389000000001"><ele>1003.64</ele></trkpt><trkpt lat="45.88943219999999" lon="6.790309100000001"><ele>1001.11</ele></trkpt><trkpt lat="45.889464999999994" lon="6.7901964"><ele>998.27</ele></trkpt><trkpt lat="45.8895025" lon="6.7900675"><ele>993.5</ele></trkpt><trkpt lat="45.88954000000001" lon="6.789938499999999"><ele>999.39</ele></trkpt><trkpt lat="45.889572700000016" lon="6.789825899999999"><ele>1001.85</ele></trkpt><trkpt lat="45.889595999999976" lon="6.789745999999999"><ele>1001.45</ele></trkpt><trkpt lat="45.88960500000001" lon="6.789714999999999"><ele>1001.23</ele></trkpt><trkpt lat="45.889613999999995" lon="6.789684"><ele>1001.23</ele></trkpt><trkpt lat="45.8896372" lon="6.7896041"><ele>1000.72</ele></trkpt><trkpt lat="45.88966999999999" lon="6.7894914"><ele>1000.17</ele></trkpt><trkpt lat="45.88970749999997" lon="6.7893625"><ele>999.7</ele></trkpt><trkpt lat="45.88974489999998" lon="6.7892335"><ele>999.09</ele></trkpt><trkpt lat="45.88977769999999" lon="6.7891208999999995"><ele>998.93</ele></trkpt><trkpt lat="45.889801" lon="6.789040999999999"><ele>998.93</ele></trkpt><trkpt lat="45.889810000000004" lon="6.789009999999999"><ele>998.98</ele></trkpt><trkpt lat="45.88986999999999" lon="6.788930000000001"><ele>999.11</ele></trkpt><trkpt lat="45.88986999999999" lon="6.788779999999999"><ele>999.78</ele></trkpt><trkpt lat="45.8898838" lon="6.7887366"><ele>999.98</ele></trkpt><trkpt lat="45.88991599999999" lon="6.788635299999999"><ele>1000.63</ele></trkpt><trkpt lat="45.889954300000014" lon="6.7885148000000015"><ele>1001.23</ele></trkpt><trkpt lat="45.889986500000006" lon="6.788413499999999"><ele>1001.53</ele></trkpt><trkpt lat="45.88999999999997" lon="6.78837"><ele>1001.64</ele></trkpt><trkpt lat="45.889955499999985" lon="6.7882698"><ele>1002</ele></trkpt><trkpt lat="45.88990999999999" lon="6.78817"><ele>1003.54</ele></trkpt><trkpt lat="45.88990999999999" lon="6.7881599999999995"><ele>1003.54</ele></trkpt><trkpt lat="45.889869899999994" lon="6.7880651"><ele>1004.66</ele></trkpt><trkpt lat="45.88983000000004" lon="6.78797"><ele>1005.65</ele></trkpt><trkpt lat="45.8898187" lon="6.787926999999999"><ele>1006.29</ele></trkpt><trkpt lat="45.88979090000001" lon="6.7878216"><ele>1007.82</ele></trkpt><trkpt lat="45.889754999999994" lon="6.787685"><ele>1009.95</ele></trkpt><trkpt lat="45.8897191" lon="6.787548400000001"><ele>1011.69</ele></trkpt><trkpt lat="45.88969140000001" lon="6.787443"><ele>1013.43</ele></trkpt><trkpt lat="45.889680000000006" lon="6.7874"><ele>1013.77</ele></trkpt><trkpt lat="45.889610000000005" lon="6.787309999999999"><ele>1015.27</ele></trkpt><trkpt lat="45.88955010000002" lon="6.787259799999999"><ele>1016.37</ele></trkpt><trkpt lat="45.889490000000016" lon="6.787209999999999"><ele>1017.47</ele></trkpt><trkpt lat="45.889452999999996" lon="6.787192999999999"><ele>1018.35</ele></trkpt><trkpt lat="45.889366499999994" lon="6.7871535"><ele>1019.96</ele></trkpt><trkpt lat="45.8892635" lon="6.787106399999999"><ele>1022.41</ele></trkpt><trkpt lat="45.889176999999975" lon="6.787066900000001"><ele>1025.27</ele></trkpt><trkpt lat="45.889139999999976" lon="6.78705"><ele>1025.86</ele></trkpt><trkpt lat="45.88908499999999" lon="6.7870162999999994"><ele>1026.29</ele></trkpt><trkpt lat="45.88898470000001" lon="6.7869543"><ele>1029.21</ele></trkpt><trkpt lat="45.888930000000016" lon="6.78692"><ele>1032.16</ele></trkpt><trkpt lat="45.88891799999999" lon="6.786902399999999"><ele>1032.16</ele></trkpt><trkpt lat="45.88888600000002" lon="6.7868549"><ele>1033.7</ele></trkpt><trkpt lat="45.8888383" lon="6.7867843"><ele>1035.5</ele></trkpt><trkpt lat="45.88877949999999" lon="6.7866972"><ele>1036.81</ele></trkpt><trkpt lat="45.8887139" lon="6.7866001"><ele>1041.4</ele></trkpt><trkpt lat="45.88864610000003" lon="6.786499700000002"><ele>1043.94</ele></trkpt><trkpt lat="45.88858060000002" lon="6.786402699999999"><ele>1043.38</ele></trkpt><trkpt lat="45.88852170000001" lon="6.7863155"><ele>1043.33</ele></trkpt><trkpt lat="45.88847409999999" lon="6.786245000000001"><ele>1045.85</ele></trkpt><trkpt lat="45.88844199999999" lon="6.786197600000001"><ele>1048.17</ele></trkpt><trkpt lat="45.88842999999999" lon="6.78618"><ele>1048.17</ele></trkpt><trkpt lat="45.8883942" lon="6.7861649"><ele>1051.83</ele></trkpt><trkpt lat="45.88831010000003" lon="6.7861305"><ele>1054.9</ele></trkpt><trkpt lat="45.88820989999999" lon="6.786089499999999"><ele>1058.19</ele></trkpt><trkpt lat="45.88812580000002" lon="6.786055099999999"><ele>1059.62</ele></trkpt><trkpt lat="45.88809" lon="6.786039999999999"><ele>1059.46</ele></trkpt><trkpt lat="45.888088999999994" lon="6.7859253"><ele>1062.41</ele></trkpt><trkpt lat="45.88809" lon="6.78581"><ele>1066.55</ele></trkpt><trkpt lat="45.8881647" lon="6.7857444000000005"><ele>1067.19</ele></trkpt><trkpt lat="45.88823999999998" lon="6.78568"><ele>1069.46</ele></trkpt><trkpt lat="45.888315" lon="6.785664599999999"><ele>1067.12</ele></trkpt><trkpt lat="45.888390000000015" lon="6.785650000000001"><ele>1064.56</ele></trkpt><trkpt lat="45.88846999999998" lon="6.78566"><ele>1061.36</ele></trkpt><trkpt lat="45.88855000000001" lon="6.785669999999999"><ele>1060.87</ele></trkpt><trkpt lat="45.88859750000001" lon="6.785663900000001"><ele>1061.48</ele></trkpt><trkpt lat="45.888700099999994" lon="6.785650499999998"><ele>1064.73</ele></trkpt><trkpt lat="45.888802600000005" lon="6.785636799999999"><ele>1066.96</ele></trkpt><trkpt lat="45.88884999999998" lon="6.78563"><ele>1066.94</ele></trkpt><trkpt lat="45.888885699999996" lon="6.785510599999999"><ele>1068.88</ele></trkpt><trkpt lat="45.88891999999998" lon="6.78539"><ele>1069.19</ele></trkpt><trkpt lat="45.88884999999998" lon="6.78529"><ele>1072.56</ele></trkpt><trkpt lat="45.88877500000001" lon="6.78533"><ele>1073.75</ele></trkpt><trkpt lat="45.88869999999999" lon="6.78537"><ele>1073.67</ele></trkpt><trkpt lat="45.88864480000001" lon="6.785325799999999"><ele>1074.41</ele></trkpt><trkpt lat="45.88858999999999" lon="6.78528"><ele>1075.18</ele></trkpt><trkpt lat="45.888570000000016" lon="6.7851799999999995"><ele>1077.87</ele></trkpt><trkpt lat="45.888589599999975" lon="6.7850847000000005"><ele>1081.96</ele></trkpt><trkpt lat="45.88860999999999" lon="6.78499"><ele>1085.04</ele></trkpt><trkpt lat="45.888644699999986" lon="6.7849503"><ele>1087.07</ele></trkpt><trkpt lat="45.888719800000004" lon="6.7848648"><ele>1093.11</ele></trkpt><trkpt lat="45.88879510000001" lon="6.7847794"><ele>1098.98</ele></trkpt><trkpt lat="45.88882999999998" lon="6.784740000000001"><ele>1102.12</ele></trkpt><trkpt lat="45.88887700000001" lon="6.784708600000001"><ele>1102.18</ele></trkpt><trkpt lat="45.888962899999996" lon="6.7846515"><ele>1105.41</ele></trkpt><trkpt lat="45.88901" lon="6.78462"><ele>1104.94</ele></trkpt><trkpt lat="45.88907000000001" lon="6.78451"><ele>1108.49</ele></trkpt><trkpt lat="45.8890859" lon="6.784434300000001"><ele>1110.41</ele></trkpt><trkpt lat="45.88911460000001" lon="6.784295900000002"><ele>1113.94</ele></trkpt><trkpt lat="45.88912999999999" lon="6.78422"><ele>1116.4</ele></trkpt><trkpt lat="45.88907000000001" lon="6.78422"><ele>1117.25</ele></trkpt><trkpt lat="45.88900000000001" lon="6.78429"><ele>1116.91</ele></trkpt><trkpt lat="45.888930000000016" lon="6.78436"><ele>1117.57</ele></trkpt><trkpt lat="45.88882000000001" lon="6.784390000000001"><ele>1119.37</ele></trkpt><trkpt lat="45.88873970000001" lon="6.784365800000001"><ele>1120.28</ele></trkpt><trkpt lat="45.888660000000016" lon="6.78434"><ele>1123.46</ele></trkpt><trkpt lat="45.88871999999997" lon="6.784230000000001"><ele>1124.08</ele></trkpt><trkpt lat="45.888795299999984" lon="6.7841754"><ele>1124.55</ele></trkpt><trkpt lat="45.88886999999998" lon="6.78412"><ele>1124.67</ele></trkpt><trkpt lat="45.88887189999999" lon="6.784052099999999"><ele>1124.41</ele></trkpt><trkpt lat="45.888875199999994" lon="6.783905099999999"><ele>1124.57</ele></trkpt><trkpt lat="45.8888784" lon="6.783758100000001"><ele>1125.67</ele></trkpt><trkpt lat="45.88887999999999" lon="6.78369"><ele>1126.63</ele></trkpt><trkpt lat="45.888904700000026" lon="6.7835899"><ele>1127.28</ele></trkpt><trkpt lat="45.888930000000016" lon="6.783489999999999"><ele>1128.31</ele></trkpt><trkpt lat="45.88899" lon="6.78339"><ele>1127.47</ele></trkpt><trkpt lat="45.8890005" lon="6.78329"><ele>1127.33</ele></trkpt><trkpt lat="45.88901" lon="6.78319"><ele>1128.17</ele></trkpt><trkpt lat="45.888930000000016" lon="6.78312"><ele>1131.54</ele></trkpt><trkpt lat="45.888877699999995" lon="6.7831486"><ele>1132.56</ele></trkpt><trkpt lat="45.88878230000001" lon="6.783201499999999"><ele>1134.65</ele></trkpt><trkpt lat="45.88873000000001" lon="6.7832300000000005"><ele>1135.37</ele></trkpt><trkpt lat="45.888664000000006" lon="6.7831811"><ele>1137.06</ele></trkpt><trkpt lat="45.888600000000004" lon="6.78313"><ele>1138.86</ele></trkpt><trkpt lat="45.888607299999975" lon="6.783108199999999"><ele>1138.84</ele></trkpt><trkpt lat="45.88862710000001" lon="6.7830498"><ele>1139.3</ele></trkpt><trkpt lat="45.88865659999998" lon="6.782963"><ele>1139.85</ele></trkpt><trkpt lat="45.88869309999999" lon="6.782855900000001"><ele>1141.18</ele></trkpt><trkpt lat="45.888733800000004" lon="6.782736600000002"><ele>1141.65</ele></trkpt><trkpt lat="45.8887758" lon="6.782613199999999"><ele>1143.47</ele></trkpt><trkpt lat="45.88881649999998" lon="6.7824939"><ele>1144.84</ele></trkpt><trkpt lat="45.88885299999999" lon="6.7823868"><ele>1146.08</ele></trkpt><trkpt lat="45.88888259999999" lon="6.7823"><ele>1147.32</ele></trkpt><trkpt lat="45.888902599999994" lon="6.7822417"><ele>1148.99</ele></trkpt><trkpt lat="45.88891000000001" lon="6.78222"><ele>1148.72</ele></trkpt><trkpt lat="45.88893839999999" lon="6.7821786"><ele>1149.14</ele></trkpt><trkpt lat="45.88899989999999" lon="6.7820899"><ele>1150.16</ele></trkpt><trkpt lat="45.88906149999999" lon="6.7820013"><ele>1151.53</ele></trkpt><trkpt lat="45.88909000000001" lon="6.78196"><ele>1151.99</ele></trkpt><trkpt lat="45.88911000000002" lon="6.781840000000001"><ele>1153.47</ele></trkpt><trkpt lat="45.889050000000005" lon="6.78173"><ele>1154.64</ele></trkpt><trkpt lat="45.88900000000001" lon="6.78167"><ele>1154.77</ele></trkpt><trkpt lat="45.888949999999994" lon="6.781609999999999"><ele>1154.94</ele></trkpt><trkpt lat="45.88889000000001" lon="6.781489999999998"><ele>1155.41</ele></trkpt><trkpt lat="45.88889000000001" lon="6.78148"><ele>1155.4</ele></trkpt><trkpt lat="45.888949999999994" lon="6.781609999999999"><ele>1154.94</ele></trkpt><trkpt lat="45.88890050000001" lon="6.781628800000001"><ele>1155.12</ele></trkpt><trkpt lat="45.888809799999976" lon="6.7816617"><ele>1155.6</ele></trkpt><trkpt lat="45.888760000000005" lon="6.781680000000001"><ele>1155.96</ele></trkpt><trkpt lat="45.888746700000006" lon="6.7816919"><ele>1156.33</ele></trkpt><trkpt lat="45.888710599999996" lon="6.7817241"><ele>1156.39</ele></trkpt><trkpt lat="45.888656400000016" lon="6.781772599999999"><ele>1157.31</ele></trkpt><trkpt lat="45.8885885" lon="6.7818333"><ele>1157.65</ele></trkpt><trkpt lat="45.8885115" lon="6.781902200000001"><ele>1158.98</ele></trkpt><trkpt lat="45.88842999999999" lon="6.781975100000001"><ele>1159.37</ele></trkpt><trkpt lat="45.88834850000002" lon="6.782048"><ele>1160.87</ele></trkpt><trkpt lat="45.888271500000016" lon="6.782116800000002"><ele>1162.47</ele></trkpt><trkpt lat="45.8882037" lon="6.7821775"><ele>1163.01</ele></trkpt><trkpt lat="45.888149399999996" lon="6.782226"><ele>1163.87</ele></trkpt><trkpt lat="45.888113299999986" lon="6.782258200000001"><ele>1164.17</ele></trkpt><trkpt lat="45.888100000000016" lon="6.78227"><ele>1164.17</ele></trkpt><trkpt lat="45.888080699999996" lon="6.782278199999999"><ele>1164.62</ele></trkpt><trkpt lat="45.88803009999999" lon="6.7822995"><ele>1165.21</ele></trkpt><trkpt lat="45.88795700000001" lon="6.7823302"><ele>1166.18</ele></trkpt><trkpt lat="45.887870599999985" lon="6.7823664"><ele>1167.06</ele></trkpt><trkpt lat="45.8877796" lon="6.7824045"><ele>1168.37</ele></trkpt><trkpt lat="45.88769310000001" lon="6.7824406"><ele>1169.46</ele></trkpt><trkpt lat="45.88762" lon="6.7824710999999995"><ele>1170.35</ele></trkpt><trkpt lat="45.887569299999996" lon="6.782492099999999"><ele>1171.16</ele></trkpt><trkpt lat="45.887550000000005" lon="6.782499999999999"><ele>1171.6</ele></trkpt><trkpt lat="45.887518199999974" lon="6.782481500000001"><ele>1171.99</ele></trkpt><trkpt lat="45.887444000000016" lon="6.782437100000001"><ele>1173.18</ele></trkpt><trkpt lat="45.8873558" lon="6.7823839999999995"><ele>1174.73</ele></trkpt><trkpt lat="45.88728170000002" lon="6.782339300000001"><ele>1177.45</ele></trkpt><trkpt lat="45.88724999999996" lon="6.78232"><ele>1177.53</ele></trkpt><trkpt lat="45.8872235" lon="6.7822904"><ele>1178.96</ele></trkpt><trkpt lat="45.8871618" lon="6.782221099999999"><ele>1180</ele></trkpt><trkpt lat="45.88708830000002" lon="6.782138500000001"><ele>1182.22</ele></trkpt><trkpt lat="45.887026600000006" lon="6.782069300000001"><ele>1185.16</ele></trkpt><trkpt lat="45.88699999999999" lon="6.782039999999999"><ele>1186.92</ele></trkpt><trkpt lat="45.88693729999999" lon="6.782055299999999"><ele>1185.77</ele></trkpt><trkpt lat="45.88682270000001" lon="6.7820846"><ele>1185.24</ele></trkpt><trkpt lat="45.88676000000001" lon="6.782099999999999"><ele>1185.54</ele></trkpt><trkpt lat="45.88671779999997" lon="6.7820484"><ele>1186.92</ele></trkpt><trkpt lat="45.886641300000015" lon="6.781952899999999"><ele>1190.52</ele></trkpt><trkpt lat="45.88659999999999" lon="6.7819"><ele>1192.07</ele></trkpt><trkpt lat="45.88663400000002" lon="6.7818245"><ele>1193.48</ele></trkpt><trkpt lat="45.88667000000001" lon="6.781749999999999"><ele>1194.49</ele></trkpt><trkpt lat="45.886719599999985" lon="6.781739299999999"><ele>1195.66</ele></trkpt><trkpt lat="45.88681030000002" lon="6.7817205000000005"><ele>1196.12</ele></trkpt><trkpt lat="45.88686" lon="6.78171"><ele>1196.19</ele></trkpt><trkpt lat="45.88692" lon="6.78162"><ele>1197.98</ele></trkpt><trkpt lat="45.886923300000014" lon="6.7815712999999995"><ele>1198.89</ele></trkpt><trkpt lat="45.8869307" lon="6.781457700000001"><ele>1201.31</ele></trkpt><trkpt lat="45.88693949999997" lon="6.7813224"><ele>1202.62</ele></trkpt><trkpt lat="45.886946899999984" lon="6.781208699999999"><ele>1204.25</ele></trkpt><trkpt lat="45.88695000000002" lon="6.78116"><ele>1204.82</ele></trkpt><trkpt lat="45.88694549999999" lon="6.781054799999998"><ele>1206.1</ele></trkpt><trkpt lat="45.88694000000001" lon="6.780949999999999"><ele>1207.54</ele></trkpt><trkpt lat="45.88687529999997" lon="6.7809094"><ele>1208.78</ele></trkpt><trkpt lat="45.886810000000004" lon="6.780869999999999"><ele>1209.82</ele></trkpt><trkpt lat="45.886730000000014" lon="6.78084"><ele>1210.13</ele></trkpt><trkpt lat="45.88665" lon="6.78081"><ele>1211.07</ele></trkpt><trkpt lat="45.886539999999975" lon="6.78075"><ele>1213.63</ele></trkpt><trkpt lat="45.886509100000005" lon="6.780757399999999"><ele>1213.61</ele></trkpt><trkpt lat="45.886433200000006" lon="6.780776000000002"><ele>1214.47</ele></trkpt><trkpt lat="45.88633500000001" lon="6.7808"><ele>1215.23</ele></trkpt><trkpt lat="45.886236800000006" lon="6.780824"><ele>1216.78</ele></trkpt><trkpt lat="45.886160899999986" lon="6.780842499999999"><ele>1216.89</ele></trkpt><trkpt lat="45.88613000000001" lon="6.780850000000001"><ele>1217.23</ele></trkpt><trkpt lat="45.88607759999999" lon="6.78084"><ele>1217.93</ele></trkpt><trkpt lat="45.88598220000001" lon="6.780820900000001"><ele>1220.25</ele></trkpt><trkpt lat="45.88593000000001" lon="6.78081"><ele>1220.71</ele></trkpt><trkpt lat="45.88590980000001" lon="6.780794700000001"><ele>1222.44</ele></trkpt><trkpt lat="45.885857600000016" lon="6.780755"><ele>1222.84</ele></trkpt><trkpt lat="45.885784100000016" lon="6.780699000000001"><ele>1226.56</ele></trkpt><trkpt lat="45.88569999999999" lon="6.7806349"><ele>1228.78</ele></trkpt><trkpt lat="45.88561589999999" lon="6.7805708"><ele>1232.45</ele></trkpt><trkpt lat="45.88554239999999" lon="6.780514899999998"><ele>1234.71</ele></trkpt><trkpt lat="45.88549019999999" lon="6.7804752"><ele>1237.69</ele></trkpt><trkpt lat="45.88547" lon="6.78046"><ele>1237.69</ele></trkpt><trkpt lat="45.88542029999999" lon="6.780478"><ele>1241.2</ele></trkpt><trkpt lat="45.88532960000001" lon="6.780512200000001"><ele>1245.59</ele></trkpt><trkpt lat="45.88528000000001" lon="6.780530000000001"><ele>1247.35</ele></trkpt><trkpt lat="45.885244099999994" lon="6.780415699999999"><ele>1248.43</ele></trkpt><trkpt lat="45.88520999999999" lon="6.780300000000001"><ele>1250.23</ele></trkpt><trkpt lat="45.88521900000002" lon="6.780271600000001"><ele>1250.83</ele></trkpt><trkpt lat="45.885242900000016" lon="6.780196900000001"><ele>1250.65</ele></trkpt><trkpt lat="45.885277500000015" lon="6.7800893"><ele>1252.4</ele></trkpt><trkpt lat="45.885318400000024" lon="6.779961899999999"><ele>1252.69</ele></trkpt><trkpt lat="45.88536139999999" lon="6.779828"><ele>1253.29</ele></trkpt><trkpt lat="45.8854024" lon="6.7797006"><ele>1253.93</ele></trkpt><trkpt lat="45.88543690000002" lon="6.779593"><ele>1254.76</ele></trkpt><trkpt lat="45.88546089999999" lon="6.779518400000001"><ele>1254.39</ele></trkpt><trkpt lat="45.88547" lon="6.779490000000001"><ele>1254.03</ele></trkpt><trkpt lat="45.88547530000001" lon="6.779400099999999"><ele>1254.61</ele></trkpt><trkpt lat="45.88548000000001" lon="6.77931"><ele>1255.25</ele></trkpt><trkpt lat="45.885478299999995" lon="6.7792859000000005"><ele>1255.67</ele></trkpt><trkpt lat="45.88547389999999" lon="6.779221100000001"><ele>1256.13</ele></trkpt><trkpt lat="45.88546720000001" lon="6.7791248"><ele>1257.79</ele></trkpt><trkpt lat="45.885459000000004" lon="6.7790059"><ele>1259.44</ele></trkpt><trkpt lat="45.885449799999996" lon="6.778873500000001"><ele>1261.61</ele></trkpt><trkpt lat="45.8854403" lon="6.778736499999999"><ele>1262.96</ele></trkpt><trkpt lat="45.88543120000001" lon="6.778604100000001"><ele>1264.57</ele></trkpt><trkpt lat="45.885422900000016" lon="6.778485200000001"><ele>1264.89</ele></trkpt><trkpt lat="45.88541620000001" lon="6.7783888999999995"><ele>1265.4</ele></trkpt><trkpt lat="45.885411700000006" lon="6.7783241"><ele>1265.58</ele></trkpt><trkpt lat="45.885410000000014" lon="6.778300000000001"><ele>1265.73</ele></trkpt><trkpt lat="45.88535000000003" lon="6.778229999999999"><ele>1266.83</ele></trkpt><trkpt lat="45.88528000000001" lon="6.778260000000002"><ele>1269.16</ele></trkpt><trkpt lat="45.88525110000002" lon="6.778325299999999"><ele>1269.84</ele></trkpt><trkpt lat="45.885198800000026" lon="6.778444599999999"><ele>1270.47</ele></trkpt><trkpt lat="45.88517000000003" lon="6.77851"><ele>1271.28</ele></trkpt><trkpt lat="45.88511" lon="6.778579999999999"><ele>1272.25</ele></trkpt><trkpt lat="45.8850603" lon="6.7785907"><ele>1273.35</ele></trkpt><trkpt lat="45.88496970000001" lon="6.778609799999999"><ele>1274.56</ele></trkpt><trkpt lat="45.88491999999999" lon="6.77862"><ele>1275.77</ele></trkpt><trkpt lat="45.88482" lon="6.77859"><ele>1278.29</ele></trkpt><trkpt lat="45.88473" lon="6.7784699999999996"><ele>1281.69</ele></trkpt><trkpt lat="45.88470999999999" lon="6.778389999999999"><ele>1283.25</ele></trkpt><trkpt lat="45.88470999999999" lon="6.778220000000001"><ele>1284.59</ele></trkpt><trkpt lat="45.88469000000001" lon="6.778114999999999"><ele>1285.57</ele></trkpt><trkpt lat="45.884669999999986" lon="6.77801"><ele>1286.23</ele></trkpt><trkpt lat="45.88466" lon="6.777860000000001"><ele>1289.13</ele></trkpt><trkpt lat="45.88464020000002" lon="6.7777599"><ele>1290.98</ele></trkpt><trkpt lat="45.88461999999997" lon="6.77766"><ele>1294.07</ele></trkpt><trkpt lat="45.884559999999986" lon="6.77754"><ele>1296.61</ele></trkpt><trkpt lat="45.8845" lon="6.7775"><ele>1299.42</ele></trkpt><trkpt lat="45.88442000000002" lon="6.777480000000001"><ele>1303.27</ele></trkpt><trkpt lat="45.88435730000002" lon="6.777482599999999"><ele>1305.09</ele></trkpt><trkpt lat="45.88424270000001" lon="6.7774875"><ele>1309.11</ele></trkpt><trkpt lat="45.88418000000001" lon="6.777490000000001"><ele>1311.46</ele></trkpt><trkpt lat="45.88411730000001" lon="6.777477"><ele>1313.55</ele></trkpt><trkpt lat="45.8840027" lon="6.777453"><ele>1316.29</ele></trkpt><trkpt lat="45.88394" lon="6.777440000000001"><ele>1315.9</ele></trkpt><trkpt lat="45.88385999999999" lon="6.777470000000001"><ele>1317.97</ele></trkpt><trkpt lat="45.88378000000001" lon="6.777569999999999"><ele>1322.63</ele></trkpt><trkpt lat="45.883756199999986" lon="6.7776206000000006"><ele>1325.36</ele></trkpt><trkpt lat="45.88370489999997" lon="6.7777299"><ele>1328.09</ele></trkpt><trkpt lat="45.883653699999996" lon="6.7778393"><ele>1328.47</ele></trkpt><trkpt lat="45.88363" lon="6.777890000000001"><ele>1329.02</ele></trkpt><trkpt lat="45.88360779999999" lon="6.7779485"><ele>1329.76</ele></trkpt><trkpt lat="45.883559999999974" lon="6.778075"><ele>1330.53</ele></trkpt><trkpt lat="45.883512199999984" lon="6.7782015"><ele>1332.14</ele></trkpt><trkpt lat="45.88348999999998" lon="6.778260000000002"><ele>1332.97</ele></trkpt><trkpt lat="45.88342000000001" lon="6.778339999999999"><ele>1334.33</ele></trkpt><trkpt lat="45.88336259999999" lon="6.7783714999999995"><ele>1335.64</ele></trkpt><trkpt lat="45.88325750000001" lon="6.7784288"><ele>1338.08</ele></trkpt><trkpt lat="45.88319999999998" lon="6.778460000000001"><ele>1339.06</ele></trkpt><trkpt lat="45.88311999999999" lon="6.77848"><ele>1340.23</ele></trkpt><trkpt lat="45.883049899999996" lon="6.7784403"><ele>1341.56</ele></trkpt><trkpt lat="45.882979999999996" lon="6.778400000000001"><ele>1343.54</ele></trkpt><trkpt lat="45.882889999999996" lon="6.77832"><ele>1345.99</ele></trkpt><trkpt lat="45.88284999999999" lon="6.77824"><ele>1347.37</ele></trkpt><trkpt lat="45.88283260000001" lon="6.778179799999999"><ele>1347.9</ele></trkpt><trkpt lat="45.8827951" lon="6.7780499"><ele>1348.59</ele></trkpt><trkpt lat="45.8827575" lon="6.777920100000001"><ele>1347.25</ele></trkpt><trkpt lat="45.88274000000001" lon="6.777860000000001"><ele>1347.4</ele></trkpt><trkpt lat="45.88269029999999" lon="6.7777995"><ele>1347.97</ele></trkpt><trkpt lat="45.88264" lon="6.77774"><ele>1350.91</ele></trkpt><trkpt lat="45.88257010000003" lon="6.7777146"><ele>1353.91</ele></trkpt><trkpt lat="45.88250000000001" lon="6.77769"><ele>1358.88</ele></trkpt><trkpt lat="45.88238999999998" lon="6.7777"><ele>1364.25</ele></trkpt><trkpt lat="45.8823299" lon="6.7777296"><ele>1366.35</ele></trkpt><trkpt lat="45.88227000000001" lon="6.777759999999999"><ele>1368.78</ele></trkpt><trkpt lat="45.88223000000001" lon="6.777860000000001"><ele>1369.29</ele></trkpt><trkpt lat="45.88222769999996" lon="6.7779045"><ele>1368.82</ele></trkpt><trkpt lat="45.8822221" lon="6.7780135999999995"><ele>1367.83</ele></trkpt><trkpt lat="45.882215" lon="6.778155"><ele>1368.29</ele></trkpt><trkpt lat="45.8822078" lon="6.7782963999999994"><ele>1372.11</ele></trkpt><trkpt lat="45.88220230000002" lon="6.7784055"><ele>1374.23</ele></trkpt><trkpt lat="45.88219999999999" lon="6.778450000000001"><ele>1374.96</ele></trkpt><trkpt lat="45.8821937" lon="6.7785149"><ele>1375.92</ele></trkpt><trkpt lat="45.88217999999999" lon="6.7786551"><ele>1382.44</ele></trkpt><trkpt lat="45.88216629999998" lon="6.7787952"><ele>1385.45</ele></trkpt><trkpt lat="45.882159999999985" lon="6.77886"><ele>1386.41</ele></trkpt><trkpt lat="45.88215890000001" lon="6.778914899999999"><ele>1388.38</ele></trkpt><trkpt lat="45.882156399999985" lon="6.779043500000001"><ele>1391.75</ele></trkpt><trkpt lat="45.8821534" lon="6.7791966"><ele>1397.08</ele></trkpt><trkpt lat="45.882151" lon="6.7793251"><ele>1408.55</ele></trkpt><trkpt lat="45.882149999999996" lon="6.779379999999999"><ele>1414.48</ele></trkpt><trkpt lat="45.88215780000001" lon="6.779436999999999"><ele>1415.07</ele></trkpt><trkpt lat="45.882174899999995" lon="6.77956"><ele>1422.25</ele></trkpt><trkpt lat="45.88219209999998" lon="6.779682900000001"><ele>1426.53</ele></trkpt><trkpt lat="45.88219999999999" lon="6.77974"><ele>1428.34</ele></trkpt><trkpt lat="45.882200199999986" lon="6.779835000000001"><ele>1430.62</ele></trkpt><trkpt lat="45.88219999999999" lon="6.77993"><ele>1431.9</ele></trkpt><trkpt lat="45.88218030000001" lon="6.780020099999998"><ele>1433.61</ele></trkpt><trkpt lat="45.882159999999985" lon="6.7801100000000005"><ele>1433.88</ele></trkpt><trkpt lat="45.88211519999998" lon="6.7801753"><ele>1433.8</ele></trkpt><trkpt lat="45.88207000000001" lon="6.78024"><ele>1433.06</ele></trkpt><trkpt lat="45.882041500000014" lon="6.780268599999999"><ele>1433.55</ele></trkpt><trkpt lat="45.881974799999995" lon="6.780335399999999"><ele>1433.13</ele></trkpt><trkpt lat="45.881895300000004" lon="6.7804148"><ele>1433.94</ele></trkpt><trkpt lat="45.88182860000001" lon="6.780481499999999"><ele>1435.03</ele></trkpt><trkpt lat="45.88180000000001" lon="6.7805100000000005"><ele>1434.67</ele></trkpt><trkpt lat="45.881765199999975" lon="6.780536499999999"><ele>1435.29</ele></trkpt><trkpt lat="45.881683599999995" lon="6.780598399999999"><ele>1430.98</ele></trkpt><trkpt lat="45.8815865" lon="6.780672"><ele>1424.11</ele></trkpt><trkpt lat="45.88150490000002" lon="6.780733699999999"><ele>1422.13</ele></trkpt><trkpt lat="45.88147000000001" lon="6.780759999999999"><ele>1420.86</ele></trkpt><trkpt lat="45.88143910000001" lon="6.7807714"><ele>1420.95</ele></trkpt><trkpt lat="45.88136329999998" lon="6.780799200000001"><ele>1419.93</ele></trkpt><trkpt lat="45.881264999999985" lon="6.780835100000001"><ele>1421.44</ele></trkpt><trkpt lat="45.88116680000001" lon="6.780871000000001"><ele>1421.82</ele></trkpt><trkpt lat="45.88109089999999" lon="6.7808987"><ele>1422.18</ele></trkpt><trkpt lat="45.88105999999996" lon="6.78091"><ele>1422.15</ele></trkpt><trkpt lat="45.88098999999999" lon="6.78096"><ele>1422.19</ele></trkpt><trkpt lat="45.88095989999998" lon="6.7810043"><ele>1422.21</ele></trkpt><trkpt lat="45.880894999999995" lon="6.7811"><ele>1422.18</ele></trkpt><trkpt lat="45.88083019999999" lon="6.7811957000000005"><ele>1422.02</ele></trkpt><trkpt lat="45.8808" lon="6.78124"><ele>1422.02</ele></trkpt><trkpt lat="45.88071999999999" lon="6.781269999999999"><ele>1421.81</ele></trkpt><trkpt lat="45.88066000000001" lon="6.7812600000000005"><ele>1422.38</ele></trkpt><trkpt lat="45.8806204" lon="6.7812362"><ele>1423.72</ele></trkpt><trkpt lat="45.88053500000002" lon="6.7811849"><ele>1428.8</ele></trkpt><trkpt lat="45.88044959999995" lon="6.7811335999999995"><ele>1432.97</ele></trkpt><trkpt lat="45.88040999999999" lon="6.781110000000001"><ele>1434.7</ele></trkpt><trkpt lat="45.880360299999985" lon="6.781107099999999"><ele>1435.56</ele></trkpt><trkpt lat="45.88026969999998" lon="6.7811025"><ele>1438.15</ele></trkpt><trkpt lat="45.88022000000002" lon="6.7811"><ele>1440.03</ele></trkpt><trkpt lat="45.88015999999999" lon="6.78108"><ele>1443.91</ele></trkpt><trkpt lat="45.88013039999999" lon="6.781047300000001"><ele>1446.76</ele></trkpt><trkpt lat="45.88006120000001" lon="6.7809707"><ele>1450.67</ele></trkpt><trkpt lat="45.879978699999995" lon="6.7808795"><ele>1455.84</ele></trkpt><trkpt lat="45.879909500000004" lon="6.780802800000001"><ele>1457.71</ele></trkpt><trkpt lat="45.87988000000001" lon="6.780770000000001"><ele>1459.04</ele></trkpt><trkpt lat="45.87984999999999" lon="6.7806999999999995"><ele>1461.49</ele></trkpt><trkpt lat="45.879829999999984" lon="6.78058"><ele>1464.93</ele></trkpt><trkpt lat="45.87984999999999" lon="6.7805100000000005"><ele>1466.15</ele></trkpt><trkpt lat="45.879905199999996" lon="6.780405199999999"><ele>1469.17</ele></trkpt><trkpt lat="45.87995999999997" lon="6.780300000000001"><ele>1469.93</ele></trkpt><trkpt lat="45.87996240000002" lon="6.7802643"><ele>1471.1</ele></trkpt><trkpt lat="45.879968200000015" lon="6.780174400000001"><ele>1473.11</ele></trkpt><trkpt lat="45.879976000000006" lon="6.7800518"><ele>1473.88</ele></trkpt><trkpt lat="45.8799844" lon="6.7799183"><ele>1474.94</ele></trkpt><trkpt lat="45.87999220000001" lon="6.779795699999999"><ele>1474.72</ele></trkpt><trkpt lat="45.87999780000002" lon="6.7797057"><ele>1476.24</ele></trkpt><trkpt lat="45.879999999999995" lon="6.779669999999999"><ele>1477.71</ele></trkpt><trkpt lat="45.87999610000001" lon="6.779634299999999"><ele>1479.67</ele></trkpt><trkpt lat="45.87998619999999" lon="6.779544300000001"><ele>1484.2</ele></trkpt><trkpt lat="45.879972599999974" lon="6.779421699999999"><ele>1489.25</ele></trkpt><trkpt lat="45.87995770000001" lon="6.7792882"><ele>1491.11</ele></trkpt><trkpt lat="45.879944" lon="6.779165599999999"><ele>1492.45</ele></trkpt><trkpt lat="45.87993399999999" lon="6.7790756"><ele>1495.18</ele></trkpt><trkpt lat="45.87992999999997" lon="6.779040000000001"><ele>1495.18</ele></trkpt><trkpt lat="45.879889999999996" lon="6.77892"><ele>1497.34</ele></trkpt><trkpt lat="45.879845700000004" lon="6.7788597"><ele>1499.24</ele></trkpt><trkpt lat="45.87976449999999" lon="6.778749900000001"><ele>1500.91</ele></trkpt><trkpt lat="45.879719999999985" lon="6.778690000000001"><ele>1502.18</ele></trkpt><trkpt lat="45.87964499999994" lon="6.778644900000001"><ele>1504.4</ele></trkpt><trkpt lat="45.87957" lon="6.7786"><ele>1508.26</ele></trkpt><trkpt lat="45.8795451" lon="6.7785781"><ele>1509.09</ele></trkpt><trkpt lat="45.87948399999999" lon="6.778524499999999"><ele>1511.46</ele></trkpt><trkpt lat="45.879404999999984" lon="6.778455"><ele>1514.78</ele></trkpt><trkpt lat="45.87932599999998" lon="6.778385500000001"><ele>1519.52</ele></trkpt><trkpt lat="45.879264899999995" lon="6.7783318999999995"><ele>1521.93</ele></trkpt><trkpt lat="45.87924000000002" lon="6.778309999999999"><ele>1522.37</ele></trkpt><trkpt lat="45.879179999999984" lon="6.778290000000001"><ele>1524.55</ele></trkpt><trkpt lat="45.87906000000002" lon="6.77833"><ele>1523.77</ele></trkpt><trkpt lat="45.87900500000001" lon="6.778375"><ele>1523.05</ele></trkpt><trkpt lat="45.87894999999999" lon="6.77842"><ele>1522.73</ele></trkpt><trkpt lat="45.8788951" lon="6.7784436"><ele>1521.93</ele></trkpt><trkpt lat="45.87879489999999" lon="6.7784866"><ele>1519.74</ele></trkpt><trkpt lat="45.87874" lon="6.77851"><ele>1520.62</ele></trkpt><trkpt lat="45.87872" lon="6.77851"><ele>1520.62</ele></trkpt><trkpt lat="45.87865" lon="6.77857"><ele>1522.55</ele></trkpt><trkpt lat="45.87857489999999" lon="6.778604800000001"><ele>1526.16</ele></trkpt><trkpt lat="45.878499999999995" lon="6.778640000000001"><ele>1532.55</ele></trkpt><trkpt lat="45.87847349999998" lon="6.7786748"><ele>1532.82</ele></trkpt><trkpt lat="45.87841170000001" lon="6.7787562999999995"><ele>1532.47</ele></trkpt><trkpt lat="45.87833820000001" lon="6.778853500000001"><ele>1533.12</ele></trkpt><trkpt lat="45.87827639999999" lon="6.778935099999999"><ele>1534.29</ele></trkpt><trkpt lat="45.878249999999994" lon="6.778969999999999"><ele>1534.82</ele></trkpt><trkpt lat="45.87817000000001" lon="6.779049999999999"><ele>1538.89</ele></trkpt><trkpt lat="45.87815000000001" lon="6.7790300000000006"><ele>1540.01</ele></trkpt><trkpt lat="45.87815000000001" lon="6.778969999999999"><ele>1541.32</ele></trkpt><trkpt lat="45.87810000000002" lon="6.77901"><ele>1544.01</ele></trkpt><trkpt lat="45.878119999999996" lon="6.778929999999998"><ele>1545.06</ele></trkpt><trkpt lat="45.87808000000001" lon="6.778880000000001"><ele>1552.3</ele></trkpt><trkpt lat="45.87807" lon="6.77884"><ele>1554.75</ele></trkpt><trkpt lat="45.87810000000002" lon="6.77875"><ele>1557.21</ele></trkpt><trkpt lat="45.87808999999997" lon="6.778719999999999"><ele>1559.39</ele></trkpt><trkpt lat="45.87806000000001" lon="6.778690000000001"><ele>1563.17</ele></trkpt><trkpt lat="45.87801000000002" lon="6.778709999999999"><ele>1565.65</ele></trkpt><trkpt lat="45.877949999999984" lon="6.778690000000001"><ele>1571.39</ele></trkpt><trkpt lat="45.878" lon="6.77866"><ele>1567.18</ele></trkpt><trkpt lat="45.8780131" lon="6.778576400000002"><ele>1570.3</ele></trkpt><trkpt lat="45.8780368" lon="6.7784235"><ele>1574.97</ele></trkpt><trkpt lat="45.878049999999995" lon="6.778339999999999"><ele>1577.81</ele></trkpt><trkpt lat="45.878109900000005" lon="6.7782649"><ele>1576.43</ele></trkpt><trkpt lat="45.87817000000001" lon="6.77819"><ele>1576.65</ele></trkpt><trkpt lat="45.878220000000006" lon="6.778039999999999"><ele>1579.48</ele></trkpt><trkpt lat="45.878220000000006" lon="6.777980000000001"><ele>1581.17</ele></trkpt><trkpt lat="45.878139999999995" lon="6.777949999999999"><ele>1590.33</ele></trkpt><trkpt lat="45.87806000000001" lon="6.777980000000001"><ele>1592.04</ele></trkpt><trkpt lat="45.878040000000006" lon="6.777860000000001"><ele>1597.59</ele></trkpt><trkpt lat="45.87795499999998" lon="6.7779093999999995"><ele>1599.59</ele></trkpt><trkpt lat="45.87787000000002" lon="6.77796"><ele>1602.69</ele></trkpt><trkpt lat="45.877849999999995" lon="6.77799"><ele>1601.11</ele></trkpt><trkpt lat="45.87781999999998" lon="6.777980000000001"><ele>1603.11</ele></trkpt><trkpt lat="45.87787000000002" lon="6.77793"><ele>1602.69</ele></trkpt><trkpt lat="45.87789" lon="6.77785"><ele>1603.81</ele></trkpt><trkpt lat="45.87798" lon="6.77774"><ele>1602.73</ele></trkpt><trkpt lat="45.87799000000001" lon="6.77762"><ele>1606.06</ele></trkpt><trkpt lat="45.87797000000001" lon="6.77754"><ele>1607.22</ele></trkpt><trkpt lat="45.87790000000001" lon="6.777640000000001"><ele>1609.23</ele></trkpt><trkpt lat="45.87787000000002" lon="6.77762"><ele>1611.72</ele></trkpt><trkpt lat="45.87787000000002" lon="6.777505000000001"><ele>1613.38</ele></trkpt><trkpt lat="45.87787000000002" lon="6.777389999999999"><ele>1615.12</ele></trkpt><trkpt lat="45.87784990000002" lon="6.777290000000001"><ele>1615.96</ele></trkpt><trkpt lat="45.87783000000002" lon="6.777189999999999"><ele>1619.54</ele></trkpt><trkpt lat="45.87783769999998" lon="6.7771167000000005"><ele>1620.51</ele></trkpt><trkpt lat="45.87785209999998" lon="6.776983200000001"><ele>1622.17</ele></trkpt><trkpt lat="45.877860000000005" lon="6.776910000000001"><ele>1624.14</ele></trkpt><trkpt lat="45.877849999999995" lon="6.776890000000001"><ele>1625.03</ele></trkpt><trkpt lat="45.87783000000002" lon="6.776910000000001"><ele>1625.6</ele></trkpt><trkpt lat="45.87781999999998" lon="6.7768999999999995"><ele>1625.6</ele></trkpt><trkpt lat="45.87789" lon="6.776820000000001"><ele>1625.57</ele></trkpt><trkpt lat="45.87790000000001" lon="6.7767599999999995"><ele>1627.97</ele></trkpt><trkpt lat="45.877959999999995" lon="6.776799999999999"><ele>1625.13</ele></trkpt><trkpt lat="45.87802000000001" lon="6.776730000000001"><ele>1624.95</ele></trkpt><trkpt lat="45.878049999999995" lon="6.776720000000001"><ele>1624.51</ele></trkpt><trkpt lat="45.87801500000001" lon="6.776644999999999"><ele>1627.28</ele></trkpt><trkpt lat="45.87798" lon="6.7765699999999995"><ele>1630.28</ele></trkpt><trkpt lat="45.87799000000001" lon="6.77645"><ele>1634.09</ele></trkpt><trkpt lat="45.87801000000002" lon="6.77639"><ele>1634.75</ele></trkpt><trkpt lat="45.87806000000001" lon="6.776320000000001"><ele>1636.65</ele></trkpt><trkpt lat="45.87807" lon="6.77626"><ele>1637.05</ele></trkpt><trkpt lat="45.87802000000001" lon="6.77619"><ele>1637.01</ele></trkpt><trkpt lat="45.877939999999995" lon="6.7761699"><ele>1637.37</ele></trkpt><trkpt lat="45.877860000000005" lon="6.77615"><ele>1638</ele></trkpt><trkpt lat="45.87783000000002" lon="6.77611"><ele>1638.91</ele></trkpt><trkpt lat="45.87779000000001" lon="6.77595"><ele>1640.24</ele></trkpt><trkpt lat="45.877730299999996" lon="6.775884400000001"><ele>1642.65</ele></trkpt><trkpt lat="45.877669999999995" lon="6.77582"><ele>1646.73</ele></trkpt><trkpt lat="45.87764930000001" lon="6.775817100000001"><ele>1647.68</ele></trkpt><trkpt lat="45.87759499999998" lon="6.7758097"><ele>1649.75</ele></trkpt><trkpt lat="45.87751660000001" lon="6.7757990999999995"><ele>1652.6</ele></trkpt><trkpt lat="45.877423799999995" lon="6.7757865"><ele>1655.54</ele></trkpt><trkpt lat="45.877326200000006" lon="6.775773300000001"><ele>1657.25</ele></trkpt><trkpt lat="45.87723339999999" lon="6.775760799999999"><ele>1658.69</ele></trkpt><trkpt lat="45.877155000000016" lon="6.775750199999999"><ele>1661.04</ele></trkpt><trkpt lat="45.87710069999999" lon="6.7757428"><ele>1662.7</ele></trkpt><trkpt lat="45.87708" lon="6.775740000000001"><ele>1662.7</ele></trkpt><trkpt lat="45.87705720000001" lon="6.7757343"><ele>1663.44</ele></trkpt><trkpt lat="45.87699820000003" lon="6.7757197"><ele>1665.11</ele></trkpt><trkpt lat="45.876915099999984" lon="6.7756989"><ele>1667.84</ele></trkpt><trkpt lat="45.876819999999995" lon="6.775675199999999"><ele>1670.53</ele></trkpt><trkpt lat="45.876724800000005" lon="6.7756514"><ele>1673.04</ele></trkpt><trkpt lat="45.8766418" lon="6.7756306"><ele>1676.48</ele></trkpt><trkpt lat="45.8765828" lon="6.7756158"><ele>1678.74</ele></trkpt><trkpt lat="45.876559999999984" lon="6.77561"><ele>1679.77</ele></trkpt><trkpt lat="45.8765246" lon="6.775535699999999"><ele>1682.05</ele></trkpt><trkpt lat="45.87648999999998" lon="6.77546"><ele>1684.04</ele></trkpt><trkpt lat="45.87647670000002" lon="6.7753869"><ele>1686</ele></trkpt><trkpt lat="45.876452799999996" lon="6.7752533"><ele>1690.23</ele></trkpt><trkpt lat="45.87644000000002" lon="6.775179999999999"><ele>1692.13</ele></trkpt><trkpt lat="45.87646489999999" lon="6.775054999999999"><ele>1694.44</ele></trkpt><trkpt lat="45.87648999999998" lon="6.7749299999999995"><ele>1697.34</ele></trkpt><trkpt lat="45.87648000000002" lon="6.77482"><ele>1698.8</ele></trkpt><trkpt lat="45.876409400000014" lon="6.774785400000001"><ele>1700.51</ele></trkpt><trkpt lat="45.87634" lon="6.774750000000001"><ele>1703.09</ele></trkpt><trkpt lat="45.87636509999997" lon="6.774692899999999"><ele>1703.52</ele></trkpt><trkpt lat="45.876420199999984" lon="6.774570000000001"><ele>1705.16</ele></trkpt><trkpt lat="45.87647520000002" lon="6.774447"><ele>1704.95</ele></trkpt><trkpt lat="45.87649999999997" lon="6.77439"><ele>1705.87</ele></trkpt><trkpt lat="45.8764406" lon="6.7743835"><ele>1706.84</ele></trkpt><trkpt lat="45.87633040000001" lon="6.774374399999998"><ele>1708.15</ele></trkpt><trkpt lat="45.876270000000005" lon="6.77437"><ele>1709.3</ele></trkpt><trkpt lat="45.876205000000006" lon="6.774400199999999"><ele>1710.66</ele></trkpt><trkpt lat="45.87614" lon="6.774429999999999"><ele>1710.32</ele></trkpt><trkpt lat="45.876054999999994" lon="6.7743851"><ele>1711.46</ele></trkpt><trkpt lat="45.87597000000002" lon="6.7743400000000005"><ele>1712.77</ele></trkpt><trkpt lat="45.87588499999998" lon="6.7743397000000005"><ele>1713.98</ele></trkpt><trkpt lat="45.875800000000005" lon="6.7743400000000005"><ele>1714.36</ele></trkpt><trkpt lat="45.875710000000005" lon="6.77437"><ele>1716.05</ele></trkpt><trkpt lat="45.87562500000003" lon="6.7743699"><ele>1717.54</ele></trkpt><trkpt lat="45.87554000000002" lon="6.77437"><ele>1719.33</ele></trkpt><trkpt lat="45.875440000000005" lon="6.77445"><ele>1720.94</ele></trkpt><trkpt lat="45.8754036" lon="6.7744911000000005"><ele>1721.76</ele></trkpt><trkpt lat="45.87532490000001" lon="6.7745799"><ele>1724.26</ele></trkpt><trkpt lat="45.87524629999999" lon="6.774668699999999"><ele>1726.99</ele></trkpt><trkpt lat="45.87520999999999" lon="6.77471"><ele>1728.53</ele></trkpt><trkpt lat="45.875174899999976" lon="6.774794899999999"><ele>1729.67</ele></trkpt><trkpt lat="45.87513999999999" lon="6.77488"><ele>1730.08</ele></trkpt><trkpt lat="45.87511149999999" lon="6.7749212"><ele>1731.08</ele></trkpt><trkpt lat="45.87504989999999" lon="6.775009999999999"><ele>1733.33</ele></trkpt><trkpt lat="45.87498839999999" lon="6.7750987"><ele>1735.77</ele></trkpt><trkpt lat="45.87495999999999" lon="6.77514"><ele>1736.99</ele></trkpt><trkpt lat="45.87494090000002" lon="6.775189499999999"><ele>1738.51</ele></trkpt><trkpt lat="45.87489629999999" lon="6.775305699999999"><ele>1739.91</ele></trkpt><trkpt lat="45.8748433" lon="6.775443999999999"><ele>1743.08</ele></trkpt><trkpt lat="45.874798899999995" lon="6.775560300000001"><ele>1746.45</ele></trkpt><trkpt lat="45.874779999999994" lon="6.77561"><ele>1747.32</ele></trkpt><trkpt lat="45.874774699999975" lon="6.775643299999998"><ele>1747.32</ele></trkpt><trkpt lat="45.87476100000002" lon="6.7757295"><ele>1749.34</ele></trkpt><trkpt lat="45.8747419" lon="6.7758509"><ele>1751.91</ele></trkpt><trkpt lat="45.87471990000001" lon="6.775989999999999"><ele>1753.32</ele></trkpt><trkpt lat="45.874697999999995" lon="6.776129"><ele>1756.28</ele></trkpt><trkpt lat="45.8746789" lon="6.776250400000001"><ele>1758.3</ele></trkpt><trkpt lat="45.87466530000001" lon="6.776336599999999"><ele>1758.55</ele></trkpt><trkpt lat="45.87466" lon="6.776369999999998"><ele>1758.55</ele></trkpt><trkpt lat="45.87465389999998" lon="6.776400400000001"><ele>1758.7</ele></trkpt><trkpt lat="45.87463800000002" lon="6.7764786"><ele>1760.62</ele></trkpt><trkpt lat="45.874615699999985" lon="6.776588799999999"><ele>1762.58</ele></trkpt><trkpt lat="45.8745901" lon="6.776715"><ele>1764.92</ele></trkpt><trkpt lat="45.87456449999999" lon="6.7768412"><ele>1765.52</ele></trkpt><trkpt lat="45.87454209999999" lon="6.7769514000000015"><ele>1768.07</ele></trkpt><trkpt lat="45.8745262" lon="6.7770297"><ele>1770.42</ele></trkpt><trkpt lat="45.874520000000004" lon="6.777059999999999"><ele>1770.42</ele></trkpt><trkpt lat="45.8745144" lon="6.777081999999999"><ele>1770.8</ele></trkpt><trkpt lat="45.87449910000002" lon="6.7771415"><ele>1772.86</ele></trkpt><trkpt lat="45.87447610000001" lon="6.7772311"><ele>1773.07</ele></trkpt><trkpt lat="45.87444729999999" lon="6.777343199999999"><ele>1775.81</ele></trkpt><trkpt lat="45.87441460000001" lon="6.777470299999999"><ele>1777.97</ele></trkpt><trkpt lat="45.874380000000016" lon="6.777604999999999"><ele>1781.21</ele></trkpt><trkpt lat="45.87434540000002" lon="6.777739600000002"><ele>1782.34</ele></trkpt><trkpt lat="45.87431269999998" lon="6.7778668"><ele>1783.34</ele></trkpt><trkpt lat="45.874283899999995" lon="6.777978899999999"><ele>1784.02</ele></trkpt><trkpt lat="45.8742609" lon="6.778068499999999"><ele>1784.92</ele></trkpt><trkpt lat="45.8742456" lon="6.778128"><ele>1785.17</ele></trkpt><trkpt lat="45.874239999999965" lon="6.778149999999999"><ele>1785.58</ele></trkpt><trkpt lat="45.874239999999965" lon="6.77827"><ele>1786.27</ele></trkpt><trkpt lat="45.87422800000002" lon="6.7783078"><ele>1787.21</ele></trkpt><trkpt lat="45.874198400000026" lon="6.7784002999999995"><ele>1788.63</ele></trkpt><trkpt lat="45.87416009999998" lon="6.7785201"><ele>1790.49</ele></trkpt><trkpt lat="45.87412180000001" lon="6.778639799999999"><ele>1791.65</ele></trkpt><trkpt lat="45.874092200000014" lon="6.778732299999999"><ele>1792.1</ele></trkpt><trkpt lat="45.87408" lon="6.77877"><ele>1793.52</ele></trkpt><trkpt lat="45.87403510000002" lon="6.778835100000001"><ele>1794.05</ele></trkpt><trkpt lat="45.87399" lon="6.7789"><ele>1795.77</ele></trkpt><trkpt lat="45.873960000000004" lon="6.779"><ele>1797.73</ele></trkpt><trkpt lat="45.873960000000004" lon="6.779100000000001"><ele>1799.97</ele></trkpt><trkpt lat="45.87399999999999" lon="6.77918"><ele>1799.25</ele></trkpt><trkpt lat="45.873950000000015" lon="6.77919"><ele>1801.5</ele></trkpt><trkpt lat="45.87387999999997" lon="6.7791451"><ele>1803.08</ele></trkpt><trkpt lat="45.87381" lon="6.779100000000001"><ele>1802.42</ele></trkpt><trkpt lat="45.87376999999999" lon="6.779100000000001"><ele>1802.4</ele></trkpt><trkpt lat="45.87370499999999" lon="6.779005"><ele>1802.38</ele></trkpt><trkpt lat="45.873640000000016" lon="6.778910000000001"><ele>1802.2</ele></trkpt><trkpt lat="45.87363" lon="6.778929999999998"><ele>1802.68</ele></trkpt><trkpt lat="45.87360429999999" lon="6.778907399999998"><ele>1802.94</ele></trkpt><trkpt lat="45.8735413" lon="6.7788521"><ele>1803.17</ele></trkpt><trkpt lat="45.87345980000002" lon="6.7787803"><ele>1803.07</ele></trkpt><trkpt lat="45.87337830000001" lon="6.7787085"><ele>1802.51</ele></trkpt><trkpt lat="45.87331549999999" lon="6.778652899999999"><ele>1801.65</ele></trkpt><trkpt lat="45.873290000000004" lon="6.778630000000001"><ele>1800.08</ele></trkpt><trkpt lat="45.87328020000001" lon="6.7785923"><ele>1799.4</ele></trkpt><trkpt lat="45.8732559" lon="6.7784966"><ele>1797.49</ele></trkpt><trkpt lat="45.87322279999999" lon="6.7783662"><ele>1795.14</ele></trkpt><trkpt lat="45.87318690000001" lon="6.778224100000002"><ele>1792.81</ele></trkpt><trkpt lat="45.8731539" lon="6.7780936"><ele>1789.68</ele></trkpt><trkpt lat="45.87312960000001" lon="6.7779978"><ele>1788.82</ele></trkpt><trkpt lat="45.87311999999999" lon="6.77796"><ele>1788.15</ele></trkpt><trkpt lat="45.87307999999999" lon="6.77796"><ele>1787.84</ele></trkpt><trkpt lat="45.87304000000001" lon="6.777799999999999"><ele>1785.57</ele></trkpt><trkpt lat="45.8729905" lon="6.777773400000001"><ele>1783.87</ele></trkpt><trkpt lat="45.87289979999999" lon="6.777725800000001"><ele>1780.32</ele></trkpt><trkpt lat="45.87284999999999" lon="6.7777"><ele>1778.85</ele></trkpt><trkpt lat="45.872729999999954" lon="6.77769"><ele>1774.91</ele></trkpt><trkpt lat="45.872630000000015" lon="6.77762"><ele>1771.36</ele></trkpt><trkpt lat="45.8725904" lon="6.7776088"><ele>1770.51</ele></trkpt><trkpt lat="45.872505000000004" lon="6.7775848"><ele>1769.13</ele></trkpt><trkpt lat="45.8724197" lon="6.777560899999999"><ele>1765.54</ele></trkpt><trkpt lat="45.87237999999999" lon="6.777549999999999"><ele>1763.82</ele></trkpt><trkpt lat="45.87229999999998" lon="6.77759"><ele>1762.84</ele></trkpt><trkpt lat="45.87227099999999" lon="6.7776526"><ele>1762.7</ele></trkpt><trkpt lat="45.872218600000004" lon="6.7777671"><ele>1762.94</ele></trkpt><trkpt lat="45.87219" lon="6.77783"><ele>1761.47</ele></trkpt><trkpt lat="45.87218189999997" lon="6.777856299999999"><ele>1761.67</ele></trkpt><trkpt lat="45.872160699999995" lon="6.777925400000001"><ele>1759.93</ele></trkpt><trkpt lat="45.87213009999999" lon="6.7780249999999995"><ele>1758.82</ele></trkpt><trkpt lat="45.87209390000001" lon="6.7781429"><ele>1758.72</ele></trkpt><trkpt lat="45.872055899999985" lon="6.778266999999999"><ele>1759.31</ele></trkpt><trkpt lat="45.872019700000024" lon="6.778384899999999"><ele>1757.68</ele></trkpt><trkpt lat="45.871989199999994" lon="6.7784845"><ele>1757.25</ele></trkpt><trkpt lat="45.87196800000002" lon="6.778553600000001"><ele>1757.76</ele></trkpt><trkpt lat="45.87196000000001" lon="6.778579999999999"><ele>1756.82</ele></trkpt><trkpt lat="45.871955899999996" lon="6.7786018"><ele>1756.82</ele></trkpt><trkpt lat="45.871944999999975" lon="6.778660800000001"><ele>1758.11</ele></trkpt><trkpt lat="45.871928599999976" lon="6.778749499999999"><ele>1757.58</ele></trkpt><trkpt lat="45.87190799999998" lon="6.778860599999999"><ele>1759.19</ele></trkpt><trkpt lat="45.871884700000024" lon="6.7789866000000005"><ele>1758.24</ele></trkpt><trkpt lat="45.87186" lon="6.779119999999999"><ele>1757.57</ele></trkpt><trkpt lat="45.871835299999994" lon="6.779253399999999"><ele>1756.69</ele></trkpt><trkpt lat="45.871811999999984" lon="6.779379400000001"><ele>1756.12</ele></trkpt><trkpt lat="45.8717914" lon="6.779490399999999"><ele>1758.75</ele></trkpt><trkpt lat="45.87177500000002" lon="6.779579200000001"><ele>1757.33</ele></trkpt><trkpt lat="45.87176409999997" lon="6.7796382"><ele>1758.98</ele></trkpt><trkpt lat="45.87176000000001" lon="6.77966"><ele>1758.98</ele></trkpt><trkpt lat="45.87175269999999" lon="6.779688799999998"><ele>1758.01</ele></trkpt><trkpt lat="45.87173339999997" lon="6.7797643"><ele>1760.03</ele></trkpt><trkpt lat="45.87170549999998" lon="6.7798733"><ele>1762.63</ele></trkpt><trkpt lat="45.87167249999998" lon="6.7800022"><ele>1761.59</ele></trkpt><trkpt lat="45.87163779999999" lon="6.780137899999999"><ele>1758.59</ele></trkpt><trkpt lat="45.87160470000001" lon="6.7802669"><ele>1755.62</ele></trkpt><trkpt lat="45.8715768" lon="6.7803758"><ele>1759.86</ele></trkpt><trkpt lat="45.871557399999986" lon="6.780451299999999"><ele>1759.72</ele></trkpt><trkpt lat="45.87155000000002" lon="6.78048"><ele>1761.36</ele></trkpt><trkpt lat="45.8715343" lon="6.7805131"><ele>1760.78</ele></trkpt><trkpt lat="45.871494299999995" lon="6.780596700000001"><ele>1761.68</ele></trkpt><trkpt lat="45.8714398" lon="6.7807106"><ele>1762.68</ele></trkpt><trkpt lat="45.8713804" lon="6.7808346"><ele>1760.5</ele></trkpt><trkpt lat="45.871325899999974" lon="6.780948399999999"><ele>1759.67</ele></trkpt><trkpt lat="45.871285800000024" lon="6.781031999999999"><ele>1761.35</ele></trkpt><trkpt lat="45.87127" lon="6.781064999999999"><ele>1761.84</ele></trkpt><trkpt lat="45.87125420000002" lon="6.781098000000001"><ele>1763.65</ele></trkpt><trkpt lat="45.87121409999999" lon="6.781181600000001"><ele>1763.4</ele></trkpt><trkpt lat="45.871159599999984" lon="6.7812955"><ele>1768</ele></trkpt><trkpt lat="45.871100300000016" lon="6.7814194"><ele>1770.62</ele></trkpt><trkpt lat="45.87104570000002" lon="6.7815332999999995"><ele>1768.47</ele></trkpt><trkpt lat="45.871005800000006" lon="6.7816169"><ele>1762.91</ele></trkpt><trkpt lat="45.87098999999999" lon="6.78165"><ele>1762.91</ele></trkpt><trkpt lat="45.87098999999999" lon="6.7818"><ele>1761.87</ele></trkpt><trkpt lat="45.870960000000004" lon="6.781879999999999"><ele>1760.98</ele></trkpt><trkpt lat="45.87088499999999" lon="6.78189"><ele>1755.24</ele></trkpt><trkpt lat="45.87080999999999" lon="6.7819"><ele>1752.87</ele></trkpt><trkpt lat="45.87073999999997" lon="6.78199"><ele>1756.08</ele></trkpt><trkpt lat="45.87069999999999" lon="6.781999999999999"><ele>1756.69</ele></trkpt><trkpt lat="45.87063000000002" lon="6.78196"><ele>1752.21</ele></trkpt><trkpt lat="45.87053" lon="6.78206"><ele>1757.18</ele></trkpt><trkpt lat="45.870470000000026" lon="6.782099999999999"><ele>1758.97</ele></trkpt><trkpt lat="45.87040999999999" lon="6.78214"><ele>1760.02</ele></trkpt><trkpt lat="45.87036" lon="6.78221"><ele>1761.04</ele></trkpt><trkpt lat="45.87027" lon="6.782235"><ele>1763.64</ele></trkpt><trkpt lat="45.87018000000002" lon="6.782260000000001"><ele>1762.98</ele></trkpt><trkpt lat="45.87010489999998" lon="6.7823098"><ele>1758.84</ele></trkpt><trkpt lat="45.870029999999986" lon="6.78236"><ele>1758.15</ele></trkpt><trkpt lat="45.86999930000001" lon="6.7823864"><ele>1759.37</ele></trkpt><trkpt lat="45.869927599999976" lon="6.782448099999999"><ele>1758.98</ele></trkpt><trkpt lat="45.86984230000003" lon="6.782521599999999"><ele>1762.81</ele></trkpt><trkpt lat="45.86977060000002" lon="6.782583399999999"><ele>1760.62</ele></trkpt><trkpt lat="45.869740000000014" lon="6.78261"><ele>1761.34</ele></trkpt><trkpt lat="45.8697085" lon="6.7826699999999995"><ele>1761.72</ele></trkpt><trkpt lat="45.86965140000001" lon="6.7827799"><ele>1763.75</ele></trkpt><trkpt lat="45.86962" lon="6.782839999999999"><ele>1763.4</ele></trkpt><trkpt lat="45.8695549" lon="6.782899900000001"><ele>1762.7</ele></trkpt><trkpt lat="45.86948999999999" lon="6.78296"><ele>1760.64</ele></trkpt><trkpt lat="45.869459600000006" lon="6.783074799999999"><ele>1762.37</ele></trkpt><trkpt lat="45.86943000000001" lon="6.78319"><ele>1761.17</ele></trkpt><trkpt lat="45.869435" lon="6.783305000000001"><ele>1763.96</ele></trkpt><trkpt lat="45.86944" lon="6.78342"><ele>1768.06</ele></trkpt><trkpt lat="45.86941" lon="6.783440000000001"><ele>1766.7</ele></trkpt><trkpt lat="45.86933999999998" lon="6.783440000000001"><ele>1763.59</ele></trkpt><trkpt lat="45.8693" lon="6.783479999999999"><ele>1761.46</ele></trkpt><trkpt lat="45.86926" lon="6.78354"><ele>1760.23</ele></trkpt><trkpt lat="45.86927000000001" lon="6.7836099999999995"><ele>1763.13</ele></trkpt><trkpt lat="45.86923000000001" lon="6.783699999999998"><ele>1764.85</ele></trkpt><trkpt lat="45.86916000000001" lon="6.78378"><ele>1764.58</ele></trkpt><trkpt lat="45.86905000000003" lon="6.783819999999999"><ele>1763.92</ele></trkpt><trkpt lat="45.86893000000001" lon="6.78384"><ele>1762.25</ele></trkpt><trkpt lat="45.86888279999999" lon="6.7838894000000005"><ele>1765.49</ele></trkpt><trkpt lat="45.8687969" lon="6.7839801"><ele>1767.73</ele></trkpt><trkpt lat="45.86875000000001" lon="6.7840300000000004"><ele>1767.86</ele></trkpt><trkpt lat="45.8687199" lon="6.784109900000001"><ele>1771.19</ele></trkpt><trkpt lat="45.86869000000001" lon="6.78419"><ele>1773.03</ele></trkpt><trkpt lat="45.868635200000014" lon="6.784285199999999"><ele>1772.41</ele></trkpt><trkpt lat="45.86858000000001" lon="6.7843800000000005"><ele>1774.05</ele></trkpt><trkpt lat="45.86845999999996" lon="6.7844299999999995"><ele>1771.85</ele></trkpt><trkpt lat="45.86840769999999" lon="6.784476999999999"><ele>1773.6</ele></trkpt><trkpt lat="45.86831230000001" lon="6.7845631"><ele>1773.57</ele></trkpt><trkpt lat="45.868260000000014" lon="6.784610000000001"><ele>1775.67</ele></trkpt><trkpt lat="45.868169999999985" lon="6.784610000000001"><ele>1772.44</ele></trkpt><trkpt lat="45.868069999999975" lon="6.784659999999999"><ele>1774.26</ele></trkpt><trkpt lat="45.867989999999985" lon="6.78479"><ele>1775.4</ele></trkpt><trkpt lat="45.86796499999999" lon="6.784904999999998"><ele>1773.85</ele></trkpt><trkpt lat="45.86793999999999" lon="6.785019999999999"><ele>1771.81</ele></trkpt><trkpt lat="45.867889999999974" lon="6.785059999999999"><ele>1771.52</ele></trkpt><trkpt lat="45.86783769999998" lon="6.7850339"><ele>1771.99</ele></trkpt><trkpt lat="45.867742299999996" lon="6.784985900000001"><ele>1773.18</ele></trkpt><trkpt lat="45.867689999999996" lon="6.784960000000001"><ele>1774.42</ele></trkpt><trkpt lat="45.86761989999998" lon="6.784989399999999"><ele>1773.07</ele></trkpt><trkpt lat="45.86755" lon="6.785019999999999"><ele>1773.06</ele></trkpt><trkpt lat="45.86745999999998" lon="6.78511"><ele>1775.52</ele></trkpt><trkpt lat="45.8673751" lon="6.7851603"><ele>1775.17</ele></trkpt><trkpt lat="45.86728999999999" lon="6.785209999999998"><ele>1777.19</ele></trkpt><trkpt lat="45.86722499999999" lon="6.7852055"><ele>1777.48</ele></trkpt><trkpt lat="45.86716000000001" lon="6.785200000000001"><ele>1776.72</ele></trkpt><trkpt lat="45.867130000000024" lon="6.785160000000001"><ele>1773.38</ele></trkpt><trkpt lat="45.86705000000001" lon="6.785160000000001"><ele>1772.15</ele></trkpt><trkpt lat="45.86698989999996" lon="6.785180800000001"><ele>1774.08</ele></trkpt><trkpt lat="45.866880099999975" lon="6.7852191"><ele>1773.98</ele></trkpt><trkpt lat="45.86681999999999" lon="6.785239999999999"><ele>1772.57</ele></trkpt><trkpt lat="45.86673999999998" lon="6.78525"><ele>1772.32</ele></trkpt><trkpt lat="45.866679999999995" lon="6.785220000000001"><ele>1772.43</ele></trkpt><trkpt lat="45.86664400000001" lon="6.785219900000001"><ele>1772.63</ele></trkpt><trkpt lat="45.866559999999986" lon="6.785219900000001"><ele>1773.15</ele></trkpt><trkpt lat="45.86645999999997" lon="6.785219900000001"><ele>1774.03</ele></trkpt><trkpt lat="45.866375999999995" lon="6.785220000000001"><ele>1773.29</ele></trkpt><trkpt lat="45.86634" lon="6.785220000000001"><ele>1772.08</ele></trkpt><trkpt lat="45.86629569999999" lon="6.7852231"><ele>1771.46</ele></trkpt><trkpt lat="45.866199999999985" lon="6.7852299"><ele>1770.45</ele></trkpt><trkpt lat="45.86610430000003" lon="6.785236800000001"><ele>1769.94</ele></trkpt><trkpt lat="45.86605999999999" lon="6.785239999999999"><ele>1770.12</ele></trkpt><trkpt lat="45.865994999999984" lon="6.7852552"><ele>1770.45</ele></trkpt><trkpt lat="45.86593000000001" lon="6.78527"><ele>1772.65</ele></trkpt><trkpt lat="45.86587" lon="6.7852399"><ele>1770.93</ele></trkpt><trkpt lat="45.86581000000002" lon="6.785209999999998"><ele>1770.44</ele></trkpt><trkpt lat="45.865729999999985" lon="6.78528"><ele>1771.44</ele></trkpt><trkpt lat="45.865728299999994" lon="6.7853417"><ele>1771.94</ele></trkpt><trkpt lat="45.86572499999999" lon="6.785475"><ele>1772.91</ele></trkpt><trkpt lat="45.86572169999998" lon="6.785608200000001"><ele>1774.38</ele></trkpt><trkpt lat="45.86572000000002" lon="6.785669999999999"><ele>1774.69</ele></trkpt><trkpt lat="45.86569409999999" lon="6.785748500000001"><ele>1772.52</ele></trkpt><trkpt lat="45.8656463" lon="6.7858917000000005"><ele>1769.65</ele></trkpt><trkpt lat="45.86562000000001" lon="6.785970000000001"><ele>1769.53</ele></trkpt><trkpt lat="45.86557010000001" lon="6.7860800999999995"><ele>1772.1</ele></trkpt><trkpt lat="45.86552000000002" lon="6.78619"><ele>1771.17</ele></trkpt><trkpt lat="45.86546509999997" lon="6.786275100000001"><ele>1770.58</ele></trkpt><trkpt lat="45.86540999999999" lon="6.786360000000001"><ele>1772.65</ele></trkpt><trkpt lat="45.8653681" lon="6.786409600000001"><ele>1773.24</ele></trkpt><trkpt lat="45.865291699999986" lon="6.7865001"><ele>1773.22</ele></trkpt><trkpt lat="45.86525000000002" lon="6.786550000000001"><ele>1775.43</ele></trkpt><trkpt lat="45.86521970000001" lon="6.786659799999999"><ele>1776.17</ele></trkpt><trkpt lat="45.865189999999984" lon="6.78677"><ele>1777.55</ele></trkpt><trkpt lat="45.86519509999998" lon="6.78687"><ele>1778.43</ele></trkpt><trkpt lat="45.8652" lon="6.786970000000001"><ele>1779.26</ele></trkpt><trkpt lat="45.86517669999999" lon="6.787033"><ele>1779</ele></trkpt><trkpt lat="45.8651337" lon="6.7871473"><ele>1779.2</ele></trkpt><trkpt lat="45.86511000000005" lon="6.787209999999999"><ele>1779.42</ele></trkpt><trkpt lat="45.86509000000002" lon="6.7872503"><ele>1779.02</ele></trkpt><trkpt lat="45.865043100000015" lon="6.7873443"><ele>1779.66</ele></trkpt><trkpt lat="45.86498729999999" lon="6.787456200000001"><ele>1781.34</ele></trkpt><trkpt lat="45.86494030000001" lon="6.7875499999999995"><ele>1781.07</ele></trkpt><trkpt lat="45.864919999999984" lon="6.787590000000001"><ele>1781.39</ele></trkpt><trkpt lat="45.86482000000002" lon="6.787520000000001"><ele>1783.05</ele></trkpt><trkpt lat="45.86482000000002" lon="6.78751"><ele>1783.05</ele></trkpt><trkpt lat="45.86480290000001" lon="6.7874897999999995"><ele>1783.05</ele></trkpt><trkpt lat="45.864758600000016" lon="6.7874376"><ele>1783.58</ele></trkpt><trkpt lat="45.86469640000001" lon="6.7873641"><ele>1784.11</ele></trkpt><trkpt lat="45.86462499999999" lon="6.7872799"><ele>1784.41</ele></trkpt><trkpt lat="45.86455369999997" lon="6.787195799999999"><ele>1785.75</ele></trkpt><trkpt lat="45.864491399999984" lon="6.787122300000001"><ele>1788.23</ele></trkpt><trkpt lat="45.864447199999994" lon="6.787070199999999"><ele>1788.19</ele></trkpt><trkpt lat="45.864429999999984" lon="6.78705"><ele>1787.48</ele></trkpt><trkpt lat="45.864349999999995" lon="6.787009900000001"><ele>1787.23</ele></trkpt><trkpt lat="45.86427000000001" lon="6.786970000000001"><ele>1788.53</ele></trkpt><trkpt lat="45.86420490000001" lon="6.7868853"><ele>1789.47</ele></trkpt><trkpt lat="45.86413999999998" lon="6.7867999999999995"><ele>1789.6</ele></trkpt><trkpt lat="45.864113" lon="6.7867509"><ele>1789.83</ele></trkpt><trkpt lat="45.864055" lon="6.786645"><ele>1789.99</ele></trkpt><trkpt lat="45.863996899999975" lon="6.7865391"><ele>1789.24</ele></trkpt><trkpt lat="45.863969999999995" lon="6.786489999999999"><ele>1789.18</ele></trkpt><trkpt lat="45.86392560000001" lon="6.786422099999999"><ele>1789.69</ele></trkpt><trkpt lat="45.863844299999975" lon="6.7862979"><ele>1784.11</ele></trkpt><trkpt lat="45.86380000000001" lon="6.78623"><ele>1777.47</ele></trkpt><trkpt lat="45.863789999999995" lon="6.78616"><ele>1771.64</ele></trkpt><trkpt lat="45.86383" lon="6.78607"><ele>1770.17</ele></trkpt><trkpt lat="45.86383" lon="6.786020000000001"><ele>1770.04</ele></trkpt><trkpt lat="45.86381" lon="6.78601"><ele>1770.04</ele></trkpt><trkpt lat="45.863760000000006" lon="6.7860299999999985"><ele>1768.57</ele></trkpt><trkpt lat="45.863760000000006" lon="6.7860000000000005"><ele>1768.57</ele></trkpt><trkpt lat="45.863793999999984" lon="6.7859269"><ele>1767.79</ele></trkpt><trkpt lat="45.8638561" lon="6.785793199999999"><ele>1766.2</ele></trkpt><trkpt lat="45.86389000000001" lon="6.7857199999999995"><ele>1765.59</ele></trkpt><trkpt lat="45.86390999999999" lon="6.78557"><ele>1764.88</ele></trkpt><trkpt lat="45.863879999999995" lon="6.785429999999999"><ele>1762.21</ele></trkpt><trkpt lat="45.86389000000001" lon="6.78528"><ele>1760.04</ele></trkpt><trkpt lat="45.8638303" lon="6.7852097"><ele>1757.45</ele></trkpt><trkpt lat="45.863769999999995" lon="6.785139999999999"><ele>1755.74</ele></trkpt><trkpt lat="45.863715000000006" lon="6.7850951"><ele>1753.81</ele></trkpt><trkpt lat="45.86366000000002" lon="6.785049999999999"><ele>1752.72</ele></trkpt><trkpt lat="45.86361479999999" lon="6.784980300000001"><ele>1750.48</ele></trkpt><trkpt lat="45.86357000000002" lon="6.78491"><ele>1748.27</ele></trkpt><trkpt lat="45.86357000000002" lon="6.7848299999999995"><ele>1746.51</ele></trkpt><trkpt lat="45.86362000000001" lon="6.78476"><ele>1746.31</ele></trkpt><trkpt lat="45.863630199999996" lon="6.7846401"><ele>1743.64</ele></trkpt><trkpt lat="45.86364000000001" lon="6.78452"><ele>1741.22</ele></trkpt><trkpt lat="45.863634899999994" lon="6.7844467"><ele>1740.72</ele></trkpt><trkpt lat="45.8636254" lon="6.784313200000001"><ele>1739.09</ele></trkpt><trkpt lat="45.86362000000001" lon="6.78424"><ele>1738.79</ele></trkpt><trkpt lat="45.8635801" lon="6.784129900000001"><ele>1736.93</ele></trkpt><trkpt lat="45.86354" lon="6.78402"><ele>1735.07</ele></trkpt><trkpt lat="45.863519999999994" lon="6.78391"><ele>1732.55</ele></trkpt><trkpt lat="45.8635351" lon="6.783819999999999"><ele>1731.13</ele></trkpt><trkpt lat="45.86355000000001" lon="6.78373"><ele>1729.47</ele></trkpt><trkpt lat="45.863509999999984" lon="6.783570000000001"><ele>1723.69</ele></trkpt><trkpt lat="45.863460299999986" lon="6.783514199999999"><ele>1720.55</ele></trkpt><trkpt lat="45.863409999999966" lon="6.783459999999998"><ele>1717.14</ele></trkpt><trkpt lat="45.86335510000001" lon="6.7834781"><ele>1716.17</ele></trkpt><trkpt lat="45.86325490000002" lon="6.783511999999999"><ele>1716.77</ele></trkpt><trkpt lat="45.863200000000006" lon="6.78353"><ele>1715.92</ele></trkpt><trkpt lat="45.86316030000002" lon="6.783505"><ele>1715.97</ele></trkpt><trkpt lat="45.86307490000002" lon="6.7834503"><ele>1712.59</ele></trkpt><trkpt lat="45.8629896" lon="6.7833955"><ele>1709.65</ele></trkpt><trkpt lat="45.862950000000005" lon="6.78337"><ele>1707.3</ele></trkpt><trkpt lat="45.862930000000006" lon="6.78334"><ele>1707.33</ele></trkpt><trkpt lat="45.862959999999944" lon="6.783170000000001"><ele>1696.59</ele></trkpt><trkpt lat="45.86292220000002" lon="6.783134800000001"><ele>1693.54</ele></trkpt><trkpt lat="45.8628402" lon="6.7830596000000005"><ele>1693.4</ele></trkpt><trkpt lat="45.86275810000001" lon="6.7829846"><ele>1697.68</ele></trkpt><trkpt lat="45.86271999999999" lon="6.78295"><ele>1699.64</ele></trkpt><trkpt lat="45.862649999999995" lon="6.78294"><ele>1702.28</ele></trkpt><trkpt lat="45.86271999999999" lon="6.78295"><ele>1699.64</ele></trkpt><trkpt lat="45.86262" lon="6.78294"><ele>1703.83</ele></trkpt><trkpt lat="45.862559999999995" lon="6.78302"><ele>1709.18</ele></trkpt><trkpt lat="45.862470000000016" lon="6.783000000000001"><ele>1714.51</ele></trkpt><trkpt lat="45.862390000000005" lon="6.783020100000001"><ele>1719.14</ele></trkpt><trkpt lat="45.862309999999994" lon="6.78304"><ele>1722.91</ele></trkpt><trkpt lat="45.86225999999998" lon="6.782990000000001"><ele>1724.29</ele></trkpt><trkpt lat="45.86224999999999" lon="6.782869999999999"><ele>1726.34</ele></trkpt><trkpt lat="45.862190000000005" lon="6.782820000000001"><ele>1729.86</ele></trkpt><trkpt lat="45.862124900000005" lon="6.7828545"><ele>1732.82</ele></trkpt><trkpt lat="45.86205999999998" lon="6.78289"><ele>1735.44</ele></trkpt><trkpt lat="45.861999999999995" lon="6.782990000000001"><ele>1736.9</ele></trkpt><trkpt lat="45.86187999999998" lon="6.782990000000001"><ele>1743.41</ele></trkpt><trkpt lat="45.86180500000001" lon="6.7830653"><ele>1746.07</ele></trkpt><trkpt lat="45.861729999999994" lon="6.783140000000001"><ele>1750.79</ele></trkpt><trkpt lat="45.8616695" lon="6.783076100000001"><ele>1756.14</ele></trkpt><trkpt lat="45.86160999999998" lon="6.783010000000001"><ele>1763.54</ele></trkpt><trkpt lat="45.86162500000001" lon="6.782895"><ele>1764.3</ele></trkpt><trkpt lat="45.861639999999994" lon="6.78278"><ele>1765.44</ele></trkpt><trkpt lat="45.86158009999998" lon="6.78273"><ele>1771.35</ele></trkpt><trkpt lat="45.86151999999998" lon="6.782679999999999"><ele>1776.71</ele></trkpt><trkpt lat="45.861509399999974" lon="6.7825991000000005"><ele>1776.7</ele></trkpt><trkpt lat="45.8614905" lon="6.782451"><ele>1779.34</ele></trkpt><trkpt lat="45.86148" lon="6.78237"><ele>1779.58</ele></trkpt><trkpt lat="45.86139" lon="6.78227"><ele>1786.65</ele></trkpt><trkpt lat="45.8613899" lon="6.782180000000001"><ele>1785.91</ele></trkpt><trkpt lat="45.86139" lon="6.782089999999999"><ele>1784.94</ele></trkpt><trkpt lat="45.8613732" lon="6.782043399999999"><ele>1786.13</ele></trkpt><trkpt lat="45.86133369999999" lon="6.781934599999999"><ele>1785.71</ele></trkpt><trkpt lat="45.86128660000001" lon="6.7818051"><ele>1787.83</ele></trkpt><trkpt lat="45.86124699999999" lon="6.7816964"><ele>1786.36</ele></trkpt><trkpt lat="45.86123" lon="6.78165"><ele>1787.48</ele></trkpt><trkpt lat="45.8611602" lon="6.781579599999999"><ele>1789.67</ele></trkpt><trkpt lat="45.86108999999998" lon="6.781509999999999"><ele>1788.37</ele></trkpt><trkpt lat="45.86097999999998" lon="6.78148"><ele>1791.88</ele></trkpt><trkpt lat="45.8609199" lon="6.7814748"><ele>1794.43</ele></trkpt><trkpt lat="45.860810100000045" lon="6.7814654"><ele>1800.36</ele></trkpt><trkpt lat="45.86074999999999" lon="6.78146"><ele>1804.08</ele></trkpt><trkpt lat="45.860684800000016" lon="6.7814105"><ele>1805.11</ele></trkpt><trkpt lat="45.86061999999998" lon="6.781360000000001"><ele>1807.63</ele></trkpt><trkpt lat="45.8605883" lon="6.781302700000001"><ele>1809.13</ele></trkpt><trkpt lat="45.86053100000001" lon="6.7811979"><ele>1811.55</ele></trkpt><trkpt lat="45.86049999999999" lon="6.781139999999999"><ele>1813.05</ele></trkpt><trkpt lat="45.86052499999999" lon="6.781055"><ele>1811.67</ele></trkpt><trkpt lat="45.86055000000001" lon="6.78097"><ele>1810.32</ele></trkpt><trkpt lat="45.86049550000001" lon="6.780869300000002"><ele>1812.59</ele></trkpt><trkpt lat="45.86043999999998" lon="6.780770000000001"><ele>1814.39</ele></trkpt><trkpt lat="45.860392600000004" lon="6.780760299999999"><ele>1817.49</ele></trkpt><trkpt lat="45.86029" lon="6.78074"><ele>1821.99</ele></trkpt><trkpt lat="45.86018739999999" lon="6.7807197"><ele>1828.33</ele></trkpt><trkpt lat="45.860139999999994" lon="6.780709999999999"><ele>1830.76</ele></trkpt><trkpt lat="45.86009480000002" lon="6.780620399999999"><ele>1833.26</ele></trkpt><trkpt lat="45.860049999999994" lon="6.780530000000001"><ele>1834.05</ele></trkpt><trkpt lat="45.86001089999999" lon="6.780482700000001"><ele>1834.87</ele></trkpt><trkpt lat="45.8599394" lon="6.7803968999999995"><ele>1838.72</ele></trkpt><trkpt lat="45.85990000000001" lon="6.78035"><ele>1839.29</ele></trkpt><trkpt lat="45.85984259999999" lon="6.780310699999999"><ele>1839.71</ele></trkpt><trkpt lat="45.85973749999999" lon="6.780239199999999"><ele>1842.21</ele></trkpt><trkpt lat="45.859680000000004" lon="6.780200000000001"><ele>1843.27</ele></trkpt><trkpt lat="45.85962520000001" lon="6.7801555"><ele>1843.44</ele></trkpt><trkpt lat="45.859524900000004" lon="6.7800742000000005"><ele>1844.52</ele></trkpt><trkpt lat="45.85946999999999" lon="6.780030000000001"><ele>1844.41</ele></trkpt><trkpt lat="45.8594304" lon="6.7800203"><ele>1844.49</ele></trkpt><trkpt lat="45.859344999999976" lon="6.779999900000001"><ele>1845.27</ele></trkpt><trkpt lat="45.85925960000001" lon="6.7799796"><ele>1847.15</ele></trkpt><trkpt lat="45.85921999999999" lon="6.779969999999999"><ele>1847.95</ele></trkpt><trkpt lat="45.85914999999999" lon="6.7799"><ele>1849.4</ele></trkpt><trkpt lat="45.859120000000004" lon="6.77975"><ele>1852.67</ele></trkpt><trkpt lat="45.859077400000004" lon="6.779716600000001"><ele>1854</ele></trkpt><trkpt lat="45.85898509999998" lon="6.779644900000001"><ele>1855.14</ele></trkpt><trkpt lat="45.85889270000003" lon="6.7795732"><ele>1856.58</ele></trkpt><trkpt lat="45.85884999999998" lon="6.779539999999999"><ele>1857.11</ele></trkpt><trkpt lat="45.85876999999997" lon="6.77944"><ele>1858.54</ele></trkpt><trkpt lat="45.858770200000016" lon="6.7793348"><ele>1860.71</ele></trkpt><trkpt lat="45.85876999999997" lon="6.77923"><ele>1862.61</ele></trkpt><trkpt lat="45.85873939999999" lon="6.779203400000002"><ele>1863.39</ele></trkpt><trkpt lat="45.858667700000005" lon="6.7791417"><ele>1864.58</ele></trkpt><trkpt lat="45.85858229999998" lon="6.7790683000000005"><ele>1867.05</ele></trkpt><trkpt lat="45.858510599999995" lon="6.779006599999999"><ele>1868.79</ele></trkpt><trkpt lat="45.85847999999999" lon="6.77898"><ele>1869.82</ele></trkpt><trkpt lat="45.858459199999984" lon="6.7789248"><ele>1870.72</ele></trkpt><trkpt lat="45.858414900000014" lon="6.7788051"><ele>1874.56</ele></trkpt><trkpt lat="45.8583706" lon="6.7786854000000005"><ele>1877.47</ele></trkpt><trkpt lat="45.85834999999999" lon="6.778630000000001"><ele>1878.55</ele></trkpt><trkpt lat="45.858280000000015" lon="6.77857"><ele>1880.37</ele></trkpt><trkpt lat="45.8582251" lon="6.778474799999999"><ele>1883.48</ele></trkpt><trkpt lat="45.85816999999999" lon="6.778379999999999"><ele>1886.61</ele></trkpt><trkpt lat="45.85808509999998" lon="6.7783598000000005"><ele>1888.08</ele></trkpt><trkpt lat="45.858000000000004" lon="6.778339999999999"><ele>1893.58</ele></trkpt><trkpt lat="45.85795569999999" lon="6.778318"><ele>1894.03</ele></trkpt><trkpt lat="45.85785989999999" lon="6.7782703"><ele>1898.15</ele></trkpt><trkpt lat="45.857764200000005" lon="6.7782225"><ele>1902.28</ele></trkpt><trkpt lat="45.857719999999986" lon="6.7782"><ele>1904.06</ele></trkpt><trkpt lat="45.857689500000006" lon="6.7781055"><ele>1906</ele></trkpt><trkpt lat="45.85766000000001" lon="6.77801"><ele>1907.73</ele></trkpt><trkpt lat="45.85766000000001" lon="6.77792"><ele>1910.52</ele></trkpt><trkpt lat="45.85766000000001" lon="6.77783"><ele>1912.39</ele></trkpt><trkpt lat="45.8576474" lon="6.777784399999999"><ele>1913.74</ele></trkpt><trkpt lat="45.85761790000002" lon="6.777678099999999"><ele>1916.21</ele></trkpt><trkpt lat="45.85758259999999" lon="6.777551599999999"><ele>1918.83</ele></trkpt><trkpt lat="45.857552899999995" lon="6.7774454"><ele>1920.86</ele></trkpt><trkpt lat="45.857540000000014" lon="6.777400000000001"><ele>1921.66</ele></trkpt><trkpt lat="45.85747520000001" lon="6.7773796"><ele>1921.89</ele></trkpt><trkpt lat="45.85741000000004" lon="6.77736"><ele>1922.71</ele></trkpt><trkpt lat="45.85735999999999" lon="6.777295100000001"><ele>1924.27</ele></trkpt><trkpt lat="45.85730999999997" lon="6.777229999999999"><ele>1926.61</ele></trkpt><trkpt lat="45.857272" lon="6.777198399999998"><ele>1926.8</ele></trkpt><trkpt lat="45.85718990000001" lon="6.777130200000001"><ele>1928.28</ele></trkpt><trkpt lat="45.857107799999994" lon="6.777062"><ele>1929.35</ele></trkpt><trkpt lat="45.857069999999986" lon="6.77703"><ele>1929.46</ele></trkpt><trkpt lat="45.85704620000002" lon="6.776944099999999"><ele>1930.46</ele></trkpt><trkpt lat="45.857003299999995" lon="6.776786300000001"><ele>1932.54</ele></trkpt><trkpt lat="45.85697999999999" lon="6.776700000000001"><ele>1933.89</ele></trkpt><trkpt lat="45.856960000000015" lon="6.776540000000001"><ele>1936.4</ele></trkpt><trkpt lat="45.856917399999986" lon="6.776509800000001"><ele>1937.07</ele></trkpt><trkpt lat="45.856825000000015" lon="6.7764449"><ele>1939.13</ele></trkpt><trkpt lat="45.85673270000001" lon="6.776380199999999"><ele>1941.61</ele></trkpt><trkpt lat="45.856690000000015" lon="6.776350000000002"><ele>1942.85</ele></trkpt><trkpt lat="45.8566728" lon="6.7763285"><ele>1943.23</ele></trkpt><trkpt lat="45.856628500000014" lon="6.776273"><ele>1943.96</ele></trkpt><trkpt lat="45.8565662" lon="6.7761948"><ele>1945.19</ele></trkpt><trkpt lat="45.85649490000001" lon="6.776105199999999"><ele>1946.56</ele></trkpt><trkpt lat="45.856423599999985" lon="6.776015599999999"><ele>1948.05</ele></trkpt><trkpt lat="45.8563613" lon="6.7759373"><ele>1950.94</ele></trkpt><trkpt lat="45.85631710000001" lon="6.775881600000001"><ele>1952.04</ele></trkpt><trkpt lat="45.8563" lon="6.77586"><ele>1952.91</ele></trkpt><trkpt lat="45.85627490000003" lon="6.775745099999999"><ele>1954.34</ele></trkpt><trkpt lat="45.85624999999998" lon="6.77563"><ele>1957.67</ele></trkpt><trkpt lat="45.85622579999999" lon="6.775589699999999"><ele>1959.22</ele></trkpt><trkpt lat="45.85616899999999" lon="6.775495800000001"><ele>1962.31</ele></trkpt><trkpt lat="45.85610130000002" lon="6.7753839"><ele>1965.64</ele></trkpt><trkpt lat="45.856044399999995" lon="6.77529"><ele>1967.94</ele></trkpt><trkpt lat="45.85601999999999" lon="6.775249999999999"><ele>1969.19</ele></trkpt><trkpt lat="45.85598519999999" lon="6.775216599999999"><ele>1970.25</ele></trkpt><trkpt lat="45.85591000000001" lon="6.775145"><ele>1972.26</ele></trkpt><trkpt lat="45.8558348" lon="6.775073399999999"><ele>1974.33</ele></trkpt><trkpt lat="45.85579999999998" lon="6.77504"><ele>1975.26</ele></trkpt><trkpt lat="45.85577960000001" lon="6.7750076"><ele>1976</ele></trkpt><trkpt lat="45.85572969999996" lon="6.7749280999999995"><ele>1977.9</ele></trkpt><trkpt lat="45.85566499999998" lon="6.774825"><ele>1980.53</ele></trkpt><trkpt lat="45.8556003" lon="6.774721900000001"><ele>1982.14</ele></trkpt><trkpt lat="45.8555504" lon="6.774642399999999"><ele>1984.65</ele></trkpt><trkpt lat="45.85552999999998" lon="6.77461"><ele>1984.97</ele></trkpt><trkpt lat="45.855514200000016" lon="6.774591700000001"><ele>1985.81</ele></trkpt><trkpt lat="45.85547279999999" lon="6.7745438"><ele>1987.14</ele></trkpt><trkpt lat="45.855413" lon="6.774474700000001"><ele>1989.69</ele></trkpt><trkpt lat="45.8553423" lon="6.7743929"><ele>1991.98</ele></trkpt><trkpt lat="45.855267899999994" lon="6.774306899999999"><ele>1994.14</ele></trkpt><trkpt lat="45.855197099999984" lon="6.7742251"><ele>1996.69</ele></trkpt><trkpt lat="45.855137299999996" lon="6.774156100000001"><ele>1997.77</ele></trkpt><trkpt lat="45.8550958" lon="6.7741082"><ele>1998.58</ele></trkpt><trkpt lat="45.85507999999998" lon="6.774089999999999"><ele>1998.78</ele></trkpt><trkpt lat="45.8550625" lon="6.7740752"><ele>1999.38</ele></trkpt><trkpt lat="45.855016400000004" lon="6.774036500000001"><ele>2000.74</ele></trkpt><trkpt lat="45.85494999999998" lon="6.773980699999999"><ele>2001.52</ele></trkpt><trkpt lat="45.854871400000015" lon="6.7739145999999995"><ele>2002.8</ele></trkpt><trkpt lat="45.85478870000001" lon="6.7738452"><ele>2004.07</ele></trkpt><trkpt lat="45.85471009999999" lon="6.7737792"><ele>2007.14</ele></trkpt><trkpt lat="45.854643599999996" lon="6.773723400000001"><ele>2008.84</ele></trkpt><trkpt lat="45.85459759999999" lon="6.773684699999998"><ele>2009.95</ele></trkpt><trkpt lat="45.85457999999999" lon="6.773670000000001"><ele>2011.02</ele></trkpt><trkpt lat="45.85454830000001" lon="6.773645599999999"><ele>2010.71</ele></trkpt><trkpt lat="45.8544742" lon="6.773588700000001"><ele>2010.89</ele></trkpt><trkpt lat="45.85438590000001" lon="6.773520999999999"><ele>2012.97</ele></trkpt><trkpt lat="45.854311800000005" lon="6.7734642"><ele>2014.07</ele></trkpt><trkpt lat="45.854280000000024" lon="6.773440000000001"><ele>2015.45</ele></trkpt><trkpt lat="45.85426019999999" lon="6.773429299999999"><ele>2015.75</ele></trkpt><trkpt lat="45.854208200000016" lon="6.7734012"><ele>2016.84</ele></trkpt><trkpt lat="45.854133100000006" lon="6.7733606"><ele>2018.34</ele></trkpt><trkpt lat="45.854044200000004" lon="6.773312699999999"><ele>2019.77</ele></trkpt><trkpt lat="45.85395080000003" lon="6.7732622"><ele>2021.4</ele></trkpt><trkpt lat="45.853861900000005" lon="6.773214300000001"><ele>2022.88</ele></trkpt><trkpt lat="45.85378689999999" lon="6.773173800000001"><ele>2024.43</ele></trkpt><trkpt lat="45.853734799999984" lon="6.773145699999999"><ele>2025.71</ele></trkpt><trkpt lat="45.85371500000001" lon="6.773134999999999"><ele>2026.19</ele></trkpt><trkpt lat="45.8536952" lon="6.773124299999999"><ele>2026.72</ele></trkpt><trkpt lat="45.8536431" lon="6.7730962"><ele>2028.3</ele></trkpt><trkpt lat="45.853568100000004" lon="6.7730558"><ele>2030.62</ele></trkpt><trkpt lat="45.85347920000001" lon="6.773007800000001"><ele>2032.89</ele></trkpt><trkpt lat="45.85338569999998" lon="6.772957399999999"><ele>2035.1</ele></trkpt><trkpt lat="45.85329690000001" lon="6.7729094"><ele>2037.23</ele></trkpt><trkpt lat="45.85322179999999" lon="6.772868899999998"><ele>2038.77</ele></trkpt><trkpt lat="45.85316979999999" lon="6.7728408"><ele>2039.82</ele></trkpt><trkpt lat="45.853150000000014" lon="6.77283"><ele>2039.88</ele></trkpt><trkpt lat="45.85311930000001" lon="6.7727953"><ele>2040.91</ele></trkpt><trkpt lat="45.8530476" lon="6.772713699999999"><ele>2042.93</ele></trkpt><trkpt lat="45.8529623" lon="6.772616499999999"><ele>2045.44</ele></trkpt><trkpt lat="45.85289059999996" lon="6.772534799999999"><ele>2048.06</ele></trkpt><trkpt lat="45.85286000000001" lon="6.7725"><ele>2049.58</ele></trkpt><trkpt lat="45.8528321" lon="6.772476599999999"><ele>2049.78</ele></trkpt><trkpt lat="45.85276369999999" lon="6.7724192"><ele>2052.14</ele></trkpt><trkpt lat="45.85267499999999" lon="6.772345"><ele>2053.18</ele></trkpt><trkpt lat="45.852586299999984" lon="6.7722707"><ele>2055.88</ele></trkpt><trkpt lat="45.85251790000001" lon="6.7722134"><ele>2057.36</ele></trkpt><trkpt lat="45.85248999999997" lon="6.77219"><ele>2059.09</ele></trkpt><trkpt lat="45.85246680000001" lon="6.772168499999999"><ele>2061.03</ele></trkpt><trkpt lat="45.85240829999999" lon="6.772114299999998"><ele>2062.73</ele></trkpt><trkpt lat="45.85232839999998" lon="6.7720403"><ele>2066.4</ele></trkpt><trkpt lat="45.85224149999999" lon="6.771959699999999"><ele>2066.69</ele></trkpt><trkpt lat="45.8521617" lon="6.7718858"><ele>2068.77</ele></trkpt><trkpt lat="45.85210319999999" lon="6.771831500000001"><ele>2069.93</ele></trkpt><trkpt lat="45.85208" lon="6.77181"><ele>2071.58</ele></trkpt><trkpt lat="45.85205680000002" lon="6.7717885"><ele>2072.18</ele></trkpt><trkpt lat="45.851998300000005" lon="6.7717342"><ele>2076.33</ele></trkpt><trkpt lat="45.85191850000001" lon="6.7716602"><ele>2078.96</ele></trkpt><trkpt lat="45.8518316" lon="6.7715797"><ele>2082.31</ele></trkpt><trkpt lat="45.85175179999998" lon="6.7715057000000005"><ele>2086.23</ele></trkpt><trkpt lat="45.85169319999999" lon="6.7714514"><ele>2088.38</ele></trkpt><trkpt lat="45.85167000000001" lon="6.7714300000000005"><ele>2089.94</ele></trkpt><trkpt lat="45.85158999999997" lon="6.7713951"><ele>2092.14</ele></trkpt><trkpt lat="45.85150999999999" lon="6.771359999999999"><ele>2094.18</ele></trkpt><trkpt lat="45.8514942" lon="6.7713404"><ele>2094.9</ele></trkpt><trkpt lat="45.851452699999996" lon="6.771288899999999"><ele>2096.6</ele></trkpt><trkpt lat="45.851392900000015" lon="6.771214500000001"><ele>2098.85</ele></trkpt><trkpt lat="45.851322100000004" lon="6.7711265"><ele>2100.66</ele></trkpt><trkpt lat="45.85124769999998" lon="6.7710338"><ele>2102.05</ele></trkpt><trkpt lat="45.85117689999997" lon="6.770945800000001"><ele>2103.88</ele></trkpt><trkpt lat="45.85111720000001" lon="6.770871299999999"><ele>2105.72</ele></trkpt><trkpt lat="45.85107579999998" lon="6.7708197"><ele>2106.62</ele></trkpt><trkpt lat="45.85105999999999" lon="6.7707999999999995"><ele>2106.88</ele></trkpt><trkpt lat="45.851039300000004" lon="6.770749399999999"><ele>2108.28</ele></trkpt><trkpt lat="45.85099489999999" lon="6.770640099999999"><ele>2109.36</ele></trkpt><trkpt lat="45.850950600000004" lon="6.7705307"><ele>2111.55</ele></trkpt><trkpt lat="45.85093000000001" lon="6.770479999999999"><ele>2112.56</ele></trkpt><trkpt lat="45.85089090000001" lon="6.770419699999999"><ele>2114.03</ele></trkpt><trkpt lat="45.8508193" lon="6.7703099"><ele>2117.53</ele></trkpt><trkpt lat="45.85077999999998" lon="6.77025"><ele>2118.75</ele></trkpt><trkpt lat="45.85071000000001" lon="6.7702048999999995"><ele>2120.87</ele></trkpt><trkpt lat="45.850639999999984" lon="6.77016"><ele>2122.79</ele></trkpt><trkpt lat="45.85057000000001" lon="6.77005"><ele>2125.15</ele></trkpt><trkpt lat="45.85049509999997" lon="6.769999800000001"><ele>2126.96</ele></trkpt><trkpt lat="45.85041999999998" lon="6.769950000000001"><ele>2127.16</ele></trkpt><trkpt lat="45.850369999999984" lon="6.769950000000001"><ele>2125.75</ele></trkpt><trkpt lat="45.85030000000001" lon="6.77"><ele>2123.83</ele></trkpt><trkpt lat="45.85023999999998" lon="6.77005"><ele>2122.07</ele></trkpt><trkpt lat="45.85019499999998" lon="6.7701501"><ele>2119.6</ele></trkpt><trkpt lat="45.85014999999998" lon="6.77025"><ele>2119.84</ele></trkpt><trkpt lat="45.85013" lon="6.770209999999999"><ele>2117.7</ele></trkpt><trkpt lat="45.85013" lon="6.7701"><ele>2115.36</ele></trkpt><trkpt lat="45.850080000000005" lon="6.77005"><ele>2111.33</ele></trkpt><trkpt lat="45.85004" lon="6.770180000000001"><ele>2111.78</ele></trkpt><trkpt lat="45.84998000000002" lon="6.77005"><ele>2106.63</ele></trkpt><trkpt lat="45.8499894" lon="6.769995100000001"><ele>2105.42</ele></trkpt><trkpt lat="45.8500117" lon="6.7698665"><ele>2102.66</ele></trkpt><trkpt lat="45.85003819999999" lon="6.769713499999999"><ele>2099.31</ele></trkpt><trkpt lat="45.8500605" lon="6.769584899999999"><ele>2097.03</ele></trkpt><trkpt lat="45.850070000000024" lon="6.76953"><ele>2096.43</ele></trkpt><trkpt lat="45.85003000000002" lon="6.76951"><ele>2094.85</ele></trkpt><trkpt lat="45.84996500000001" lon="6.76957"><ele>2090.84</ele></trkpt><trkpt lat="45.849899999999984" lon="6.76963"><ele>2088.16</ele></trkpt><trkpt lat="45.84985030000001" lon="6.769649000000001"><ele>2087.53</ele></trkpt><trkpt lat="45.8497596" lon="6.7696828"><ele>2084.32</ele></trkpt><trkpt lat="45.84971000000002" lon="6.7697"><ele>2081.51</ele></trkpt><trkpt lat="45.84970460000001" lon="6.769575500000001"><ele>2079.6</ele></trkpt><trkpt lat="45.849699999999984" lon="6.76945"><ele>2078.04</ele></trkpt><trkpt lat="45.84964" lon="6.76936"><ele>2073.81</ele></trkpt><trkpt lat="45.849595499999985" lon="6.7693963"><ele>2070.71</ele></trkpt><trkpt lat="45.8495145" lon="6.7694634"><ele>2065.76</ele></trkpt><trkpt lat="45.84946999999999" lon="6.769499999999999"><ele>2064.89</ele></trkpt><trkpt lat="45.84945999999997" lon="6.76944"><ele>2064.01</ele></trkpt><trkpt lat="45.84942000000002" lon="6.76936"><ele>2059.31</ele></trkpt><trkpt lat="45.84940000000002" lon="6.769210000000001"><ele>2057.58</ele></trkpt><trkpt lat="45.849339999999984" lon="6.769220000000001"><ele>2054.29</ele></trkpt><trkpt lat="45.849339999999984" lon="6.76917"><ele>2053.81</ele></trkpt><trkpt lat="45.849309999999996" lon="6.769160000000001"><ele>2051.64</ele></trkpt><trkpt lat="45.849249999999984" lon="6.769180000000002"><ele>2048.93</ele></trkpt><trkpt lat="45.84924000000002" lon="6.769079999999999"><ele>2043.51</ele></trkpt><trkpt lat="45.84919" lon="6.769089999999999"><ele>2043.1</ele></trkpt><trkpt lat="45.849140000000006" lon="6.769160000000001"><ele>2041</ele></trkpt><trkpt lat="45.849129999999995" lon="6.7691"><ele>2039.76</ele></trkpt><trkpt lat="45.849039999999995" lon="6.76912"><ele>2033.54</ele></trkpt><trkpt lat="45.84906999999998" lon="6.76901"><ele>2032.43</ele></trkpt><trkpt lat="45.849039999999995" lon="6.76896"><ele>2029.63</ele></trkpt><trkpt lat="45.848950000000016" lon="6.769030000000001"><ele>2026.46</ele></trkpt><trkpt lat="45.84890999999999" lon="6.769180000000002"><ele>2026.31</ele></trkpt><trkpt lat="45.84888999999998" lon="6.769180000000002"><ele>2024.26</ele></trkpt><trkpt lat="45.8488798" lon="6.769079999999999"><ele>2022.76</ele></trkpt><trkpt lat="45.848870000000005" lon="6.768980000000001"><ele>2021.71</ele></trkpt><trkpt lat="45.84887499999995" lon="6.768889999999999"><ele>2019.18</ele></trkpt><trkpt lat="45.848879999999994" lon="6.768799999999999"><ele>2017.28</ele></trkpt><trkpt lat="45.848859999999995" lon="6.768799999999999"><ele>2015.85</ele></trkpt><trkpt lat="45.84881000000003" lon="6.76886"><ele>2015.14</ele></trkpt><trkpt lat="45.848780000000005" lon="6.76876"><ele>2012.13</ele></trkpt><trkpt lat="45.84877749999998" lon="6.7686893"><ele>2008.78</ele></trkpt><trkpt lat="45.84877290000001" lon="6.7685605"><ele>2007.21</ele></trkpt><trkpt lat="45.848769999999995" lon="6.768489999999999"><ele>2004.73</ele></trkpt><trkpt lat="45.848730999999994" lon="6.768429800000001"><ele>2001.63</ele></trkpt><trkpt lat="45.848659199999986" lon="6.7683202"><ele>1996.52</ele></trkpt><trkpt lat="45.84861999999999" lon="6.76826"><ele>1991.54</ele></trkpt><trkpt lat="45.84860000000001" lon="6.768089999999999"><ele>1991.86</ele></trkpt><trkpt lat="45.84856869999997" lon="6.768021999999999"><ele>1989.98</ele></trkpt><trkpt lat="45.848511299999984" lon="6.767898000000001"><ele>1986.1</ele></trkpt><trkpt lat="45.848479999999995" lon="6.767830000000001"><ele>1982.05</ele></trkpt><trkpt lat="45.848479999999995" lon="6.76771"><ele>1981.39</ele></trkpt><trkpt lat="45.84843999999999" lon="6.7676"><ele>1977.11</ele></trkpt><trkpt lat="45.848400000000005" lon="6.76755"><ele>1976.09</ele></trkpt><trkpt lat="45.84836" lon="6.76755"><ele>1973.95</ele></trkpt><trkpt lat="45.848323300000004" lon="6.7676229999999995"><ele>1970.51</ele></trkpt><trkpt lat="45.84825640000001" lon="6.767756799999999"><ele>1963.8</ele></trkpt><trkpt lat="45.848220000000005" lon="6.767830000000001"><ele>1961.79</ele></trkpt><trkpt lat="45.84818999999999" lon="6.767945000000001"><ele>1959.38</ele></trkpt><trkpt lat="45.84816" lon="6.76806"><ele>1955.77</ele></trkpt><trkpt lat="45.84809000000003" lon="6.76818"><ele>1954.11</ele></trkpt><trkpt lat="45.848043" lon="6.7682011"><ele>1951.51</ele></trkpt><trkpt lat="45.84795710000001" lon="6.7682389999999995"><ele>1949.07</ele></trkpt><trkpt lat="45.847910000000006" lon="6.76826"><ele>1947.38</ele></trkpt><trkpt lat="45.847862899999996" lon="6.768301699999999"><ele>1944.7</ele></trkpt><trkpt lat="45.84777709999999" lon="6.7683782"><ele>1943.44</ele></trkpt><trkpt lat="45.847730000000006" lon="6.76842"><ele>1943.43</ele></trkpt><trkpt lat="45.847640000000006" lon="6.768470000000001"><ele>1940.89</ele></trkpt><trkpt lat="45.84760999999996" lon="6.768459999999998"><ele>1939.68</ele></trkpt><trkpt lat="45.84762300000001" lon="6.768378999999999"><ele>1936.63</ele></trkpt><trkpt lat="45.84764690000001" lon="6.768231"><ele>1933.25</ele></trkpt><trkpt lat="45.84765999999998" lon="6.76815"><ele>1930.53</ele></trkpt><trkpt lat="45.84766539999999" lon="6.768074199999999"><ele>1930.02</ele></trkpt><trkpt lat="45.84767500000002" lon="6.7679358"><ele>1926.93</ele></trkpt><trkpt lat="45.84767999999998" lon="6.767860000000001"><ele>1924.71</ele></trkpt><trkpt lat="45.84765529999998" lon="6.7677648999999995"><ele>1921.89</ele></trkpt><trkpt lat="45.84762999999999" lon="6.767670000000001"><ele>1919.06</ele></trkpt><trkpt lat="45.84760790000001" lon="6.7676067"><ele>1918.62</ele></trkpt><trkpt lat="45.847559999999966" lon="6.76747"><ele>1913.45</ele></trkpt><trkpt lat="45.847512199999976" lon="6.767333200000001"><ele>1908.45</ele></trkpt><trkpt lat="45.84748999999999" lon="6.76727"><ele>1909.24</ele></trkpt><trkpt lat="45.847469999999994" lon="6.767250000000001"><ele>1907.04</ele></trkpt><trkpt lat="45.847441499999995" lon="6.767285900000001"><ele>1904.39</ele></trkpt><trkpt lat="45.84737469999998" lon="6.7673698999999985"><ele>1900.73</ele></trkpt><trkpt lat="45.847295299999985" lon="6.76747"><ele>1896.73</ele></trkpt><trkpt lat="45.84722849999999" lon="6.767554100000001"><ele>1895.24</ele></trkpt><trkpt lat="45.847199999999994" lon="6.767590000000001"><ele>1894.63</ele></trkpt><trkpt lat="45.84715999999999" lon="6.76762"><ele>1893.23</ele></trkpt><trkpt lat="45.84713999999999" lon="6.76757"><ele>1890.74</ele></trkpt><trkpt lat="45.847137399999994" lon="6.767499299999999"><ele>1889.79</ele></trkpt><trkpt lat="45.84713270000002" lon="6.7673706000000005"><ele>1886.83</ele></trkpt><trkpt lat="45.84713" lon="6.7673"><ele>1884.79</ele></trkpt><trkpt lat="45.847095200000005" lon="6.7671949"><ele>1879.67</ele></trkpt><trkpt lat="45.84705999999998" lon="6.76709"><ele>1876.06</ele></trkpt><trkpt lat="45.847026099999994" lon="6.767019399999999"><ele>1874.7</ele></trkpt><trkpt lat="45.8469641" lon="6.766890399999999"><ele>1871.69</ele></trkpt><trkpt lat="45.84692999999999" lon="6.766820000000001"><ele>1870.09</ele></trkpt><trkpt lat="45.84688999999999" lon="6.766829999999999"><ele>1867.95</ele></trkpt><trkpt lat="45.84688999999999" lon="6.76697"><ele>1866.13</ele></trkpt><trkpt lat="45.84682000000002" lon="6.767060000000001"><ele>1863.04</ele></trkpt><trkpt lat="45.84677719999997" lon="6.767068299999999"><ele>1862.82</ele></trkpt><trkpt lat="45.84668490000002" lon="6.7670857"><ele>1858.7</ele></trkpt><trkpt lat="45.846592699999995" lon="6.7671028"><ele>1854.93</ele></trkpt><trkpt lat="45.84654999999999" lon="6.76711"><ele>1852.99</ele></trkpt><trkpt lat="45.8465237" lon="6.767034400000001"><ele>1849.68</ele></trkpt><trkpt lat="45.8464764" lon="6.766895200000002"><ele>1845.13</ele></trkpt><trkpt lat="45.846450000000004" lon="6.766820000000001"><ele>1842.6</ele></trkpt><trkpt lat="45.8464161" lon="6.7668344"><ele>1841</ele></trkpt><trkpt lat="45.84633699999999" lon="6.7668694"><ele>1837.85</ele></trkpt><trkpt lat="45.846242800000006" lon="6.766911199999999"><ele>1835.34</ele></trkpt><trkpt lat="45.8461637" lon="6.7669459000000005"><ele>1833.51</ele></trkpt><trkpt lat="45.84613000000002" lon="6.76696"><ele>1833.1</ele></trkpt><trkpt lat="45.84612420000001" lon="6.7669118"><ele>1831.66</ele></trkpt><trkpt lat="45.84611189999997" lon="6.766798199999999"><ele>1827.57</ele></trkpt><trkpt lat="45.84609749999997" lon="6.7666626"><ele>1823.97</ele></trkpt><trkpt lat="45.84608539999998" lon="6.7665486999999995"><ele>1822.25</ele></trkpt><trkpt lat="45.84607999999999" lon="6.766500000000001"><ele>1819.77</ele></trkpt><trkpt lat="45.84598999999999" lon="6.76655"><ele>1817.71</ele></trkpt><trkpt lat="45.845959999999955" lon="6.76646"><ele>1814.34</ele></trkpt><trkpt lat="45.845936300000005" lon="6.7664424"><ele>1814.34</ele></trkpt><trkpt lat="45.84587629999999" lon="6.7663981"><ele>1811.19</ele></trkpt><trkpt lat="45.845794500000025" lon="6.7663378000000005"><ele>1807.22</ele></trkpt><trkpt lat="45.8457055" lon="6.766272100000001"><ele>1802.75</ele></trkpt><trkpt lat="45.845623700000004" lon="6.766211799999999"><ele>1799</ele></trkpt><trkpt lat="45.84556369999997" lon="6.7661675"><ele>1795.89</ele></trkpt><trkpt lat="45.84553999999999" lon="6.76615"><ele>1793.97</ele></trkpt><trkpt lat="45.84550510000001" lon="6.7661152"><ele>1792.29</ele></trkpt><trkpt lat="45.84542999999999" lon="6.76604"><ele>1789.54</ele></trkpt><trkpt lat="45.84535489999998" lon="6.7659648"><ele>1784.66</ele></trkpt><trkpt lat="45.845320000000015" lon="6.765929999999999"><ele>1782.32</ele></trkpt><trkpt lat="45.845230000000015" lon="6.765879999999999"><ele>1778.69</ele></trkpt><trkpt lat="45.845219999999976" lon="6.765760000000001"><ele>1775.31</ele></trkpt><trkpt lat="45.845150000000004" lon="6.765749999999999"><ele>1770.74</ele></trkpt><trkpt lat="45.84509999999999" lon="6.765680000000001"><ele>1768.12</ele></trkpt><trkpt lat="45.84509" lon="6.76561"><ele>1766.13</ele></trkpt><trkpt lat="45.845059999999954" lon="6.76561"><ele>1763.74</ele></trkpt><trkpt lat="45.845046399999994" lon="6.765571500000001"><ele>1763.74</ele></trkpt><trkpt lat="45.8450132" lon="6.765477199999999"><ele>1760.82</ele></trkpt><trkpt lat="45.844970100000005" lon="6.7653549"><ele>1756.25</ele></trkpt><trkpt lat="45.84492699999999" lon="6.7652326"><ele>1753.96</ele></trkpt><trkpt lat="45.84489369999999" lon="6.7651384"><ele>1751.73</ele></trkpt><trkpt lat="45.84487999999998" lon="6.7651"><ele>1750.3</ele></trkpt><trkpt lat="45.844833100000024" lon="6.7650760000000005"><ele>1748.36</ele></trkpt><trkpt lat="45.844747199999986" lon="6.765033500000001"><ele>1743.64</ele></trkpt><trkpt lat="45.84470000000001" lon="6.76501"><ele>1740.31</ele></trkpt><trkpt lat="45.84464999999999" lon="6.764944899999999"><ele>1739</ele></trkpt><trkpt lat="45.84460000000002" lon="6.76488"><ele>1736.73</ele></trkpt><trkpt lat="45.84458069999997" lon="6.7648701"><ele>1735.06</ele></trkpt><trkpt lat="45.84453009999997" lon="6.7648443"><ele>1733.86</ele></trkpt><trkpt lat="45.84445700000001" lon="6.7648071"><ele>1730.24</ele></trkpt><trkpt lat="45.84437049999999" lon="6.7647631"><ele>1725.96</ele></trkpt><trkpt lat="45.844279499999985" lon="6.7647167"><ele>1721.43</ele></trkpt><trkpt lat="45.84419299999999" lon="6.7646727"><ele>1716.83</ele></trkpt><trkpt lat="45.844120000000004" lon="6.764635600000001"><ele>1714.78</ele></trkpt><trkpt lat="45.8440693" lon="6.7646098"><ele>1712.46</ele></trkpt><trkpt lat="45.84405000000003" lon="6.764599999999999"><ele>1712.46</ele></trkpt><trkpt lat="45.84394" lon="6.76457"><ele>1707.19</ele></trkpt><trkpt lat="45.84394999999999" lon="6.7646999999999995"><ele>1704.54</ele></trkpt><trkpt lat="45.84390039999999" lon="6.7647034999999995"><ele>1704.04</ele></trkpt><trkpt lat="45.84380970000001" lon="6.764708299999999"><ele>1701.82</ele></trkpt><trkpt lat="45.84376" lon="6.764709999999999"><ele>1700.44</ele></trkpt><trkpt lat="45.8437235" lon="6.764662800000001"><ele>1698.91</ele></trkpt><trkpt lat="45.84364490000001" lon="6.764560100000001"><ele>1693.87</ele></trkpt><trkpt lat="45.84356639999999" lon="6.7644573999999995"><ele>1689.65</ele></trkpt><trkpt lat="45.84352999999999" lon="6.76441"><ele>1688.28</ele></trkpt><trkpt lat="45.84347259999998" lon="6.7643785"><ele>1686.17</ele></trkpt><trkpt lat="45.84336749999999" lon="6.764321399999999"><ele>1682.09</ele></trkpt><trkpt lat="45.84331000000001" lon="6.764290000000001"><ele>1679.59</ele></trkpt><trkpt lat="45.84325770000001" lon="6.764235300000001"><ele>1677.91</ele></trkpt><trkpt lat="45.84316219999998" lon="6.7641348"><ele>1673.97</ele></trkpt><trkpt lat="45.84311" lon="6.76408"><ele>1671.34</ele></trkpt><trkpt lat="45.84309179999999" lon="6.764063899999999"><ele>1671.34</ele></trkpt><trkpt lat="45.8430439" lon="6.764021499999999"><ele>1669.03</ele></trkpt><trkpt lat="45.84297480000001" lon="6.763960300000001"><ele>1666.35</ele></trkpt><trkpt lat="45.84289299999999" lon="6.763887999999999"><ele>1662.6</ele></trkpt><trkpt lat="45.84280699999998" lon="6.763811899999999"><ele>1658.49</ele></trkpt><trkpt lat="45.842725200000004" lon="6.763739499999999"><ele>1654.97</ele></trkpt><trkpt lat="45.842656199999986" lon="6.7636784"><ele>1652.89</ele></trkpt><trkpt lat="45.8426083" lon="6.763636100000001"><ele>1650.79</ele></trkpt><trkpt lat="45.84259000000001" lon="6.76362"><ele>1650.01</ele></trkpt><trkpt lat="45.8425689" lon="6.7636063"><ele>1649.51</ele></trkpt><trkpt lat="45.84251449999998" lon="6.7635712"><ele>1647.25</ele></trkpt><trkpt lat="45.8424378" lon="6.7635217"><ele>1645.11</ele></trkpt><trkpt lat="45.84235" lon="6.763465"><ele>1642.74</ele></trkpt><trkpt lat="45.84226219999998" lon="6.7634084"><ele>1640.41</ele></trkpt><trkpt lat="45.8421855" lon="6.7633589"><ele>1638.3</ele></trkpt><trkpt lat="45.842131100000024" lon="6.763323699999999"><ele>1636.41</ele></trkpt><trkpt lat="45.84211" lon="6.76331"><ele>1636.41</ele></trkpt><trkpt lat="45.84209350000002" lon="6.7632924999999995"><ele>1635.81</ele></trkpt><trkpt lat="45.84205020000003" lon="6.7632465"><ele>1634.81</ele></trkpt><trkpt lat="45.841987700000004" lon="6.7631801"><ele>1632.03</ele></trkpt><trkpt lat="45.841913799999986" lon="6.763101499999999"><ele>1629.85</ele></trkpt><trkpt lat="45.8418361" lon="6.7630188"><ele>1628.52</ele></trkpt><trkpt lat="45.84176220000001" lon="6.7629401"><ele>1626.39</ele></trkpt><trkpt lat="45.84169980000001" lon="6.7628737"><ele>1625.3</ele></trkpt><trkpt lat="45.8416565" lon="6.762827599999999"><ele>1624.42</ele></trkpt><trkpt lat="45.84164" lon="6.762810000000001"><ele>1623.33</ele></trkpt><trkpt lat="45.84160600000001" lon="6.7627551"><ele>1622.29</ele></trkpt><trkpt lat="45.84154409999999" lon="6.762654800000002"><ele>1620.23</ele></trkpt><trkpt lat="45.84150999999999" lon="6.7626"><ele>1619.38</ele></trkpt><trkpt lat="45.84143" lon="6.76258"><ele>1617.38</ele></trkpt><trkpt lat="45.84139989999999" lon="6.7624951"><ele>1615.88</ele></trkpt><trkpt lat="45.84137" lon="6.762409999999999"><ele>1614.62</ele></trkpt><trkpt lat="45.8413415" lon="6.762370300000001"><ele>1613.65</ele></trkpt><trkpt lat="45.841279900000025" lon="6.762285100000001"><ele>1611.84</ele></trkpt><trkpt lat="45.841218399999995" lon="6.762199799999999"><ele>1610.03</ele></trkpt><trkpt lat="45.84119" lon="6.7621600000000015"><ele>1609.14</ele></trkpt><trkpt lat="45.8411897" lon="6.7620501"><ele>1607.46</ele></trkpt><trkpt lat="45.84119" lon="6.761939999999999"><ele>1605.62</ele></trkpt><trkpt lat="45.84117520000001" lon="6.761825000000001"><ele>1604.07</ele></trkpt><trkpt lat="45.84116" lon="6.76171"><ele>1602.89</ele></trkpt><trkpt lat="45.84112490000002" lon="6.761605000000001"><ele>1600.92</ele></trkpt><trkpt lat="45.84109000000001" lon="6.7615"><ele>1599.92</ele></trkpt><trkpt lat="45.84109000000001" lon="6.761405"><ele>1598.89</ele></trkpt><trkpt lat="45.84109000000001" lon="6.761310000000001"><ele>1597.16</ele></trkpt><trkpt lat="45.84107439999999" lon="6.761236700000001"><ele>1596.41</ele></trkpt><trkpt lat="45.84104580000002" lon="6.7611032"><ele>1594.86</ele></trkpt><trkpt lat="45.84102999999995" lon="6.76103"><ele>1593.5</ele></trkpt><trkpt lat="45.841021199999986" lon="6.7609979"><ele>1592.75</ele></trkpt><trkpt lat="45.84099860000001" lon="6.7609151"><ele>1591.46</ele></trkpt><trkpt lat="45.84096659999999" lon="6.7607985"><ele>1590.16</ele></trkpt><trkpt lat="45.840930000000014" lon="6.7606649999999995"><ele>1587.59</ele></trkpt><trkpt lat="45.84089350000001" lon="6.7605314"><ele>1586.02</ele></trkpt><trkpt lat="45.84086150000001" lon="6.760414800000001"><ele>1585.09</ele></trkpt><trkpt lat="45.840838800000014" lon="6.760332"><ele>1584.13</ele></trkpt><trkpt lat="45.840829999999976" lon="6.760300000000001"><ele>1583.85</ele></trkpt><trkpt lat="45.84080399999997" lon="6.760234499999999"><ele>1582.94</ele></trkpt><trkpt lat="45.840756400000025" lon="6.760115200000001"><ele>1581.43</ele></trkpt><trkpt lat="45.840729999999986" lon="6.76005"><ele>1580.59</ele></trkpt><trkpt lat="45.84067" lon="6.76004"><ele>1580.05</ele></trkpt><trkpt lat="45.840570000000014" lon="6.760069999999999"><ele>1579.83</ele></trkpt><trkpt lat="45.84049999999999" lon="6.760049900000001"><ele>1579.45</ele></trkpt><trkpt lat="45.84042999999999" lon="6.76003"><ele>1578.93</ele></trkpt><trkpt lat="45.8403751" lon="6.7600481"><ele>1578.56</ele></trkpt><trkpt lat="45.8402749" lon="6.7600817"><ele>1576.38</ele></trkpt><trkpt lat="45.84022" lon="6.760100000000001"><ele>1575.1</ele></trkpt><trkpt lat="45.840170300000025" lon="6.760102699999999"><ele>1574.65</ele></trkpt><trkpt lat="45.84007969999997" lon="6.7601073"><ele>1573.76</ele></trkpt><trkpt lat="45.84003000000001" lon="6.76011"><ele>1573.23</ele></trkpt><trkpt lat="45.83997249999998" lon="6.760128199999999"><ele>1573.41</ele></trkpt><trkpt lat="45.8398675" lon="6.760161599999999"><ele>1573.16</ele></trkpt><trkpt lat="45.83981000000001" lon="6.760179999999999"><ele>1572.71</ele></trkpt><trkpt lat="45.8397499" lon="6.760206299999999"><ele>1572.55</ele></trkpt><trkpt lat="45.8396401" lon="6.7602543"><ele>1570.97</ele></trkpt><trkpt lat="45.83958000000002" lon="6.76028"><ele>1570.34</ele></trkpt><trkpt lat="45.83953029999999" lon="6.760251600000001"><ele>1569.68</ele></trkpt><trkpt lat="45.83943970000001" lon="6.7601987999999995"><ele>1568.25</ele></trkpt><trkpt lat="45.83938999999998" lon="6.76017"><ele>1567.74</ele></trkpt><trkpt lat="45.839325" lon="6.760179400000001"><ele>1567.34</ele></trkpt><trkpt lat="45.839259999999996" lon="6.7601900000000015"><ele>1567.05</ele></trkpt><trkpt lat="45.839159999999985" lon="6.76028"><ele>1567.28</ele></trkpt><trkpt lat="45.83913870000001" lon="6.760209799999999"><ele>1567.33</ele></trkpt><trkpt lat="45.83910079999998" lon="6.760080799999999"><ele>1566.99</ele></trkpt><trkpt lat="45.83908" lon="6.760009999999999"><ele>1566.48</ele></trkpt><trkpt lat="45.839069999999985" lon="6.760009999999999"><ele>1566.48</ele></trkpt><trkpt lat="45.83904939999999" lon="6.759952999999999"><ele>1566.19</ele></trkpt><trkpt lat="45.839004899999985" lon="6.7598301"><ele>1565.68</ele></trkpt><trkpt lat="45.83896049999997" lon="6.7597071"><ele>1563.1</ele></trkpt><trkpt lat="45.83894000000001" lon="6.759649999999999"><ele>1562.8</ele></trkpt><trkpt lat="45.83894000000001" lon="6.759520000000001"><ele>1562.2</ele></trkpt><trkpt lat="45.83891000000001" lon="6.75944"><ele>1560.5</ele></trkpt><trkpt lat="45.83885000000001" lon="6.75936"><ele>1556.92</ele></trkpt><trkpt lat="45.83885000000001" lon="6.75929"><ele>1554.84</ele></trkpt><trkpt lat="45.83889540000002" lon="6.7592251999999995"><ele>1554.43</ele></trkpt><trkpt lat="45.83894000000001" lon="6.759159999999999"><ele>1553.91</ele></trkpt><trkpt lat="45.83885000000001" lon="6.75905"><ele>1556.36</ele></trkpt><trkpt lat="45.8389" lon="6.75897"><ele>1556.65</ele></trkpt><trkpt lat="45.838889999999985" lon="6.758839999999999"><ele>1558.72</ele></trkpt><trkpt lat="45.83885000000001" lon="6.758689999999999"><ele>1560.63</ele></trkpt><trkpt lat="45.838852199999984" lon="6.7586484"><ele>1560.84</ele></trkpt><trkpt lat="45.83885770000002" lon="6.7585467"><ele>1560.65</ele></trkpt><trkpt lat="45.83886489999999" lon="6.758415"><ele>1560.45</ele></trkpt><trkpt lat="45.83887210000002" lon="6.7582832"><ele>1560.37</ele></trkpt><trkpt lat="45.83887770000002" lon="6.7581815999999995"><ele>1559.64</ele></trkpt><trkpt lat="45.838880000000024" lon="6.75814"><ele>1559.03</ele></trkpt><trkpt lat="45.83889500000001" lon="6.75805"><ele>1558.3</ele></trkpt><trkpt lat="45.83891000000001" lon="6.75796"><ele>1559.04</ele></trkpt><trkpt lat="45.83891000000001" lon="6.75781"><ele>1561.1</ele></trkpt><trkpt lat="45.838889999999985" lon="6.75775"><ele>1562.88</ele></trkpt><trkpt lat="45.838939799999984" lon="6.757649800000001"><ele>1563.86</ele></trkpt><trkpt lat="45.838989999999974" lon="6.75755"><ele>1565.35</ele></trkpt><trkpt lat="45.8390217" lon="6.757513499999999"><ele>1566.06</ele></trkpt><trkpt lat="45.83909000000001" lon="6.757435"><ele>1567.45</ele></trkpt><trkpt lat="45.83915830000002" lon="6.7573565"><ele>1569.25</ele></trkpt><trkpt lat="45.83919" lon="6.75732"><ele>1570.47</ele></trkpt><trkpt lat="45.839179999999985" lon="6.7573"><ele>1570.47</ele></trkpt><trkpt lat="45.83913569999997" lon="6.757280999999999"><ele>1571.04</ele></trkpt><trkpt lat="45.83904" lon="6.7572401"><ele>1573.45</ele></trkpt><trkpt lat="45.838944300000016" lon="6.757199100000001"><ele>1575.99</ele></trkpt><trkpt lat="45.8389" lon="6.75718"><ele>1578.28</ele></trkpt><trkpt lat="45.83891000000001" lon="6.75712"><ele>1579.26</ele></trkpt><trkpt lat="45.838937499999986" lon="6.7570914"><ele>1580.44</ele></trkpt><trkpt lat="45.83900179999998" lon="6.7570247000000005"><ele>1581.2</ele></trkpt><trkpt lat="45.83907829999998" lon="6.756945300000001"><ele>1583.46</ele></trkpt><trkpt lat="45.8391425" lon="6.7568786"><ele>1586.21</ele></trkpt><trkpt lat="45.839169999999996" lon="6.75685"><ele>1586.02</ele></trkpt><trkpt lat="45.839159999999985" lon="6.756799999999999"><ele>1589.38</ele></trkpt><trkpt lat="45.83908" lon="6.75674"><ele>1591.68</ele></trkpt><trkpt lat="45.83899999999999" lon="6.75668"><ele>1593.67</ele></trkpt><trkpt lat="45.838989999999974" lon="6.75665"><ele>1595.42</ele></trkpt><trkpt lat="45.83901999999999" lon="6.756599999999999"><ele>1596.94</ele></trkpt><trkpt lat="45.83908990000002" lon="6.756534800000001"><ele>1600.18</ele></trkpt><trkpt lat="45.839159999999985" lon="6.756469999999999"><ele>1601.78</ele></trkpt><trkpt lat="45.83919800000001" lon="6.7564509"><ele>1603.69</ele></trkpt><trkpt lat="45.83928" lon="6.75641"><ele>1605.23</ele></trkpt><trkpt lat="45.839361999999994" lon="6.756369099999999"><ele>1606.77</ele></trkpt><trkpt lat="45.83940000000002" lon="6.756350000000001"><ele>1606.63</ele></trkpt><trkpt lat="45.839475300000004" lon="6.7562704"><ele>1609.57</ele></trkpt><trkpt lat="45.83955" lon="6.756190000000001"><ele>1611.91</ele></trkpt><trkpt lat="45.839575300000014" lon="6.756065200000001"><ele>1616.35</ele></trkpt><trkpt lat="45.8396" lon="6.75594"><ele>1620.83</ele></trkpt><trkpt lat="45.83958999999998" lon="6.75591"><ele>1621.63</ele></trkpt><trkpt lat="45.8395325" lon="6.755904800000001"><ele>1624.96</ele></trkpt><trkpt lat="45.839427499999985" lon="6.7558954"><ele>1626.62</ele></trkpt><trkpt lat="45.83937" lon="6.755889999999999"><ele>1627.7</ele></trkpt><trkpt lat="45.83928499999997" lon="6.755835000000001"><ele>1630.23</ele></trkpt><trkpt lat="45.83920000000001" lon="6.755779999999999"><ele>1631.1</ele></trkpt><trkpt lat="45.839158800000014" lon="6.7557719"><ele>1632.68</ele></trkpt><trkpt lat="45.839069999999985" lon="6.755754699999999"><ele>1633.09</ele></trkpt><trkpt lat="45.83898120000001" lon="6.7557377"><ele>1634.23</ele></trkpt><trkpt lat="45.83894000000001" lon="6.75573"><ele>1636.68</ele></trkpt><trkpt lat="45.83888509999999" lon="6.7557428999999996"><ele>1635.99</ele></trkpt><trkpt lat="45.83878490000001" lon="6.755766899999999"><ele>1631.91</ele></trkpt><trkpt lat="45.83872999999996" lon="6.755779999999999"><ele>1630.36</ele></trkpt><trkpt lat="45.83866000000002" lon="6.755780299999999"><ele>1631.7</ele></trkpt><trkpt lat="45.838589999999996" lon="6.755779999999999"><ele>1632.61</ele></trkpt><trkpt lat="45.83857280000001" lon="6.7557736"><ele>1635.11</ele></trkpt><trkpt lat="45.83852669999998" lon="6.755756299999999"><ele>1635.58</ele></trkpt><trkpt lat="45.83845800000001" lon="6.7557305"><ele>1638.6</ele></trkpt><trkpt lat="45.83837320000002" lon="6.755698700000001"><ele>1639.97</ele></trkpt><trkpt lat="45.83827880000002" lon="6.755663299999999"><ele>1643.43</ele></trkpt><trkpt lat="45.8381812" lon="6.755626699999999"><ele>1647.38</ele></trkpt><trkpt lat="45.83808679999997" lon="6.755591199999999"><ele>1650.83</ele></trkpt><trkpt lat="45.83800200000001" lon="6.755559399999999"><ele>1654.31</ele></trkpt><trkpt lat="45.83793330000001" lon="6.7555337"><ele>1655.33</ele></trkpt><trkpt lat="45.83788720000001" lon="6.7555164"><ele>1658.44</ele></trkpt><trkpt lat="45.837869999999995" lon="6.75551"><ele>1658.44</ele></trkpt><trkpt lat="45.837822600000024" lon="6.7555065999999995"><ele>1659.76</ele></trkpt><trkpt lat="45.83771999999999" lon="6.7554995999999985"><ele>1662.21</ele></trkpt><trkpt lat="45.837617400000006" lon="6.7554929"><ele>1666.51</ele></trkpt><trkpt lat="45.83757000000001" lon="6.75549"><ele>1667.77</ele></trkpt><trkpt lat="45.83750989999998" lon="6.755526400000001"><ele>1668.73</ele></trkpt><trkpt lat="45.837400099999996" lon="6.7555936"><ele>1672.67</ele></trkpt><trkpt lat="45.83733999999999" lon="6.755629999999999"><ele>1673.57</ele></trkpt><trkpt lat="45.8372957" lon="6.755625600000001"><ele>1674.88</ele></trkpt><trkpt lat="45.837199999999996" lon="6.755615400000001"><ele>1679.42</ele></trkpt><trkpt lat="45.83710429999999" lon="6.755605"><ele>1682.34</ele></trkpt><trkpt lat="45.83706" lon="6.7556"><ele>1685.19</ele></trkpt><trkpt lat="45.837029299999976" lon="6.7555812"><ele>1686.1</ele></trkpt><trkpt lat="45.83695749999999" lon="6.7555368"><ele>1690.67</ele></trkpt><trkpt lat="45.836872200000016" lon="6.7554839"><ele>1695.19</ele></trkpt><trkpt lat="45.836800600000004" lon="6.755439299999999"><ele>1698.72</ele></trkpt><trkpt lat="45.83677" lon="6.755420000000001"><ele>1701.26</ele></trkpt><trkpt lat="45.83676000000001" lon="6.755299999999999"><ele>1705.9</ele></trkpt><trkpt lat="45.836680199999996" lon="6.7552695"><ele>1708.51</ele></trkpt><trkpt lat="45.83660000000002" lon="6.75524"><ele>1712.63</ele></trkpt><trkpt lat="45.83650990000002" lon="6.7552353"><ele>1715.58</ele></trkpt><trkpt lat="45.83641999999999" lon="6.755229999999999"><ele>1718.69</ele></trkpt><trkpt lat="45.83636460000001" lon="6.755145599999999"><ele>1721.6</ele></trkpt><trkpt lat="45.83631000000001" lon="6.755059999999999"><ele>1725.13</ele></trkpt><trkpt lat="45.83631010000001" lon="6.7549449"><ele>1727.24</ele></trkpt><trkpt lat="45.83631000000001" lon="6.754829999999999"><ele>1729.1</ele></trkpt><trkpt lat="45.836199999999984" lon="6.75477"><ele>1731.87</ele></trkpt><trkpt lat="45.83617129999999" lon="6.7547243"><ele>1732.72</ele></trkpt><trkpt lat="45.836109700000016" lon="6.754625299999999"><ele>1734.13</ele></trkpt><trkpt lat="45.836048300000016" lon="6.7545262"><ele>1734.94</ele></trkpt><trkpt lat="45.836019999999984" lon="6.754479999999999"><ele>1735.1</ele></trkpt><trkpt lat="45.83602459999999" lon="6.754360100000001"><ele>1734.86</ele></trkpt><trkpt lat="45.83603" lon="6.754239999999999"><ele>1734.28</ele></trkpt><trkpt lat="45.836049800000005" lon="6.754119900000001"><ele>1732.57</ele></trkpt><trkpt lat="45.83607000000001" lon="6.754"><ele>1732.7</ele></trkpt><trkpt lat="45.83608129999999" lon="6.753966"><ele>1733.18</ele></trkpt><trkpt lat="45.83610989999999" lon="6.7538803000000005"><ele>1733.98</ele></trkpt><trkpt lat="45.83614879999999" lon="6.753763599999999"><ele>1734.51</ele></trkpt><trkpt lat="45.836191199999995" lon="6.7536365"><ele>1735.26</ele></trkpt><trkpt lat="45.836230199999996" lon="6.7535197"><ele>1735.97</ele></trkpt><trkpt lat="45.836258699999995" lon="6.753434000000001"><ele>1736.4</ele></trkpt><trkpt lat="45.836270000000006" lon="6.753400000000001"><ele>1736.7</ele></trkpt><trkpt lat="45.8362765" lon="6.7533398"><ele>1736.8</ele></trkpt><trkpt lat="45.83629000000001" lon="6.753210000000001"><ele>1737.4</ele></trkpt><trkpt lat="45.83630360000002" lon="6.753080199999999"><ele>1737.62</ele></trkpt><trkpt lat="45.83631000000001" lon="6.75302"><ele>1737.61</ele></trkpt><trkpt lat="45.83634990000002" lon="6.752934899999999"><ele>1737.75</ele></trkpt><trkpt lat="45.83638999999997" lon="6.75285"><ele>1738</ele></trkpt><trkpt lat="45.836420199999985" lon="6.7527301"><ele>1738.32</ele></trkpt><trkpt lat="45.836450000000006" lon="6.75261"><ele>1739.11</ele></trkpt><trkpt lat="45.83644579999999" lon="6.7525195"><ele>1739.77</ele></trkpt><trkpt lat="45.83644000000002" lon="6.752430000000001"><ele>1740.49</ele></trkpt><trkpt lat="45.836406200000006" lon="6.7524191"><ele>1740.8</ele></trkpt><trkpt lat="45.8363272" lon="6.752394400000001"><ele>1740.94</ele></trkpt><trkpt lat="45.836232999999986" lon="6.7523651"><ele>1741.54</ele></trkpt><trkpt lat="45.836153899999985" lon="6.7523406"><ele>1742.26</ele></trkpt><trkpt lat="45.83612" lon="6.752329999999999"><ele>1742.53</ele></trkpt><trkpt lat="45.83603999999996" lon="6.75226"><ele>1743.04</ele></trkpt><trkpt lat="45.836000000000006" lon="6.75219"><ele>1743.2</ele></trkpt><trkpt lat="45.835950099999984" lon="6.7521248"><ele>1742.92</ele></trkpt><trkpt lat="45.835900000000024" lon="6.752060000000001"><ele>1742.51</ele></trkpt><trkpt lat="45.83585889999999" lon="6.7520299"><ele>1742.11</ele></trkpt><trkpt lat="45.83576999999999" lon="6.7519651"><ele>1741.2</ele></trkpt><trkpt lat="45.835681099999995" lon="6.751900199999999"><ele>1740.04</ele></trkpt><trkpt lat="45.83564000000001" lon="6.751869999999999"><ele>1739.43</ele></trkpt><trkpt lat="45.83559980000001" lon="6.751785300000001"><ele>1739.05</ele></trkpt><trkpt lat="45.83556" lon="6.7517"><ele>1738.48</ele></trkpt><trkpt lat="45.83556" lon="6.751689999999999"><ele>1738.3</ele></trkpt><trkpt lat="45.835514800000006" lon="6.7515901000000005"><ele>1737.6</ele></trkpt><trkpt lat="45.83546999999997" lon="6.75149"><ele>1737.1</ele></trkpt><trkpt lat="45.8354748" lon="6.75137"><ele>1736.49</ele></trkpt><trkpt lat="45.83547999999999" lon="6.751249999999999"><ele>1735.67</ele></trkpt><trkpt lat="45.835477000000004" lon="6.7512061999999995"><ele>1735.37</ele></trkpt><trkpt lat="45.83546960000001" lon="6.751099"><ele>1734.83</ele></trkpt><trkpt lat="45.83546000000001" lon="6.75096"><ele>1733.55</ele></trkpt><trkpt lat="45.83545040000001" lon="6.750821"><ele>1732.51</ele></trkpt><trkpt lat="45.835443" lon="6.750713800000001"><ele>1731.68</ele></trkpt><trkpt lat="45.835440000000006" lon="6.75067"><ele>1731.21</ele></trkpt><trkpt lat="45.83546000000001" lon="6.750610000000001"><ele>1730.2</ele></trkpt><trkpt lat="45.8354747" lon="6.7505888999999994"><ele>1730.39</ele></trkpt><trkpt lat="45.83551340000001" lon="6.7505337"><ele>1729.42</ele></trkpt><trkpt lat="45.8355692" lon="6.750454000000001"><ele>1728.3</ele></trkpt><trkpt lat="45.83563530000001" lon="6.750359700000001"><ele>1726.96</ele></trkpt><trkpt lat="45.835704800000016" lon="6.7502605"><ele>1725.65</ele></trkpt><trkpt lat="45.83577089999999" lon="6.7501661"><ele>1725.02</ele></trkpt><trkpt lat="45.8358266" lon="6.750086399999999"><ele>1724.36</ele></trkpt><trkpt lat="45.83586529999998" lon="6.750031100000001"><ele>1723.97</ele></trkpt><trkpt lat="45.83588000000002" lon="6.7500100000000005"><ele>1723.42</ele></trkpt><trkpt lat="45.83589059999999" lon="6.7499848"><ele>1723.64</ele></trkpt><trkpt lat="45.83591830000001" lon="6.7499185"><ele>1722.37</ele></trkpt><trkpt lat="45.83595819999999" lon="6.7498229"><ele>1721.65</ele></trkpt><trkpt lat="45.8360054" lon="6.7497096999999995"><ele>1720.72</ele></trkpt><trkpt lat="45.83605499999997" lon="6.749590600000001"><ele>1719.92</ele></trkpt><trkpt lat="45.8361022" lon="6.7494774"><ele>1719.43</ele></trkpt><trkpt lat="45.83614199999999" lon="6.749381700000001"><ele>1718.34</ele></trkpt><trkpt lat="45.83616949999998" lon="6.749315299999999"><ele>1717.97</ele></trkpt><trkpt lat="45.836180000000006" lon="6.749290000000001"><ele>1717.6</ele></trkpt><trkpt lat="45.836180500000026" lon="6.749209"><ele>1716.69</ele></trkpt><trkpt lat="45.836180399999975" lon="6.749061000000001"><ele>1715.2</ele></trkpt><trkpt lat="45.836180000000006" lon="6.74898"><ele>1714.14</ele></trkpt><trkpt lat="45.83613040000001" lon="6.7488747"><ele>1713.26</ele></trkpt><trkpt lat="45.83608000000002" lon="6.74877"><ele>1711.97</ele></trkpt><trkpt lat="45.83604209999999" lon="6.748733499999999"><ele>1711.61</ele></trkpt><trkpt lat="45.83596" lon="6.748655"><ele>1711.28</ele></trkpt><trkpt lat="45.835877900000014" lon="6.7485765"><ele>1710.58</ele></trkpt><trkpt lat="45.83583999999999" lon="6.748539999999999"><ele>1710.22</ele></trkpt><trkpt lat="45.83581609999999" lon="6.7484941"><ele>1709.9</ele></trkpt><trkpt lat="45.83576500000002" lon="6.748395000000001"><ele>1709.33</ele></trkpt><trkpt lat="45.8357139" lon="6.748295800000001"><ele>1708.3</ele></trkpt><trkpt lat="45.83569000000001" lon="6.74825"><ele>1708.01</ele></trkpt><trkpt lat="45.83561520000001" lon="6.748209599999999"><ele>1707.74</ele></trkpt><trkpt lat="45.835539999999995" lon="6.74817"><ele>1707.27</ele></trkpt><trkpt lat="45.83546999999997" lon="6.7481450999999995"><ele>1707.21</ele></trkpt><trkpt lat="45.8354" lon="6.748120000000001"><ele>1706.57</ele></trkpt><trkpt lat="45.835319899999995" lon="6.748055199999999"><ele>1705.93</ele></trkpt><trkpt lat="45.83523999999998" lon="6.747989999999999"><ele>1704.58</ele></trkpt><trkpt lat="45.8352035" lon="6.7479474"><ele>1703.82</ele></trkpt><trkpt lat="45.83512489999999" lon="6.7478552"><ele>1702.38</ele></trkpt><trkpt lat="45.835046299999995" lon="6.747762900000001"><ele>1700.99</ele></trkpt><trkpt lat="45.83501000000001" lon="6.747720000000001"><ele>1700.12</ele></trkpt><trkpt lat="45.83499080000002" lon="6.747680900000001"><ele>1698.81</ele></trkpt><trkpt lat="45.834946300000006" lon="6.747589500000001"><ele>1697</ele></trkpt><trkpt lat="45.8348934" lon="6.7474807000000006"><ele>1693.93</ele></trkpt><trkpt lat="45.834848999999984" lon="6.7473892"><ele>1691.88</ele></trkpt><trkpt lat="45.83483000000001" lon="6.74735"><ele>1691.34</ele></trkpt><trkpt lat="45.83479009999998" lon="6.7472299"><ele>1688.43</ele></trkpt><trkpt lat="45.83474999999998" lon="6.747110000000001"><ele>1686.96</ele></trkpt><trkpt lat="45.834708400000004" lon="6.7470522"><ele>1686.48</ele></trkpt><trkpt lat="45.83463199999999" lon="6.746947199999999"><ele>1685.83</ele></trkpt><trkpt lat="45.83458999999998" lon="6.7468900000000005"><ele>1684.84</ele></trkpt><trkpt lat="45.83456459999999" lon="6.7468746"><ele>1685.69</ele></trkpt><trkpt lat="45.8345003" lon="6.746836000000001"><ele>1685.8</ele></trkpt><trkpt lat="45.8344127" lon="6.7467835"><ele>1686.49</ele></trkpt><trkpt lat="45.83431740000001" lon="6.7467263"><ele>1686.94</ele></trkpt><trkpt lat="45.834229700000016" lon="6.7466737000000006"><ele>1685.46</ele></trkpt><trkpt lat="45.834165400000025" lon="6.746635199999998"><ele>1684.83</ele></trkpt><trkpt lat="45.834139999999984" lon="6.74662"><ele>1685.34</ele></trkpt><trkpt lat="45.83412450000001" lon="6.746612100000001"><ele>1685.34</ele></trkpt><trkpt lat="45.83408280000002" lon="6.746590899999999"><ele>1684.47</ele></trkpt><trkpt lat="45.8340208" lon="6.746559399999999"><ele>1685.23</ele></trkpt><trkpt lat="45.83394429999999" lon="6.7465206"><ele>1683.96</ele></trkpt><trkpt lat="45.83385909999999" lon="6.746477299999999"><ele>1682.59</ele></trkpt><trkpt lat="45.833770900000005" lon="6.7464326"><ele>1680.85</ele></trkpt><trkpt lat="45.833685700000004" lon="6.746389299999999"><ele>1678.84</ele></trkpt><trkpt lat="45.83360920000002" lon="6.746350500000001"><ele>1676.63</ele></trkpt><trkpt lat="45.8335472" lon="6.746319"><ele>1674.34</ele></trkpt><trkpt lat="45.83350550000001" lon="6.7462979"><ele>1674.28</ele></trkpt><trkpt lat="45.83348999999998" lon="6.74629"><ele>1671.97</ele></trkpt><trkpt lat="45.83343510000002" lon="6.746274100000001"><ele>1671.86</ele></trkpt><trkpt lat="45.833334900000004" lon="6.7462455"><ele>1668.98</ele></trkpt><trkpt lat="45.833280000000016" lon="6.746229999999999"><ele>1668.55</ele></trkpt><trkpt lat="45.83324199999999" lon="6.746229999999999"><ele>1668.34</ele></trkpt><trkpt lat="45.833152999999996" lon="6.746229999999999"><ele>1667.76</ele></trkpt><trkpt lat="45.833046999999986" lon="6.746230100000001"><ele>1667.45</ele></trkpt><trkpt lat="45.83295799999999" lon="6.746230100000001"><ele>1667.51</ele></trkpt><trkpt lat="45.832919999999994" lon="6.746229999999999"><ele>1667.76</ele></trkpt><trkpt lat="45.832885100000006" lon="6.7462153"><ele>1667.93</ele></trkpt><trkpt lat="45.832803500000026" lon="6.746180699999999"><ele>1665.92</ele></trkpt><trkpt lat="45.8327065" lon="6.7461392999999985"><ele>1663.77</ele></trkpt><trkpt lat="45.8326249" lon="6.7461047"><ele>1661.42</ele></trkpt><trkpt lat="45.83259000000001" lon="6.746089999999999"><ele>1661.44</ele></trkpt><trkpt lat="45.83256760000001" lon="6.7460882"><ele>1661.44</ele></trkpt><trkpt lat="45.83250970000001" lon="6.746083600000001"><ele>1661.37</ele></trkpt><trkpt lat="45.832428300000004" lon="6.746077200000001"><ele>1658.45</ele></trkpt><trkpt lat="45.83233499999999" lon="6.746069899999999"><ele>1657.91</ele></trkpt><trkpt lat="45.83224169999999" lon="6.7460626"><ele>1657.25</ele></trkpt><trkpt lat="45.83216030000001" lon="6.7460563"><ele>1656.53</ele></trkpt><trkpt lat="45.832102400000004" lon="6.7460518"><ele>1656.03</ele></trkpt><trkpt lat="45.832080000000005" lon="6.74605"><ele>1655.77</ele></trkpt><trkpt lat="45.832049100000006" lon="6.7460448"><ele>1655.51</ele></trkpt><trkpt lat="45.831973199999986" lon="6.746031800000001"><ele>1652.72</ele></trkpt><trkpt lat="45.83187499999998" lon="6.7460151"><ele>1651.6</ele></trkpt><trkpt lat="45.831776700000006" lon="6.7459983"><ele>1650.63</ele></trkpt><trkpt lat="45.83170089999999" lon="6.745985299999999"><ele>1647.85</ele></trkpt><trkpt lat="45.83167000000004" lon="6.74598"><ele>1647.48</ele></trkpt><trkpt lat="45.831648900000005" lon="6.745975099999999"><ele>1647.11</ele></trkpt><trkpt lat="45.8315937" lon="6.745962200000001"><ele>1646.33</ele></trkpt><trkpt lat="45.83151399999998" lon="6.745943700000001"><ele>1643.17</ele></trkpt><trkpt lat="45.831419600000025" lon="6.745921699999999"><ele>1642.09</ele></trkpt><trkpt lat="45.83132040000002" lon="6.7458985"><ele>1639.35</ele></trkpt><trkpt lat="45.831226000000015" lon="6.7458765"><ele>1638.78</ele></trkpt><trkpt lat="45.83114629999999" lon="6.745857900000001"><ele>1636.85</ele></trkpt><trkpt lat="45.831091000000015" lon="6.745845000000001"><ele>1636.99</ele></trkpt><trkpt lat="45.831070000000004" lon="6.745840000000001"><ele>1637.15</ele></trkpt><trkpt lat="45.831025399999994" lon="6.745803800000001"><ele>1635.69</ele></trkpt><trkpt lat="45.83094440000001" lon="6.7457369"><ele>1635.09</ele></trkpt><trkpt lat="45.83089999999999" lon="6.7457"><ele>1633.96</ele></trkpt><trkpt lat="45.83084489999998" lon="6.7456252"><ele>1632.02</ele></trkpt><trkpt lat="45.83079000000002" lon="6.74555"><ele>1630.4</ele></trkpt><trkpt lat="45.830768799999994" lon="6.7455109"><ele>1629.7</ele></trkpt><trkpt lat="45.830719399999985" lon="6.745419400000001"><ele>1627.58</ele></trkpt><trkpt lat="45.83066059999997" lon="6.745310599999999"><ele>1626.43</ele></trkpt><trkpt lat="45.83061119999999" lon="6.7452191"><ele>1623.95</ele></trkpt><trkpt lat="45.830589999999994" lon="6.7451799999999995"><ele>1624.68</ele></trkpt><trkpt lat="45.8305352" lon="6.7450947999999995"><ele>1622.7</ele></trkpt><trkpt lat="45.830480000000016" lon="6.74501"><ele>1621.08</ele></trkpt><trkpt lat="45.830461799999995" lon="6.744995200000001"><ele>1620.13</ele></trkpt><trkpt lat="45.83041390000001" lon="6.744956500000001"><ele>1619.37</ele></trkpt><trkpt lat="45.83034480000002" lon="6.7449007"><ele>1618.48</ele></trkpt><trkpt lat="45.830262999999995" lon="6.744834699999999"><ele>1617.83</ele></trkpt><trkpt lat="45.830176999999985" lon="6.7447653"><ele>1615.35</ele></trkpt><trkpt lat="45.83009520000002" lon="6.7446992"><ele>1613.37</ele></trkpt><trkpt lat="45.8300261" lon="6.744643499999999"><ele>1612.67</ele></trkpt><trkpt lat="45.829978200000006" lon="6.7446048"><ele>1612.03</ele></trkpt><trkpt lat="45.82995999999999" lon="6.74459"><ele>1612.51</ele></trkpt><trkpt lat="45.82992039999998" lon="6.744547399999998"><ele>1611.37</ele></trkpt><trkpt lat="45.82983490000001" lon="6.7444551"><ele>1609.44</ele></trkpt><trkpt lat="45.82974949999999" lon="6.744362800000001"><ele>1607.28</ele></trkpt><trkpt lat="45.82971" lon="6.744320000000001"><ele>1605.98</ele></trkpt><trkpt lat="45.82966820000003" lon="6.744257400000001"><ele>1603.01</ele></trkpt><trkpt lat="45.82959180000002" lon="6.744142699999999"><ele>1598.92</ele></trkpt><trkpt lat="45.829549999999976" lon="6.74408"><ele>1597.53</ele></trkpt><trkpt lat="45.82950019999998" lon="6.744019699999999"><ele>1596.32</ele></trkpt><trkpt lat="45.829450000000016" lon="6.7439599999999995"><ele>1593.39</ele></trkpt><trkpt lat="45.829380000000015" lon="6.743949799999999"><ele>1593.69</ele></trkpt><trkpt lat="45.82930999999999" lon="6.743940000000001"><ele>1594.02</ele></trkpt><trkpt lat="45.82920999999998" lon="6.743879999999999"><ele>1591.61</ele></trkpt><trkpt lat="45.82916000000001" lon="6.743829999999999"><ele>1590.36</ele></trkpt><trkpt lat="45.82915" lon="6.74377"><ele>1589.25</ele></trkpt><trkpt lat="45.82917" lon="6.7437"><ele>1586.38</ele></trkpt><trkpt lat="45.82919870000002" lon="6.7436871"><ele>1586.07</ele></trkpt><trkpt lat="45.82926900000001" lon="6.7436557"><ele>1584.54</ele></trkpt><trkpt lat="45.829360000000015" lon="6.7436150999999995"><ele>1583.22</ele></trkpt><trkpt lat="45.829451100000014" lon="6.743574400000001"><ele>1582.2</ele></trkpt><trkpt lat="45.82952130000001" lon="6.743543000000001"><ele>1581.11</ele></trkpt><trkpt lat="45.829549999999976" lon="6.74353"><ele>1580.93</ele></trkpt><trkpt lat="45.82948999999999" lon="6.74346"><ele>1580.61</ele></trkpt><trkpt lat="45.829450000000016" lon="6.743310000000001"><ele>1578.19</ele></trkpt><trkpt lat="45.8294184" lon="6.7432656"><ele>1577.58</ele></trkpt><trkpt lat="45.82935" lon="6.743170000000001"><ele>1576.21</ele></trkpt><trkpt lat="45.829281600000016" lon="6.743074399999999"><ele>1574.68</ele></trkpt><trkpt lat="45.82925000000001" lon="6.743029999999999"><ele>1572.79</ele></trkpt><trkpt lat="45.82922999999998" lon="6.742930000000001"><ele>1570.73</ele></trkpt><trkpt lat="45.82920999999998" lon="6.7428300000000005"><ele>1568.46</ele></trkpt><trkpt lat="45.82913999999998" lon="6.74278"><ele>1567.32</ele></trkpt><trkpt lat="45.829079999999976" lon="6.7429"><ele>1569.79</ele></trkpt><trkpt lat="45.82899" lon="6.742930000000001"><ele>1570.58</ele></trkpt><trkpt lat="45.82888" lon="6.743"><ele>1572.59</ele></trkpt><trkpt lat="45.82877999999999" lon="6.743009999999999"><ele>1572.68</ele></trkpt><trkpt lat="45.8287498" lon="6.742954800000001"><ele>1571.33</ele></trkpt><trkpt lat="45.82868489999999" lon="6.742835099999999"><ele>1566.77</ele></trkpt><trkpt lat="45.82862010000001" lon="6.742715300000001"><ele>1561.65</ele></trkpt><trkpt lat="45.82859" lon="6.74266"><ele>1559.9</ele></trkpt><trkpt lat="45.828555300000005" lon="6.7426202"><ele>1558.32</ele></trkpt><trkpt lat="45.82848019999999" lon="6.742534600000001"><ele>1554.62</ele></trkpt><trkpt lat="45.828405000000004" lon="6.7424492"><ele>1550.84</ele></trkpt><trkpt lat="45.828370000000014" lon="6.74241"><ele>1548.83</ele></trkpt><trkpt lat="45.828330400000006" lon="6.7424065"><ele>1548.84</ele></trkpt><trkpt lat="45.828245100000004" lon="6.742399800000001"><ele>1548.84</ele></trkpt><trkpt lat="45.82815970000001" lon="6.7423932"><ele>1548.87</ele></trkpt><trkpt lat="45.82812000000002" lon="6.742389999999999"><ele>1548.91</ele></trkpt><trkpt lat="45.82805989999999" lon="6.742366700000002"><ele>1547.17</ele></trkpt><trkpt lat="45.82794999999999" lon="6.7423238"><ele>1546.66</ele></trkpt><trkpt lat="45.827890000000004" lon="6.7423"><ele>1546.26</ele></trkpt><trkpt lat="45.8278" lon="6.74218"><ele>1546.02</ele></trkpt><trkpt lat="45.82774479999999" lon="6.742080200000001"><ele>1545.19</ele></trkpt><trkpt lat="45.82769" lon="6.74198"><ele>1545.56</ele></trkpt><trkpt lat="45.827671" lon="6.7419152"><ele>1545.02</ele></trkpt><trkpt lat="45.82762999999999" lon="6.741774999999999"><ele>1544.55</ele></trkpt><trkpt lat="45.82758899999998" lon="6.7416348"><ele>1543.94</ele></trkpt><trkpt lat="45.82757000000001" lon="6.741570000000002"><ele>1543.67</ele></trkpt><trkpt lat="45.827499999999986" lon="6.74145"><ele>1543.62</ele></trkpt><trkpt lat="45.827425" lon="6.741394999999999"><ele>1542.98</ele></trkpt><trkpt lat="45.82735" lon="6.74134"><ele>1542.25</ele></trkpt><trkpt lat="45.827289800000024" lon="6.741265200000001"><ele>1539.51</ele></trkpt><trkpt lat="45.827229999999986" lon="6.7411900000000005"><ele>1536.92</ele></trkpt><trkpt lat="45.8272" lon="6.74108"><ele>1531.07</ele></trkpt><trkpt lat="45.82711" lon="6.74101"><ele>1523.21</ele></trkpt><trkpt lat="45.82706999999999" lon="6.741020000000001"><ele>1523.68</ele></trkpt><trkpt lat="45.827049300000006" lon="6.741034900000001"><ele>1522.09</ele></trkpt><trkpt lat="45.826996" lon="6.7410735"><ele>1520.96</ele></trkpt><trkpt lat="45.82692100000001" lon="6.741127799999999"><ele>1519.81</ele></trkpt><trkpt lat="45.826835" lon="6.7411901"><ele>1519.32</ele></trkpt><trkpt lat="45.826749099999994" lon="6.741252299999999"><ele>1516.42</ele></trkpt><trkpt lat="45.826674000000004" lon="6.741306599999999"><ele>1513.66</ele></trkpt><trkpt lat="45.82662070000001" lon="6.741345100000001"><ele>1514.29</ele></trkpt><trkpt lat="45.82659999999999" lon="6.74136"><ele>1514.86</ele></trkpt><trkpt lat="45.8265604" lon="6.741374499999999"><ele>1513.3</ele></trkpt><trkpt lat="45.82647500000003" lon="6.741405299999999"><ele>1510.89</ele></trkpt><trkpt lat="45.82638969999998" lon="6.741435999999999"><ele>1507.06</ele></trkpt><trkpt lat="45.82634999999999" lon="6.74145"><ele>1507.4</ele></trkpt><trkpt lat="45.82629250000001" lon="6.7414424"><ele>1503.79</ele></trkpt><trkpt lat="45.8261875" lon="6.741427999999999"><ele>1500.18</ele></trkpt><trkpt lat="45.82613000000001" lon="6.741420000000001"><ele>1498.62</ele></trkpt><trkpt lat="45.8260599" lon="6.7414003"><ele>1497.19</ele></trkpt><trkpt lat="45.82599000000002" lon="6.741380000000001"><ele>1495.43</ele></trkpt><trkpt lat="45.82597390000001" lon="6.741368"><ele>1494.91</ele></trkpt><trkpt lat="45.825931200000014" lon="6.741336000000001"><ele>1494.07</ele></trkpt><trkpt lat="45.825868499999984" lon="6.741289000000001"><ele>1492.9</ele></trkpt><trkpt lat="45.825792599999986" lon="6.7412321"><ele>1492.37</ele></trkpt><trkpt lat="45.825709899999985" lon="6.7411701"><ele>1491.15</ele></trkpt><trkpt lat="45.8256273" lon="6.7411082"><ele>1488.37</ele></trkpt><trkpt lat="45.82555140000001" lon="6.741051199999999"><ele>1485.43</ele></trkpt><trkpt lat="45.82548869999998" lon="6.7410042"><ele>1482.09</ele></trkpt><trkpt lat="45.825445999999985" lon="6.7409721"><ele>1478.9</ele></trkpt><trkpt lat="45.82542999999997" lon="6.740960000000001"><ele>1478.47</ele></trkpt><trkpt lat="45.825440000000036" lon="6.7408600000000005"><ele>1477.13</ele></trkpt><trkpt lat="45.82549069999996" lon="6.740805099999999"><ele>1478.68</ele></trkpt><trkpt lat="45.82554" lon="6.740750000000002"><ele>1478.08</ele></trkpt><trkpt lat="45.82547049999999" lon="6.740719099999999"><ele>1475.51</ele></trkpt><trkpt lat="45.8254" lon="6.74069"><ele>1472.42</ele></trkpt><trkpt lat="45.82529" lon="6.740719999999999"><ele>1467.86</ele></trkpt><trkpt lat="45.82524000000001" lon="6.740800000000001"><ele>1465.59</ele></trkpt><trkpt lat="45.82520999999999" lon="6.74092"><ele>1464.32</ele></trkpt><trkpt lat="45.8252177" lon="6.7409985"><ele>1466.28</ele></trkpt><trkpt lat="45.825232" lon="6.7411416"><ele>1465.4</ele></trkpt><trkpt lat="45.82524000000001" lon="6.741219999999999"><ele>1464.07</ele></trkpt><trkpt lat="45.82524660000002" lon="6.741252499999999"><ele>1465.25</ele></trkpt><trkpt lat="45.82526360000001" lon="6.741336400000001"><ele>1463.32</ele></trkpt><trkpt lat="45.8252876" lon="6.7414546"><ele>1462.17</ele></trkpt><trkpt lat="45.825314999999975" lon="6.7415899999999995"><ele>1461.3</ele></trkpt><trkpt lat="45.82534249999999" lon="6.741725300000001"><ele>1460.81</ele></trkpt><trkpt lat="45.825366400000014" lon="6.7418436"><ele>1460.69</ele></trkpt><trkpt lat="45.82538339999998" lon="6.7419275"><ele>1459.65</ele></trkpt><trkpt lat="45.82539000000001" lon="6.74196"><ele>1459.19</ele></trkpt><trkpt lat="45.82539539999998" lon="6.742038399999999"><ele>1460.47</ele></trkpt><trkpt lat="45.825404999999996" lon="6.742181499999999"><ele>1459.26</ele></trkpt><trkpt lat="45.82541000000002" lon="6.74226"><ele>1459</ele></trkpt><trkpt lat="45.8254048" lon="6.742302300000001"><ele>1458.95</ele></trkpt><trkpt lat="45.8253919" lon="6.7424059"><ele>1459.07</ele></trkpt><trkpt lat="45.8253752" lon="6.7425401"><ele>1458.27</ele></trkpt><trkpt lat="45.82535850000001" lon="6.742674199999999"><ele>1458.02</ele></trkpt><trkpt lat="45.8253454" lon="6.742777799999999"><ele>1459.67</ele></trkpt><trkpt lat="45.82534" lon="6.742819999999998"><ele>1460.28</ele></trkpt><trkpt lat="45.82532950000002" lon="6.742846700000001"><ele>1458.61</ele></trkpt><trkpt lat="45.825302" lon="6.742916700000001"><ele>1459.78</ele></trkpt><trkpt lat="45.82526209999999" lon="6.743017699999999"><ele>1457.09</ele></trkpt><trkpt lat="45.82521490000001" lon="6.7431372"><ele>1456.33</ele></trkpt><trkpt lat="45.82516530000001" lon="6.743263"><ele>1452.82</ele></trkpt><trkpt lat="45.825118100000005" lon="6.7433825"><ele>1448.61</ele></trkpt><trkpt lat="45.8250782" lon="6.7434834"><ele>1446.28</ele></trkpt><trkpt lat="45.82505059999998" lon="6.743553399999999"><ele>1444</ele></trkpt><trkpt lat="45.82504" lon="6.743580000000001"><ele>1444</ele></trkpt><trkpt lat="45.82500099999998" lon="6.7436481"><ele>1439.73</ele></trkpt><trkpt lat="45.824929299999994" lon="6.743772300000001"><ele>1436.55</ele></trkpt><trkpt lat="45.824890000000025" lon="6.743839999999999"><ele>1435.55</ele></trkpt><trkpt lat="45.824810000000014" lon="6.74387"><ele>1433.21</ele></trkpt><trkpt lat="45.82477720000001" lon="6.7438564"><ele>1432.63</ele></trkpt><trkpt lat="45.82470059999999" lon="6.743824300000001"><ele>1430.51</ele></trkpt><trkpt lat="45.82460939999997" lon="6.743786100000002"><ele>1428.61</ele></trkpt><trkpt lat="45.824532799999986" lon="6.743753900000001"><ele>1427.1</ele></trkpt><trkpt lat="45.82450000000001" lon="6.743740000000001"><ele>1427.03</ele></trkpt><trkpt lat="45.82442489999999" lon="6.7436752"><ele>1425.9</ele></trkpt><trkpt lat="45.82435" lon="6.743609999999999"><ele>1423.68</ele></trkpt><trkpt lat="45.82435" lon="6.743600000000001"><ele>1423.68</ele></trkpt><trkpt lat="45.824329999999996" lon="6.743589999999999"><ele>1423.93</ele></trkpt><trkpt lat="45.824289799999995" lon="6.743480099999999"><ele>1420.1</ele></trkpt><trkpt lat="45.82425000000001" lon="6.74337"><ele>1416.14</ele></trkpt><trkpt lat="45.824240000000025" lon="6.743255"><ele>1413.44</ele></trkpt><trkpt lat="45.82423000000001" lon="6.74314"><ele>1410.37</ele></trkpt><trkpt lat="45.82419519999999" lon="6.743039900000001"><ele>1408.29</ele></trkpt><trkpt lat="45.82416000000001" lon="6.742940000000001"><ele>1404.99</ele></trkpt><trkpt lat="45.82414810000001" lon="6.7429168"><ele>1404.99</ele></trkpt><trkpt lat="45.824116699999976" lon="6.742856"><ele>1402.88</ele></trkpt><trkpt lat="45.824071599999975" lon="6.742768399999999"><ele>1400.65</ele></trkpt><trkpt lat="45.82401809999998" lon="6.7426646"><ele>1398.59</ele></trkpt><trkpt lat="45.82396180000002" lon="6.742555499999999"><ele>1395.09</ele></trkpt><trkpt lat="45.8239084" lon="6.742451700000001"><ele>1393.62</ele></trkpt><trkpt lat="45.823863200000005" lon="6.742364"><ele>1392.04</ele></trkpt><trkpt lat="45.823831900000016" lon="6.7423032"><ele>1391.58</ele></trkpt><trkpt lat="45.82382000000001" lon="6.742279999999999"><ele>1390.21</ele></trkpt><trkpt lat="45.823800900000016" lon="6.742215200000001"><ele>1389.7</ele></trkpt><trkpt lat="45.823759900000006" lon="6.7420751"><ele>1386.07</ele></trkpt><trkpt lat="45.823718999999976" lon="6.741934800000001"><ele>1383.97</ele></trkpt><trkpt lat="45.8237" lon="6.741869999999999"><ele>1383.05</ele></trkpt><trkpt lat="45.82368420000001" lon="6.74183"><ele>1384.22</ele></trkpt><trkpt lat="45.8236453" lon="6.741732"><ele>1382.35</ele></trkpt><trkpt lat="45.823594899999996" lon="6.741605"><ele>1381.58</ele></trkpt><trkpt lat="45.823544600000005" lon="6.741478"><ele>1379.4</ele></trkpt><trkpt lat="45.8235058" lon="6.741380000000001"><ele>1379.12</ele></trkpt><trkpt lat="45.82349000000001" lon="6.74134"><ele>1377.89</ele></trkpt><trkpt lat="45.8234832" lon="6.7413038"><ele>1376.65</ele></trkpt><trkpt lat="45.82346599999999" lon="6.7412124"><ele>1375.1</ele></trkpt><trkpt lat="45.82344269999998" lon="6.7410878"><ele>1371.9</ele></trkpt><trkpt lat="45.82341730000002" lon="6.740952199999999"><ele>1367.13</ele></trkpt><trkpt lat="45.82339400000001" lon="6.7408276"><ele>1363.26</ele></trkpt><trkpt lat="45.8233769" lon="6.7407362"><ele>1361</ele></trkpt><trkpt lat="45.82337000000002" lon="6.7407"><ele>1359.67</ele></trkpt><trkpt lat="45.823356200000006" lon="6.7406658"><ele>1359.54</ele></trkpt><trkpt lat="45.823321299999996" lon="6.740579300000001"><ele>1358.04</ele></trkpt><trkpt lat="45.82327359999998" lon="6.740461599999999"><ele>1356.25</ele></trkpt><trkpt lat="45.823221600000004" lon="6.7403333"><ele>1353.77</ele></trkpt><trkpt lat="45.82317389999998" lon="6.7402156"><ele>1351.1</ele></trkpt><trkpt lat="45.8231389" lon="6.7401292"><ele>1349.05</ele></trkpt><trkpt lat="45.82312500000002" lon="6.740095000000001"><ele>1347.68</ele></trkpt><trkpt lat="45.823111100000006" lon="6.7400608"><ele>1347.19</ele></trkpt><trkpt lat="45.82307610000002" lon="6.7399744"><ele>1345.32</ele></trkpt><trkpt lat="45.823028300000004" lon="6.739856699999999"><ele>1343.76</ele></trkpt><trkpt lat="45.82297630000001" lon="6.739728500000001"><ele>1342.04</ele></trkpt><trkpt lat="45.82292860000001" lon="6.7396107"><ele>1339.71</ele></trkpt><trkpt lat="45.8228937" lon="6.739524300000002"><ele>1338.26</ele></trkpt><trkpt lat="45.82287999999999" lon="6.739489999999999"><ele>1337.26</ele></trkpt><trkpt lat="45.8229005" lon="6.739421999999999"><ele>1336.35</ele></trkpt><trkpt lat="45.82293909999999" lon="6.7392981"><ele>1333.14</ele></trkpt><trkpt lat="45.82296" lon="6.739230000000001"><ele>1332</ele></trkpt><trkpt lat="45.82295880000002" lon="6.739197000000001"><ele>1331.45</ele></trkpt><trkpt lat="45.82295540000002" lon="6.739112"><ele>1330.51</ele></trkpt><trkpt lat="45.82295060000002" lon="6.738992199999999"><ele>1329.11</ele></trkpt><trkpt lat="45.82294510000001" lon="6.738855000000001"><ele>1327.38</ele></trkpt><trkpt lat="45.82293959999998" lon="6.7387178"><ele>1325.3</ele></trkpt><trkpt lat="45.82293479999998" lon="6.738597999999998"><ele>1325</ele></trkpt><trkpt lat="45.8229314" lon="6.738512999999999"><ele>1323.83</ele></trkpt><trkpt lat="45.822929999999985" lon="6.738479999999999"><ele>1323.31</ele></trkpt><trkpt lat="45.822925500000004" lon="6.7384438"><ele>1323.31</ele></trkpt><trkpt lat="45.822914" lon="6.7383523"><ele>1321.59</ele></trkpt><trkpt lat="45.82289839999997" lon="6.7382278"><ele>1321.93</ele></trkpt><trkpt lat="45.82288140000001" lon="6.7380922"><ele>1318.18</ele></trkpt><trkpt lat="45.82286579999999" lon="6.737967600000001"><ele>1317.5</ele></trkpt><trkpt lat="45.822854399999976" lon="6.737876199999999"><ele>1313.86</ele></trkpt><trkpt lat="45.822850000000024" lon="6.737840000000001"><ele>1313.86</ele></trkpt><trkpt lat="45.82285260000002" lon="6.737808299999999"><ele>1312.63</ele></trkpt><trkpt lat="45.8228593" lon="6.737726699999999"><ele>1310.14</ele></trkpt><trkpt lat="45.822868899999996" lon="6.737611700000001"><ele>1306.35</ele></trkpt><trkpt lat="45.82287989999999" lon="6.737480000000001"><ele>1301.4</ele></trkpt><trkpt lat="45.82289090000001" lon="6.7373483"><ele>1298.28</ele></trkpt><trkpt lat="45.8229005" lon="6.7372333"><ele>1295.85</ele></trkpt><trkpt lat="45.822907399999984" lon="6.737151699999999"><ele>1295.12</ele></trkpt><trkpt lat="45.82291000000001" lon="6.737119999999999"><ele>1293.29</ele></trkpt><trkpt lat="45.82291219999998" lon="6.737070299999999"><ele>1292.57</ele></trkpt><trkpt lat="45.82291709999998" lon="6.7369542"><ele>1290.16</ele></trkpt><trkpt lat="45.822923" lon="6.736815899999999"><ele>1287.73</ele></trkpt><trkpt lat="45.8229279" lon="6.7366997"><ele>1284.9</ele></trkpt><trkpt lat="45.822929999999985" lon="6.736650000000001"><ele>1283.84</ele></trkpt><trkpt lat="45.82291000000001" lon="6.73653"><ele>1280.53</ele></trkpt><trkpt lat="45.82286999999997" lon="6.736420000000001"><ele>1279.68</ele></trkpt><trkpt lat="45.82287999999999" lon="6.73632"><ele>1276.68</ele></trkpt><trkpt lat="45.822919999999996" lon="6.736220000000001"><ele>1273.84</ele></trkpt><trkpt lat="45.82296" lon="6.73612"><ele>1271.06</ele></trkpt><trkpt lat="45.8229728" lon="6.7360646"><ele>1269.75</ele></trkpt><trkpt lat="45.8230002" lon="6.7359451"><ele>1267.99</ele></trkpt><trkpt lat="45.8230275" lon="6.735825500000001"><ele>1267.33</ele></trkpt><trkpt lat="45.823039999999956" lon="6.735769999999999"><ele>1266.31</ele></trkpt><trkpt lat="45.82304010000001" lon="6.735688999999999"><ele>1265.5</ele></trkpt><trkpt lat="45.823039999999956" lon="6.735541"><ele>1264.13</ele></trkpt><trkpt lat="45.823039999999956" lon="6.73546"><ele>1263.11</ele></trkpt><trkpt lat="45.8230452" lon="6.735379"><ele>1262.1</ele></trkpt><trkpt lat="45.8230547" lon="6.735230999999999"><ele>1260.69</ele></trkpt><trkpt lat="45.82306000000001" lon="6.735149999999999"><ele>1259.7</ele></trkpt><trkpt lat="45.82308000000002" lon="6.73505"><ele>1258.89</ele></trkpt><trkpt lat="45.823050400000014" lon="6.734964700000001"><ele>1258.17</ele></trkpt><trkpt lat="45.823019999999985" lon="6.7348799999999995"><ele>1257.51</ele></trkpt><trkpt lat="45.82294510000001" lon="6.734819800000001"><ele>1257.3</ele></trkpt><trkpt lat="45.82286999999997" lon="6.734759999999999"><ele>1258.18</ele></trkpt><trkpt lat="45.822839999999985" lon="6.73471"><ele>1258.37</ele></trkpt><trkpt lat="45.82283000000002" lon="6.734550000000001"><ele>1256.26</ele></trkpt><trkpt lat="45.822859999999984" lon="6.734430000000001"><ele>1253.93</ele></trkpt><trkpt lat="45.82283000000002" lon="6.73435"><ele>1252.81</ele></trkpt><trkpt lat="45.82281489999999" lon="6.73424"><ele>1251.64</ele></trkpt><trkpt lat="45.8228" lon="6.7341299999999995"><ele>1249.64</ele></trkpt><trkpt lat="45.822797400000034" lon="6.734102500000001"><ele>1249.01</ele></trkpt><trkpt lat="45.8227906" lon="6.734029300000001"><ele>1248.36</ele></trkpt><trkpt lat="45.822780499999986" lon="6.733921900000001"><ele>1245.99</ele></trkpt><trkpt lat="45.822768399999994" lon="6.733791600000001"><ele>1243.66</ele></trkpt><trkpt lat="45.82275509999997" lon="6.73365"><ele>1241.57</ele></trkpt><trkpt lat="45.822741899999976" lon="6.7335083000000004"><ele>1239.72</ele></trkpt><trkpt lat="45.82272970000001" lon="6.7333781"><ele>1237.78</ele></trkpt><trkpt lat="45.8227196" lon="6.733270599999999"><ele>1235.78</ele></trkpt><trkpt lat="45.82271270000002" lon="6.733197499999999"><ele>1234.58</ele></trkpt><trkpt lat="45.82271" lon="6.73317"><ele>1234.58</ele></trkpt><trkpt lat="45.822589999999984" lon="6.73315"><ele>1233.59</ele></trkpt><trkpt lat="45.82256000000002" lon="6.733050000000001"><ele>1232.35</ele></trkpt><trkpt lat="45.82255210000001" lon="6.732981999999999"><ele>1231.25</ele></trkpt><trkpt lat="45.82253500000002" lon="6.732835000000001"><ele>1229.47</ele></trkpt><trkpt lat="45.82251790000001" lon="6.732687999999999"><ele>1227.66</ele></trkpt><trkpt lat="45.82251" lon="6.732619999999999"><ele>1226.48</ele></trkpt><trkpt lat="45.822506100000005" lon="6.732590199999999"><ele>1225.89</ele></trkpt><trkpt lat="45.822495999999994" lon="6.7325119"><ele>1224.73</ele></trkpt><trkpt lat="45.82248140000001" lon="6.732399"><ele>1223.61</ele></trkpt><trkpt lat="45.8224641" lon="6.7322653"><ele>1222.14</ele></trkpt><trkpt lat="45.822445899999956" lon="6.7321247"><ele>1220.36</ele></trkpt><trkpt lat="45.82242859999997" lon="6.731991"><ele>1218.88</ele></trkpt><trkpt lat="45.822414" lon="6.731878100000001"><ele>1217.77</ele></trkpt><trkpt lat="45.82240389999999" lon="6.731799799999999"><ele>1216.54</ele></trkpt><trkpt lat="45.82240000000002" lon="6.731769999999999"><ele>1215.89</ele></trkpt><trkpt lat="45.822380000000024" lon="6.7317100000000005"><ele>1215.15</ele></trkpt><trkpt lat="45.82233559999998" lon="6.7316602"><ele>1214.32</ele></trkpt><trkpt lat="45.82225449999999" lon="6.7315696"><ele>1212.17</ele></trkpt><trkpt lat="45.822209999999984" lon="6.731520000000001"><ele>1211.45</ele></trkpt><trkpt lat="45.822154999999995" lon="6.731475099999999"><ele>1210.79</ele></trkpt><trkpt lat="45.822100000000006" lon="6.731429999999998"><ele>1210.12</ele></trkpt><trkpt lat="45.82204989999999" lon="6.7313452"><ele>1208.79</ele></trkpt><trkpt lat="45.821999999999996" lon="6.73126"><ele>1207.4</ele></trkpt><trkpt lat="45.821968599999984" lon="6.731189500000001"><ele>1206.69</ele></trkpt><trkpt lat="45.82191129999999" lon="6.731060600000001"><ele>1204.53</ele></trkpt><trkpt lat="45.82188" lon="6.730989999999999"><ele>1203.07</ele></trkpt><trkpt lat="45.82186089999998" lon="6.730937700000001"><ele>1202.28</ele></trkpt><trkpt lat="45.821819899999994" lon="6.7308251"><ele>1200.11</ele></trkpt><trkpt lat="45.821778999999985" lon="6.7307123"><ele>1198.01</ele></trkpt><trkpt lat="45.82175999999999" lon="6.730659999999999"><ele>1197.24</ele></trkpt><trkpt lat="45.82175" lon="6.7305600000000005"><ele>1196.01</ele></trkpt><trkpt lat="45.82177969999999" lon="6.7304798"><ele>1194.97</ele></trkpt><trkpt lat="45.821810000000006" lon="6.7304"><ele>1193.99</ele></trkpt><trkpt lat="45.82187519999998" lon="6.7303052"><ele>1193.23</ele></trkpt><trkpt lat="45.821939999999984" lon="6.7302100000000005"><ele>1192.56</ele></trkpt><trkpt lat="45.82193509999999" lon="6.730129000000001"><ele>1191.63</ele></trkpt><trkpt lat="45.8219253" lon="6.7299811"><ele>1189.83</ele></trkpt><trkpt lat="45.821920000000006" lon="6.729900000000001"><ele>1189.19</ele></trkpt><trkpt lat="45.82192470000001" lon="6.7298382000000005"><ele>1188.47</ele></trkpt><trkpt lat="45.82193499999999" lon="6.729704999999999"><ele>1187.09</ele></trkpt><trkpt lat="45.8219453" lon="6.7295718"><ele>1185.72</ele></trkpt><trkpt lat="45.82195000000002" lon="6.729510000000001"><ele>1184.83</ele></trkpt><trkpt lat="45.821939999999984" lon="6.72938"><ele>1183.54</ele></trkpt><trkpt lat="45.821839999999995" lon="6.729369999999999"><ele>1183.12</ele></trkpt><trkpt lat="45.821775000000024" lon="6.729370099999999"><ele>1182.84</ele></trkpt><trkpt lat="45.821709999999996" lon="6.729369999999999"><ele>1182.42</ele></trkpt><trkpt lat="45.821630000000006" lon="6.729320000000001"><ele>1181.79</ele></trkpt><trkpt lat="45.82159999999999" lon="6.72927"><ele>1181.29</ele></trkpt><trkpt lat="45.821549999999995" lon="6.729320000000001"><ele>1181.4</ele></trkpt><trkpt lat="45.82154090000002" lon="6.729285000000001"><ele>1181.03</ele></trkpt><trkpt lat="45.821518" lon="6.7291964"><ele>1180.14</ele></trkpt><trkpt lat="45.8214868" lon="6.729075800000001"><ele>1178.74</ele></trkpt><trkpt lat="45.8214529" lon="6.7289444000000005"><ele>1177.08</ele></trkpt><trkpt lat="45.8214218" lon="6.7288236999999995"><ele>1175.21</ele></trkpt><trkpt lat="45.821398999999985" lon="6.728735100000001"><ele>1173.84</ele></trkpt><trkpt lat="45.82139" lon="6.7287"><ele>1173.84</ele></trkpt><trkpt lat="45.82137430000001" lon="6.7286112"><ele>1172.53</ele></trkpt><trkpt lat="45.82134559999999" lon="6.728448800000001"><ele>1170.49</ele></trkpt><trkpt lat="45.82132999999999" lon="6.728360000000001"><ele>1169.76</ele></trkpt><trkpt lat="45.82132" lon="6.728259999999999"><ele>1168.63</ele></trkpt><trkpt lat="45.821313400000015" lon="6.728227899999999"><ele>1168.63</ele></trkpt><trkpt lat="45.8212963" lon="6.7281451"><ele>1167.94</ele></trkpt><trkpt lat="45.82127230000001" lon="6.728028499999999"><ele>1166.63</ele></trkpt><trkpt lat="45.82124479999999" lon="6.727895000000001"><ele>1165.14</ele></trkpt><trkpt lat="45.821217399999995" lon="6.727761499999999"><ele>1163.48</ele></trkpt><trkpt lat="45.8211934" lon="6.7276449000000005"><ele>1161.75</ele></trkpt><trkpt lat="45.82117650000001" lon="6.727562099999999"><ele>1160.74</ele></trkpt><trkpt lat="45.821169999999995" lon="6.72753"><ele>1160.07</ele></trkpt><trkpt lat="45.82122449999999" lon="6.7274648"><ele>1160</ele></trkpt><trkpt lat="45.821279999999994" lon="6.727399999999999"><ele>1159.58</ele></trkpt><trkpt lat="45.821279999999994" lon="6.72729"><ele>1158.82</ele></trkpt><trkpt lat="45.8212147" lon="6.7273289"><ele>1158.77</ele></trkpt><trkpt lat="45.82114999999999" lon="6.72737"><ele>1158.73</ele></trkpt></trkseg></trk></gpx>