<?xml version='1.0' encoding='utf-8'?>
<gpx xmlns="http://www.topografix.com/GPX/1/1" xmlns:xsi="http://www.w3.org/2001/XMLSchema-instance" xsi:schemaLocation="http://www.topografix.com/GPX/1/1 http://www.topografix.com/GPX/1/1/gpx.xsd" version="1.1" creator="FATMAP.com"><metadata /><wpt lat="45.93329" lon="7.09872"><ele>1601.64</ele><name>La Fouly (Start)</name><sym>icons/start.svg</sym><desc>La Fouly Swiss village start point.</desc><extensions><station id="la-fouly-start" type="start" subtype="start"><accessibility crew_allowed="true" pacer_allowed="false" vehicle_tier="easy" drop_bag_allowed="true" /><services water="true" unmanaged_water="false" food="true" hot_food="true" toilets="true" medical="true" sleep_area="false" /><passes><pass num="1" dist_m="0.00" label="La Fouly (Start)" /></passes></station></extensions></wpt><wpt lat="45.93274" lon="7.09906"><ele>1601.11</ele><name>La Fouly (End)</name><sym>icons/finish.svg</sym><desc>La Fouly Swiss village checkin.</desc><extensions><station id="la-fouly-end" type="finish" subtype="finish"><accessibility crew_allowed="true" pacer_allowed="false" vehicle_tier="easy" drop_bag_allowed="true" /><services water="true" unmanaged_water="false" food="true" hot_food="true" toilets="true" medical="true" sleep_area="false" /><passes><pass num="1" dist_m="7.72" label="La Fouly (End)" /></passes></station></extensions></wpt><wpt lat="45.98928" lon="7.12416"><ele>1158.46</ele><name>Praz de Fort</name><sym>icons/aid_station.svg</sym><desc>Scenic Swiss valley hamlet.</desc><extensions><station id="praz-de-fort" type="segmenting" subtype="aid_station"><accessibility crew_allowed="false" pacer_allowed="false" vehicle_tier="none" drop_bag_allowed="false" /><services water="true" unmanaged_water="false" food="true" hot_food="true" toilets="false" medical="false" sleep_area="false" /><passes><pass num="1" dist_m="8261.80" label="Praz de Fort" /></passes></station></extensions></wpt><wpt lat="46.00422" lon="7.125"><ele>1051.70</ele><name>Issert</name><sym>icons/aid_station.svg</sym><desc>Low point valley village before Champex-Lac ascent.</desc><extensions><station id="issert" type="segmenting" subtype="aid_station"><accessibility crew_allowed="true" pacer_allowed="false" vehicle_tier="easy" drop_bag_allowed="false" /><services water="true" unmanaged_water="false" food="true" hot_food="true" toilets="true" medical="false" sleep_area="false" /><passes><pass num="1" dist_m="10374.51" label="Issert" /></passes></station></extensions></wpt><wpt lat="46.02822" lon="7.1194"><ele>1468.91</ele><name>Champex-Lac</name><sym>icons/scenic.svg</sym><desc>Known as 'Little Canada'. Lake resort checkpoint.</desc><extensions><station id="champex-lac" type="informational" subtype="scenic"><accessibility crew_allowed="true" pacer_allowed="false" vehicle_tier="easy" drop_bag_allowed="true" /><services water="true" unmanaged_water="false" food="true" hot_food="true" toilets="true" medical="true" sleep_area="false" /><passes><pass num="1" dist_m="14606.13" label="Champex-Lac" /></passes></station></extensions></wpt><wpt lat="46.04636" lon="7.08954"><ele>1337.37</ele><name>Plan de l'Au</name><sym>icons/aid_station.svg</sym><desc>Vital water restock before the Bovine climb.</desc><extensions><station id="plan-de-l'au" type="segmenting" subtype="aid_station"><accessibility crew_allowed="false" pacer_allowed="false" vehicle_tier="none" drop_bag_allowed="false" /><services water="true" unmanaged_water="false" food="true" hot_food="true" toilets="true" medical="false" sleep_area="false" /><passes><pass num="1" dist_m="18532.39" label="Plan de l'Au" /></passes></station></extensions></wpt><wpt lat="46.04472" lon="7.06077"><ele>1536.00</ele><name>La Jure</name><sym>icons/summit.svg</sym><desc>Intermediate clearing on Bovine ascent.</desc><extensions><station id="la-jure" type="informational" subtype="summit"><accessibility crew_allowed="false" pacer_allowed="false" vehicle_tier="none" drop_bag_allowed="false" /><services water="false" unmanaged_water="false" food="false" hot_food="false" toilets="false" medical="false" sleep_area="false" /><passes><pass num="1" dist_m="21455.71" label="La Jure" /></passes></station></extensions></wpt><wpt lat="46.053" lon="7.05611"><ele>1889.37</ele><name>Bovine</name><sym>icons/aid_station.svg</sym><desc>Bovine Alpage dairy pasture chalet.</desc><extensions><station id="bovine" type="segmenting" subtype="aid_station"><accessibility crew_allowed="false" pacer_allowed="false" vehicle_tier="none" drop_bag_allowed="false" /><services water="true" unmanaged_water="false" food="true" hot_food="true" toilets="true" medical="false" sleep_area="false" /><passes><pass num="1" dist_m="23472.65" label="Bovine" /></passes></station></extensions></wpt><wpt lat="46.0573" lon="7.04339"><ele>2037.16</ele><name>Portalo / Portals Gate</name><sym>icons/summit.svg</sym><desc>High pass saddle overlooking Rhône Valley.</desc><extensions><station id="portalo-/-portals-gate" type="informational" subtype="summit"><accessibility crew_allowed="false" pacer_allowed="false" vehicle_tier="none" drop_bag_allowed="false" /><services water="false" unmanaged_water="false" food="false" hot_food="false" toilets="false" medical="false" sleep_area="false" /><passes><pass num="1" dist_m="24984.09" label="Portalo / Portals Gate" /></passes></station></extensions></wpt><wpt lat="46.0578" lon="7.00739"><ele>1543.52</ele><name>Col de la Forclaz</name><sym>icons/summit.svg</sym><desc>Historic trade pass with hotel and shop.</desc><extensions><station id="col-de-la-forclaz" type="informational" subtype="summit"><accessibility crew_allowed="true" pacer_allowed="false" vehicle_tier="easy" drop_bag_allowed="false" /><services water="true" unmanaged_water="false" food="true" hot_food="true" toilets="true" medical="false" sleep_area="false" /><passes><pass num="1" dist_m="28401.04" label="Col de la Forclaz" /></passes></station></extensions></wpt><wpt lat="46.05657" lon="6.9941"><ele>1280.14</ele><name>Trient (End)</name><sym>icons/finish.svg</sym><desc>Trient Swiss valley checkin.</desc><extensions><station id="trient-end" type="finish" subtype="finish"><accessibility crew_allowed="true" pacer_allowed="false" vehicle_tier="easy" drop_bag_allowed="true" /><services water="true" unmanaged_water="false" food="true" hot_food="true" toilets="true" medical="true" sleep_area="false" /><passes><pass num="1" dist_m="30620.51" label="Trient (End)" /></passes></station></extensions></wpt><trk><name /><desc /><trkseg><trkpt lat="45.933289099999996" lon="7.098719599999999"><ele>1601.64</ele></trkpt><trkpt lat="45.933220000000006" lon="7.098709999999999"><ele>1601.11</ele></trkpt><trkpt lat="45.933220000000006" lon="7.098630000000001"><ele>1600.8</ele></trkpt><trkpt lat="45.93328837607186" lon="7.098616843469278"><ele>1600.711310637375</ele></trkpt><trkpt lat="45.933357042705346" lon="7.098607539862184"><ele>1600.6383119851405</ele></trkpt><trkpt lat="45.933425930318144" lon="7.0986011332683105"><ele>1600.5768771229336</ele></trkpt><trkpt lat="45.93349496932846" lon="7.098596667777256"><ele>1600.522879130393</ele></trkpt><trkpt lat="45.93356409015464" lon="7.098593187478612"><ele>1600.4721910871558</ele></trkpt><trkpt lat="45.93363322321561" lon="7.098589736461968"><ele>1600.4206860728602</ele></trkpt><trkpt lat="45.933702298930434" lon="7.098585358816923"><ele>1600.3642371671438</ele></trkpt><trkpt lat="45.93377124771862" lon="7.098579098633068"><ele>1600.2987174496443</ele></trkpt><trkpt lat="45.93384000000001" lon="7.098569999999999"><ele>1600.22</ele></trkpt><trkpt lat="45.93390999159261" lon="7.098539867679186"><ele>1600.0500326504848</ele></trkpt><trkpt lat="45.933980000000005" lon="7.09851"><ele>1599.84</ele></trkpt><trkpt lat="45.934045657460125" lon="7.098500272352577"><ele>1599.6826962536677</ele></trkpt><trkpt lat="45.93411135303515" lon="7.098490892882377"><ele>1599.5221758819644</ele></trkpt><trkpt lat="45.93417708488371" lon="7.098481924098817"><ele>1599.359711349574</ele></trkpt><trkpt lat="45.93424285116434" lon="7.098473428511316"><ele>1599.1965751211803</ele></trkpt><trkpt lat="45.93430865003569" lon="7.098465468629297"><ele>1599.034039661468</ele></trkpt><trkpt lat="45.934374479656356" lon="7.0984581069621795"><ele>1598.8733774351206</ele></trkpt><trkpt lat="45.93444033818501" lon="7.098451406019388"><ele>1598.715860906822</ele></trkpt><trkpt lat="45.93450622378021" lon="7.098445428310339"><ele>1598.562762541256</ele></trkpt><trkpt lat="45.9345721346007" lon="7.098440236344454"><ele>1598.4153548031068</ele></trkpt><trkpt lat="45.93463806880503" lon="7.098435892631156"><ele>1598.2749101570585</ele></trkpt><trkpt lat="45.93470402455191" lon="7.098432459679866"><ele>1598.1427010677949</ele></trkpt><trkpt lat="45.93477000000002" lon="7.0984300000000005"><ele>1598.02</ele></trkpt><trkpt lat="45.93483428752825" lon="7.098428871475261"><ele>1597.9161982585608</ele></trkpt><trkpt lat="45.93489857401236" lon="7.098429140829451"><ele>1597.8311516745391</ele></trkpt><trkpt lat="45.9349628596436" lon="7.098430584415217"><ele>1597.760894602482</ele></trkpt><trkpt lat="45.93502714461325" lon="7.098432978585208"><ele>1597.701461396937</ele></trkpt><trkpt lat="45.935091429112596" lon="7.098436099692071"><ele>1597.6488864124508</ele></trkpt><trkpt lat="45.93515571333287" lon="7.098439724088457"><ele>1597.5992040035708</ele></trkpt><trkpt lat="45.93521999746535" lon="7.0984436281270105"><ele>1597.5484485248435</ele></trkpt><trkpt lat="45.93528428170129" lon="7.0984475881603775"><ele>1597.4926543308168</ele></trkpt><trkpt lat="45.93534856623193" lon="7.098451380541209"><ele>1597.4278557760372</ele></trkpt><trkpt lat="45.93541285124856" lon="7.098454781622154"><ele>1597.3500872150526</ele></trkpt><trkpt lat="45.93547713694242" lon="7.0984575677558555"><ele>1597.255383002409</ele></trkpt><trkpt lat="45.935541423504795" lon="7.098459515294968"><ele>1597.1397774926543</ele></trkpt><trkpt lat="45.93560571112688" lon="7.098460400592132"><ele>1596.9993050403357</ele></trkpt><trkpt lat="45.93567000000002" lon="7.09846"><ele>1596.83</ele></trkpt><trkpt lat="45.935734635203225" lon="7.098460735079646"><ele>1596.5080506918816</ele></trkpt><trkpt lat="45.935800020055254" lon="7.0984588922272005"><ele>1595.9766336301761</ele></trkpt><trkpt lat="45.935862894876045" lon="7.098445103261158"><ele>1595.3418997533827</ele></trkpt><trkpt lat="45.93592000000002" lon="7.098410000000001"><ele>1594.71</ele></trkpt><trkpt lat="45.9359262571058" lon="7.098328003385255"><ele>1594.4312206746756</ele></trkpt><trkpt lat="45.93592000000002" lon="7.098230000000001"><ele>1594.03</ele></trkpt><trkpt lat="45.93595057973269" lon="7.098146224609612"><ele>1593.1545828260007</ele></trkpt><trkpt lat="45.93598359469097" lon="7.098064348920628"><ele>1592.2837130143678</ele></trkpt><trkpt lat="45.9360184166849" lon="7.0979838918275515"><ele>1591.4087200687136</ele></trkpt><trkpt lat="45.9360544175259" lon="7.097904372224891"><ele>1590.5209334926503</ele></trkpt><trkpt lat="45.936090969027" lon="7.097825309007149"><ele>1589.6116827897918</ele></trkpt><trkpt lat="45.93612744300274" lon="7.097746221068835"><ele>1588.6722974637496</ele></trkpt><trkpt lat="45.936163211269346" lon="7.09766662730446"><ele>1587.6941070181367</ele></trkpt><trkpt lat="45.936197645644654" lon="7.097586046608523"><ele>1586.6684409565657</ele></trkpt><trkpt lat="45.93623011794799" lon="7.097503997875535"><ele>1585.5866287826493</ele></trkpt><trkpt lat="45.93625999999999" lon="7.09742"><ele>1584.44</ele></trkpt><trkpt lat="45.93628126279452" lon="7.097325360965206"><ele>1582.9330057249233</ele></trkpt><trkpt lat="45.9362914981593" lon="7.097225737361448"><ele>1581.0901246782541</ele></trkpt><trkpt lat="45.93630098444675" lon="7.097125745076967"><ele>1579.1546812924578</ele></trkpt><trkpt lat="45.936319999999995" lon="7.09703"><ele>1577.37</ele></trkpt><trkpt lat="45.93639000000002" lon="7.09698"><ele>1576.66</ele></trkpt><trkpt lat="45.93639000000002" lon="7.096909999999999"><ele>1575.17</ele></trkpt><trkpt lat="45.93636" lon="7.096840000000002"><ele>1574.48</ele></trkpt><trkpt lat="45.93630000000002" lon="7.09677"><ele>1572.91</ele></trkpt><trkpt lat="45.93630591083963" lon="7.096677664115451"><ele>1571.755392115527</ele></trkpt><trkpt lat="45.93632024801815" lon="7.096585860275356"><ele>1570.4771957295752</ele></trkpt><trkpt lat="45.936337918525886" lon="7.096494390211743"><ele>1569.2464845835955</ele></trkpt><trkpt lat="45.936353829358055" lon="7.096403055656631"><ele>1568.234332419039</ele></trkpt><trkpt lat="45.936362887515344" lon="7.096311658342043"><ele>1567.6118129773567</ele></trkpt><trkpt lat="45.93636" lon="7.096220000000001"><ele>1567.55</ele></trkpt><trkpt lat="45.93632196639062" lon="7.096130509169833"><ele>1568.7664246659785</ele></trkpt><trkpt lat="45.936256596170495" lon="7.0960534581052555"><ele>1571.1616648188378</ele></trkpt><trkpt lat="45.93620292783196" lon="7.095979677988051"><ele>1573.743572562278</ele></trkpt><trkpt lat="45.93619999999998" lon="7.0959"><ele>1575.52</ele></trkpt><trkpt lat="45.9362384871232" lon="7.095833017300208"><ele>1576.1783426779593</ele></trkpt><trkpt lat="45.93628812155367" lon="7.095783413013494"><ele>1576.360377008622</ele></trkpt><trkpt lat="45.936345946044355" lon="7.09574672806054"><ele>1576.194219464774</ele></trkpt><trkpt lat="45.936409003355806" lon="7.095718503362029"><ele>1575.8079865192017</ele></trkpt><trkpt lat="45.93647433625989" lon="7.0956942798386455"><ele>1575.3297946446908</ele></trkpt><trkpt lat="45.93653898754172" lon="7.095669598411075"><ele>1574.8877603140284</ele></trkpt><trkpt lat="45.936600000000006" lon="7.095640000000001"><ele>1574.61</ele></trkpt><trkpt lat="45.936662824035736" lon="7.095611239094412"><ele>1574.397951881448</ele></trkpt><trkpt lat="45.936727029009816" lon="7.09558823610957"><ele>1574.1509766368868</ele></trkpt><trkpt lat="45.936789999999995" lon="7.09556"><ele>1573.97</ele></trkpt><trkpt lat="45.936854192800666" lon="7.0955229583771695"><ele>1573.8673906194933</ele></trkpt><trkpt lat="45.93691794935017" lon="7.0954843647210275"><ele>1573.79208265612</ele></trkpt><trkpt lat="45.93698133899689" lon="7.095444495543407"><ele>1573.7333828611825</ele></trkpt><trkpt lat="45.93704443108898" lon="7.09540362735614"><ele>1573.6805979859819</ele></trkpt><trkpt lat="45.93710729497418" lon="7.0953620366710615"><ele>1573.6230347818205</ele></trkpt><trkpt lat="45.937169999999995" lon="7.09532"><ele>1573.55</ele></trkpt><trkpt lat="45.93723825898329" lon="7.09525614338637"><ele>1573.474799213028</ele></trkpt><trkpt lat="45.93731000000002" lon="7.09521"><ele>1573.27</ele></trkpt><trkpt lat="45.93735000000002" lon="7.095289999999999"><ele>1572.74</ele></trkpt><trkpt lat="45.93739845487497" lon="7.0953721063546835"><ele>1572.3648470515213</ele></trkpt><trkpt lat="45.93745000000001" lon="7.09545"><ele>1571.93</ele></trkpt><trkpt lat="45.93750582377392" lon="7.095529749982833"><ele>1571.143106064243</ele></trkpt><trkpt lat="45.93757" lon="7.0955900000000005"><ele>1570.39</ele></trkpt><trkpt lat="45.93763824830063" lon="7.095611748358784"><ele>1570.0085218760455</ele></trkpt><trkpt lat="45.937709040521966" lon="7.0956174335042395"><ele>1569.7559398939893</ele></trkpt><trkpt lat="45.93778000000002" lon="7.09562"><ele>1569.52</ele></trkpt><trkpt lat="45.93784423734494" lon="7.095624682597061"><ele>1569.2741710840148</ele></trkpt><trkpt lat="45.937908495449804" lon="7.095628929910885"><ele>1569.024682034169</ele></trkpt><trkpt lat="45.93797277153248" lon="7.095632638020572"><ele>1568.7766089996899</ele></trkpt><trkpt lat="45.938037062810906" lon="7.095635703005224"><ele>1568.5350281298058</ele></trkpt><trkpt lat="45.93810136650299" lon="7.095638020943946"><ele>1568.3050155737442</ele></trkpt><trkpt lat="45.93816567982671" lon="7.095639487915838"><ele>1568.0916474807332</ele></trkpt><trkpt lat="45.93823000000002" lon="7.095640000000001"><ele>1567.9</ele></trkpt><trkpt lat="45.93829" lon="7.09562"><ele>1568.1</ele></trkpt><trkpt lat="45.938363891232164" lon="7.0955644946473475"><ele>1568.3001968153162</ele></trkpt><trkpt lat="45.93844000000001" lon="7.095520000000001"><ele>1568.36</ele></trkpt><trkpt lat="45.938549999999985" lon="7.09555"><ele>1567.74</ele></trkpt><trkpt lat="45.93863004600776" lon="7.095549268373497"><ele>1567.4705391517145</ele></trkpt><trkpt lat="45.93871000000001" lon="7.09555"><ele>1567.2</ele></trkpt><trkpt lat="45.938819999999986" lon="7.0955900000000005"><ele>1566.57</ele></trkpt><trkpt lat="45.93887999999999" lon="7.095659999999999"><ele>1565.99</ele></trkpt><trkpt lat="45.93894" lon="7.095650000000001"><ele>1565.77</ele></trkpt><trkpt lat="45.939019999999985" lon="7.09563"><ele>1565.34</ele></trkpt><trkpt lat="45.93906999999998" lon="7.09556"><ele>1565.76</ele></trkpt><trkpt lat="45.93913263829908" lon="7.09551925812772"><ele>1565.6095863716857</ele></trkpt><trkpt lat="45.939196064346454" lon="7.095481013821519"><ele>1565.4181301627414</ele></trkpt><trkpt lat="45.93926017124409" lon="7.095445140451458"><ele>1565.1818807679538</ele></trkpt><trkpt lat="45.93932485209433" lon="7.0954115113876"><ele>1564.8970875821108</ele></trkpt><trkpt lat="45.939389999999996" lon="7.09538"><ele>1564.56</ele></trkpt><trkpt lat="45.93945428959759" lon="7.095355928932753"><ele>1564.0387776569105</ele></trkpt><trkpt lat="45.93952000000003" lon="7.095349999999999"><ele>1563.25</ele></trkpt><trkpt lat="45.93959788867151" lon="7.095367374802286"><ele>1562.0771167756275</ele></trkpt><trkpt lat="45.939670000000014" lon="7.095410000000001"><ele>1560.78</ele></trkpt><trkpt lat="45.93972516761536" lon="7.095469669390442"><ele>1559.6174385253016</ele></trkpt><trkpt lat="45.93977568943608" lon="7.095538407993577"><ele>1558.4529046802108</ele></trkpt><trkpt lat="45.93982586654277" lon="7.095607942599924"><ele>1557.3044184950145</ele></trkpt><trkpt lat="45.939880000000024" lon="7.095670000000001"><ele>1556.19</ele></trkpt><trkpt lat="45.939959999999985" lon="7.095689999999999"><ele>1555.28</ele></trkpt><trkpt lat="45.94003045830501" lon="7.0956706996457894"><ele>1554.7855507625236</ele></trkpt><trkpt lat="45.94010003889328" lon="7.0956440410340855"><ele>1554.3610366347043</ele></trkpt><trkpt lat="45.94016999999995" lon="7.09562"><ele>1553.92</ele></trkpt><trkpt lat="45.940233058760896" lon="7.0956040404229705"><ele>1553.4943602175335</ele></trkpt><trkpt lat="45.94029642269642" lon="7.0955907191472285"><ele>1553.052708483906</ele></trkpt><trkpt lat="45.94036000000002" lon="7.095579999999999"><ele>1552.57</ele></trkpt><trkpt lat="45.94044" lon="7.095579999999999"><ele>1551.75</ele></trkpt><trkpt lat="45.940504468171035" lon="7.095605243214919"><ele>1550.933194378662</ele></trkpt><trkpt lat="45.9405686361648" lon="7.095632892255579"><ele>1550.103939425035</ele></trkpt><trkpt lat="45.94063098607448" lon="7.095666595168448"><ele>1549.2577147588904</ele></trkpt><trkpt lat="45.94069" lon="7.09571"><ele>1548.39</ele></trkpt><trkpt lat="45.94075051758195" lon="7.095773060441607"><ele>1547.3915890948977</ele></trkpt><trkpt lat="45.940806323374346" lon="7.095845911333958"><ele>1546.3841994625368</ele></trkpt><trkpt lat="45.94086087038284" lon="7.095921232005508"><ele>1545.376015282728</ele></trkpt><trkpt lat="45.94091761159897" lon="7.095991701784706"><ele>1544.3752207352795</ele></trkpt><trkpt lat="45.940979999999996" lon="7.09605"><ele>1543.39</ele></trkpt><trkpt lat="45.94104683819781" lon="7.09608920512396"><ele>1542.476429450403</ele></trkpt><trkpt lat="45.94111724210813" lon="7.096115261042861"><ele>1541.6082272945273</ele></trkpt><trkpt lat="45.941189226914524" lon="7.0961357143997805"><ele>1540.7568104134502</ele></trkpt><trkpt lat="45.94126080781055" lon="7.0961581118378"><ele>1539.893595688249</ele></trkpt><trkpt lat="45.94132999999996" lon="7.09619"><ele>1538.99</ele></trkpt><trkpt lat="45.94141" lon="7.0963"><ele>1537.43</ele></trkpt><trkpt lat="45.94147033102203" lon="7.096267837761617"><ele>1537.6573404577284</ele></trkpt><trkpt lat="45.941530000000014" lon="7.096220000000001"><ele>1538.05</ele></trkpt><trkpt lat="45.94165" lon="7.096220000000001"><ele>1537.51</ele></trkpt><trkpt lat="45.94171738136633" lon="7.096206998208779"><ele>1536.9498692423554</ele></trkpt><trkpt lat="45.94178493046534" lon="7.096194857760036"><ele>1536.3352842816846</ele></trkpt><trkpt lat="45.94185255261597" lon="7.096183005799608"><ele>1535.6863430072601</ele></trkpt><trkpt lat="45.94192015313755" lon="7.096170869473334"><ele>1535.0231433083534</ele></trkpt><trkpt lat="45.94198763734997" lon="7.096157875927053"><ele>1534.3657830742359</ele></trkpt><trkpt lat="45.94205491057344" lon="7.096143452306611"><ele>1533.7343601941798</ele></trkpt><trkpt lat="45.942121878128766" lon="7.096127025757844"><ele>1533.1489725574565</ele></trkpt><trkpt lat="45.94218844533714" lon="7.096108023426593"><ele>1532.6297180533375</ele></trkpt><trkpt lat="45.94225451752016" lon="7.096085872458699"><ele>1532.1966945710947</ele></trkpt><trkpt lat="45.94231999999998" lon="7.0960600000000005"><ele>1531.87</ele></trkpt><trkpt lat="45.94238194578523" lon="7.096008125336753"><ele>1532.1707942167627</ele></trkpt><trkpt lat="45.94243481584357" lon="7.095931886396562"><ele>1533.1523544785102</ele></trkpt><trkpt lat="45.94248999999999" lon="7.09586"><ele>1534.07</ele></trkpt><trkpt lat="45.94257" lon="7.09581"><ele>1534.52</ele></trkpt><trkpt lat="45.94263000000001" lon="7.095830000000001"><ele>1534.33</ele></trkpt><trkpt lat="45.94272000000001" lon="7.095909999999999"><ele>1533.21</ele></trkpt><trkpt lat="45.94277999999999" lon="7.09592"><ele>1533.16</ele></trkpt><trkpt lat="45.94284402527502" lon="7.095916623250886"><ele>1533.1152716819875</ele></trkpt><trkpt lat="45.94290801586279" lon="7.0959110923785005"><ele>1533.09109745394</ele></trkpt><trkpt lat="45.942971993813075" lon="7.0959052498806745"><ele>1533.0552873848985</ele></trkpt><trkpt lat="45.94303598117563" lon="7.095900938255232"><ele>1532.9756515439049</ele></trkpt><trkpt lat="45.94310000000001" lon="7.0959"><ele>1532.82</ele></trkpt><trkpt lat="45.943175881248855" lon="7.095907321383848"><ele>1532.35875721912</ele></trkpt><trkpt lat="45.94324999999999" lon="7.095929999999999"><ele>1531.66</ele></trkpt><trkpt lat="45.94332754594808" lon="7.095973181696058"><ele>1530.826513823712</ele></trkpt><trkpt lat="45.943403186957596" lon="7.096023756812615"><ele>1529.9390023157728</ele></trkpt><trkpt lat="45.94347999999999" lon="7.096070000000001"><ele>1529.05</ele></trkpt><trkpt lat="45.94356920240669" lon="7.096108661432389"><ele>1527.825303460738</ele></trkpt><trkpt lat="45.94365999999999" lon="7.09614"><ele>1527.1</ele></trkpt><trkpt lat="45.94372263975107" lon="7.096160625384483"><ele>1527.1411522283693</ele></trkpt><trkpt lat="45.943785343122485" lon="7.096180831822918"><ele>1527.2305615003113</ele></trkpt><trkpt lat="45.94384809474207" lon="7.0962007172716906"><ele>1527.3624895618357</ele></trkpt><trkpt lat="45.943910879237784" lon="7.096220379687181"><ele>1527.5311981589498</ele></trkpt><trkpt lat="45.943973681237615" lon="7.096239917025778"><ele>1527.7309490376626</ele></trkpt><trkpt lat="45.944036485369615" lon="7.096259427243861"><ele>1527.956003943983</ele></trkpt><trkpt lat="45.944099276262" lon="7.096279008297814"><ele>1528.2006246239198</ele></trkpt><trkpt lat="45.94416203854289" lon="7.096298758144019"><ele>1528.459072823481</ele></trkpt><trkpt lat="45.9442247568406" lon="7.096318774738863"><ele>1528.7256102886759</ele></trkpt><trkpt lat="45.94428741578348" lon="7.096339156038729"><ele>1528.9944987655126</ele></trkpt><trkpt lat="45.944349999999964" lon="7.096359999999999"><ele>1529.26</ele></trkpt><trkpt lat="45.94445999999999" lon="7.0964100000000006"><ele>1530.45</ele></trkpt><trkpt lat="45.94452999999999" lon="7.096509999999999"><ele>1530.84</ele></trkpt><trkpt lat="45.94457426911919" lon="7.09658806745635"><ele>1530.7225242540817</ele></trkpt><trkpt lat="45.94461776558748" lon="7.0966670555100615"><ele>1530.5309093786805</ele></trkpt><trkpt lat="45.944659879261614" lon="7.096747515808743"><ele>1530.3063398139388</ele></trkpt><trkpt lat="45.944700000000005" lon="7.096830000000001"><ele>1530.09</ele></trkpt><trkpt lat="45.944729999999964" lon="7.096939999999999"><ele>1529.82</ele></trkpt><trkpt lat="45.944762700981066" lon="7.09702209548165"><ele>1529.7396348377783</ele></trkpt><trkpt lat="45.94479638608494" lon="7.097103424647839"><ele>1529.6809875175984</ele></trkpt><trkpt lat="45.94483187814691" lon="7.0971830414901085"><ele>1529.6368464386192</ele></trkpt><trkpt lat="45.94487000000001" lon="7.09726"><ele>1529.6</ele></trkpt><trkpt lat="45.944916008603236" lon="7.097341963764197"><ele>1529.5071128571144</ele></trkpt><trkpt lat="45.944965909711414" lon="7.097419202590085"><ele>1529.4317320487041</ele></trkpt><trkpt lat="45.94502000000002" lon="7.09749"><ele>1529.56</ele></trkpt><trkpt lat="45.945079999999976" lon="7.097509999999999"><ele>1530.69</ele></trkpt><trkpt lat="45.94513324097206" lon="7.097559236064206"><ele>1530.659151451845</ele></trkpt><trkpt lat="45.94517999999999" lon="7.097620000000001"><ele>1530.31</ele></trkpt><trkpt lat="45.94521000000001" lon="7.097719999999999"><ele>1529.51</ele></trkpt><trkpt lat="45.94531000000002" lon="7.097810000000001"><ele>1530.41</ele></trkpt><trkpt lat="45.94535983261302" lon="7.0978753243346775"><ele>1530.090542979838</ele></trkpt><trkpt lat="45.94541000000001" lon="7.09794"><ele>1529.67</ele></trkpt><trkpt lat="45.94547000000002" lon="7.097979999999999"><ele>1529.94</ele></trkpt><trkpt lat="45.94551000000003" lon="7.09811"><ele>1528.68</ele></trkpt><trkpt lat="45.94551000000003" lon="7.09826"><ele>1526.64</ele></trkpt><trkpt lat="45.94552999999998" lon="7.098320000000001"><ele>1526.37</ele></trkpt><trkpt lat="45.94558603082013" lon="7.098391097787357"><ele>1525.6079423602557</ele></trkpt><trkpt lat="45.9456444026671" lon="7.098458504826297"><ele>1524.8051732780227</ele></trkpt><trkpt lat="45.94569999999999" lon="7.09853"><ele>1523.82</ele></trkpt><trkpt lat="45.945730000000005" lon="7.09861"><ele>1522.09</ele></trkpt><trkpt lat="45.94580999999999" lon="7.098709999999999"><ele>1520.9</ele></trkpt><trkpt lat="45.94587169674371" lon="7.098745343211441"><ele>1520.602095789344</ele></trkpt><trkpt lat="45.94593557633358" lon="7.098773415965383"><ele>1520.4248569448919</ele></trkpt><trkpt lat="45.945999167753826" lon="7.098802280736635"><ele>1520.220189627994</ele></trkpt><trkpt lat="45.94605999999998" lon="7.09884"><ele>1519.84</ele></trkpt><trkpt lat="45.946105044653194" lon="7.098904921226284"><ele>1518.908571174859</ele></trkpt><trkpt lat="45.94614999999998" lon="7.09897"><ele>1517.9</ele></trkpt><trkpt lat="45.946214340423225" lon="7.098991958909758"><ele>1517.580890801623</ele></trkpt><trkpt lat="45.94627999999999" lon="7.099010000000001"><ele>1517.29</ele></trkpt><trkpt lat="45.94632999999998" lon="7.09908"><ele>1516.07</ele></trkpt><trkpt lat="45.94641000000002" lon="7.099109999999998"><ele>1515.49</ele></trkpt><trkpt lat="45.94648097400873" lon="7.099115004077701"><ele>1515.8136857424856</ele></trkpt><trkpt lat="45.94654999999999" lon="7.099129999999999"><ele>1515.76</ele></trkpt><trkpt lat="45.94663" lon="7.0992299999999995"><ele>1512.63</ele></trkpt><trkpt lat="45.94672999999999" lon="7.09927"><ele>1512.59</ele></trkpt><trkpt lat="45.94678989979469" lon="7.099325497844327"><ele>1510.9741412072194</ele></trkpt><trkpt lat="45.946849999999976" lon="7.099380000000001"><ele>1509.19</ele></trkpt><trkpt lat="45.9469" lon="7.099380000000001"><ele>1509.07</ele></trkpt><trkpt lat="45.946950000000015" lon="7.09941"><ele>1507.78</ele></trkpt><trkpt lat="45.947019938874945" lon="7.099435168730457"><ele>1506.9146484465887</ele></trkpt><trkpt lat="45.94709000000001" lon="7.0994600000000005"><ele>1506.15</ele></trkpt><trkpt lat="45.94715711649387" lon="7.0994887730144525"><ele>1505.2783838173598</ele></trkpt><trkpt lat="45.947223908393696" lon="7.099519201823184"><ele>1504.3577160085142</ele></trkpt><trkpt lat="45.947290575729546" lon="7.099550252632449"><ele>1503.4220365000003</ele></trkpt><trkpt lat="45.947357318530464" lon="7.099580891648508"><ele>1502.505385218355</ele></trkpt><trkpt lat="45.94742433682459" lon="7.0996100850776145"><ele>1501.6418020901156</ele></trkpt><trkpt lat="45.94749183063905" lon="7.099636799126026"><ele>1500.8653270418183</ele></trkpt><trkpt lat="45.94756000000001" lon="7.09966"><ele>1500.21</ele></trkpt><trkpt lat="45.94764991293291" lon="7.09966055658933"><ele>1500.3893722588264</ele></trkpt><trkpt lat="45.94774000000001" lon="7.09966"><ele>1500.62</ele></trkpt><trkpt lat="45.94781233959" lon="7.0996965091946205"><ele>1499.473126021981</ele></trkpt><trkpt lat="45.947879999999984" lon="7.09975"><ele>1497.87</ele></trkpt><trkpt lat="45.94792000000001" lon="7.09981"><ele>1496.64</ele></trkpt><trkpt lat="45.94799504059612" lon="7.099845979390238"><ele>1495.1529097513587</ele></trkpt><trkpt lat="45.94807176835949" lon="7.0998741093720925"><ele>1493.7338973593248</ele></trkpt><trkpt lat="45.948150000000005" lon="7.099889999999999"><ele>1492.63</ele></trkpt><trkpt lat="45.94822491156091" lon="7.099871340011218"><ele>1492.3781692754696</ele></trkpt><trkpt lat="45.94830000000001" lon="7.099849999999998"><ele>1492.48</ele></trkpt><trkpt lat="45.94837156786744" lon="7.099865040661742"><ele>1492.3554450379074</ele></trkpt><trkpt lat="45.948439999999984" lon="7.0999"><ele>1492.16</ele></trkpt><trkpt lat="45.94851062115765" lon="7.09996315735581"><ele>1491.724498894555</ele></trkpt><trkpt lat="45.94857999999997" lon="7.10003"><ele>1491.38</ele></trkpt><trkpt lat="45.948609999999995" lon="7.10003"><ele>1491.89</ele></trkpt><trkpt lat="45.94869" lon="7.10014"><ele>1491.04</ele></trkpt><trkpt lat="45.948739999999994" lon="7.10017"><ele>1492.33</ele></trkpt><trkpt lat="45.94878" lon="7.10027"><ele>1490.22</ele></trkpt><trkpt lat="45.94885999999996" lon="7.10027"><ele>1492.23</ele></trkpt><trkpt lat="45.94893999999997" lon="7.100370000000001"><ele>1491.71</ele></trkpt><trkpt lat="45.949009705071234" lon="7.100415813039585"><ele>1492.7125835624015</ele></trkpt><trkpt lat="45.949080000000016" lon="7.100459999999999"><ele>1493.88</ele></trkpt><trkpt lat="45.94913664802245" lon="7.100511436587369"><ele>1494.4232820624866</ele></trkpt><trkpt lat="45.949189999999994" lon="7.10057"><ele>1494.78</ele></trkpt><trkpt lat="45.949250000000006" lon="7.10066"><ele>1495.01</ele></trkpt><trkpt lat="45.949299999999994" lon="7.10081"><ele>1494.39</ele></trkpt><trkpt lat="45.949358979110904" lon="7.10085660679062"><ele>1496.4536666688164</ele></trkpt><trkpt lat="45.94942000000001" lon="7.100899999999999"><ele>1498.47</ele></trkpt><trkpt lat="45.94947071337583" lon="7.100983692984254"><ele>1498.4864703463127</ele></trkpt><trkpt lat="45.94952" lon="7.10107"><ele>1498.13</ele></trkpt><trkpt lat="45.94957416832797" lon="7.10112639280318"><ele>1498.7959040278572</ele></trkpt><trkpt lat="45.949630000000006" lon="7.101180000000001"><ele>1499.46</ele></trkpt><trkpt lat="45.949684420720146" lon="7.101244075449643"><ele>1499.6792096556228</ele></trkpt><trkpt lat="45.949737936978885" lon="7.101309838367064"><ele>1499.8597603719882</ele></trkpt><trkpt lat="45.94979106445387" lon="7.1013763183245215"><ele>1500.003862724383</ele></trkpt><trkpt lat="45.949844318820794" lon="7.101442544894282"><ele>1500.1137272880947</ele></trkpt><trkpt lat="45.94989821575336" lon="7.101507547648607"><ele>1500.1915646384098</ele></trkpt><trkpt lat="45.949953270923245" lon="7.10157035615976"><ele>1500.239585350616</ele></trkpt><trkpt lat="45.95000999999998" lon="7.101629999999999"><ele>1500.26</ele></trkpt><trkpt lat="45.95009127474231" lon="7.10169296518282"><ele>1499.7599492555562</ele></trkpt><trkpt lat="45.95017999999999" lon="7.10173"><ele>1499.53</ele></trkpt><trkpt lat="45.95024" lon="7.101689999999999"><ele>1501.66</ele></trkpt><trkpt lat="45.950300000000006" lon="7.101680000000001"><ele>1501.65</ele></trkpt><trkpt lat="45.95035999999999" lon="7.10167"><ele>1502.59</ele></trkpt><trkpt lat="45.95040000000002" lon="7.101700000000001"><ele>1501</ele></trkpt><trkpt lat="45.950430011276" lon="7.101787954308823"><ele>1497.9878193770567</ele></trkpt><trkpt lat="45.95045488101548" lon="7.101880232535113"><ele>1494.9475354652066</ele></trkpt><trkpt lat="45.95048231025124" lon="7.101969894493846"><ele>1491.9434838207533</ele></trkpt><trkpt lat="45.95051999999998" lon="7.102049999999999"><ele>1489.04</ele></trkpt><trkpt lat="45.95062999999999" lon="7.10207"><ele>1486.65</ele></trkpt><trkpt lat="45.95069771871882" lon="7.102039593860738"><ele>1487.1018508818993</ele></trkpt><trkpt lat="45.950759999999995" lon="7.101990000000001"><ele>1488.2</ele></trkpt><trkpt lat="45.95082" lon="7.10189"><ele>1490.03</ele></trkpt><trkpt lat="45.950850000000045" lon="7.101869999999999"><ele>1490.97</ele></trkpt><trkpt lat="45.95090999999998" lon="7.10191"><ele>1488.92</ele></trkpt><trkpt lat="45.951000009181094" lon="7.101895362275657"><ele>1488.6322506091974</ele></trkpt><trkpt lat="45.95109" lon="7.10188"><ele>1488.28</ele></trkpt><trkpt lat="45.95116131795654" lon="7.101883687864586"><ele>1487.2284380631825</ele></trkpt><trkpt lat="45.95123200796599" lon="7.101895051936027"><ele>1485.821395034498</ele></trkpt><trkpt lat="45.95130000000002" lon="7.101920000000001"><ele>1483.99</ele></trkpt><trkpt lat="45.95136331149537" lon="7.101958167237922"><ele>1481.7257471463938</ele></trkpt><trkpt lat="45.951423797834124" lon="7.102004373645733"><ele>1479.172186916399</ele></trkpt><trkpt lat="45.951482385256895" lon="7.102055893230679"><ele>1476.5750332282046</ele></trkpt><trkpt lat="45.95154" lon="7.10211"><ele>1474.18</ele></trkpt><trkpt lat="45.951590374049026" lon="7.102168742597916"><ele>1472.1762022658402</ele></trkpt><trkpt lat="45.95163806305766" lon="7.102233313886519"><ele>1470.4017972023341</ele></trkpt><trkpt lat="45.951689999999985" lon="7.102289999999999"><ele>1468.97</ele></trkpt><trkpt lat="45.95174528812301" lon="7.102336026782212"><ele>1467.8285565016838</ele></trkpt><trkpt lat="45.95180132933907" lon="7.10238036634936"><ele>1466.7744659513571</ele></trkpt><trkpt lat="45.95185804273888" lon="7.102423111388327"><ele>1465.7916052798896</ele></trkpt><trkpt lat="45.9519153474134" lon="7.102464354585992"><ele>1464.8638514181503</ele></trkpt><trkpt lat="45.95197316245394" lon="7.102504188629239"><ele>1463.9750812970092</ele></trkpt><trkpt lat="45.95203140695216" lon="7.102542706204948"><ele>1463.109171847336</ele></trkpt><trkpt lat="45.952089999999984" lon="7.102580000000001"><ele>1462.25</ele></trkpt><trkpt lat="45.95216834102026" lon="7.102619330433032"><ele>1461.4571066670728</ele></trkpt><trkpt lat="45.952249999999985" lon="7.102639999999999"><ele>1460.76</ele></trkpt><trkpt lat="45.9523352275344" lon="7.10263762575645"><ele>1459.6912492508045</ele></trkpt><trkpt lat="45.95242" lon="7.102619999999999"><ele>1458.57</ele></trkpt><trkpt lat="45.95249999999998" lon="7.102580000000001"><ele>1457.63</ele></trkpt><trkpt lat="45.95255710982127" lon="7.1025406752720786"><ele>1456.7308733084346</ele></trkpt><trkpt lat="45.95261335936143" lon="7.102498243788825"><ele>1455.7665601409499</ele></trkpt><trkpt lat="45.952670429222586" lon="7.1024591904111585"><ele>1454.8739669029899</ele></trkpt><trkpt lat="45.952730000000024" lon="7.102429999999999"><ele>1454.19</ele></trkpt><trkpt lat="45.952796398061054" lon="7.102412371690765"><ele>1453.787831863758</ele></trkpt><trkpt lat="45.95286396271025" lon="7.102404106729379"><ele>1453.612427525163</ele></trkpt><trkpt lat="45.95293204600355" lon="7.102401288403303"><ele>1453.4983094239867</ele></trkpt><trkpt lat="45.952999999999996" lon="7.102399999999999"><ele>1453.28</ele></trkpt><trkpt lat="45.95310000000001" lon="7.10242"><ele>1452.41</ele></trkpt><trkpt lat="45.953163524449884" lon="7.10244847211706"><ele>1451.5953563998783</ele></trkpt><trkpt lat="45.95322649886173" lon="7.102479444871088"><ele>1450.750589869784</ele></trkpt><trkpt lat="45.953288723842505" lon="7.102513195189573"><ele>1449.8380284047978</ele></trkpt><trkpt lat="45.95335000000001" lon="7.10255"><ele>1448.82</ele></trkpt><trkpt lat="45.953410109482164" lon="7.102595227412648"><ele>1447.4334920801443</ele></trkpt><trkpt lat="45.953468237821255" lon="7.102646347691546"><ele>1445.8003221276317</ele></trkpt><trkpt lat="45.95352724725278" lon="7.102694294124675"><ele>1444.3894911113034</ele></trkpt><trkpt lat="45.95358999999999" lon="7.10273"><ele>1443.67</ele></trkpt><trkpt lat="45.953657688894225" lon="7.1027541763583315"><ele>1443.6070153205985</ele></trkpt><trkpt lat="45.953726159818665" lon="7.102773299127371"><ele>1443.8110294991304</ele></trkpt><trkpt lat="45.953795173343316" lon="7.102788941336288"><ele>1444.2027194894006</ele></trkpt><trkpt lat="45.95386449003923" lon="7.102802676014258"><ele>1444.7027622452142</ele></trkpt><trkpt lat="45.95393387047873" lon="7.102816076190441"><ele>1445.2318347203764</ele></trkpt><trkpt lat="45.95400307523538" lon="7.102830714894015"><ele>1445.7106138686913</ele></trkpt><trkpt lat="45.95407186488384" lon="7.102848165154144"><ele>1446.0597766439644</ele></trkpt><trkpt lat="45.95414" lon="7.10287"><ele>1446.2</ele></trkpt><trkpt lat="45.954205023136836" lon="7.102897794472562"><ele>1445.9220256760948</ele></trkpt><trkpt lat="45.954268459718364" lon="7.102932777394683"><ele>1445.248025256244</ele></trkpt><trkpt lat="45.954330166440606" lon="7.102973871619465"><ele>1444.4450122082712</ele></trkpt><trkpt lat="45.95438999999995" lon="7.103019999999999"><ele>1443.78</ele></trkpt><trkpt lat="45.95444429773257" lon="7.103065888817344"><ele>1443.3160658108802</ele></trkpt><trkpt lat="45.95449786825121" lon="7.103113505657192"><ele>1442.8655848857122</ele></trkpt><trkpt lat="45.9545508761179" lon="7.103162461776325"><ele>1442.426340099607</ele></trkpt><trkpt lat="45.9546034858939" lon="7.103212368431525"><ele>1441.9961143276762</ele></trkpt><trkpt lat="45.95465586213993" lon="7.103262836879578"><ele>1441.5726904450316</ele></trkpt><trkpt lat="45.954708169415994" lon="7.103313478377263"><ele>1441.1538513267844</ele></trkpt><trkpt lat="45.954760572281565" lon="7.103363904181366"><ele>1440.7373798480462</ele></trkpt><trkpt lat="45.95481323529539" lon="7.103413725548667"><ele>1440.3210588839283</ele></trkpt><trkpt lat="45.95486632301571" lon="7.103462553735951"><ele>1439.9026713095425</ele></trkpt><trkpt lat="45.95492000000001" lon="7.103510000000001"><ele>1439.48</ele></trkpt><trkpt lat="45.95498560793843" lon="7.1035594038372905"><ele>1438.959919581554</ele></trkpt><trkpt lat="45.95505327845079" lon="7.103603342544017"><ele>1438.4514477180937</ele></trkpt><trkpt lat="45.95511999999998" lon="7.10365"><ele>1438.03</ele></trkpt><trkpt lat="45.95519" lon="7.10372"><ele>1438.02</ele></trkpt><trkpt lat="45.95524709501129" lon="7.103806225698805"><ele>1437.1449382731407</ele></trkpt><trkpt lat="45.95530205606096" lon="7.103895350578412"><ele>1436.0998545624905</ele></trkpt><trkpt lat="45.95535999999999" lon="7.103980000000001"><ele>1434.95</ele></trkpt><trkpt lat="45.95540850032805" lon="7.104042519031735"><ele>1433.9654421980192</ele></trkpt><trkpt lat="45.955457560856026" lon="7.104104051992851"><ele>1432.9030063394407</ele></trkpt><trkpt lat="45.95550714539823" lon="7.104164686719374"><ele>1431.8071879614772</ele></trkpt><trkpt lat="45.9555572177691" lon="7.104224511047327"><ele>1430.7224826013396</ele></trkpt><trkpt lat="45.95560774178321" lon="7.1042836128127345"><ele>1429.6933857962397</ele></trkpt><trkpt lat="45.955658681255244" lon="7.104342079851617"><ele>1428.7643930833895</ele></trkpt><trkpt lat="45.955709999999996" lon="7.1044"><ele>1427.98</ele></trkpt><trkpt lat="45.955786149286226" lon="7.104467955247502"><ele>1427.9383003589096</ele></trkpt><trkpt lat="45.95586000000001" lon="7.10454"><ele>1428.18</ele></trkpt><trkpt lat="45.95591493996377" lon="7.104627874105284"><ele>1427.684768024695</ele></trkpt><trkpt lat="45.95596505039069" lon="7.104722335665561"><ele>1426.9777467505294</ele></trkpt><trkpt lat="45.95601999999998" lon="7.104809999999999"><ele>1426.16</ele></trkpt><trkpt lat="45.956067173813075" lon="7.104869081805205"><ele>1425.4988570037988</ele></trkpt><trkpt lat="45.95611614951274" lon="7.104925116596865"><ele>1424.797274141935</ele></trkpt><trkpt lat="45.95616653830526" lon="7.104978610485922"><ele>1424.0602627781723</ele></trkpt><trkpt lat="45.95621795139807" lon="7.1050300695833215"><ele>1423.292834276273</ele></trkpt><trkpt lat="45.956270000000025" lon="7.105080000000001"><ele>1422.5</ele></trkpt><trkpt lat="45.956379999999974" lon="7.105150000000001"><ele>1420.62</ele></trkpt><trkpt lat="45.95645380145707" lon="7.105191740012407"><ele>1419.2267785872928</ele></trkpt><trkpt lat="45.95652999999999" lon="7.10522"><ele>1418.16</ele></trkpt><trkpt lat="45.95659972042663" lon="7.1052270033256395"><ele>1417.7704916706518</ele></trkpt><trkpt lat="45.956669762274586" lon="7.105227362865225"><ele>1417.5744467881843</ele></trkpt><trkpt lat="45.95673992298501" lon="7.105224040972195"><ele>1417.4936785116247</ele></trkpt><trkpt lat="45.95681" lon="7.10522"><ele>1417.45</ele></trkpt><trkpt lat="45.95687541181504" lon="7.105214231886221"><ele>1417.45530555078</ele></trkpt><trkpt lat="45.95694" lon="7.105199999999998"><ele>1417.86</ele></trkpt><trkpt lat="45.95699999999999" lon="7.10516"><ele>1419.69</ele></trkpt><trkpt lat="45.95706999999998" lon="7.1051400000000005"><ele>1421.81</ele></trkpt><trkpt lat="45.95713991188833" lon="7.105136243440009"><ele>1423.1231777040875</ele></trkpt><trkpt lat="45.95721" lon="7.1051400000000005"><ele>1424.07</ele></trkpt><trkpt lat="45.95732" lon="7.105170000000001"><ele>1424.38</ele></trkpt><trkpt lat="45.95739223123127" lon="7.10519794153285"><ele>1424.7740802579938</ele></trkpt><trkpt lat="45.95746" lon="7.105239999999999"><ele>1424.64</ele></trkpt><trkpt lat="45.95752464252278" lon="7.1053144993122075"><ele>1423.1877422834127</ele></trkpt><trkpt lat="45.95758462775987" lon="7.105397492013324"><ele>1421.2993367294625</ele></trkpt><trkpt lat="45.957650000000015" lon="7.10547"><ele>1419.66</ele></trkpt><trkpt lat="45.95770441343928" lon="7.105515010610861"><ele>1418.7286748404051</ele></trkpt><trkpt lat="45.95775958361266" lon="7.105558153288713"><ele>1417.8666120910252</ele></trkpt><trkpt lat="45.95781535895723" lon="7.105599794290861"><ele>1417.054365444662</ele></trkpt><trkpt lat="45.95787158791057" lon="7.105640299874615"><ele>1416.2724885941184</ele></trkpt><trkpt lat="45.95792811891096" lon="7.105680036297278"><ele>1415.5015352321964</ele></trkpt><trkpt lat="45.95798480039723" lon="7.1057193698161605"><ele>1414.7220590516988</ele></trkpt><trkpt lat="45.95804148080889" lon="7.1057586666885655"><ele>1413.9146137454281</ele></trkpt><trkpt lat="45.95809800858597" lon="7.105798293171803"><ele>1413.0597530061864</ele></trkpt><trkpt lat="45.958154232169264" lon="7.105838615523179"><ele>1412.1380305267764</ele></trkpt><trkpt lat="45.958210000000015" lon="7.105880000000001"><ele>1411.13</ele></trkpt><trkpt lat="45.958309999999976" lon="7.105969999999999"><ele>1407.08</ele></trkpt><trkpt lat="45.95837420218964" lon="7.105996852372525"><ele>1406.4586695476023</ele></trkpt><trkpt lat="45.95843938447011" lon="7.106019267957365"><ele>1406.1054971645267</ele></trkpt><trkpt lat="45.95850505111463" lon="7.106039518633523"><ele>1405.9017634345005</ele></trkpt><trkpt lat="45.95857070639876" lon="7.106059876280013"><ele>1405.7287489412522</ele></trkpt><trkpt lat="45.95863585460045" lon="7.106082612775837"><ele>1405.4677342685095</ele></trkpt><trkpt lat="45.95869999999999" lon="7.106110000000001"><ele>1405</ele></trkpt><trkpt lat="45.95875747587697" lon="7.106153744141722"><ele>1403.9289356588424</ele></trkpt><trkpt lat="45.95880999999999" lon="7.106209999999999"><ele>1402.27</ele></trkpt><trkpt lat="45.95889999999999" lon="7.106320000000001"><ele>1398.21</ele></trkpt><trkpt lat="45.958943785208405" lon="7.1064010673734535"><ele>1396.5507036144368</ele></trkpt><trkpt lat="45.958980000000004" lon="7.10649"><ele>1395.36</ele></trkpt><trkpt lat="45.95900777801824" lon="7.106589229898842"><ele>1394.5523584817784</ele></trkpt><trkpt lat="45.95903154453048" lon="7.10669112043511"><ele>1393.9590394840238</ele></trkpt><trkpt lat="45.95905999999999" lon="7.10679"><ele>1393.34</ele></trkpt><trkpt lat="45.9590962022702" lon="7.10688816578014"><ele>1392.5486193804331</ele></trkpt><trkpt lat="45.95913491536326" lon="7.106984396305829"><ele>1391.7139586570722</ele></trkpt><trkpt lat="45.95917617077481" lon="7.107078428678601"><ele>1390.9298186051751</ele></trkpt><trkpt lat="45.95922000000001" lon="7.107169999999999"><ele>1390.29</ele></trkpt><trkpt lat="45.959258372972485" lon="7.10724319836706"><ele>1389.9238547069344</ele></trkpt><trkpt lat="45.95929855746413" lon="7.107314473460706"><ele>1389.6717576033734</ele></trkpt><trkpt lat="45.95933979196671" lon="7.107384625285861"><ele>1389.4762231199416</ele></trkpt><trkpt lat="45.95938131497426" lon="7.107454453847443"><ele>1389.2797656872635</ele></trkpt><trkpt lat="45.95942236498297" lon="7.10752475915038"><ele>1389.0248997359643</ele></trkpt><trkpt lat="45.959462180491336" lon="7.10759634119959"><ele>1388.6541396966682</ele></trkpt><trkpt lat="45.95949999999997" lon="7.10767"><ele>1388.11</ele></trkpt><trkpt lat="45.9595344695186" lon="7.107746457785663"><ele>1387.1679885986414</ele></trkpt><trkpt lat="45.95956542878821" lon="7.107825749632993"><ele>1385.835745684556</ele></trkpt><trkpt lat="45.959593673664266" lon="7.107907166663822"><ele>1384.4081299281927</ele></trkpt><trkpt lat="45.95961999999999" lon="7.107989999999999"><ele>1383.18</ele></trkpt><trkpt lat="45.95963929141396" lon="7.108090426363176"><ele>1382.3740060296595</ele></trkpt><trkpt lat="45.95965999999999" lon="7.108189999999999"><ele>1381.68</ele></trkpt><trkpt lat="45.959730000000015" lon="7.10831"><ele>1379.92</ele></trkpt><trkpt lat="45.95979217803087" lon="7.108390146851975"><ele>1378.1808035711088</ele></trkpt><trkpt lat="45.95986" lon="7.108460000000001"><ele>1376.91</ele></trkpt><trkpt lat="45.95992744526054" lon="7.108514606842346"><ele>1376.848333831436</ele></trkpt><trkpt lat="45.9599973416673" lon="7.108562611584729"><ele>1377.2324890180976</ele></trkpt><trkpt lat="45.96006999999999" lon="7.1086"><ele>1377.5</ele></trkpt><trkpt lat="45.96013601671195" lon="7.108614709289467"><ele>1377.5420936745932</ele></trkpt><trkpt lat="45.96020353591423" lon="7.108618280044343"><ele>1377.4671745273813</ele></trkpt><trkpt lat="45.960270000000016" lon="7.10863"><ele>1377.03</ele></trkpt><trkpt lat="45.96034049270625" lon="7.108665035961883"><ele>1375.8905610574566</ele></trkpt><trkpt lat="45.960409142038536" lon="7.108707951964436"><ele>1374.3973452784016</ele></trkpt><trkpt lat="45.96047999999998" lon="7.10874"><ele>1373.09</ele></trkpt><trkpt lat="45.96055475612155" lon="7.108743663718394"><ele>1372.3056074881965</ele></trkpt><trkpt lat="45.960630000000016" lon="7.1087299999999995"><ele>1371.95</ele></trkpt><trkpt lat="45.96069737495195" lon="7.108716501997102"><ele>1371.8040773256735</ele></trkpt><trkpt lat="45.960764653200194" lon="7.108701954886956"><ele>1371.687896820491</ele></trkpt><trkpt lat="45.96083186016457" lon="7.108686638541875"><ele>1371.5951513942382</ele></trkpt><trkpt lat="45.960899021264794" lon="7.108670832834156"><ele>1371.5195339567013</ele></trkpt><trkpt lat="45.96096616192045" lon="7.108654817636109"><ele>1371.454737417666</ele></trkpt><trkpt lat="45.96103330755099" lon="7.108638872820038"><ele>1371.3944546869184</ele></trkpt><trkpt lat="45.96110048357577" lon="7.1086232782582455"><ele>1371.332378674244</ele></trkpt><trkpt lat="45.96116771541405" lon="7.1086083138230425"><ele>1371.262202289429</ele></trkpt><trkpt lat="45.961235028484886" lon="7.108594259386731"><ele>1371.1776184422597</ele></trkpt><trkpt lat="45.96130244820725" lon="7.108581394821615"><ele>1371.0723200425214</ele></trkpt><trkpt lat="45.96136999999999" lon="7.10857"><ele>1370.94</ele></trkpt><trkpt lat="45.9614432925137" lon="7.108564584304135"><ele>1370.6693998020787</ele></trkpt><trkpt lat="45.961516827772925" lon="7.108568991825984"><ele>1370.2629913188225</ele></trkpt><trkpt lat="45.961590000000015" lon="7.10858"><ele>1369.85</ele></trkpt><trkpt lat="45.96165629155562" lon="7.10859887601167"><ele>1369.4221536898417</ele></trkpt><trkpt lat="45.961722098913555" lon="7.108625687003254"><ele>1368.9073181649692</ele></trkpt><trkpt lat="45.9617877604945" lon="7.108652059989004"><ele>1368.4334057951755</ele></trkpt><trkpt lat="45.9618536147175" lon="7.108669621983172"><ele>1368.1283289502546</ele></trkpt><trkpt lat="45.96192" lon="7.108670000000001"><ele>1368.12</ele></trkpt><trkpt lat="45.961986135146354" lon="7.108655324739976"><ele>1368.3616642672248</ele></trkpt><trkpt lat="45.96205133541795" lon="7.108634251417519"><ele>1368.7080755872232</ele></trkpt><trkpt lat="45.9621158203303" lon="7.108608237265816"><ele>1369.138687861128</ele></trkpt><trkpt lat="45.962179809397895" lon="7.108578739518057"><ele>1369.632954990071</ele></trkpt><trkpt lat="45.962243522134216" lon="7.108547215407429"><ele>1370.1703308751853</ele></trkpt><trkpt lat="45.96230717805165" lon="7.10851512216712"><ele>1370.7302694176028</ele></trkpt><trkpt lat="45.96237099666167" lon="7.108483917030321"><ele>1371.2922245184564</ele></trkpt><trkpt lat="45.96243519747466" lon="7.108455057230217"><ele>1371.835650078878</ele></trkpt><trkpt lat="45.962500000000006" lon="7.108430000000001"><ele>1372.34</ele></trkpt><trkpt lat="45.962609999999984" lon="7.108430000000001"><ele>1373.18</ele></trkpt><trkpt lat="45.96268027483128" lon="7.108404926785714"><ele>1372.9387047138948</ele></trkpt><trkpt lat="45.96274962837985" lon="7.108373972770681"><ele>1372.4872195581381</ele></trkpt><trkpt lat="45.962819999999994" lon="7.108349999999999"><ele>1372.02</ele></trkpt><trkpt lat="45.96288377763424" lon="7.108339297939655"><ele>1371.5954928736192</ele></trkpt><trkpt lat="45.96294797751241" lon="7.108333536531581"><ele>1371.1080940070224</ele></trkpt><trkpt lat="45.963012288572735" lon="7.108329126153676"><ele>1370.6449487036166</ele></trkpt><trkpt lat="45.963076399754875" lon="7.108322477183849"><ele>1370.2932022668072</ele></trkpt><trkpt lat="45.96314000000002" lon="7.10831"><ele>1370.14</ele></trkpt><trkpt lat="45.96321298181598" lon="7.108282029324495"><ele>1370.365280598735</ele></trkpt><trkpt lat="45.96328452611932" lon="7.108244889235929"><ele>1370.9066314858742</ele></trkpt><trkpt lat="45.96335630736517" lon="7.108210304529398"><ele>1371.4746666300769</ele></trkpt><trkpt lat="45.96343000000002" lon="7.108189999999999"><ele>1371.78</ele></trkpt><trkpt lat="45.963502103753456" lon="7.108185764322521"><ele>1371.7965417890582</ele></trkpt><trkpt lat="45.9635743586966" lon="7.1081895209686285"><ele>1371.7018158582491</ele></trkpt><trkpt lat="45.96364656176252" lon="7.108199395453474"><ele>1371.5018190329115</ele></trkpt><trkpt lat="45.96371850988527" lon="7.108213513292215"><ele>1371.202548138382</ele></trkpt><trkpt lat="45.96379000000002" lon="7.10823"><ele>1370.81</ele></trkpt><trkpt lat="45.96386063098369" lon="7.108252057069919"><ele>1370.2543036660104</ele></trkpt><trkpt lat="45.963930230000805" lon="7.108280860360236"><ele>1369.5333539623007</ele></trkpt><trkpt lat="45.96399951352788" lon="7.108311635115593"><ele>1368.7512524255862</ele></trkpt><trkpt lat="45.96406919803782" lon="7.108339606580632"><ele>1368.0121005925812</ele></trkpt><trkpt lat="45.96413999999997" lon="7.10836"><ele>1367.42</ele></trkpt><trkpt lat="45.96420712587003" lon="7.108366445235033"><ele>1367.1302284647752</ele></trkpt><trkpt lat="45.96427475461158" lon="7.108363191796179"><ele>1367.0316948813468</ele></trkpt><trkpt lat="45.9643425060469" lon="7.108358342459234"><ele>1366.927313857245</ele></trkpt><trkpt lat="45.96440999999997" lon="7.10836"><ele>1366.62</ele></trkpt><trkpt lat="45.964475283060516" lon="7.108372329085882"><ele>1366.041636793764</ele></trkpt><trkpt lat="45.96454003069744" lon="7.108390437093972"><ele>1365.2964873123983</ele></trkpt><trkpt lat="45.96460476298627" lon="7.108408326555075"><ele>1364.4780941748336</ele></trkpt><trkpt lat="45.96467000000001" lon="7.10842"><ele>1363.68</ele></trkpt><trkpt lat="45.96474037572119" lon="7.108416842379023"><ele>1362.9474001238755</ele></trkpt><trkpt lat="45.96481" lon="7.1084"><ele>1362.01</ele></trkpt><trkpt lat="45.96487487971377" lon="7.108369159022078"><ele>1360.434350764705</ele></trkpt><trkpt lat="45.964940000000006" lon="7.108339999999998"><ele>1358.89</ele></trkpt><trkpt lat="45.96500364639507" lon="7.108327215444006"><ele>1357.8687129967927</ele></trkpt><trkpt lat="45.96506770342761" lon="7.108318232818543"><ele>1356.9194891155537</ele></trkpt><trkpt lat="45.965131937262065" lon="7.108310642471075"><ele>1356.041908735918</ele></trkpt><trkpt lat="45.96519611406401" lon="7.108302034749072"><ele>1355.235552237522</ele></trkpt><trkpt lat="45.96526" lon="7.108290000000001"><ele>1354.5</ele></trkpt><trkpt lat="45.96529000000002" lon="7.10826"><ele>1355.04</ele></trkpt><trkpt lat="45.96530999999997" lon="7.1081199999999995"><ele>1358.09</ele></trkpt><trkpt lat="45.965419999999995" lon="7.108050000000001"><ele>1362.86</ele></trkpt><trkpt lat="45.96548989539366" lon="7.108056411647182"><ele>1363.8618075259926</ele></trkpt><trkpt lat="45.96555980904704" lon="7.1080760854674745"><ele>1364.3295640923166</ele></trkpt><trkpt lat="45.96562999999999" lon="7.108090000000001"><ele>1364.97</ele></trkpt><trkpt lat="45.96572000000001" lon="7.10807"><ele>1366.96</ele></trkpt><trkpt lat="45.96578823361217" lon="7.108092634042997"><ele>1367.6095500695926</ele></trkpt><trkpt lat="45.965855432893555" lon="7.108122268290969"><ele>1368.0536847267879</ele></trkpt><trkpt lat="45.96592241572915" lon="7.1081532683934565"><ele>1368.543477020589</ele></trkpt><trkpt lat="45.96599000000001" lon="7.10818"><ele>1369.33</ele></trkpt><trkpt lat="45.96608000000001" lon="7.108189999999999"><ele>1372.34</ele></trkpt><trkpt lat="45.96613868418793" lon="7.108231699318205"><ele>1372.4424809110421</ele></trkpt><trkpt lat="45.96619593393378" lon="7.108277971286598"><ele>1372.2184904835976</ele></trkpt><trkpt lat="45.966250216711366" lon="7.1083302576116925"><ele>1371.6402548143542</ele></trkpt><trkpt lat="45.96629999999999" lon="7.10839"><ele>1370.68</ele></trkpt><trkpt lat="45.966329999999985" lon="7.108529999999999"><ele>1366.17</ele></trkpt><trkpt lat="45.96638" lon="7.1086800000000006"><ele>1362.13</ele></trkpt><trkpt lat="45.96645999999999" lon="7.10875"><ele>1365.62</ele></trkpt><trkpt lat="45.96653528043857" lon="7.108798023225597"><ele>1367.2108071583411</ele></trkpt><trkpt lat="45.96661177977865" lon="7.1088427468609945"><ele>1368.4973006289383</ele></trkpt><trkpt lat="45.96669000000001" lon="7.10888"><ele>1369.82</ele></trkpt><trkpt lat="45.96675961054599" lon="7.108892086471373"><ele>1371.1904098990778</ele></trkpt><trkpt lat="45.96683000000002" lon="7.1089"><ele>1372.41</ele></trkpt><trkpt lat="45.966907093896154" lon="7.108921677197259"><ele>1373.5886836472941</ele></trkpt><trkpt lat="45.96698000000001" lon="7.108959999999999"><ele>1373.76</ele></trkpt><trkpt lat="45.96702999999998" lon="7.109060000000002"><ele>1369.53</ele></trkpt><trkpt lat="45.967101881340916" lon="7.109084324579762"><ele>1369.9304011608558</ele></trkpt><trkpt lat="45.96717635655541" lon="7.10909404085881"><ele>1371.1992314595188</ele></trkpt><trkpt lat="45.96725000000001" lon="7.109109999999999"><ele>1372.35</ele></trkpt><trkpt lat="45.96732017585687" lon="7.109149518052589"><ele>1372.6924541943552</ele></trkpt><trkpt lat="45.96739" lon="7.109189999999999"><ele>1373.34</ele></trkpt><trkpt lat="45.96747999999997" lon="7.1091999999999995"><ele>1376.75</ele></trkpt><trkpt lat="45.967553356357804" lon="7.109241186881714"><ele>1377.752535025666</ele></trkpt><trkpt lat="45.967625630514014" lon="7.109288084834895"><ele>1378.3939569579902</ele></trkpt><trkpt lat="45.96770000000001" lon="7.10932"><ele>1379.84</ele></trkpt><trkpt lat="45.96776515243114" lon="7.109328638844157"><ele>1382.1762733776154</ele></trkpt><trkpt lat="45.96783006534583" lon="7.109327229579141"><ele>1385.0713347579244</ele></trkpt><trkpt lat="45.96789494558782" lon="7.109319705524555"><ele>1388.0882287592713</ele></trkpt><trkpt lat="45.96795999999999" lon="7.10931"><ele>1390.79</ele></trkpt><trkpt lat="45.968032246663284" lon="7.109293813692729"><ele>1393.4819081825503</ele></trkpt><trkpt lat="45.968104150395455" lon="7.109271573947398"><ele>1396.068672502381</ele></trkpt><trkpt lat="45.96817647893091" lon="7.1092510472283665"><ele>1398.3361005710212</ele></trkpt><trkpt lat="45.96824999999999" lon="7.10924"><ele>1400.07</ele></trkpt><trkpt lat="45.96832735212666" lon="7.10924284167188"><ele>1401.1062267668954</ele></trkpt><trkpt lat="45.96840480822967" lon="7.109254775996386"><ele>1401.547656323185</ele></trkpt><trkpt lat="45.96848236021786" lon="7.1092693223226995"><ele>1401.7452577178822</ele></trkpt><trkpt lat="45.96856" lon="7.109280000000001"><ele>1402.05</ele></trkpt><trkpt lat="45.968629943603666" lon="7.109285419317017"><ele>1402.4641516943557</ele></trkpt><trkpt lat="45.96869995370674" lon="7.109289361462161"><ele>1402.862569583488</ele></trkpt><trkpt lat="45.9687699869564" lon="7.109291122876225"><ele>1403.2622026808763</ele></trkpt><trkpt lat="45.96884000000001" lon="7.10929"><ele>1403.68</ele></trkpt><trkpt lat="45.96891350739381" lon="7.109283782314297"><ele>1404.3033482959281</ele></trkpt><trkpt lat="45.96898680932064" lon="7.10927286173723"><ele>1404.9477377524868</ele></trkpt><trkpt lat="45.96906000000001" lon="7.109260000000001"><ele>1405.14</ele></trkpt><trkpt lat="45.96918" lon="7.10923"><ele>1402.79</ele></trkpt><trkpt lat="45.96927" lon="7.109149999999998"><ele>1406.79</ele></trkpt><trkpt lat="45.969320000000025" lon="7.10916"><ele>1406.3</ele></trkpt><trkpt lat="45.96936999999999" lon="7.109250000000001"><ele>1400.63</ele></trkpt><trkpt lat="45.96943" lon="7.109269999999999"><ele>1400.82</ele></trkpt><trkpt lat="45.969519999999974" lon="7.109280000000001"><ele>1398.93</ele></trkpt><trkpt lat="45.96959436168445" lon="7.10935189226272"><ele>1395.4892326809654</ele></trkpt><trkpt lat="45.96967000000001" lon="7.10942"><ele>1392.23</ele></trkpt><trkpt lat="45.96972983561488" lon="7.109449247985376"><ele>1390.407981083359</ele></trkpt><trkpt lat="45.96979034666995" lon="7.109475727652899"><ele>1388.594236608537</ele></trkpt><trkpt lat="45.96985144649208" lon="7.109499821824773"><ele>1386.8350628366284</ele></trkpt><trkpt lat="45.9699130484084" lon="7.109521913323212"><ele>1385.1767560287265</ele></trkpt><trkpt lat="45.96997506574649" lon="7.109542384970423"><ele>1383.6656124459253</ele></trkpt><trkpt lat="45.970037411834234" lon="7.109561619588616"><ele>1382.3479283493184</ele></trkpt><trkpt lat="45.9701" lon="7.10958"><ele>1381.27</ele></trkpt><trkpt lat="45.97018999999998" lon="7.10957"><ele>1384.41</ele></trkpt><trkpt lat="45.970249999999986" lon="7.10965"><ele>1377.55</ele></trkpt><trkpt lat="45.97028999999997" lon="7.10966"><ele>1374.15</ele></trkpt><trkpt lat="45.970356744688175" lon="7.109641387760479"><ele>1376.3140263623789</ele></trkpt><trkpt lat="45.97042" lon="7.109610000000001"><ele>1379.29</ele></trkpt><trkpt lat="45.970480927022614" lon="7.10955250579027"><ele>1381.474954383349</ele></trkpt><trkpt lat="45.970539999999986" lon="7.109490000000001"><ele>1383.64</ele></trkpt><trkpt lat="45.97059000000001" lon="7.10946"><ele>1386.02</ele></trkpt><trkpt lat="45.97065000000001" lon="7.10941"><ele>1388.81</ele></trkpt><trkpt lat="45.97069999999999" lon="7.10942"><ele>1389.73</ele></trkpt><trkpt lat="45.97074000000001" lon="7.10946"><ele>1388.24</ele></trkpt><trkpt lat="45.97075999999999" lon="7.10957"><ele>1384.88</ele></trkpt><trkpt lat="45.970809999999986" lon="7.10964"><ele>1384.1</ele></trkpt><trkpt lat="45.97081316202964" lon="7.1097500320819105"><ele>1379.370417849041</ele></trkpt><trkpt lat="45.970809999999986" lon="7.109860000000001"><ele>1374.17</ele></trkpt><trkpt lat="45.970830000000014" lon="7.10999"><ele>1368.15</ele></trkpt><trkpt lat="45.97088350927601" lon="7.110041299299858"><ele>1368.4643013272657</ele></trkpt><trkpt lat="45.970944297315" lon="7.110080735013416"><ele>1369.794273942079</ele></trkpt><trkpt lat="45.971005330701374" lon="7.110118521077044"><ele>1371.2750958932597</ele></trkpt><trkpt lat="45.9710595760496" lon="7.1101648714271155"><ele>1372.041945229627</ele></trkpt><trkpt lat="45.971100000000014" lon="7.11023"><ele>1371.23</ele></trkpt><trkpt lat="45.97107903169632" lon="7.11025966202653"><ele>1368.920364852783</ele></trkpt><trkpt lat="45.970994241556156" lon="7.110226435955759"><ele>1366.1579882873352</ele></trkpt><trkpt lat="45.97091" lon="7.110190000000001"><ele>1363.3</ele></trkpt><trkpt lat="45.97083339900064" lon="7.11014001954872"><ele>1360.9126420153466</ele></trkpt><trkpt lat="45.97078999999999" lon="7.11014"><ele>1357.41</ele></trkpt><trkpt lat="45.9708270598084" lon="7.1102156155704845"><ele>1355.0468119540449</ele></trkpt><trkpt lat="45.97088967177154" lon="7.110283396203647"><ele>1355.1415349108163</ele></trkpt><trkpt lat="45.970920000000014" lon="7.110359999999999"><ele>1352.99</ele></trkpt><trkpt lat="45.97086589899943" lon="7.110357588312115"><ele>1350.1508377431023</ele></trkpt><trkpt lat="45.97078" lon="7.110309999999999"><ele>1347.9</ele></trkpt><trkpt lat="45.97075999999999" lon="7.11037"><ele>1343.46</ele></trkpt><trkpt lat="45.97081917474929" lon="7.110445186578489"><ele>1341.9030664467427</ele></trkpt><trkpt lat="45.97089" lon="7.11049"><ele>1342.97</ele></trkpt><trkpt lat="45.970980396594534" lon="7.110479540454859"><ele>1349.1226373750228</ele></trkpt><trkpt lat="45.97107" lon="7.11046"><ele>1356.12</ele></trkpt><trkpt lat="45.97109" lon="7.1105100000000006"><ele>1354.91</ele></trkpt><trkpt lat="45.97109" lon="7.110589999999999"><ele>1349.29</ele></trkpt><trkpt lat="45.97111148708239" lon="7.110685798791676"><ele>1344.542569933483</ele></trkpt><trkpt lat="45.97115000000001" lon="7.110769999999999"><ele>1341.48</ele></trkpt><trkpt lat="45.97120852967536" lon="7.110832190379999"><ele>1340.6894659466823</ele></trkpt><trkpt lat="45.971271956990435" lon="7.110885677451525"><ele>1340.6974409003137</ele></trkpt><trkpt lat="45.97133711946063" lon="7.110936069333053"><ele>1340.9596828806039</ele></trkpt><trkpt lat="45.97140085461576" lon="7.110988974143053"><ele>1340.9319499072626</ele></trkpt><trkpt lat="45.971460000000015" lon="7.11105"><ele>1340.07</ele></trkpt><trkpt lat="45.971507593006805" lon="7.111147213794491"><ele>1335.9743335500839</ele></trkpt><trkpt lat="45.971550000000015" lon="7.111250000000001"><ele>1331.01</ele></trkpt><trkpt lat="45.97160589429654" lon="7.11132606674523"><ele>1328.6267101847134</ele></trkpt><trkpt lat="45.97167000000003" lon="7.11139"><ele>1327.08</ele></trkpt><trkpt lat="45.97176" lon="7.111430000000001"><ele>1326.48</ele></trkpt><trkpt lat="45.971850000000025" lon="7.11144"><ele>1327.94</ele></trkpt><trkpt lat="45.9719" lon="7.111489999999999"><ele>1326.12</ele></trkpt><trkpt lat="45.97199" lon="7.11154"><ele>1324.53</ele></trkpt><trkpt lat="45.97205999999999" lon="7.111509999999999"><ele>1325.27</ele></trkpt><trkpt lat="45.9721404138204" lon="7.111533225320189"><ele>1324.1612432446934</ele></trkpt><trkpt lat="45.97221963559122" lon="7.111565434014691"><ele>1322.7680365888646</ele></trkpt><trkpt lat="45.972300000000004" lon="7.111589999999999"><ele>1321.94</ele></trkpt><trkpt lat="45.97236336448635" lon="7.111591471101519"><ele>1322.3600646015643</ele></trkpt><trkpt lat="45.97242699990791" lon="7.111585137309039"><ele>1323.3480969579855</ele></trkpt><trkpt lat="45.972489999999986" lon="7.111589999999999"><ele>1323.89</ele></trkpt><trkpt lat="45.97255999999999" lon="7.1116600000000005"><ele>1321.86</ele></trkpt><trkpt lat="45.97265088404366" lon="7.111656064463725"><ele>1323.9497422944523</ele></trkpt><trkpt lat="45.97273999999999" lon="7.1116600000000005"><ele>1324.96</ele></trkpt><trkpt lat="45.972770000000004" lon="7.111759999999999"><ele>1317.48</ele></trkpt><trkpt lat="45.972847192197335" lon="7.111816151730731"><ele>1317.0264214333522</ele></trkpt><trkpt lat="45.97293" lon="7.11186"><ele>1318.04</ele></trkpt><trkpt lat="45.97302" lon="7.111909999999999"><ele>1318.76</ele></trkpt><trkpt lat="45.97308457007712" lon="7.111931438030178"><ele>1319.0282654538078</ele></trkpt><trkpt lat="45.97314926277239" lon="7.111952370171627"><ele>1319.3418251586631</ele></trkpt><trkpt lat="45.97321411509921" lon="7.111972244431838"><ele>1319.6332287901382</ele></trkpt><trkpt lat="45.973279164070775" lon="7.111990508818309"><ele>1319.835026023805</ele></trkpt><trkpt lat="45.97334444670008" lon="7.112006611338533"><ele>1319.879766535235</ele></trkpt><trkpt lat="45.973410000000015" lon="7.11202"><ele>1319.7</ele></trkpt><trkpt lat="45.97348328011305" lon="7.1120278985286856"><ele>1318.761792090747</ele></trkpt><trkpt lat="45.97355667088507" lon="7.112027000969649"><ele>1317.199302550506</ele></trkpt><trkpt lat="45.97363000000002" lon="7.11202"><ele>1315.84</ele></trkpt><trkpt lat="45.97372999999998" lon="7.11198"><ele>1315.41</ele></trkpt><trkpt lat="45.97383999999998" lon="7.11202"><ele>1310.26</ele></trkpt><trkpt lat="45.973900000000015" lon="7.11201"><ele>1311.44</ele></trkpt><trkpt lat="45.973970000000016" lon="7.11195"><ele>1312.99</ele></trkpt><trkpt lat="45.97404695230434" lon="7.111930356941046"><ele>1313.784331738908</ele></trkpt><trkpt lat="45.974124560101465" lon="7.111914411284084"><ele>1314.582814076278</ele></trkpt><trkpt lat="45.974202387847235" lon="7.111906259985079"><ele>1315.0373893755093</ele></trkpt><trkpt lat="45.97427999999999" lon="7.111909999999999"><ele>1314.8</ele></trkpt><trkpt lat="45.97434181597548" lon="7.111936918863057"><ele>1312.8307271556253</ele></trkpt><trkpt lat="45.974399606088646" lon="7.111981992753583"><ele>1309.8728178903598</ele></trkpt><trkpt lat="45.97445999999999" lon="7.11202"><ele>1308.56</ele></trkpt><trkpt lat="45.97452445073973" lon="7.112043968999947"><ele>1309.2344500424874</ele></trkpt><trkpt lat="45.974589408488555" lon="7.112064438981334"><ele>1310.3824941082946</ele></trkpt><trkpt lat="45.9746546552809" lon="7.11208272236879"><ele>1311.8580674923987</ele></trkpt><trkpt lat="45.97471997315205" lon="7.1121001315869385"><ele>1313.5151054897774</ele></trkpt><trkpt lat="45.974785144138465" lon="7.112117979060408"><ele>1315.2075433954078</ele></trkpt><trkpt lat="45.97484995027753" lon="7.112137577213822"><ele>1316.7893165042678</ele></trkpt><trkpt lat="45.97491417360768" lon="7.112160238471807"><ele>1318.114360111335</ele></trkpt><trkpt lat="45.97497759616836" lon="7.112187275258992"><ele>1319.0366095115864</ele></trkpt><trkpt lat="45.97503999999999" lon="7.11222"><ele>1319.41</ele></trkpt><trkpt lat="45.97509945825495" lon="7.112264502417191"><ele>1318.789556294848</ele></trkpt><trkpt lat="45.9751538059586" lon="7.112320937977132"><ele>1317.1317733117612</ele></trkpt><trkpt lat="45.975205538555294" lon="7.112383506097606"><ele>1314.8952886207364</ele></trkpt><trkpt lat="45.975257151479475" lon="7.112446406196388"><ele>1312.5387397917702</ele></trkpt><trkpt lat="45.97531114015602" lon="7.11250383769126"><ele>1310.5207643948593</ele></trkpt><trkpt lat="45.975370000000005" lon="7.11255"><ele>1309.3</ele></trkpt><trkpt lat="45.97543337749342" lon="7.112578229392962"><ele>1309.169818904262</ele></trkpt><trkpt lat="45.97549961943873" lon="7.112592096746207"><ele>1309.8235471673074</ele></trkpt><trkpt lat="45.97556717263363" lon="7.11259984940297"><ele>1310.8423659782218</ele></trkpt><trkpt lat="45.975634483883205" lon="7.112609734706489"><ele>1311.8074565260908</ele></trkpt><trkpt lat="45.97569999999998" lon="7.112630000000001"><ele>1312.3</ele></trkpt><trkpt lat="45.97575860788915" lon="7.112669998070419"><ele>1311.8305724697686</ele></trkpt><trkpt lat="45.97581327892052" lon="7.112722752783965"><ele>1310.8207797411549</ele></trkpt><trkpt lat="45.97586999999999" lon="7.11277"><ele>1310.21</ele></trkpt><trkpt lat="45.97598" lon="7.1128100000000005"><ele>1311.84</ele></trkpt><trkpt lat="45.97605004624638" lon="7.112799881021626"><ele>1313.9322340612878</ele></trkpt><trkpt lat="45.976120000000016" lon="7.112790000000001"><ele>1316.11</ele></trkpt><trkpt lat="45.976210000000016" lon="7.11283"><ele>1317.84</ele></trkpt><trkpt lat="45.97626206318075" lon="7.11288665520588"><ele>1315.242161553573</ele></trkpt><trkpt lat="45.976309939621984" lon="7.112948917026689"><ele>1311.8144713636696</ele></trkpt><trkpt lat="45.97636" lon="7.113010000000002"><ele>1309.35</ele></trkpt><trkpt lat="45.97641408578107" lon="7.1130714091472225"><ele>1308.207636285743</ele></trkpt><trkpt lat="45.976467991037545" lon="7.113134271328599"><ele>1307.517430865923</ele></trkpt><trkpt lat="45.9765228534058" lon="7.113195428936365"><ele>1307.1294073032313</ele></trkpt><trkpt lat="45.97657981051759" lon="7.113251724362753"><ele>1306.8935891603599</ele></trkpt><trkpt lat="45.97663999999999" lon="7.113299999999999"><ele>1306.66</ele></trkpt><trkpt lat="45.97669914917429" lon="7.113335341521071"><ele>1306.4837132119555</ele></trkpt><trkpt lat="45.976760491593176" lon="7.11336262808385"><ele>1306.4465800375613</ele></trkpt><trkpt lat="45.97682325942321" lon="7.1133842438860935"><ele>1306.4985902571896</ele></trkpt><trkpt lat="45.97688668483438" lon="7.113402573125558"><ele>1306.5897336512119</ele></trkpt><trkpt lat="45.97694999999999" lon="7.11342"><ele>1306.67</ele></trkpt><trkpt lat="45.97703000000003" lon="7.11341"><ele>1307.02</ele></trkpt><trkpt lat="45.97710473045032" lon="7.113353983554905"><ele>1308.9767597217603</ele></trkpt><trkpt lat="45.97718000000001" lon="7.113299999999999"><ele>1310.85</ele></trkpt><trkpt lat="45.97724483958545" lon="7.1132893291617085"><ele>1311.1858712294106</ele></trkpt><trkpt lat="45.97730999999999" lon="7.1132800000000005"><ele>1311.46</ele></trkpt><trkpt lat="45.977387085300606" lon="7.11323819908195"><ele>1312.8863968866126</ele></trkpt><trkpt lat="45.97746239979275" lon="7.113189543389848"><ele>1314.5493591468503</ele></trkpt><trkpt lat="45.977540000000005" lon="7.113149999999999"><ele>1315.79</ele></trkpt><trkpt lat="45.97760104106159" lon="7.113128779269282"><ele>1316.3509483954267</ele></trkpt><trkpt lat="45.97766270709212" lon="7.113110506711431"><ele>1316.7817941183462</ele></trkpt><trkpt lat="45.97772485259157" lon="7.11309584451894"><ele>1317.0451656435523</ele></trkpt><trkpt lat="45.97778733206046" lon="7.1130854548843"><ele>1317.1036914458389</ele></trkpt><trkpt lat="45.97784999999999" lon="7.11308"><ele>1316.92</ele></trkpt><trkpt lat="45.97792418278401" lon="7.113081520316888"><ele>1316.307345303104</ele></trkpt><trkpt lat="45.97799812135052" lon="7.113090097433909"><ele>1315.3506193215926</ele></trkpt><trkpt lat="45.978071968525434" lon="7.1131019143924865"><ele>1314.2432206885296</ele></trkpt><trkpt lat="45.97814587713381" lon="7.113113154234041"><ele>1313.1785480369776</ele></trkpt><trkpt lat="45.97822" lon="7.11312"><ele>1312.35</ele></trkpt><trkpt lat="45.97829246265364" lon="7.1131214199713"><ele>1311.8631511124518</ele></trkpt><trkpt lat="45.97836499911004" lon="7.113119662286257"><ele>1311.5839086625397</ele></trkpt><trkpt lat="45.97843753601134" lon="7.113115573458089"><ele>1311.3952118813575</ele></trkpt><trkpt lat="45.97851" lon="7.113109999999998"><ele>1311.18</ele></trkpt><trkpt lat="45.97858" lon="7.113089999999999"><ele>1311.02</ele></trkpt><trkpt lat="45.97867" lon="7.11303"><ele>1314.65</ele></trkpt><trkpt lat="45.978719999999996" lon="7.113059999999999"><ele>1312.5</ele></trkpt><trkpt lat="45.97881999999998" lon="7.11305"><ele>1312.2</ele></trkpt><trkpt lat="45.978901004540276" lon="7.113024445033239"><ele>1313.7729215330958</ele></trkpt><trkpt lat="45.978981062268524" lon="7.112994854794895"><ele>1315.740402408339</ele></trkpt><trkpt lat="45.97906000000001" lon="7.11296"><ele>1317.74</ele></trkpt><trkpt lat="45.979129999999984" lon="7.112899999999999"><ele>1319.7</ele></trkpt><trkpt lat="45.97924000000001" lon="7.112850000000002"><ele>1321.06</ele></trkpt><trkpt lat="45.97935999999998" lon="7.11283"><ele>1321.68</ele></trkpt><trkpt lat="45.97946000000002" lon="7.112750000000001"><ele>1321.51</ele></trkpt><trkpt lat="45.979527287136484" lon="7.112719696407296"><ele>1321.2026130844602</ele></trkpt><trkpt lat="45.979595730511825" lon="7.112697819190565"><ele>1320.7413002096548</ele></trkpt><trkpt lat="45.979659999999996" lon="7.11271"><ele>1319.22</ele></trkpt><trkpt lat="45.979695925736344" lon="7.112789563174394"><ele>1315.6140423967859</ele></trkpt><trkpt lat="45.97969999999997" lon="7.112899999999999"><ele>1312.16</ele></trkpt><trkpt lat="45.979699690592255" lon="7.1129895827795675"><ele>1310.2194835752537</ele></trkpt><trkpt lat="45.979697194671864" lon="7.113079194796326"><ele>1308.3126466906422</ele></trkpt><trkpt lat="45.97969311398184" lon="7.113168881034599"><ele>1306.4729019224899</ele></trkpt><trkpt lat="45.97968805026526" lon="7.113258686478709"><ele>1304.7336618471227</ele></trkpt><trkpt lat="45.97968260526526" lon="7.113348656112982"><ele>1303.1283390408648</ele></trkpt><trkpt lat="45.97967738072528" lon="7.1134388349217375"><ele>1301.6903460800418</ele></trkpt><trkpt lat="45.97967297838894" lon="7.113529267889304"><ele>1300.4530955409787</ele></trkpt><trkpt lat="45.979670000000006" lon="7.11362"><ele>1299.45</ele></trkpt><trkpt lat="45.979668371721324" lon="7.113714289378004"><ele>1298.628733785703</ele></trkpt><trkpt lat="45.97966760903604" lon="7.113808708332293"><ele>1297.963358316062</ele></trkpt><trkpt lat="45.97966747135889" lon="7.113903230742544"><ele>1297.4310247268425</ele></trkpt><trkpt lat="45.979667718104615" lon="7.113997830488427"><ele>1297.0088841538081</ele></trkpt><trkpt lat="45.979668108687925" lon="7.114092481449618"><ele>1296.6740877327243</ele></trkpt><trkpt lat="45.97966840252347" lon="7.114187157505792"><ele>1296.4037865993555</ele></trkpt><trkpt lat="45.97966835902605" lon="7.114281832536624"><ele>1296.1751318894665</ele></trkpt><trkpt lat="45.97966773761035" lon="7.114376480421785"><ele>1295.9652747388216</ele></trkpt><trkpt lat="45.979666297691004" lon="7.114471075040951"><ele>1295.7513662831857</ele></trkpt><trkpt lat="45.97966379868273" lon="7.114565590273799"><ele>1295.5105576583237</ele></trkpt><trkpt lat="45.979659999999996" lon="7.114659999999999"><ele>1295.22</ele></trkpt><trkpt lat="45.97964200950828" lon="7.114767656231253"><ele>1295.1669619826853</ele></trkpt><trkpt lat="45.97961" lon="7.114869999999999"><ele>1295.17</ele></trkpt><trkpt lat="45.97955999999998" lon="7.114960000000001"><ele>1294.42</ele></trkpt><trkpt lat="45.97954106771099" lon="7.115065678574297"><ele>1293.852313169319</ele></trkpt><trkpt lat="45.97952779431791" lon="7.115173711239761"><ele>1293.3291633364856</ele></trkpt><trkpt lat="45.97951000000001" lon="7.11528"><ele>1292.93</ele></trkpt><trkpt lat="45.97948351946573" lon="7.11537810901305"><ele>1292.649611495386</ele></trkpt><trkpt lat="45.979452769525956" lon="7.1154740541209325"><ele>1292.4285976272247</ele></trkpt><trkpt lat="45.97942313482043" lon="7.115570472168348"><ele>1292.3007849454511</ele></trkpt><trkpt lat="45.979399999999984" lon="7.11567"><ele>1292.3</ele></trkpt><trkpt lat="45.9793978333212" lon="7.115784386729173"><ele>1292.8206224508535</ele></trkpt><trkpt lat="45.979399999999984" lon="7.115899999999999"><ele>1293.38</ele></trkpt><trkpt lat="45.97938374147151" lon="7.11599142743224"><ele>1293.2351351684144</ele></trkpt><trkpt lat="45.97935999999998" lon="7.11608"><ele>1292.87</ele></trkpt><trkpt lat="45.979335317616176" lon="7.11616881418085"><ele>1292.592035722431</ele></trkpt><trkpt lat="45.9793100219824" lon="7.116257296203307"><ele>1292.345962784932</ele></trkpt><trkpt lat="45.97928406754056" lon="7.11634537113534"><ele>1292.0708719862175</ele></trkpt><trkpt lat="45.9792574087325" lon="7.1164329640449155"><ele>1291.7058541250021</ele></trkpt><trkpt lat="45.97923" lon="7.11652"><ele>1291.19</ele></trkpt><trkpt lat="45.9792000871971" lon="7.116605327014019"><ele>1290.4883317750935</ele></trkpt><trkpt lat="45.97916804557214" lon="7.116689095332999"><ele>1289.6124384183659</ele></trkpt><trkpt lat="45.97913698115937" lon="7.116773315985479"><ele>1288.5703258524552</ele></trkpt><trkpt lat="45.979109999999984" lon="7.116859999999999"><ele>1287.37</ele></trkpt><trkpt lat="45.97909106948396" lon="7.116955763637153"><ele>1285.7406364021801</ele></trkpt><trkpt lat="45.97907781562117" lon="7.117053758286515"><ele>1283.8390473515299</ele></trkpt><trkpt lat="45.97906000000001" lon="7.11715"><ele>1282.11</ele></trkpt><trkpt lat="45.979031633442226" lon="7.117240764862598"><ele>1280.706127049209</ele></trkpt><trkpt lat="45.97899887390768" lon="7.117329101598001"><ele>1279.4855265166746</ele></trkpt><trkpt lat="45.97896999999999" lon="7.11742"><ele>1278.47</ele></trkpt><trkpt lat="45.9789465981061" lon="7.1175158618272025"><ele>1277.6294054782516</ele></trkpt><trkpt lat="45.97892544459273" lon="7.11761295058087"><ele>1276.9195550701902</ele></trkpt><trkpt lat="45.97890656878301" lon="7.117711064044104"><ele>1276.3024271270338</ele></trkpt><trkpt lat="45.97889" lon="7.11781"><ele>1275.74</ele></trkpt><trkpt lat="45.97887957508923" lon="7.117904548937537"><ele>1275.4260385109815</ele></trkpt><trkpt lat="45.97888000000001" lon="7.118"><ele>1275.27</ele></trkpt><trkpt lat="45.97888832467384" lon="7.118099052643196"><ele>1275.059724071289</ele></trkpt><trkpt lat="45.978898025447066" lon="7.1181978818228275"><ele>1274.8461260230013</ele></trkpt><trkpt lat="45.97890907284312" lon="7.118296439343616"><ele>1274.6372802234328</ele></trkpt><trkpt lat="45.97892143738512" lon="7.118394677010266"><ele>1274.441261040879</ele></trkpt><trkpt lat="45.97893508959638" lon="7.118492546627491"><ele>1274.2661428436359</ele></trkpt><trkpt lat="45.97894999999998" lon="7.118589999999999"><ele>1274.12</ele></trkpt><trkpt lat="45.978965911081026" lon="7.11868511349479"><ele>1274.0149319876846</ele></trkpt><trkpt lat="45.978982984096604" lon="7.118779809609229"><ele>1273.9443198794238</ele></trkpt><trkpt lat="45.97900092107744" lon="7.11887419553664"><ele>1273.8956065271807</ele></trkpt><trkpt lat="45.979019424054584" lon="7.118968378470354"><ele>1273.856234782918</ele></trkpt><trkpt lat="45.97903819505955" lon="7.119062465603704"><ele>1273.813647498598</ele></trkpt><trkpt lat="45.97905693612411" lon="7.119156564130012"><ele>1273.7552875261833</ele></trkpt><trkpt lat="45.97907534928055" lon="7.119250781242611"><ele>1273.668597717637</ele></trkpt><trkpt lat="45.97909313656151" lon="7.119345224134831"><ele>1273.5410209249217</ele></trkpt><trkpt lat="45.979109999999984" lon="7.11944"><ele>1273.36</ele></trkpt><trkpt lat="45.97912510813076" lon="7.119537699646104"><ele>1273.0885685126327</ele></trkpt><trkpt lat="45.97913810620016" lon="7.119636071110489"><ele>1272.7167422581895</ele></trkpt><trkpt lat="45.97915055020493" lon="7.119734592751823"><ele>1272.2576317474302</ele></trkpt><trkpt lat="45.97916399614027" lon="7.1198327429287716"><ele>1271.7243474911138</ele></trkpt><trkpt lat="45.97917999999998" lon="7.11993"><ele>1271.13</ele></trkpt><trkpt lat="45.979197388513754" lon="7.120023682477617"><ele>1270.3175088121754</ele></trkpt><trkpt lat="45.979218908545676" lon="7.12011534874319"><ele>1269.3143380970002</ele></trkpt><trkpt lat="45.97925" lon="7.120199999999998"><ele>1268.48</ele></trkpt><trkpt lat="45.97929027868283" lon="7.1202809908810885"><ele>1267.860517856307</ele></trkpt><trkpt lat="45.97933266740682" lon="7.120359759165651"><ele>1267.2957013609682</ele></trkpt><trkpt lat="45.979376589150014" lon="7.120436913133982"><ele>1266.7684954657989</ele></trkpt><trkpt lat="45.979421466892006" lon="7.1205130610663865"><ele>1266.2618451226144</ele></trkpt><trkpt lat="45.97946672361427" lon="7.120588811243164"><ele>1265.7586952832298</ele></trkpt><trkpt lat="45.97951178230009" lon="7.120664771944614"><ele>1265.2419908994611</ele></trkpt><trkpt lat="45.979556065934695" lon="7.120741551451035"><ele>1264.6946769231229</ele></trkpt><trkpt lat="45.97959899750511" lon="7.120819758042732"><ele>1264.0996983060306</ele></trkpt><trkpt lat="45.97964000000002" lon="7.120900000000001"><ele>1263.44</ele></trkpt><trkpt lat="45.97967137308261" lon="7.121008744422831"><ele>1262.049948383546</ele></trkpt><trkpt lat="45.97969999999997" lon="7.12112"><ele>1260.6</ele></trkpt><trkpt lat="45.979732967687575" lon="7.121198632436437"><ele>1259.8941792651665</ele></trkpt><trkpt lat="45.97976676160655" lon="7.121276567187013"><ele>1259.240442798388</ele></trkpt><trkpt lat="45.97980121153011" lon="7.1213539461664"><ele>1258.6252717714224</ele></trkpt><trkpt lat="45.97983614723182" lon="7.121430911289281"><ele>1258.0351473560286</ele></trkpt><trkpt lat="45.979871398485656" lon="7.121507604470327"><ele>1257.456550723965</ele></trkpt><trkpt lat="45.97990679506603" lon="7.121584167624217"><ele>1256.8759630469904</ele></trkpt><trkpt lat="45.97994216674774" lon="7.121660742665626"><ele>1256.279865496863</ele></trkpt><trkpt lat="45.979977343306096" lon="7.121737471509232"><ele>1255.654739245342</ele></trkpt><trkpt lat="45.98001215451675" lon="7.121814496069713"><ele>1254.9870654641852</ele></trkpt><trkpt lat="45.980046430155866" lon="7.121891958261744"><ele>1254.2633253251518</ele></trkpt><trkpt lat="45.98007999999997" lon="7.121969999999999"><ele>1253.47</ele></trkpt><trkpt lat="45.98012013585315" lon="7.122056887224884"><ele>1252.5166217764352</ele></trkpt><trkpt lat="45.98016262914213" lon="7.122143294324559"><ele>1251.4619907945469</ele></trkpt><trkpt lat="45.98020205449763" lon="7.12223125781179"><ele>1250.2160489244416</ele></trkpt><trkpt lat="45.980232986565255" lon="7.122322814199349"><ele>1248.6887380362239</ele></trkpt><trkpt lat="45.98025000000001" lon="7.12242"><ele>1246.79</ele></trkpt><trkpt lat="45.98020492876388" lon="7.12247931608019"><ele>1244.5051485099816</ele></trkpt><trkpt lat="45.98012429999999" lon="7.1225109"><ele>1242.11</ele></trkpt><trkpt lat="45.98012429999999" lon="7.1225109"><ele>1242.11</ele></trkpt><trkpt lat="45.9801860399431" lon="7.122445110020092"><ele>1244.9063620437041</ele></trkpt><trkpt lat="45.98025000000001" lon="7.12242"><ele>1246.79</ele></trkpt><trkpt lat="45.98028767001962" lon="7.122501917145329"><ele>1245.702611029096</ele></trkpt><trkpt lat="45.980309999999996" lon="7.12261"><ele>1243.53</ele></trkpt><trkpt lat="45.98034766553912" lon="7.122696272088359"><ele>1241.95416167772</ele></trkpt><trkpt lat="45.98038659944463" lon="7.122781453799377"><ele>1240.4091444392855</ele></trkpt><trkpt lat="45.980426700580466" lon="7.122865499466219"><ele>1238.849046361991</ele></trkpt><trkpt lat="45.98046786781079" lon="7.122948363422038"><ele>1237.2279655231312</ele></trkpt><trkpt lat="45.980510000000024" lon="7.123029999999999"><ele>1235.5</ele></trkpt><trkpt lat="45.980550742608834" lon="7.123103690675354"><ele>1233.7761260421366</ele></trkpt><trkpt lat="45.98059319608865" lon="7.123175236048187"><ele>1231.9589658407667</ele></trkpt><trkpt lat="45.98063627826237" lon="7.123245936083344"><ele>1230.0767426183286</ele></trkpt><trkpt lat="45.980678906956285" lon="7.123317090745667"><ele>1228.1576795972603</ele></trkpt><trkpt lat="45.980719999999984" lon="7.12339"><ele>1226.23</ele></trkpt><trkpt lat="45.980753751660934" lon="7.12347173051752"><ele>1224.2064733321145</ele></trkpt><trkpt lat="45.980790000000006" lon="7.12355"><ele>1222.03</ele></trkpt><trkpt lat="45.98084538487124" lon="7.123604587213042"><ele>1219.7080590579287</ele></trkpt><trkpt lat="45.98090000000001" lon="7.12366"><ele>1217.31</ele></trkpt><trkpt lat="45.98093176690126" lon="7.12373764829259"><ele>1214.854225087071</ele></trkpt><trkpt lat="45.98096000000002" lon="7.12382"><ele>1212.74</ele></trkpt><trkpt lat="45.980995850473256" lon="7.123900861806589"><ele>1211.119000346606</ele></trkpt><trkpt lat="45.98103096138514" lon="7.123983033826908"><ele>1209.616226863847</ele></trkpt><trkpt lat="45.98106663226733" lon="7.124064774858683"><ele>1208.1873098197652</ele></trkpt><trkpt lat="45.98110416264815" lon="7.12414434369964"><ele>1206.7878794824019</ele></trkpt><trkpt lat="45.98114485205224" lon="7.1242199991475035"><ele>1205.3735661197995</ele></trkpt><trkpt lat="45.98119000000001" lon="7.124289999999999"><ele>1203.9</ele></trkpt><trkpt lat="45.981240000000035" lon="7.12421"><ele>1203.85</ele></trkpt><trkpt lat="45.98127213856888" lon="7.124131997931005"><ele>1203.796246075986</ele></trkpt><trkpt lat="45.981301965498254" lon="7.124051820364688"><ele>1203.7185526596618</ele></trkpt><trkpt lat="45.98133172314571" lon="7.123971643832867"><ele>1203.654736205345</ele></trkpt><trkpt lat="45.98136365386384" lon="7.123893644867366"><ele>1203.6426131673522</ele></trkpt><trkpt lat="45.9814" lon="7.12382"><ele>1203.72</ele></trkpt><trkpt lat="45.98144240465491" lon="7.1237527449360725"><ele>1204.0000671343655</ele></trkpt><trkpt lat="45.98148942762258" lon="7.123691725763425"><ele>1204.442302642938</ele></trkpt><trkpt lat="45.98153923677746" lon="7.123634843709064"><ele>1204.8558868300418</ele></trkpt><trkpt lat="45.98158999999999" lon="7.12358"><ele>1205.05</ele></trkpt><trkpt lat="45.98165385857154" lon="7.1235132835384976"><ele>1204.9032914893617</ele></trkpt><trkpt lat="45.98172017178799" lon="7.123451786858001"><ele>1204.4793563954847</ele></trkpt><trkpt lat="45.98179" lon="7.1234"><ele>1203.88</ele></trkpt><trkpt lat="45.98187959519696" lon="7.1233686144942885"><ele>1202.7155859469722</ele></trkpt><trkpt lat="45.98196999999999" lon="7.123339999999998"><ele>1201.6</ele></trkpt><trkpt lat="45.98203923453928" lon="7.123298176295323"><ele>1201.13705727079</ele></trkpt><trkpt lat="45.98210707859685" lon="7.123251551668015"><ele>1200.8086277155257</ele></trkpt><trkpt lat="45.98217388335645" lon="7.123201651206699"><ele>1200.5708843024986</ele></trkpt><trkpt lat="45.98223999999999" lon="7.123149999999999"><ele>1200.38</ele></trkpt><trkpt lat="45.98229482997445" lon="7.123094548078192"><ele>1200.4176348485007</ele></trkpt><trkpt lat="45.98235" lon="7.123039999999999"><ele>1200.55</ele></trkpt><trkpt lat="45.98241489222657" lon="7.123004680125617"><ele>1200.4575964817511</ele></trkpt><trkpt lat="45.98248" lon="7.12297"><ele>1200.49</ele></trkpt><trkpt lat="45.982558289834714" lon="7.122893566457079"><ele>1201.2609463337735</ele></trkpt><trkpt lat="45.982639999999996" lon="7.12283"><ele>1201.85</ele></trkpt><trkpt lat="45.98270208904437" lon="7.1228067894179"><ele>1201.850140162083</ele></trkpt><trkpt lat="45.98276438805541" lon="7.1227847994902564"><ele>1201.8358315238063</ele></trkpt><trkpt lat="45.98282687061763" lon="7.122763877760051"><ele>1201.8083930550167</ele></trkpt><trkpt lat="45.98288951031569" lon="7.12274387177026"><ele>1201.769143725562</ele></trkpt><trkpt lat="45.98295228073429" lon="7.1227246290638675"><ele>1201.7194025052886</ele></trkpt><trkpt lat="45.98301515545834" lon="7.122705997183852"><ele>1201.6604883640443</ele></trkpt><trkpt lat="45.98307810807283" lon="7.122687823673194"><ele>1201.5937202716766</ele></trkpt><trkpt lat="45.98314111216286" lon="7.1226699560748745"><ele>1201.520417198032</ele></trkpt><trkpt lat="45.983204141313635" lon="7.122652241931872"><ele>1201.4418981129581</ele></trkpt><trkpt lat="45.983267169110555" lon="7.122634528787169"><ele>1201.3594819863024</ele></trkpt><trkpt lat="45.98333016913905" lon="7.122616664183747"><ele>1201.2744877879118</ele></trkpt><trkpt lat="45.983393114984736" lon="7.122598495664579"><ele>1201.1882344876333</ele></trkpt><trkpt lat="45.98345598023327" lon="7.122579870772651"><ele>1201.1020410553147</ele></trkpt><trkpt lat="45.98351873847056" lon="7.122560637050945"><ele>1201.017226460803</ele></trkpt><trkpt lat="45.9835813632825" lon="7.122540642042436"><ele>1200.9351096739451</ele></trkpt><trkpt lat="45.98364382825518" lon="7.1225197332901065"><ele>1200.857009664589</ele></trkpt><trkpt lat="45.983706106974765" lon="7.122497758336936"><ele>1200.784245402581</ele></trkpt><trkpt lat="45.98376817302757" lon="7.122474564725909"><ele>1200.718135857769</ele></trkpt><trkpt lat="45.98383000000002" lon="7.122449999999999"><ele>1200.66</ele></trkpt><trkpt lat="45.98390220593763" lon="7.122402827040804"><ele>1200.6181976602768</ele></trkpt><trkpt lat="45.98396764091029" lon="7.122334434050963"><ele>1200.6165344757715</ele></trkpt><trkpt lat="45.98403" lon="7.12226"><ele>1200.64</ele></trkpt><trkpt lat="45.98407821738206" lon="7.122200927417738"><ele>1200.6785255747493</ele></trkpt><trkpt lat="45.98412489752025" lon="7.1221393025064685"><ele>1200.7362494775762</ele></trkpt><trkpt lat="45.9841707281346" lon="7.122076261287627"><ele>1200.8002152899976</ele></trkpt><trkpt lat="45.98421639694276" lon="7.122012939782647"><ele>1200.8574665935305</ele></trkpt><trkpt lat="45.98426259166019" lon="7.1219504740129596"><ele>1200.8950469696922</ele></trkpt><trkpt lat="45.98430999999999" lon="7.12189"><ele>1200.9</ele></trkpt><trkpt lat="45.98436728453144" lon="7.121823751566435"><ele>1200.8644099219869</ele></trkpt><trkpt lat="45.98443" lon="7.12177"><ele>1200.51</ele></trkpt><trkpt lat="45.98449336932629" lon="7.121730946748838"><ele>1199.8889276996324</ele></trkpt><trkpt lat="45.984557552944665" lon="7.121694712573417"><ele>1199.2540022136209</ele></trkpt><trkpt lat="45.98462224555602" lon="7.121660273821383"><ele>1198.588321341996</ele></trkpt><trkpt lat="45.984687141862786" lon="7.12162660684038"><ele>1197.87498288479</ele></trkpt><trkpt lat="45.98475193656865" lon="7.121592687978053"><ele>1197.0970846420341</ele></trkpt><trkpt lat="45.98481632437884" lon="7.121557493582045"><ele>1196.2377244137604</ele></trkpt><trkpt lat="45.98488" lon="7.121519999999999"><ele>1195.28</ele></trkpt><trkpt lat="45.98495522789788" lon="7.121460842192385"><ele>1193.032151561572</ele></trkpt><trkpt lat="45.98502999999998" lon="7.1213999999999995"><ele>1190.9</ele></trkpt><trkpt lat="45.98508868221163" lon="7.121363645553112"><ele>1190.9408286433313</ele></trkpt><trkpt lat="45.985150000000026" lon="7.12134"><ele>1191.7</ele></trkpt><trkpt lat="45.98522306774226" lon="7.1213287189487025"><ele>1192.683613443337</ele></trkpt><trkpt lat="45.98529655260353" lon="7.12132519514811"><ele>1193.780201988788</ele></trkpt><trkpt lat="45.985369999999975" lon="7.1213299999999995"><ele>1194.55</ele></trkpt><trkpt lat="45.985461658628786" lon="7.121350218143947"><ele>1194.6833853181902</ele></trkpt><trkpt lat="45.98555" lon="7.121389999999999"><ele>1194.21</ele></trkpt><trkpt lat="45.98560975548179" lon="7.121427736664174"><ele>1193.7215277900273</ele></trkpt><trkpt lat="45.98566851283746" lon="7.121468569112494"><ele>1193.1697427014255</ele></trkpt><trkpt lat="45.985726634133606" lon="7.121511378255925"><ele>1192.5743269033667</ele></trkpt><trkpt lat="45.9857844814352" lon="7.121555045005427"><ele>1191.9549625650225</ele></trkpt><trkpt lat="45.985842416805745" lon="7.121598450271965"><ele>1191.3313318555652</ele></trkpt><trkpt lat="45.98590080230719" lon="7.121640474966501"><ele>1190.723116944167</ele></trkpt><trkpt lat="45.98595999999999" lon="7.12168"><ele>1190.15</ele></trkpt><trkpt lat="45.98606999999997" lon="7.121720000000001"><ele>1189.43</ele></trkpt><trkpt lat="45.98614002091761" lon="7.121732238488569"><ele>1188.9970055125455</ele></trkpt><trkpt lat="45.98620999999999" lon="7.1217299999999994"><ele>1188.67</ele></trkpt><trkpt lat="45.986300000000014" lon="7.12167"><ele>1188.77</ele></trkpt><trkpt lat="45.98637934984485" lon="7.121598190938041"><ele>1188.935292140647</ele></trkpt><trkpt lat="45.98645999999999" lon="7.12153"><ele>1189.01</ele></trkpt><trkpt lat="45.98652367080499" lon="7.121494261432894"><ele>1188.8359947445401</ele></trkpt><trkpt lat="45.986590000000014" lon="7.121470000000001"><ele>1188.53</ele></trkpt><trkpt lat="45.98669999999999" lon="7.121460000000001"><ele>1187.88</ele></trkpt><trkpt lat="45.98680999999997" lon="7.12149"><ele>1186.9</ele></trkpt><trkpt lat="45.98688111472451" lon="7.121525956025777"><ele>1186.0698009591597</ele></trkpt><trkpt lat="45.986950000000014" lon="7.121569999999999"><ele>1185.23</ele></trkpt><trkpt lat="45.98705000000003" lon="7.12166"><ele>1184.12</ele></trkpt><trkpt lat="45.987099439756484" lon="7.1217155244546495"><ele>1183.5347250987336</ele></trkpt><trkpt lat="45.98714851856327" lon="7.121771784424097"><ele>1182.9527945514785</ele></trkpt><trkpt lat="45.987196877491215" lon="7.121829282166218"><ele>1182.3705014548564</ele></trkpt><trkpt lat="45.987244157612395" lon="7.121888519938892"><ele>1181.7841389054897</ele></trkpt><trkpt lat="45.98729000000001" lon="7.121949999999998"><ele>1181.19</ele></trkpt><trkpt lat="45.9873399562282" lon="7.122025784607538"><ele>1180.49222759128</ele></trkpt><trkpt lat="45.98738627442883" lon="7.122106436599785"><ele>1179.7838344908264</ele></trkpt><trkpt lat="45.98743" lon="7.12219"><ele>1179.06</ele></trkpt><trkpt lat="45.98746749550851" lon="7.122267529507476"><ele>1178.3969772753162</ele></trkpt><trkpt lat="45.98750329098547" lon="7.12234680475286"><ele>1177.7326332957482</ele></trkpt><trkpt lat="45.98753841280404" lon="7.12242675758048"><ele>1177.064865819864</ele></trkpt><trkpt lat="45.98757388733456" lon="7.122506319834659"><ele>1176.3915726062323</ele></trkpt><trkpt lat="45.987610740944895" lon="7.122584423359724"><ele>1175.7106514134214</ele></trkpt><trkpt lat="45.98765000000001" lon="7.12266"><ele>1175.02</ele></trkpt><trkpt lat="45.987695647946325" lon="7.1227228108319505"><ele>1174.3244125240808</ele></trkpt><trkpt lat="45.98775" lon="7.12277"><ele>1173.6</ele></trkpt><trkpt lat="45.98781188430632" lon="7.122807078727487"><ele>1172.8303083587446</ele></trkpt><trkpt lat="45.98787629674844" lon="7.1228374021625624"><ele>1172.0603486227578</ele></trkpt><trkpt lat="45.987941275925905" lon="7.122865913156289"><ele>1171.2907293554647</ele></trkpt><trkpt lat="45.988004860447276" lon="7.12289755455973"><ele>1170.5220591202904</ele></trkpt><trkpt lat="45.988065088930085" lon="7.122937269223946"><ele>1169.7549464806602</ele></trkpt><trkpt lat="45.98812000000001" lon="7.122989999999999"><ele>1168.99</ele></trkpt><trkpt lat="45.98816469036754" lon="7.123068064066586"><ele>1168.2119729230833</ele></trkpt><trkpt lat="45.98819435383134" lon="7.123163332520139"><ele>1167.5064395433765</ele></trkpt><trkpt lat="45.98821934038538" lon="7.123264434713621"><ele>1166.8451863919813</ele></trkpt><trkpt lat="45.988249999999994" lon="7.123359999999999"><ele>1166.2</ele></trkpt><trkpt lat="45.98829197890372" lon="7.123443246370414"><ele>1165.6353499587146</ele></trkpt><trkpt lat="45.98833999999999" lon="7.12352"><ele>1165.14</ele></trkpt><trkpt lat="45.98840114231395" lon="7.123616785489034"><ele>1164.527978240049</ele></trkpt><trkpt lat="45.98846999999999" lon="7.1236999999999995"><ele>1163.93</ele></trkpt><trkpt lat="45.98853684570395" lon="7.123749887256546"><ele>1163.4325473898568</ele></trkpt><trkpt lat="45.98860755406227" lon="7.1237886729624025"><ele>1162.9458241880989</ele></trkpt><trkpt lat="45.98868000000001" lon="7.12382"><ele>1162.46</ele></trkpt><trkpt lat="45.98874945773256" lon="7.123844852237962"><ele>1161.9993237559247</ele></trkpt><trkpt lat="45.988819565451685" lon="7.123865895236821"><ele>1161.543673461177</ele></trkpt><trkpt lat="45.98888999834647" lon="7.123885030254513"><ele>1161.0889825269837</ele></trkpt><trkpt lat="45.9889604316076" lon="7.12390415854898"><ele>1160.6311843645722</ele></trkpt><trkpt lat="45.98903054042746" lon="7.123925181378164"><ele>1160.1662123851686</ele></trkpt><trkpt lat="45.989100000000015" lon="7.123949999999999"><ele>1159.69</ele></trkpt><trkpt lat="45.98921000000002" lon="7.124030000000001"><ele>1158.75</ele></trkpt><trkpt lat="45.989280000000015" lon="7.124159999999998"><ele>1158.46</ele></trkpt><trkpt lat="45.98930000000002" lon="7.124250000000001"><ele>1158.3</ele></trkpt><trkpt lat="45.98935271501248" lon="7.124353092190844"><ele>1157.9804212718363</ele></trkpt><trkpt lat="45.98939999999998" lon="7.12446"><ele>1157.67</ele></trkpt><trkpt lat="45.989407041162266" lon="7.124549055027437"><ele>1157.5992413495978</ele></trkpt><trkpt lat="45.98941" lon="7.12464"><ele>1157.4</ele></trkpt><trkpt lat="45.989459999999994" lon="7.1248"><ele>1155.92</ele></trkpt><trkpt lat="45.98939000000002" lon="7.12492"><ele>1155.45</ele></trkpt><trkpt lat="45.98930000000002" lon="7.125"><ele>1154.08</ele></trkpt><trkpt lat="45.989280000000015" lon="7.125119999999999"><ele>1151.72</ele></trkpt><trkpt lat="45.98922994024374" lon="7.125175054628585"><ele>1150.5854803968796</ele></trkpt><trkpt lat="45.989180000000005" lon="7.125230000000001"><ele>1149.32</ele></trkpt><trkpt lat="45.98914999999999" lon="7.125369999999999"><ele>1145.62</ele></trkpt><trkpt lat="45.98909115270165" lon="7.125439520827567"><ele>1146.436245218179</ele></trkpt><trkpt lat="45.98902728452625" lon="7.1254995536341665"><ele>1147.8660239450144</ele></trkpt><trkpt lat="45.98896227408331" lon="7.125557309623682"><ele>1149.6252906993427</ele></trkpt><trkpt lat="45.988900000000015" lon="7.12562"><ele>1151.43</ele></trkpt><trkpt lat="45.98885000000002" lon="7.125709999999999"><ele>1154.34</ele></trkpt><trkpt lat="45.98883895796376" lon="7.125829423112307"><ele>1155.4189408816892</ele></trkpt><trkpt lat="45.98883000000002" lon="7.12595"><ele>1156.13</ele></trkpt><trkpt lat="45.988800000000005" lon="7.126000000000001"><ele>1156.57</ele></trkpt><trkpt lat="45.98883885713766" lon="7.126081448432445"><ele>1155.8989526926575</ele></trkpt><trkpt lat="45.988890000000005" lon="7.12615"><ele>1155.22</ele></trkpt><trkpt lat="45.988941896255476" lon="7.126216274134126"><ele>1154.8057203951348</ele></trkpt><trkpt lat="45.98899478170577" lon="7.126281385161477"><ele>1154.4442002012906</ele></trkpt><trkpt lat="45.98905027630486" lon="7.126340803608087"><ele>1154.165579906801</ele></trkpt><trkpt lat="45.98910999999998" lon="7.12639"><ele>1154</ele></trkpt><trkpt lat="45.98917603934755" lon="7.126429943165369"><ele>1153.986920352785</ele></trkpt><trkpt lat="45.98924395439031" lon="7.126463012625426"><ele>1154.1003077991304</ele></trkpt><trkpt lat="45.98931302655002" lon="7.126491880709551"><ele>1154.2602359130306</ele></trkpt><trkpt lat="45.98938253725178" lon="7.126519219747106"><ele>1154.3867782684792</ele></trkpt><trkpt lat="45.98945176792432" lon="7.126547702067466"><ele>1154.400008439471</ele></trkpt><trkpt lat="45.98952" lon="7.126580000000001"><ele>1154.22</ele></trkpt><trkpt lat="45.98958841272059" lon="7.126618860003798"><ele>1153.7724969438832</ele></trkpt><trkpt lat="45.989655805748185" lon="7.12666140312795"><ele>1153.1069833885958</ele></trkpt><trkpt lat="45.98972299241742" lon="7.126704516250204"><ele>1152.3062213613669</ele></trkpt><trkpt lat="45.9897907860591" lon="7.126745086248304"><ele>1151.4529728894254</ele></trkpt><trkpt lat="45.98985999999999" lon="7.12678"><ele>1150.63</ele></trkpt><trkpt lat="45.98994903628674" lon="7.126806891669382"><ele>1149.4784469641427</ele></trkpt><trkpt lat="45.99003999999999" lon="7.126810000000001"><ele>1148.44</ele></trkpt><trkpt lat="45.99010239186188" lon="7.126798907436999"><ele>1147.9906459528956</ele></trkpt><trkpt lat="45.990164226984895" lon="7.1267812109347854"><ele>1147.633490036868</ele></trkpt><trkpt lat="45.990225866177745" lon="7.12676106071407"><ele>1147.321011144392</ele></trkpt><trkpt lat="45.99028767024763" lon="7.126742606995571"><ele>1147.005688167944</ele></trkpt><trkpt lat="45.99035" lon="7.12673"><ele>1146.64</ele></trkpt><trkpt lat="45.99042385943962" lon="7.126721305446752"><ele>1146.1595482297107</ele></trkpt><trkpt lat="45.990497921694434" lon="7.126715223828283"><ele>1145.667911602263</ele></trkpt><trkpt lat="45.99057205422903" lon="7.126712489486433"><ele>1145.1555008599603</ele></trkpt><trkpt lat="45.99064612450887" lon="7.126713836763058"><ele>1144.612726745105</ele></trkpt><trkpt lat="45.99072000000001" lon="7.126719999999998"><ele>1144.03</ele></trkpt><trkpt lat="45.99078915959416" lon="7.126730074602067"><ele>1143.4467521753786</ele></trkpt><trkpt lat="45.990858059277194" lon="7.126743181740435"><ele>1142.8404579070034</ele></trkpt><trkpt lat="45.99092677049165" lon="7.12675850877523"><ele>1142.2175686774115</ele></trkpt><trkpt lat="45.990995364679705" lon="7.126775243066576"><ele>1141.5845359691398</ele></trkpt><trkpt lat="45.99106391328324" lon="7.126792571974599"><ele>1140.9478112647257</ele></trkpt><trkpt lat="45.9911324877438" lon="7.126809682859428"><ele>1140.3138460467062</ele></trkpt><trkpt lat="45.99120115950243" lon="7.126825763081186"><ele>1139.6890917976186</ele></trkpt><trkpt lat="45.99126999999997" lon="7.12684"><ele>1139.08</ele></trkpt><trkpt lat="45.99133313450786" lon="7.1268511366651754"><ele>1138.5762910119554</ele></trkpt><trkpt lat="45.99139652853169" lon="7.126858778858623"><ele>1138.1083162135642</ele></trkpt><trkpt lat="45.99145999999999" lon="7.1268600000000015"><ele>1137.6</ele></trkpt><trkpt lat="45.99152291928636" lon="7.126856860774002"><ele>1137.0498538429158</ele></trkpt><trkpt lat="45.991585828119824" lon="7.126853339778057"><ele>1136.4979466517511</ele></trkpt><trkpt lat="45.991648726723454" lon="7.126849460886423"><ele>1135.9442847460123</ele></trkpt><trkpt lat="45.99171161532035" lon="7.126845247973357"><ele>1135.388874445206</ele></trkpt><trkpt lat="45.9917744941336" lon="7.12684072491311"><ele>1134.83172206884</ele></trkpt><trkpt lat="45.99183736338636" lon="7.126835915579941"><ele>1134.2728339364214</ele></trkpt><trkpt lat="45.99190022330165" lon="7.126830843848104"><ele>1133.7122163674562</ele></trkpt><trkpt lat="45.991963074102614" lon="7.1268255335918544"><ele>1133.1498756814522</ele></trkpt><trkpt lat="45.992025916012295" lon="7.126820008685447"><ele>1132.585818197916</ele></trkpt><trkpt lat="45.992088749253824" lon="7.12681429300314"><ele>1132.020050236355</ele></trkpt><trkpt lat="45.99215157405025" lon="7.126808410419186"><ele>1131.4525781162758</ele></trkpt><trkpt lat="45.992214390624724" lon="7.126802384807841"><ele>1130.8834081571856</ele></trkpt><trkpt lat="45.99227719920026" lon="7.12679624004336"><ele>1130.3125466785914</ele></trkpt><trkpt lat="45.992340000000006" lon="7.12679"><ele>1129.74</ele></trkpt><trkpt lat="45.992410091499295" lon="7.126781468610732"><ele>1129.0775790241198</ele></trkpt><trkpt lat="45.99248004616743" lon="7.126770724256285"><ele>1128.3856023715855</ele></trkpt><trkpt lat="45.992549939178275" lon="7.126758986077324"><ele>1127.6844630926516</ele></trkpt><trkpt lat="45.992619845705335" lon="7.126747473214514"><ele>1126.994554237573</ele></trkpt><trkpt lat="45.99268984092167" lon="7.126737404808518"><ele>1126.3362688566042</ele></trkpt><trkpt lat="45.99276000000001" lon="7.12673"><ele>1125.73</ele></trkpt><trkpt lat="45.99282673583399" lon="7.126727427107035"><ele>1125.3057365889936</ele></trkpt><trkpt lat="45.992893547955276" lon="7.126730654520562"><ele>1125.0102419727891</ele></trkpt><trkpt lat="45.99295999999999" lon="7.126739999999999"><ele>1124.68</ele></trkpt><trkpt lat="45.99304632311959" lon="7.126762572303987"><ele>1124.0326285629185</ele></trkpt><trkpt lat="45.99313" lon="7.1268"><ele>1123.48</ele></trkpt><trkpt lat="45.99319097146771" lon="7.126836698990732"><ele>1123.2705289438736</ele></trkpt><trkpt lat="45.9932510741949" lon="7.126876335559157"><ele>1123.127990391299</ele></trkpt><trkpt lat="45.993310668297866" lon="7.126917696824785"><ele>1123.0150262814502</ele></trkpt><trkpt lat="45.99337011389122" lon="7.126959569907128"><ele>1122.8942785535014</ele></trkpt><trkpt lat="45.99342977108807" lon="7.127000741925696"><ele>1122.7283891466268</ele></trkpt><trkpt lat="45.993489999999994" lon="7.12704"><ele>1122.48</ele></trkpt><trkpt lat="45.99355544165406" lon="7.127082093313741"><ele>1121.9964163464288</ele></trkpt><trkpt lat="45.99362164416795" lon="7.127121328791348"><ele>1121.3326930945575</ele></trkpt><trkpt lat="45.99369" lon="7.12715"><ele>1120.69</ele></trkpt><trkpt lat="45.99375695504493" lon="7.127162733899588"><ele>1120.1537597689555</ele></trkpt><trkpt lat="45.993824760292256" lon="7.1271667121652404"><ele>1119.6284590594855</ele></trkpt><trkpt lat="45.993892685392574" lon="7.127169834348272"><ele>1119.131428820273</ele></trkpt><trkpt lat="45.99396000000002" lon="7.12718"><ele>1118.68</ele></trkpt><trkpt lat="45.99402161385475" lon="7.1271986975234976"><ele>1118.3361229854877</ele></trkpt><trkpt lat="45.994081970520426" lon="7.127225087726102"><ele>1118.0668750426776</ele></trkpt><trkpt lat="45.994139999999994" lon="7.12726"><ele>1117.84</ele></trkpt><trkpt lat="45.99419971300049" lon="7.127304557047007"><ele>1117.620869092287</ele></trkpt><trkpt lat="45.99425811664919" lon="7.1273526595139804"><ele>1117.4215960730262</ele></trkpt><trkpt lat="45.99431577906163" lon="7.1274027812218455"><ele>1117.2335267981925</ele></trkpt><trkpt lat="45.994373268350806" lon="7.127453395991522"><ele>1117.0480071237603</ele></trkpt><trkpt lat="45.99443115262749" lon="7.127502977643934"><ele>1116.8563829057048</ele></trkpt><trkpt lat="45.994489999999985" lon="7.127550000000001"><ele>1116.65</ele></trkpt><trkpt lat="45.99456344991714" lon="7.127600578307242"><ele>1116.3903991168731</ele></trkpt><trkpt lat="45.99464000000002" lon="7.12764"><ele>1116.02</ele></trkpt><trkpt lat="45.994701072502224" lon="7.12766343582911"><ele>1115.621402859226</ele></trkpt><trkpt lat="45.994762628494136" lon="7.1276842443985435"><ele>1115.1883119838137</ele></trkpt><trkpt lat="45.99482444909481" lon="7.127703600612572"><ele>1114.7365716141298</ele></trkpt><trkpt lat="45.99488631542423" lon="7.127722679375461"><ele>1114.2820259905404</ele></trkpt><trkpt lat="45.994948008603416" lon="7.127742655591483"><ele>1113.8405193534115</ele></trkpt><trkpt lat="45.995009309754344" lon="7.127764704164906"><ele>1113.4278959431094</ele></trkpt><trkpt lat="45.995069999999984" lon="7.127790000000001"><ele>1113.06</ele></trkpt><trkpt lat="45.99517" lon="7.12788"><ele>1113.03</ele></trkpt><trkpt lat="45.99526" lon="7.128000000000001"><ele>1114.03</ele></trkpt><trkpt lat="45.995317664255026" lon="7.12803740506859"><ele>1114.1530025966945</ele></trkpt><trkpt lat="45.99537710103439" lon="7.128069416079638"><ele>1114.2066097092309</ele></trkpt><trkpt lat="45.99543798729624" lon="7.128094219050867"><ele>1114.1144119671517</ele></trkpt><trkpt lat="45.99549999999998" lon="7.12811"><ele>1113.8</ele></trkpt><trkpt lat="45.995564179850554" lon="7.12811888981967"><ele>1113.28208586006</ele></trkpt><trkpt lat="45.99562850929576" lon="7.128124277582041"><ele>1112.671963297342</ele></trkpt><trkpt lat="45.99569295257272" lon="7.128127068830992"><ele>1111.9969029127913</ele></trkpt><trkpt lat="45.99575747391871" lon="7.128128169110403"><ele>1111.2841753073544</ele></trkpt><trkpt lat="45.99582203757116" lon="7.128128483964146"><ele>1110.561051081978</ele></trkpt><trkpt lat="45.99588660776767" lon="7.128128918936101"><ele>1109.8548008376079</ele></trkpt><trkpt lat="45.995951148745974" lon="7.128130379570143"><ele>1109.1926951751907</ele></trkpt><trkpt lat="45.996015624744075" lon="7.128133771410151"><ele>1108.6020046956726</ele></trkpt><trkpt lat="45.99608000000001" lon="7.128140000000001"><ele>1108.11</ele></trkpt><trkpt lat="45.99614237072029" lon="7.128151472777333"><ele>1107.8128792997488</ele></trkpt><trkpt lat="45.99620426751708" lon="7.128168318409431"><ele>1107.7135064027625</ele></trkpt><trkpt lat="45.996265978954355" lon="7.128187427652865"><ele>1107.7316938559018</ele></trkpt><trkpt lat="45.99632779359485" lon="7.128205691264198"><ele>1107.7872542060272</ele></trkpt><trkpt lat="45.99638999999999" lon="7.128220000000001"><ele>1107.8</ele></trkpt><trkpt lat="45.99645480615068" lon="7.128231467098534"><ele>1107.7484308259552</ele></trkpt><trkpt lat="45.99651967268903" lon="7.128242381278375"><ele>1107.6767825609863</ele></trkpt><trkpt lat="45.996584597113944" lon="7.128252630841941"><ele>1107.5996046325617</ele></trkpt><trkpt lat="45.99664957692435" lon="7.128262104091639"><ele>1107.53144646815</ele></trkpt><trkpt lat="45.996714609619175" lon="7.128270689329882"><ele>1107.4868574952195</ele></trkpt><trkpt lat="45.99677969269743" lon="7.128278274859081"><ele>1107.4803871412387</ele></trkpt><trkpt lat="45.996844823658044" lon="7.128284748981651"><ele>1107.526584833676</ele></trkpt><trkpt lat="45.99691000000001" lon="7.12829"><ele>1107.64</ele></trkpt><trkpt lat="45.99697599372119" lon="7.128292561756233"><ele>1107.899253389319</ele></trkpt><trkpt lat="45.997042002064816" lon="7.128291696146255"><ele>1108.3189191272936</ele></trkpt><trkpt lat="45.997108013547816" lon="7.128288549658162"><ele>1108.822958170609</ele></trkpt><trkpt lat="45.99717401668718" lon="7.128284268780044"><ele>1109.3353314759495</ele></trkpt><trkpt lat="45.99724000000002" lon="7.12828"><ele>1109.78</ele></trkpt><trkpt lat="45.99733052300112" lon="7.1282757770671115"><ele>1110.220911711727</ele></trkpt><trkpt lat="45.99741999999999" lon="7.128259999999999"><ele>1110.62</ele></trkpt><trkpt lat="45.997483418491974" lon="7.1282374678195755"><ele>1110.943484691687</ele></trkpt><trkpt lat="45.99754628725623" lon="7.128211828880866"><ele>1111.270894708641</ele></trkpt><trkpt lat="45.99760882386055" lon="7.128184310817779"><ele>1111.6003207745075</ele></trkpt><trkpt lat="45.9976712458717" lon="7.1281561412642365"><ele>1111.9298536129313</ele></trkpt><trkpt lat="45.997733770855625" lon="7.128128547854148"><ele>1112.257583947558</ele></trkpt><trkpt lat="45.997796616377094" lon="7.12810275822143"><ele>1112.5816025020324</ele></trkpt><trkpt lat="45.99786" lon="7.128079999999999"><ele>1112.9</ele></trkpt><trkpt lat="45.997940000000014" lon="7.12809"><ele>1113.19</ele></trkpt><trkpt lat="45.99800999999998" lon="7.128140000000001"><ele>1113.73</ele></trkpt><trkpt lat="45.99808999999999" lon="7.128269999999999"><ele>1115.47</ele></trkpt><trkpt lat="45.998140000000014" lon="7.128309999999999"><ele>1116.24</ele></trkpt><trkpt lat="45.9982" lon="7.128259999999999"><ele>1115.7</ele></trkpt><trkpt lat="45.99824112953346" lon="7.128151192960405"><ele>1113.8277329948232</ele></trkpt><trkpt lat="45.99827999999998" lon="7.1280399999999995"><ele>1112.06</ele></trkpt><trkpt lat="45.99833999999999" lon="7.12795"><ele>1111.74</ele></trkpt><trkpt lat="45.9984" lon="7.127900000000001"><ele>1112.33</ele></trkpt><trkpt lat="45.99846972998205" lon="7.127890692475912"><ele>1112.3734921023474</ele></trkpt><trkpt lat="45.99853977927583" lon="7.127886611403222"><ele>1112.3520126680469</ele></trkpt><trkpt lat="45.9986099389314" lon="7.1278867246289215"><ele>1112.2645268997228</ele></trkpt><trkpt lat="45.99868000000001" lon="7.127889999999999"><ele>1112.11</ele></trkpt><trkpt lat="45.99874817029484" lon="7.127896808828201"><ele>1111.9012978225048</ele></trkpt><trkpt lat="45.998816151035754" lon="7.127907138755278"><ele>1111.6466561668187</ele></trkpt><trkpt lat="45.99888404662953" lon="7.127919064268255"><ele>1111.3513655998802</ele></trkpt><trkpt lat="45.99895196148238" lon="7.127930659854155"><ele>1111.0207166886275</ele></trkpt><trkpt lat="45.99902000000001" lon="7.12794"><ele>1110.66</ele></trkpt><trkpt lat="45.99913000000001" lon="7.12794"><ele>1109.64</ele></trkpt><trkpt lat="45.99919821356374" lon="7.127970060551956"><ele>1108.8296213274461</ele></trkpt><trkpt lat="45.99926466088502" lon="7.128008168220979"><ele>1107.9840122389235</ele></trkpt><trkpt lat="45.999329999999986" lon="7.12805"><ele>1107.08</ele></trkpt><trkpt lat="45.999396894329124" lon="7.128099437780962"><ele>1106.02815194303</ele></trkpt><trkpt lat="45.999462531104314" lon="7.128152502594684"><ele>1104.9200625710755</ele></trkpt><trkpt lat="45.999529999999986" lon="7.1282"><ele>1103.85</ele></trkpt><trkpt lat="45.99959104534746" lon="7.128236585929574"><ele>1102.9792418037416</ele></trkpt><trkpt lat="45.99965283141718" lon="7.1282710887894005"><ele>1102.139241429832</ele></trkpt><trkpt lat="45.99971570177868" lon="7.128300047254527"><ele>1101.3096203410066</ele></trkpt><trkpt lat="45.99977999999999" lon="7.1283199999999995"><ele>1100.47</ele></trkpt><trkpt lat="45.99986058067312" lon="7.12831738286184"><ele>1099.529714401539</ele></trkpt><trkpt lat="45.99994" lon="7.12829"><ele>1098.49</ele></trkpt><trkpt lat="46.000004915437174" lon="7.128244600428109"><ele>1097.1431518972076</ele></trkpt><trkpt lat="46.00006999999999" lon="7.1282"><ele>1095.82</ele></trkpt><trkpt lat="46.00012" lon="7.128220000000001"><ele>1095.74</ele></trkpt><trkpt lat="46.00018992777887" lon="7.128194311686032"><ele>1094.8034851633752</ele></trkpt><trkpt lat="46.00026" lon="7.12817"><ele>1094.1</ele></trkpt><trkpt lat="46.00033053322113" lon="7.128171228940847"><ele>1094.1821890882898</ele></trkpt><trkpt lat="46.000401663006926" lon="7.128181581797661"><ele>1094.544389814398</ele></trkpt><trkpt lat="46.00047196128746" lon="7.128186143755645"><ele>1094.8268956333072</ele></trkpt><trkpt lat="46.000540000000015" lon="7.12817"><ele>1094.67</ele></trkpt><trkpt lat="46.000602491495876" lon="7.128129381192127"><ele>1094.0101624135602</ele></trkpt><trkpt lat="46.000660117676865" lon="7.1280747441703625"><ele>1093.0873855013103</ele></trkpt><trkpt lat="46.00071549811541" lon="7.128013416552535"><ele>1092.0115273822803</ele></trkpt><trkpt lat="46.00077125237288" lon="7.127952725956473"><ele>1090.8924461755</ele></trkpt><trkpt lat="46.000830000000015" lon="7.127900000000001"><ele>1089.84</ele></trkpt><trkpt lat="46.00089002045427" lon="7.127856642477615"><ele>1088.886365934061</ele></trkpt><trkpt lat="46.000951026662115" lon="7.127816190995856"><ele>1087.9341064543862</ele></trkpt><trkpt lat="46.00101277317129" lon="7.127777973280967"><ele>1086.9792808410596</ele></trkpt><trkpt lat="46.00107501453054" lon="7.127741317059196"><ele>1086.017948374164</ele></trkpt><trkpt lat="46.00113750528977" lon="7.127705550056792"><ele>1085.046168333783</ele></trkpt><trkpt lat="46.001199999999976" lon="7.127669999999999"><ele>1084.06</ele></trkpt><trkpt lat="46.00126481087786" lon="7.127636597640726"><ele>1083.0321110650002</ele></trkpt><trkpt lat="46.00133051588292" lon="7.127606653624697"><ele>1081.9835782776458</ele></trkpt><trkpt lat="46.001395962945175" lon="7.127575882796318"><ele>1080.908256351469</ele></trkpt><trkpt lat="46.00146000000001" lon="7.12754"><ele>1079.8</ele></trkpt><trkpt lat="46.00149999999999" lon="7.12748"><ele>1078.69</ele></trkpt><trkpt lat="46.00144000000001" lon="7.127470000000001"><ele>1077.86</ele></trkpt><trkpt lat="46.001349307474534" lon="7.127437006053487"><ele>1075.8253538974554</ele></trkpt><trkpt lat="46.00131999999999" lon="7.127400000000001"><ele>1074.05</ele></trkpt><trkpt lat="46.00138949240343" lon="7.12737612763523"><ele>1073.5163827657507</ele></trkpt><trkpt lat="46.0014625400693" lon="7.127373216490787"><ele>1073.8882217325508</ele></trkpt><trkpt lat="46.001536817697435" lon="7.127376197100947"><ele>1074.5334498330756</ele></trkpt><trkpt lat="46.00160999999999" lon="7.12737"><ele>1074.82</ele></trkpt><trkpt lat="46.00168117929738" lon="7.127350204707822"><ele>1074.523009683077</ele></trkpt><trkpt lat="46.00175126441286" lon="7.127323139032109"><ele>1073.9636839264376</ele></trkpt><trkpt lat="46.00182000000001" lon="7.12729"><ele>1073.33</ele></trkpt><trkpt lat="46.00187862641308" lon="7.127255749592464"><ele>1072.849611423269</ele></trkpt><trkpt lat="46.00193549004102" lon="7.127215643348177"><ele>1072.2985625106876</ele></trkpt><trkpt lat="46.00199000000002" lon="7.12717"><ele>1071.42</ele></trkpt><trkpt lat="46.00203999999999" lon="7.127089999999999"><ele>1068.66</ele></trkpt><trkpt lat="46.00210754358947" lon="7.127024228794622"><ele>1066.587860716545</ele></trkpt><trkpt lat="46.00218000000001" lon="7.126970000000001"><ele>1064.87</ele></trkpt><trkpt lat="46.00227000000001" lon="7.12695"><ele>1063.93</ele></trkpt><trkpt lat="46.00233627772641" lon="7.126914317647382"><ele>1063.7709369444983</ele></trkpt><trkpt lat="46.00239999999999" lon="7.126869999999999"><ele>1063.51</ele></trkpt><trkpt lat="46.00246761412503" lon="7.1268151269273075"><ele>1062.6436625518313</ele></trkpt><trkpt lat="46.00252999999999" lon="7.126750000000001"><ele>1061.34</ele></trkpt><trkpt lat="46.00259" lon="7.12663"><ele>1058.4</ele></trkpt><trkpt lat="46.002614732382504" lon="7.12652664493273"><ele>1055.6719509198172</ele></trkpt><trkpt lat="46.00263" lon="7.126420000000001"><ele>1052.65</ele></trkpt><trkpt lat="46.002620000000014" lon="7.126350000000001"><ele>1049.94</ele></trkpt><trkpt lat="46.00261969826591" lon="7.126259237089134"><ele>1050.8449855873512</ele></trkpt><trkpt lat="46.00262161875421" lon="7.126169044177755"><ele>1052.407287353068</ele></trkpt><trkpt lat="46.00263" lon="7.126079999999999"><ele>1053.9</ele></trkpt><trkpt lat="46.00264460627958" lon="7.125957779783765"><ele>1055.6557378350747</ele></trkpt><trkpt lat="46.002665490489434" lon="7.125837947409593"><ele>1057.324823418847</ele></trkpt><trkpt lat="46.002710000000015" lon="7.12574"><ele>1058.34</ele></trkpt><trkpt lat="46.00276644615023" lon="7.125714479143558"><ele>1058.0401442121063</ele></trkpt><trkpt lat="46.00283365163283" lon="7.1257275212414966"><ele>1056.982975884829</ele></trkpt><trkpt lat="46.00290000000003" lon="7.12573"><ele>1056.07</ele></trkpt><trkpt lat="46.00296109910295" lon="7.125709354092293"><ele>1055.5424976766785</ele></trkpt><trkpt lat="46.003021700914175" lon="7.125685666149304"><ele>1055.0385363278392</ele></trkpt><trkpt lat="46.00308184867174" lon="7.125659411469813"><ele>1054.5727109196166</ele></trkpt><trkpt lat="46.00314158561351" lon="7.1256310653525805"><ele>1054.159616418146</ele></trkpt><trkpt lat="46.00320095497711" lon="7.125601103096385"><ele>1053.813847789562</ele></trkpt><trkpt lat="46.003260000000004" lon="7.12557"><ele>1053.55</ele></trkpt><trkpt lat="46.00332054314837" lon="7.125537429345233"><ele>1053.3369102309211</ele></trkpt><trkpt lat="46.00338101036115" lon="7.125504543486369"><ele>1053.1448188922839</ele></trkpt><trkpt lat="46.00344139765939" lon="7.1254713354458925"><ele>1052.971740982072</ele></trkpt><trkpt lat="46.003501701064266" lon="7.125437798246296"><ele>1052.8156914982712</ele></trkpt><trkpt lat="46.00356191659693" lon="7.125403924910067"><ele>1052.6746854388657</ele></trkpt><trkpt lat="46.00362204027848" lon="7.125369708459688"><ele>1052.5467378018398</ele></trkpt><trkpt lat="46.003682068130146" lon="7.125335141917656"><ele>1052.4298635851783</ele></trkpt><trkpt lat="46.00374199617308" lon="7.125300218306453"><ele>1052.322077786866</ele></trkpt><trkpt lat="46.003801820428535" lon="7.125264930648571"><ele>1052.221395404887</ele></trkpt><trkpt lat="46.0038615369177" lon="7.125229271966496"><ele>1052.1258314372265</ele></trkpt><trkpt lat="46.00392114166183" lon="7.125193235282717"><ele>1052.0334008818686</ele></trkpt><trkpt lat="46.003980630682165" lon="7.125156813619721"><ele>1051.9421187367982</ele></trkpt><trkpt lat="46.00404000000001" lon="7.125119999999999"><ele>1051.85</ele></trkpt><trkpt lat="46.00410187389635" lon="7.125080189433206"><ele>1051.772120853167</ele></trkpt><trkpt lat="46.00416321263073" lon="7.125038689708742"><ele>1051.727037574457</ele></trkpt><trkpt lat="46.004224163832305" lon="7.124995966359668"><ele>1051.704396128977</ele></trkpt><trkpt lat="46.00428487512947" lon="7.12495248491905"><ele>1051.6938424818359</ele></trkpt><trkpt lat="46.00434549415008" lon="7.124908710919949"><ele>1051.6850225981416</ele></trkpt><trkpt lat="46.004406168521264" lon="7.124865109895431"><ele>1051.6675824430029</ele></trkpt><trkpt lat="46.0044670458695" lon="7.124822147378558"><ele>1051.6311679815276</ele></trkpt><trkpt lat="46.004528273820675" lon="7.124780288902393"><ele>1051.5654251788237</ele></trkpt><trkpt lat="46.00458999999999" lon="7.12474"><ele>1051.46</ele></trkpt><trkpt lat="46.004653101101404" lon="7.124703861304711"><ele>1051.245884430922</ele></trkpt><trkpt lat="46.00471757852095" lon="7.124672211925218"><ele>1050.9124185744383</ele></trkpt><trkpt lat="46.00478246968627" lon="7.124642026483263"><ele>1050.5363498168272</ele></trkpt><trkpt lat="46.00484681202944" lon="7.1246102796005815"><ele>1050.1944255443652</ele></trkpt><trkpt lat="46.00490964298708" lon="7.1245739458989155"><ele>1049.9633931433304</ele></trkpt><trkpt lat="46.00497000000002" lon="7.124529999999999"><ele>1049.92</ele></trkpt><trkpt lat="46.00499999999999" lon="7.1244"><ele>1051.99</ele></trkpt><trkpt lat="46.005030000000005" lon="7.124380000000001"><ele>1051.7</ele></trkpt><trkpt lat="46.00509789900522" lon="7.1243611306287"><ele>1052.1179099627827</ele></trkpt><trkpt lat="46.00516601660813" lon="7.124343956263757"><ele>1052.5880099513065</ele></trkpt><trkpt lat="46.00523418470799" lon="7.12432721658446"><ele>1053.088154958439</ele></trkpt><trkpt lat="46.00530223520498" lon="7.124309651270111"><ele>1053.5961999770477</ele></trkpt><trkpt lat="46.00537" lon="7.124289999999999"><ele>1054.09</ele></trkpt><trkpt lat="46.005445523108236" lon="7.124265526517012"><ele>1054.6184447305488</ele></trkpt><trkpt lat="46.00552076154833" lon="7.124239206160214"><ele>1055.141827941055</ele></trkpt><trkpt lat="46.00559561921413" lon="7.12421078272331"><ele>1055.6767971810336</ele></trkpt><trkpt lat="46.005670000000016" lon="7.12418"><ele>1056.24</ele></trkpt><trkpt lat="46.00573999999999" lon="7.12413"><ele>1057</ele></trkpt><trkpt lat="46.00576999999998" lon="7.124079999999999"><ele>1057.57</ele></trkpt><trkpt lat="46.00576999999998" lon="7.12401"><ele>1059.31</ele></trkpt><trkpt lat="46.005870000000016" lon="7.12391"><ele>1060.16</ele></trkpt><trkpt lat="46.005979999999994" lon="7.12385"><ele>1061.21</ele></trkpt><trkpt lat="46.00600831743165" lon="7.123765477643023"><ele>1062.2727760937858</ele></trkpt><trkpt lat="46.00602" lon="7.123670000000001"><ele>1063.77</ele></trkpt><trkpt lat="46.00602580903728" lon="7.123544794035247"><ele>1066.78471411767</ele></trkpt><trkpt lat="46.00603000000002" lon="7.12342"><ele>1070.19</ele></trkpt><trkpt lat="46.006050000000016" lon="7.123339999999998"><ele>1072.79</ele></trkpt><trkpt lat="46.00608000000001" lon="7.12325"><ele>1075.12</ele></trkpt><trkpt lat="46.00612904062927" lon="7.1231662109639435"><ele>1077.2018201481073</ele></trkpt><trkpt lat="46.00619000000001" lon="7.1231100000000005"><ele>1078.11</ele></trkpt><trkpt lat="46.00626000000001" lon="7.12319"><ele>1073.83</ele></trkpt><trkpt lat="46.006281370036916" lon="7.123283674632375"><ele>1073.0562458092463</ele></trkpt><trkpt lat="46.00630000000002" lon="7.123379999999999"><ele>1072.93</ele></trkpt><trkpt lat="46.006359999999994" lon="7.1235"><ele>1072.69</ele></trkpt><trkpt lat="46.00641999999998" lon="7.12358"><ele>1073.08</ele></trkpt><trkpt lat="46.00650000000002" lon="7.123619999999999"><ele>1073.91</ele></trkpt><trkpt lat="46.00659999999998" lon="7.123619999999999"><ele>1076.11</ele></trkpt><trkpt lat="46.00666331236698" lon="7.123607720938303"><ele>1077.1917949302758</ele></trkpt><trkpt lat="46.006726661091186" lon="7.12359402352896"><ele>1078.1714227061725</ele></trkpt><trkpt lat="46.00678917926882" lon="7.123575814355138"><ele>1079.2253391289828</ele></trkpt><trkpt lat="46.00684999999997" lon="7.12355"><ele>1080.53</ele></trkpt><trkpt lat="46.00691452353309" lon="7.123499517016033"><ele>1082.6805953091937</ele></trkpt><trkpt lat="46.00696999999997" lon="7.12343"><ele>1085.34</ele></trkpt><trkpt lat="46.00702321988533" lon="7.12332151817644"><ele>1088.9347192403143</ele></trkpt><trkpt lat="46.007080000000016" lon="7.12322"><ele>1092.84</ele></trkpt><trkpt lat="46.007169999999995" lon="7.123210000000001"><ele>1096.71</ele></trkpt><trkpt lat="46.00723" lon="7.12324"><ele>1097.52</ele></trkpt><trkpt lat="46.00729000000001" lon="7.12333"><ele>1097.14</ele></trkpt><trkpt lat="46.00738000000001" lon="7.123339999999998"><ele>1100.02</ele></trkpt><trkpt lat="46.00742651277741" lon="7.123274418085539"><ele>1103.1945154159623</ele></trkpt><trkpt lat="46.00747000000001" lon="7.123200000000001"><ele>1105.81</ele></trkpt><trkpt lat="46.00753290437263" lon="7.12314091766679"><ele>1106.8571295253882</ele></trkpt><trkpt lat="46.00759999999999" lon="7.12309"><ele>1107.2</ele></trkpt><trkpt lat="46.00766999999998" lon="7.123050000000001"><ele>1107.31</ele></trkpt><trkpt lat="46.00774287840543" lon="7.123029994367961"><ele>1108.0071123945786</ele></trkpt><trkpt lat="46.007816226447254" lon="7.123014456864084"><ele>1108.7847734120196</ele></trkpt><trkpt lat="46.00788999999999" lon="7.12301"><ele>1109.1</ele></trkpt><trkpt lat="46.007967071245076" lon="7.123024290512251"><ele>1108.4378931409942</ele></trkpt><trkpt lat="46.00804323198896" lon="7.1230496022863266"><ele>1107.3151035026908</ele></trkpt><trkpt lat="46.008119999999984" lon="7.12307"><ele>1106.72</ele></trkpt><trkpt lat="46.0081871232999" lon="7.123071456167711"><ele>1107.2466590066492</ele></trkpt><trkpt lat="46.008254380823466" lon="7.123067921264168"><ele>1108.301015150462</ele></trkpt><trkpt lat="46.00831999999998" lon="7.12308"><ele>1109.09</ele></trkpt><trkpt lat="46.00839182544115" lon="7.123120382792003"><ele>1109.2929361932822</ele></trkpt><trkpt lat="46.008460577946735" lon="7.123172566675605"><ele>1109.2243522387762</ele></trkpt><trkpt lat="46.00852904148247" lon="7.123225967221403"><ele>1109.2285921648822</ele></trkpt><trkpt lat="46.0086" lon="7.12327"><ele>1109.65</ele></trkpt><trkpt lat="46.0086692380641" lon="7.123291687755024"><ele>1110.8410943782383</ele></trkpt><trkpt lat="46.00874006799969" lon="7.123302409157518"><ele>1112.5576059360296</ele></trkpt><trkpt lat="46.00880999999999" lon="7.1233200000000005"><ele>1114.08</ele></trkpt><trkpt lat="46.008880566606415" lon="7.123351180998872"><ele>1115.184251540608</ele></trkpt><trkpt lat="46.00895030075021" lon="7.123386793404259"><ele>1116.1276975395012</ele></trkpt><trkpt lat="46.0090197515922" lon="7.123423815310207"><ele>1117.0430177680905</ele></trkpt><trkpt lat="46.00908946829039" lon="7.1234592248107695"><ele>1118.0628919977862</ele></trkpt><trkpt lat="46.00916000000002" lon="7.123489999999999"><ele>1119.32</ele></trkpt><trkpt lat="46.00923295151907" lon="7.123510329909676"><ele>1121.1653603208201</ele></trkpt><trkpt lat="46.00930663087039" lon="7.12352318243099"><ele>1123.4136327041879</ele></trkpt><trkpt lat="46.00938000000001" lon="7.123539999999999"><ele>1125.46</ele></trkpt><trkpt lat="46.00945000000005" lon="7.12358"><ele>1126.26</ele></trkpt><trkpt lat="46.009499999999996" lon="7.12356"><ele>1130.35</ele></trkpt><trkpt lat="46.0095000970878" lon="7.12346170621834"><ele>1133.9534516230212</ele></trkpt><trkpt lat="46.00948999999998" lon="7.123359999999999"><ele>1136.97</ele></trkpt><trkpt lat="46.00948999999998" lon="7.12327"><ele>1140.1</ele></trkpt><trkpt lat="46.00945000000005" lon="7.123139999999999"><ele>1142.47</ele></trkpt><trkpt lat="46.00943049899277" lon="7.123042171077615"><ele>1145.6646979003726</ele></trkpt><trkpt lat="46.00941505582684" lon="7.122944244767056"><ele>1149.2368249186006</ele></trkpt><trkpt lat="46.00942000000001" lon="7.12285"><ele>1153.2</ele></trkpt><trkpt lat="46.009519999999995" lon="7.12283"><ele>1156.63</ele></trkpt><trkpt lat="46.009600000000006" lon="7.12274"><ele>1157.81</ele></trkpt><trkpt lat="46.00963000000002" lon="7.122670000000002"><ele>1157.64</ele></trkpt><trkpt lat="46.0096157276277" lon="7.122559944067841"><ele>1160.9349691631967</ele></trkpt><trkpt lat="46.009600000000006" lon="7.122449999999999"><ele>1164.27</ele></trkpt><trkpt lat="46.009619999999984" lon="7.122280000000001"><ele>1166.62</ele></trkpt><trkpt lat="46.00961000000002" lon="7.122120000000001"><ele>1169.89</ele></trkpt><trkpt lat="46.009619999999984" lon="7.121979999999999"><ele>1172.46</ele></trkpt><trkpt lat="46.00967000000001" lon="7.12182"><ele>1173.47</ele></trkpt><trkpt lat="46.009735214073096" lon="7.1217301941258215"><ele>1172.6984734126816</ele></trkpt><trkpt lat="46.009799999999984" lon="7.121639999999999"><ele>1172.27</ele></trkpt><trkpt lat="46.00981999999999" lon="7.12153"><ele>1175.22</ele></trkpt><trkpt lat="46.00985691320959" lon="7.121437463358039"><ele>1176.6129638561529</ele></trkpt><trkpt lat="46.00990000000002" lon="7.1213500000000005"><ele>1177.63</ele></trkpt><trkpt lat="46.00994503445528" lon="7.121279747732588"><ele>1178.1134401793925</ele></trkpt><trkpt lat="46.00999" lon="7.121209999999999"><ele>1179.01</ele></trkpt><trkpt lat="46.010036207762894" lon="7.121122496882766"><ele>1181.5493521483077</ele></trkpt><trkpt lat="46.01007997484436" lon="7.121033380669796"><ele>1184.5370888416303</ele></trkpt><trkpt lat="46.01012000000001" lon="7.120939999999999"><ele>1187.09</ele></trkpt><trkpt lat="46.01014923201283" lon="7.1208572379911255"><ele>1188.6425242359978</ele></trkpt><trkpt lat="46.01017539442373" lon="7.120771773653172"><ele>1189.9578742704853</ele></trkpt><trkpt lat="46.010200940830636" lon="7.120685690319659"><ele>1191.1499621869743</ele></trkpt><trkpt lat="46.01022832482664" lon="7.1206010713240975"><ele>1192.3327000689756</ele></trkpt><trkpt lat="46.010259999999995" lon="7.12052"><ele>1193.62</ele></trkpt><trkpt lat="46.010314835816345" lon="7.120428306514942"><ele>1195.5099470592634</ele></trkpt><trkpt lat="46.01037999999999" lon="7.120349999999999"><ele>1197.43</ele></trkpt><trkpt lat="46.01046" lon="7.12029"><ele>1199.26</ele></trkpt><trkpt lat="46.010528044766474" lon="7.120198849637748"><ele>1199.9198553453239</ele></trkpt><trkpt lat="46.01060000000002" lon="7.12012"><ele>1198.87</ele></trkpt><trkpt lat="46.01068435873598" lon="7.120098191213843"><ele>1194.005389564452</ele></trkpt><trkpt lat="46.01076999999998" lon="7.120090000000001"><ele>1188.15</ele></trkpt><trkpt lat="46.010829999999984" lon="7.12005"><ele>1185.5</ele></trkpt><trkpt lat="46.010899999999985" lon="7.11995"><ele>1185.16</ele></trkpt><trkpt lat="46.01095441693906" lon="7.119843825908245"><ele>1184.5893250327201</ele></trkpt><trkpt lat="46.010999999999996" lon="7.119730000000001"><ele>1184.24</ele></trkpt><trkpt lat="46.01102" lon="7.11957"><ele>1185.26</ele></trkpt><trkpt lat="46.01099000000001" lon="7.1194299999999995"><ele>1193.39</ele></trkpt><trkpt lat="46.010978017224474" lon="7.1193242549829465"><ele>1197.3192288306864</ele></trkpt><trkpt lat="46.01096661400844" lon="7.119217326689295"><ele>1200.9887428187724</ele></trkpt><trkpt lat="46.010959403787865" lon="7.119109235050994"><ele>1204.268885397472</ele></trkpt><trkpt lat="46.01096000000002" lon="7.118999999999999"><ele>1207.03</ele></trkpt><trkpt lat="46.010971518692884" lon="7.118882985004386"><ele>1209.1677292959214</ele></trkpt><trkpt lat="46.010994573662096" lon="7.1187677855362015"><ele>1210.3731501884108</ele></trkpt><trkpt lat="46.01103000000001" lon="7.11866"><ele>1210.63</ele></trkpt><trkpt lat="46.011070789650354" lon="7.1185875247966734"><ele>1209.655258854253</ele></trkpt><trkpt lat="46.01112052166159" lon="7.118525364491097"><ele>1207.7967506511654</ele></trkpt><trkpt lat="46.01116999283417" lon="7.118463021939972"><ele>1206.1223671224952</ele></trkpt><trkpt lat="46.01121000000001" lon="7.11839"><ele>1205.7</ele></trkpt><trkpt lat="46.01123750948613" lon="7.1182801549520205"><ele>1207.8606082711992</ele></trkpt><trkpt lat="46.011250989662635" lon="7.1181643011559625"><ele>1211.5680122282583</ele></trkpt><trkpt lat="46.011269999999996" lon="7.11805"><ele>1214.8</ele></trkpt><trkpt lat="46.011300269032446" lon="7.11796161235281"><ele>1215.9342146816007</ele></trkpt><trkpt lat="46.01134" lon="7.11788"><ele>1216.36</ele></trkpt><trkpt lat="46.0114" lon="7.11781"><ele>1216.33</ele></trkpt><trkpt lat="46.01148000000001" lon="7.11789"><ele>1207.48</ele></trkpt><trkpt lat="46.01149" lon="7.1179499999999996"><ele>1205.13</ele></trkpt><trkpt lat="46.01150000000001" lon="7.1180900000000005"><ele>1203.02</ele></trkpt><trkpt lat="46.011525991699536" lon="7.118177248168465"><ele>1204.8010873987919</ele></trkpt><trkpt lat="46.01155602159341" lon="7.118261170121023"><ele>1207.1398956462053</ele></trkpt><trkpt lat="46.01158554068824" lon="7.118344507013071"><ele>1209.8862560705165</ele></trkpt><trkpt lat="46.01160999999999" lon="7.118430000000001"><ele>1212.89</ele></trkpt><trkpt lat="46.01162618763818" lon="7.118559025336162"><ele>1218.70066625757</ele></trkpt><trkpt lat="46.01164000000001" lon="7.11869"><ele>1224.16</ele></trkpt><trkpt lat="46.01165873385882" lon="7.118783453825169"><ele>1226.3390626270045</ele></trkpt><trkpt lat="46.01167977323705" lon="7.118877204053619"><ele>1227.8669445542068</ele></trkpt><trkpt lat="46.011703425996956" lon="7.118969852255258"><ele>1229.2713542043057</ele></trkpt><trkpt lat="46.01173000000001" lon="7.11906"><ele>1231.08</ele></trkpt><trkpt lat="46.01177999999995" lon="7.11913"><ele>1235.04</ele></trkpt><trkpt lat="46.01182175891993" lon="7.119226066042413"><ele>1235.926761226141</ele></trkpt><trkpt lat="46.01185" lon="7.119330000000001"><ele>1235.41</ele></trkpt><trkpt lat="46.011819999999986" lon="7.1194299999999995"><ele>1231.46</ele></trkpt><trkpt lat="46.01185" lon="7.11951"><ele>1230.99</ele></trkpt><trkpt lat="46.01191052121045" lon="7.119564123211568"><ele>1231.962965637197</ele></trkpt><trkpt lat="46.01197421480579" lon="7.119610307754122"><ele>1233.1647062750349</ele></trkpt><trkpt lat="46.01204000000001" lon="7.11965"><ele>1234.24</ele></trkpt><trkpt lat="46.012119999999996" lon="7.119659999999999"><ele>1234.62</ele></trkpt><trkpt lat="46.01218497145567" lon="7.119648871816451"><ele>1237.1120943205703</ele></trkpt><trkpt lat="46.01224999999998" lon="7.119640000000001"><ele>1239.56</ele></trkpt><trkpt lat="46.01232206721322" lon="7.119640891336812"><ele>1241.1582073595237</ele></trkpt><trkpt lat="46.012394425878604" lon="7.119642115325104"><ele>1242.5619255043243</ele></trkpt><trkpt lat="46.01246675093656" lon="7.11964589364499"><ele>1243.8465399693634</ele></trkpt><trkpt lat="46.01253871732909" lon="7.119654447976585"><ele>1245.0874362896016</ele></trkpt><trkpt lat="46.01261" lon="7.119669999999999"><ele>1246.36</ele></trkpt><trkpt lat="46.012675787880525" lon="7.119692599688483"><ele>1247.565233423281</ele></trkpt><trkpt lat="46.01274041070399" lon="7.1197219151481725"><ele>1248.7291518654504</ele></trkpt><trkpt lat="46.012804139587836" lon="7.1197559307636205"><ele>1249.8714535959793</ele></trkpt><trkpt lat="46.01286724564821" lon="7.11979263091938"><ele>1251.0118368843391</ele></trkpt><trkpt lat="46.01292999999997" lon="7.119830000000001"><ele>1252.17</ele></trkpt><trkpt lat="46.01299278703728" lon="7.119873216032256"><ele>1253.5317402634746</ele></trkpt><trkpt lat="46.013049999999986" lon="7.11993"><ele>1254.6</ele></trkpt><trkpt lat="46.01310051347341" lon="7.120014125874331"><ele>1254.7314975049387</ele></trkpt><trkpt lat="46.01315" lon="7.1201"><ele>1254.72</ele></trkpt><trkpt lat="46.013206474185786" lon="7.120169241258407"><ele>1255.2160155783263</ele></trkpt><trkpt lat="46.013265300668515" lon="7.120234525009792"><ele>1255.8447789762286</ele></trkpt><trkpt lat="46.01332397681432" lon="7.120300046256282"><ele>1256.4561528860168</ele></trkpt><trkpt lat="46.01337999999997" lon="7.12037"><ele>1256.9</ele></trkpt><trkpt lat="46.013427074965726" lon="7.120439563998191"><ele>1257.0500753590281</ele></trkpt><trkpt lat="46.01347155594706" lon="7.120512774811312"><ele>1257.033282730173</ele></trkpt><trkpt lat="46.01351525895633" lon="7.1205870982187776"><ele>1256.9948487362312</ele></trkpt><trkpt lat="46.01355999999999" lon="7.120660000000001"><ele>1257.08</ele></trkpt><trkpt lat="46.01360296314425" lon="7.120728538799216"><ele>1257.3204216343809</ele></trkpt><trkpt lat="46.01364999999999" lon="7.12079"><ele>1258.05</ele></trkpt><trkpt lat="46.01371435090217" lon="7.120852732133257"><ele>1259.6745464578023</ele></trkpt><trkpt lat="46.01378103796524" lon="7.120909681794278"><ele>1261.5880274569988</ele></trkpt><trkpt lat="46.01385" lon="7.12096"><ele>1263.63</ele></trkpt><trkpt lat="46.01389" lon="7.12095"><ele>1265.08</ele></trkpt><trkpt lat="46.01393000000001" lon="7.1208800000000005"><ele>1270.62</ele></trkpt><trkpt lat="46.01393000000001" lon="7.12079"><ele>1273.12</ele></trkpt><trkpt lat="46.013879999999986" lon="7.120660000000001"><ele>1273.76</ele></trkpt><trkpt lat="46.01385999999999" lon="7.120569999999999"><ele>1274.59</ele></trkpt><trkpt lat="46.013879999999986" lon="7.12041"><ele>1280.65</ele></trkpt><trkpt lat="46.01391999999999" lon="7.120310000000001"><ele>1284.23</ele></trkpt><trkpt lat="46.01397647432117" lon="7.120215421062566"><ele>1288.614743941552</ele></trkpt><trkpt lat="46.01404000000001" lon="7.12013"><ele>1292.64</ele></trkpt><trkpt lat="46.01410428347135" lon="7.1200746048342385"><ele>1295.0677301441724</ele></trkpt><trkpt lat="46.01417207652285" lon="7.120025139672892"><ele>1297.1139700638946</ele></trkpt><trkpt lat="46.01423" lon="7.119960000000001"><ele>1299.51</ele></trkpt><trkpt lat="46.014250482587244" lon="7.119855378849042"><ele>1302.673797454288</ele></trkpt><trkpt lat="46.01427" lon="7.11975"><ele>1305.98</ele></trkpt><trkpt lat="46.01432388226084" lon="7.119700301980031"><ele>1308.418080297376</ele></trkpt><trkpt lat="46.01438999999999" lon="7.11968"><ele>1310.11</ele></trkpt><trkpt lat="46.01445635415446" lon="7.119674715074815"><ele>1311.0904923580974</ele></trkpt><trkpt lat="46.01452327077099" lon="7.119679880237479"><ele>1311.6535427738147</ele></trkpt><trkpt lat="46.01459" lon="7.11969"><ele>1311.86</ele></trkpt><trkpt lat="46.014674890475796" lon="7.119717144145976"><ele>1311.221841129371</ele></trkpt><trkpt lat="46.01476" lon="7.119740000000001"><ele>1310.38</ele></trkpt><trkpt lat="46.01483502955203" lon="7.119724354833359"><ele>1310.5110487003885</ele></trkpt><trkpt lat="46.014909999999986" lon="7.11971"><ele>1310.59</ele></trkpt><trkpt lat="46.014990088208435" lon="7.119738472744345"><ele>1309.5766945142736</ele></trkpt><trkpt lat="46.01507000000001" lon="7.119769999999999"><ele>1308.72</ele></trkpt><trkpt lat="46.015137317291114" lon="7.119780175545372"><ele>1308.6843623603822</ele></trkpt><trkpt lat="46.01520478500217" lon="7.1197881367463"><ele>1308.7631488680781</ele></trkpt><trkpt lat="46.015272354024155" lon="7.119794608554242"><ele>1308.917988540805</ele></trkpt><trkpt lat="46.015339975248324" lon="7.119800315920649"><ele>1309.11051039628</ele></trkpt><trkpt lat="46.01540759956615" lon="7.119805983796976"><ele>1309.3023434522197</ele></trkpt><trkpt lat="46.01547517786938" lon="7.119812337134674"><ele>1309.4551167263419</ele></trkpt><trkpt lat="46.01554266104991" lon="7.119820100885198"><ele>1309.5304592363627</ele></trkpt><trkpt lat="46.01561000000001" lon="7.119830000000001"><ele>1309.49</ele></trkpt><trkpt lat="46.015699885882086" lon="7.119865047867985"><ele>1308.2993220646085</ele></trkpt><trkpt lat="46.01578999999998" lon="7.11989"><ele>1307.53</ele></trkpt><trkpt lat="46.015858423573015" lon="7.11987540431677"><ele>1308.704775964662</ele></trkpt><trkpt lat="46.01592476824151" lon="7.1198454794526755"><ele>1310.5985178342983</ele></trkpt><trkpt lat="46.01598999999998" lon="7.11981"><ele>1312.33</ele></trkpt><trkpt lat="46.0160570118571" lon="7.1197756484063115"><ele>1313.377298192035</ele></trkpt><trkpt lat="46.01612257016033" lon="7.119735925648692"><ele>1314.255226791342</ele></trkpt><trkpt lat="46.01618" lon="7.11968"><ele>1315.67</ele></trkpt><trkpt lat="46.0162241682133" lon="7.119591663357079"><ele>1318.4049078721748</ele></trkpt><trkpt lat="46.01625721790201" lon="7.1194910784997525"><ele>1321.5644825741742</ele></trkpt><trkpt lat="46.01629999999999" lon="7.119399999999999"><ele>1323.96</ele></trkpt><trkpt lat="46.01635080825549" lon="7.11934149867407"><ele>1324.864649914352</ele></trkpt><trkpt lat="46.01640896559241" lon="7.119295955359814"><ele>1324.9346480080137</ele></trkpt><trkpt lat="46.01647" lon="7.11926"><ele>1324.26</ele></trkpt><trkpt lat="46.01655515231959" lon="7.119240627953305"><ele>1321.2539283850638</ele></trkpt><trkpt lat="46.01663999999998" lon="7.11922"><ele>1318.29</ele></trkpt><trkpt lat="46.016696497326286" lon="7.119180089369687"><ele>1317.7699097301856</ele></trkpt><trkpt lat="46.01675033789776" lon="7.119131659059761"><ele>1317.813036044112</ele></trkpt><trkpt lat="46.01680400952278" lon="7.119082399219954"><ele>1318.0496443359825</ele></trkpt><trkpt lat="46.016860000000015" lon="7.11904"><ele>1318.11</ele></trkpt><trkpt lat="46.016928131118675" lon="7.1190011157671975"><ele>1317.8965968914015</ele></trkpt><trkpt lat="46.01699828666749" lon="7.118970262708487"><ele>1317.5905823568132</ele></trkpt><trkpt lat="46.017070000000004" lon="7.11895"><ele>1317.17</ele></trkpt><trkpt lat="46.01713642071127" lon="7.118947623058551"><ele>1316.4355211339027</ele></trkpt><trkpt lat="46.017203185083446" lon="7.118956073370988"><ele>1315.5946180090518</ele></trkpt><trkpt lat="46.01727" lon="7.1189599999999995"><ele>1315.36</ele></trkpt><trkpt lat="46.01733349937976" lon="7.1189553536732175"><ele>1315.8131101059248</ele></trkpt><trkpt lat="46.01739683533022" lon="7.118948629433938"><ele>1316.5203432624537</ele></trkpt><trkpt lat="46.01746008060965" lon="7.118940779614571"><ele>1317.3786741498566</ele></trkpt><trkpt lat="46.01752330797608" lon="7.118932756547522"><ele>1318.285077448402</ele></trkpt><trkpt lat="46.01758659018707" lon="7.1189255125651965"><ele>1319.13652783836</ele></trkpt><trkpt lat="46.01764999999996" lon="7.118920000000001"><ele>1319.83</ele></trkpt><trkpt lat="46.017709999999994" lon="7.11893"><ele>1319.38</ele></trkpt><trkpt lat="46.01781999999999" lon="7.118999999999999"><ele>1320.57</ele></trkpt><trkpt lat="46.0178811700431" lon="7.119088068796823"><ele>1320.2299406847337</ele></trkpt><trkpt lat="46.01794000000001" lon="7.119179999999999"><ele>1320.26</ele></trkpt><trkpt lat="46.0179906108426" lon="7.11924385475216"><ele>1321.099305743025</ele></trkpt><trkpt lat="46.01804187683557" lon="7.119306545849726"><ele>1322.0369489354077</ele></trkpt><trkpt lat="46.0180935847259" lon="7.119368438433824"><ele>1323.050527555053</ele></trkpt><trkpt lat="46.018145521261445" lon="7.1194298976455785"><ele>1324.1176395798661</ele></trkpt><trkpt lat="46.018197473190746" lon="7.119491288626119"><ele>1325.2158829877535</ele></trkpt><trkpt lat="46.01824922726321" lon="7.119552976516569"><ele>1326.3228557566206</ele></trkpt><trkpt lat="46.01830057022901" lon="7.119615326458056"><ele>1327.4161558643732</ele></trkpt><trkpt lat="46.018351288839156" lon="7.119678703591705"><ele>1328.473381288917</ele></trkpt><trkpt lat="46.01840116984531" lon="7.119743473058644"><ele>1329.4721300081574</ele></trkpt><trkpt lat="46.018450000000016" lon="7.11981"><ele>1330.39</ele></trkpt><trkpt lat="46.01848999999997" lon="7.11995"><ele>1330.18</ele></trkpt><trkpt lat="46.01857135876648" lon="7.120002394116838"><ele>1331.8120753499634</ele></trkpt><trkpt lat="46.018660000000004" lon="7.12003"><ele>1333.92</ele></trkpt><trkpt lat="46.018720000000016" lon="7.12002"><ele>1335.91</ele></trkpt><trkpt lat="46.018660000000004" lon="7.120110000000002"><ele>1331.23</ele></trkpt><trkpt lat="46.01869" lon="7.120239999999999"><ele>1328.09</ele></trkpt><trkpt lat="46.01876170868781" lon="7.120277637275323"><ele>1328.5219811548698</ele></trkpt><trkpt lat="46.018840000000004" lon="7.12029"><ele>1329.64</ele></trkpt><trkpt lat="46.01891518298583" lon="7.1202880741442245"><ele>1330.797264178374</ele></trkpt><trkpt lat="46.01899000000002" lon="7.12029"><ele>1331.28</ele></trkpt><trkpt lat="46.01905999999998" lon="7.120349999999999"><ele>1327.98</ele></trkpt><trkpt lat="46.01913000000001" lon="7.120349999999999"><ele>1328.1</ele></trkpt><trkpt lat="46.01917000000001" lon="7.120300000000001"><ele>1330.03</ele></trkpt><trkpt lat="46.01925999999999" lon="7.12027"><ele>1332.05</ele></trkpt><trkpt lat="46.01932969791655" lon="7.120256226462176"><ele>1333.377222553982</ele></trkpt><trkpt lat="46.019400000000005" lon="7.1202499999999995"><ele>1334.14</ele></trkpt><trkpt lat="46.019499999999994" lon="7.12027"><ele>1332.43</ele></trkpt><trkpt lat="46.019589999999994" lon="7.1203199999999995"><ele>1330.73</ele></trkpt><trkpt lat="46.01964776249073" lon="7.1203607141614"><ele>1329.193355754608</ele></trkpt><trkpt lat="46.019704658562304" lon="7.120403563556563"><ele>1327.5465822507513</ele></trkpt><trkpt lat="46.01975999999998" lon="7.12045"><ele>1325.8</ele></trkpt><trkpt lat="46.019822221665216" lon="7.120511127946556"><ele>1323.597161933843</ele></trkpt><trkpt lat="46.01987999999999" lon="7.1205799999999995"><ele>1321.16</ele></trkpt><trkpt lat="46.01992794108764" lon="7.120649374226918"><ele>1318.661003570309</ele></trkpt><trkpt lat="46.01997349853147" lon="7.120721967251215"><ele>1316.0229336964042</ele></trkpt><trkpt lat="46.02001980671221" lon="7.120793576649903"><ele>1313.4833969742972</ele></trkpt><trkpt lat="46.02007000000001" lon="7.12086"><ele>1311.28</ele></trkpt><trkpt lat="46.02010999999999" lon="7.12085"><ele>1312.7</ele></trkpt><trkpt lat="46.020186913908276" lon="7.120778852808423"><ele>1314.8763063941926</ele></trkpt><trkpt lat="46.02026" lon="7.120700000000001"><ele>1317.17</ele></trkpt><trkpt lat="46.020309999999995" lon="7.12062"><ele>1320.23</ele></trkpt><trkpt lat="46.020339950796036" lon="7.120526950993332"><ele>1323.3235951680124</ele></trkpt><trkpt lat="46.02035999999998" lon="7.12043"><ele>1326.81</ele></trkpt><trkpt lat="46.02035000000002" lon="7.120330000000001"><ele>1332.09</ele></trkpt><trkpt lat="46.02039999999999" lon="7.12022"><ele>1335.77</ele></trkpt><trkpt lat="46.02045708439221" lon="7.120154699271025"><ele>1339.2337885547572</ele></trkpt><trkpt lat="46.02051746376688" lon="7.1200956787263125"><ele>1342.746672990258</ele></trkpt><trkpt lat="46.02057999999999" lon="7.12004"><ele>1345.93</ele></trkpt><trkpt lat="46.02062999999998" lon="7.12002"><ele>1346.29</ele></trkpt><trkpt lat="46.02070991622917" lon="7.1200115088633975"><ele>1346.810071239076</ele></trkpt><trkpt lat="46.020790000000005" lon="7.120009999999999"><ele>1347.39</ele></trkpt><trkpt lat="46.02086564203898" lon="7.120013425677333"><ele>1348.2648071194349</ele></trkpt><trkpt lat="46.02093999999999" lon="7.12003"><ele>1348.9</ele></trkpt><trkpt lat="46.021018330954725" lon="7.120066570728741"><ele>1348.8833337263707</ele></trkpt><trkpt lat="46.021094815411665" lon="7.1201111260419765"><ele>1348.5982286534606</ele></trkpt><trkpt lat="46.021169999999984" lon="7.120159999999999"><ele>1348.2</ele></trkpt><trkpt lat="46.02127000000002" lon="7.1202499999999995"><ele>1347.12</ele></trkpt><trkpt lat="46.021355819337884" lon="7.120297859531196"><ele>1347.0367882219975</ele></trkpt><trkpt lat="46.021439999999984" lon="7.120349999999999"><ele>1347.41</ele></trkpt><trkpt lat="46.021496101464756" lon="7.120399435515323"><ele>1347.9936860016787</ele></trkpt><trkpt lat="46.02155090369638" lon="7.120451756010481"><ele>1348.7205026067413</ele></trkpt><trkpt lat="46.021604655196114" lon="7.1205063587479795"><ele>1349.499476210965</ele></trkpt><trkpt lat="46.02165760446424" lon="7.120562640990317"><ele>1350.2396332101255</ele></trkpt><trkpt lat="46.02170999999998" lon="7.12062"><ele>1350.85</ele></trkpt><trkpt lat="46.02176762471839" lon="7.120690950536082"><ele>1351.1926961924023</ele></trkpt><trkpt lat="46.021819999999984" lon="7.12077"><ele>1351.16</ele></trkpt><trkpt lat="46.02185999999999" lon="7.12087"><ele>1350.37</ele></trkpt><trkpt lat="46.02187999999999" lon="7.12096"><ele>1349.57</ele></trkpt><trkpt lat="46.02194" lon="7.12103"><ele>1349.99</ele></trkpt><trkpt lat="46.0220090289364" lon="7.121061012839624"><ele>1351.4972991215368</ele></trkpt><trkpt lat="46.02208000000002" lon="7.12108"><ele>1353.44</ele></trkpt><trkpt lat="46.02215999999998" lon="7.12108"><ele>1356.72</ele></trkpt><trkpt lat="46.02223579579111" lon="7.121131457514562"><ele>1358.9883086808804</ele></trkpt><trkpt lat="46.02230999999998" lon="7.12119"><ele>1360.91</ele></trkpt><trkpt lat="46.02235000000002" lon="7.121209999999999"><ele>1361.42</ele></trkpt><trkpt lat="46.022369999999995" lon="7.12118"><ele>1363.26</ele></trkpt><trkpt lat="46.022369999999995" lon="7.1211"><ele>1364.62</ele></trkpt><trkpt lat="46.02230622990871" lon="7.121037482856052"><ele>1363.296035309549</ele></trkpt><trkpt lat="46.022237163869384" lon="7.120986123650351"><ele>1361.5880271802694</ele></trkpt><trkpt lat="46.02217000000002" lon="7.1209299999999995"><ele>1360.17</ele></trkpt><trkpt lat="46.022089999999984" lon="7.120819999999999"><ele>1360.02</ele></trkpt><trkpt lat="46.02204767198855" lon="7.120742336231858"><ele>1360.4539404710642</ele></trkpt><trkpt lat="46.022009999999995" lon="7.120660000000001"><ele>1361.16</ele></trkpt><trkpt lat="46.02199000000002" lon="7.1205799999999995"><ele>1362.35</ele></trkpt><trkpt lat="46.02199497145268" lon="7.120475060403587"><ele>1365.8810735474963</ele></trkpt><trkpt lat="46.021999999999984" lon="7.12037"><ele>1369.36</ele></trkpt><trkpt lat="46.02197999999998" lon="7.12028"><ele>1370.52</ele></trkpt><trkpt lat="46.02193872499016" lon="7.1201955482488914"><ele>1370.8830671835067</ele></trkpt><trkpt lat="46.02189601126924" lon="7.120112338604482"><ele>1371.1742514456855</ele></trkpt><trkpt lat="46.0218502919151" lon="7.120032959657832"><ele>1371.2933099850218</ele></trkpt><trkpt lat="46.02179999999998" lon="7.119960000000001"><ele>1371.14</ele></trkpt><trkpt lat="46.02174003810455" lon="7.119900069504047"><ele>1370.345425931434</ele></trkpt><trkpt lat="46.02167429976516" lon="7.119851864473341"><ele>1369.1347038700908</ele></trkpt><trkpt lat="46.02161000000002" lon="7.1198"><ele>1368.27</ele></trkpt><trkpt lat="46.02154000000002" lon="7.11971"><ele>1369.28</ele></trkpt><trkpt lat="46.02154000000002" lon="7.11965"><ele>1372.45</ele></trkpt><trkpt lat="46.02158" lon="7.11963"><ele>1373.34</ele></trkpt><trkpt lat="46.02163481583895" lon="7.1196723386772485"><ele>1373.9030997352195</ele></trkpt><trkpt lat="46.02168682745342" lon="7.119722772621008"><ele>1374.3456974263559</ele></trkpt><trkpt lat="46.021739999999994" lon="7.119769999999999"><ele>1374.99</ele></trkpt><trkpt lat="46.021829999999994" lon="7.119819999999999"><ele>1377.21</ele></trkpt><trkpt lat="46.02226999999998" lon="7.120199999999998"><ele>1384.67</ele></trkpt><trkpt lat="46.022360000000006" lon="7.1202499999999995"><ele>1386.74</ele></trkpt><trkpt lat="46.022426081244866" lon="7.120273292460474"><ele>1387.9441720710674</ele></trkpt><trkpt lat="46.02249000000001" lon="7.12027"><ele>1389.79</ele></trkpt><trkpt lat="46.02254658123281" lon="7.120217396489043"><ele>1393.0254699533498</ele></trkpt><trkpt lat="46.02259601159139" lon="7.120148355144107"><ele>1396.5943547841807</ele></trkpt><trkpt lat="46.022650000000006" lon="7.120090000000001"><ele>1400.23</ele></trkpt><trkpt lat="46.022749999999995" lon="7.12008"><ele>1405.26</ele></trkpt><trkpt lat="46.022830000000006" lon="7.120150000000001"><ele>1404.16</ele></trkpt><trkpt lat="46.022894001449956" lon="7.120168810822163"><ele>1405.4472594999218</ele></trkpt><trkpt lat="46.022958969674995" lon="7.120181091265425"><ele>1407.1851540185585</ele></trkpt><trkpt lat="46.023019999999995" lon="7.12021"><ele>1408.23</ele></trkpt><trkpt lat="46.0230773215587" lon="7.12026254876934"><ele>1408.2886412045345</ele></trkpt><trkpt lat="46.02313085709043" lon="7.120323370843493"><ele>1407.947668947263</ele></trkpt><trkpt lat="46.02318273184695" lon="7.120387918532981"><ele>1407.4243760877248</ele></trkpt><trkpt lat="46.02323507107171" lon="7.120451644148311"><ele>1406.9360554854575</ele></trkpt><trkpt lat="46.023289999999996" lon="7.12051"><ele>1406.7</ele></trkpt><trkpt lat="46.02335794285705" lon="7.120561196371704"><ele>1407.0717574881435</ele></trkpt><trkpt lat="46.02342999999999" lon="7.1206"><ele>1407.96</ele></trkpt><trkpt lat="46.02353" lon="7.12063"><ele>1409.99</ele></trkpt><trkpt lat="46.023605150450486" lon="7.120629443819428"><ele>1411.4856512996353</ele></trkpt><trkpt lat="46.0236805140552" lon="7.120622900326079"><ele>1412.9947847411422</ele></trkpt><trkpt lat="46.02375562063168" lon="7.120619906669688"><ele>1414.454025812078</ele></trkpt><trkpt lat="46.02383000000002" lon="7.12063"><ele>1415.8</ele></trkpt><trkpt lat="46.023888236536166" lon="7.120674487541746"><ele>1416.5482501918991</ele></trkpt><trkpt lat="46.02394000000002" lon="7.12074"><ele>1417.03</ele></trkpt><trkpt lat="46.02398" lon="7.1208"><ele>1417.49</ele></trkpt><trkpt lat="46.02398999999999" lon="7.120920000000002"><ele>1416.99</ele></trkpt><trkpt lat="46.02405590578942" lon="7.1209224213977125"><ele>1417.947108643219</ele></trkpt><trkpt lat="46.02412279872227" lon="7.120899398772891"><ele>1419.0553699929371</ele></trkpt><trkpt lat="46.02418999999999" lon="7.1208800000000005"><ele>1420.11</ele></trkpt><trkpt lat="46.02425996553158" lon="7.120876287065903"><ele>1421.0079226854941</ele></trkpt><trkpt lat="46.024329999999985" lon="7.1208800000000005"><ele>1421.85</ele></trkpt><trkpt lat="46.02440000000003" lon="7.120900000000001"><ele>1422.77</ele></trkpt><trkpt lat="46.02445" lon="7.12096"><ele>1422.7</ele></trkpt><trkpt lat="46.024439999999984" lon="7.121050000000001"><ele>1421.47</ele></trkpt><trkpt lat="46.02447001445985" lon="7.121154135652616"><ele>1422.1393247488375</ele></trkpt><trkpt lat="46.02451000000001" lon="7.12125"><ele>1423.98</ele></trkpt><trkpt lat="46.02454867184954" lon="7.121345826390189"><ele>1427.2631524885196</ele></trkpt><trkpt lat="46.024586267248424" lon="7.121443457850055"><ele>1431.1231642347875</ele></trkpt><trkpt lat="46.02463072902992" lon="7.121529360384892"><ele>1434.9540938636615</ele></trkpt><trkpt lat="46.024689999999985" lon="7.12159"><ele>1438.15</ele></trkpt><trkpt lat="46.02475183956491" lon="7.121613274412791"><ele>1440.0389063154257</ele></trkpt><trkpt lat="46.024817370111634" lon="7.121614255562912"><ele>1441.282907915463</ele></trkpt><trkpt lat="46.02488498087211" lon="7.121601599506637"><ele>1442.1344563577877</ele></trkpt><trkpt lat="46.02495306108579" lon="7.121583962300241"><ele>1442.8460032000748</ele></trkpt><trkpt lat="46.02501999999996" lon="7.121569999999999"><ele>1443.67</ele></trkpt><trkpt lat="46.02510240776488" lon="7.1215623753457775"><ele>1444.820833777597</ele></trkpt><trkpt lat="46.025184353794266" lon="7.121548967548675"><ele>1445.8125053160275</ele></trkpt><trkpt lat="46.025260000000024" lon="7.12151"><ele>1446.5</ele></trkpt><trkpt lat="46.02531163446549" lon="7.121458296243596"><ele>1446.7902391490904</ele></trkpt><trkpt lat="46.02535826574486" lon="7.121396845566435"><ele>1446.9403841314615</ele></trkpt><trkpt lat="46.02540215589387" lon="7.1213299692860055"><ele>1447.0064338274258</ele></trkpt><trkpt lat="46.02544556696027" lon="7.121261988719797"><ele>1447.0443871172956</ele></trkpt><trkpt lat="46.025490760984646" lon="7.121197225185298"><ele>1447.1102428813826</ele></trkpt><trkpt lat="46.025540000000014" lon="7.1211400000000005"><ele>1447.26</ele></trkpt><trkpt lat="46.02562143194131" lon="7.121087001232853"><ele>1447.4993866982031</ele></trkpt><trkpt lat="46.02571000000002" lon="7.121059999999999"><ele>1448.32</ele></trkpt><trkpt lat="46.025773707069455" lon="7.121045872097643"><ele>1449.503757290676</ele></trkpt><trkpt lat="46.0258376043523" lon="7.121034706109848"><ele>1450.8855218062854</ele></trkpt><trkpt lat="46.025901648100294" lon="7.121026604073232"><ele>1452.3844076765567</ele></trkpt><trkpt lat="46.025965794565444" lon="7.12102166802441"><ele>1453.9195290312186</ele></trkpt><trkpt lat="46.02602999999999" lon="7.121019999999998"><ele>1455.41</ele></trkpt><trkpt lat="46.02604999999999" lon="7.121059999999999"><ele>1455.95</ele></trkpt><trkpt lat="46.02598186386827" lon="7.121117513789545"><ele>1454.7550136793004</ele></trkpt><trkpt lat="46.025909733933574" lon="7.121165664231719"><ele>1453.4472154046166</ele></trkpt><trkpt lat="46.025840000000024" lon="7.121219999999999"><ele>1452.38</ele></trkpt><trkpt lat="46.02576767767192" lon="7.1213006314711125"><ele>1451.85407145215</ele></trkpt><trkpt lat="46.02570000000001" lon="7.121389999999999"><ele>1451.58</ele></trkpt><trkpt lat="46.02563000000001" lon="7.121500000000002"><ele>1450.97</ele></trkpt><trkpt lat="46.025600651097655" lon="7.121595764089587"><ele>1451.6999792016961</ele></trkpt><trkpt lat="46.02557000000003" lon="7.12169"><ele>1452.84</ele></trkpt><trkpt lat="46.02552907827352" lon="7.121764371500322"><ele>1453.9671221686879</ele></trkpt><trkpt lat="46.02548417202457" lon="7.121834306312201"><ele>1455.1584268382471</ele></trkpt><trkpt lat="46.02543967975984" lon="7.12190458796798"><ele>1456.3930180886828</ele></trkpt><trkpt lat="46.02539999999999" lon="7.121979999999999"><ele>1457.65</ele></trkpt><trkpt lat="46.02539" lon="7.122090000000001"><ele>1459.18</ele></trkpt><trkpt lat="46.02540064147759" lon="7.122188329878568"><ele>1460.4362091489054</ele></trkpt><trkpt lat="46.02541236381005" lon="7.122287130889471"><ele>1461.6663611162587</ele></trkpt><trkpt lat="46.02543040423955" lon="7.122382366455638"><ele>1462.8833325254825</ele></trkpt><trkpt lat="46.02546" lon="7.122470000000001"><ele>1464.1</ele></trkpt><trkpt lat="46.02557000000003" lon="7.12249"><ele>1465.1</ele></trkpt><trkpt lat="46.025535246133984" lon="7.1225945721319865"><ele>1465.7106913914981</ele></trkpt><trkpt lat="46.02548999999999" lon="7.122700000000001"><ele>1466.36</ele></trkpt><trkpt lat="46.025508056401904" lon="7.122809577379929"><ele>1467.7319515043112</ele></trkpt><trkpt lat="46.025550000000024" lon="7.122909999999999"><ele>1469.44</ele></trkpt><trkpt lat="46.02561000000001" lon="7.12297"><ele>1471.59</ele></trkpt><trkpt lat="46.025619999999996" lon="7.122909999999999"><ele>1470.88</ele></trkpt><trkpt lat="46.02567296904498" lon="7.122862504231799"><ele>1471.2948414743446</ele></trkpt><trkpt lat="46.025726470088685" lon="7.122816282897835"><ele>1471.7537820315808</ele></trkpt><trkpt lat="46.02578039790809" lon="7.122771084386627"><ele>1472.2467773792891</ele></trkpt><trkpt lat="46.02583464728064" lon="7.122726657086695"><ele>1472.7637832250498</ele></trkpt><trkpt lat="46.02588911298413" lon="7.122682749386553"><ele>1473.2947552764433</ele></trkpt><trkpt lat="46.02594368979677" lon="7.122639109674719"><ele>1473.8296492410495</ele></trkpt><trkpt lat="46.02599827249724" lon="7.122595486339711"><ele>1474.358420826449</ele></trkpt><trkpt lat="46.02605275586457" lon="7.122551627770047"><ele>1474.8710257402222</ele></trkpt><trkpt lat="46.02610703467826" lon="7.122507282354245"><ele>1475.357419689949</ele></trkpt><trkpt lat="46.026161003718144" lon="7.122462198480821"><ele>1475.8075583832099</ele></trkpt><trkpt lat="46.02621455776454" lon="7.122416124538294"><ele>1476.2113975275852</ele></trkpt><trkpt lat="46.02626759159811" lon="7.122368808915182"><ele>1476.5588928306552</ele></trkpt><trkpt lat="46.02631999999999" lon="7.122319999999999"><ele>1476.84</ele></trkpt><trkpt lat="46.026379137133276" lon="7.122252730442017"><ele>1476.6137922975417</ele></trkpt><trkpt lat="46.02643189597482" lon="7.122174333405413"><ele>1475.7639253976295</ele></trkpt><trkpt lat="46.026479999999985" lon="7.122090000000001"><ele>1474.92</ele></trkpt><trkpt lat="46.02652030088741" lon="7.12201039416851"><ele>1474.3301275389813</ele></trkpt><trkpt lat="46.026557942376684" lon="7.121927999911333"><ele>1473.7213273162383</ele></trkpt><trkpt lat="46.02659432875305" lon="7.121844290297182"><ele>1473.1152568913703</ele></trkpt><trkpt lat="46.02663086429792" lon="7.121760738394769"><ele>1472.5335738239755</ele></trkpt><trkpt lat="46.02666895328902" lon="7.121678817272804"><ele>1471.9979356736526</ele></trkpt><trkpt lat="46.02671000000001" lon="7.1216"><ele>1471.53</ele></trkpt><trkpt lat="46.02675462529023" lon="7.12152404486045"><ele>1471.1268686001933</ele></trkpt><trkpt lat="46.02680124797651" lon="7.121450578727597"><ele>1470.7722040947015</ele></trkpt><trkpt lat="46.02684917313227" lon="7.121378727796759"><ele>1470.4555526268973</ele></trkpt><trkpt lat="46.02689770583318" lon="7.1213076182632555"><ele>1470.1664603401525</ele></trkpt><trkpt lat="46.02694615115736" lon="7.1212363763224165"><ele>1469.8944733778399</ele></trkpt><trkpt lat="46.02699381418534" lon="7.121164128169556"><ele>1469.6291378833316</ele></trkpt><trkpt lat="46.027039999999985" lon="7.12109"><ele>1469.36</ele></trkpt><trkpt lat="46.02708851887966" lon="7.120998506964666"><ele>1469.013572139269</ele></trkpt><trkpt lat="46.027130000000014" lon="7.120900000000001"><ele>1468.98</ele></trkpt><trkpt lat="46.02715598708546" lon="7.120812844163627"><ele>1469.405641612421</ele></trkpt><trkpt lat="46.02717734751941" lon="7.1207217139123795"><ele>1470.0296548321367</ele></trkpt><trkpt lat="46.027202534197734" lon="7.120634726704944"><ele>1470.628840635784</ele></trkpt><trkpt lat="46.02723999999999" lon="7.12056"><ele>1470.98</ele></trkpt><trkpt lat="46.02729885770877" lon="7.120507076721541"><ele>1470.8383944594352</ele></trkpt><trkpt lat="46.027368640158954" lon="7.120479507525518"><ele>1470.368720616661</ele></trkpt><trkpt lat="46.02744000000002" lon="7.12046"><ele>1470</ele></trkpt><trkpt lat="46.02750349633335" lon="7.120443875727849"><ele>1469.8788979950623</ele></trkpt><trkpt lat="46.027567557237056" lon="7.120432529238947"><ele>1469.8153359422136</ele></trkpt><trkpt lat="46.02763186997336" lon="7.120423244886121"><ele>1469.778324891834</ele></trkpt><trkpt lat="46.02769612180597" lon="7.120413307022196"><ele>1469.736875894303</ele></trkpt><trkpt lat="46.02776000000001" lon="7.120399999999999"><ele>1469.66</ele></trkpt><trkpt lat="46.02784" lon="7.12036"><ele>1469.34</ele></trkpt><trkpt lat="46.02794000000001" lon="7.12028"><ele>1468.71</ele></trkpt><trkpt lat="46.02799644126904" lon="7.120197703646619"><ele>1468.3927353679276</ele></trkpt><trkpt lat="46.028048755814446" lon="7.120109521701309"><ele>1468.1277770716388</ele></trkpt><trkpt lat="46.02809999999995" lon="7.12002"><ele>1468.08</ele></trkpt><trkpt lat="46.028149999999975" lon="7.11992"><ele>1469.18</ele></trkpt><trkpt lat="46.028180136730285" lon="7.119812207514514"><ele>1469.1217376094546</ele></trkpt><trkpt lat="46.02819999999999" lon="7.1197"><ele>1468.92</ele></trkpt><trkpt lat="46.028209533561665" lon="7.119600449633155"><ele>1468.9116914965591</ele></trkpt><trkpt lat="46.02821703671366" lon="7.1195005249342795"><ele>1468.9070916463793</ele></trkpt><trkpt lat="46.028223249561265" lon="7.1194003605759635"><ele>1468.9107798153345</ele></trkpt><trkpt lat="46.02822891220934" lon="7.119300091230792"><ele>1468.9273353693002</ele></trkpt><trkpt lat="46.02823476476244" lon="7.1191998515713495"><ele>1468.96133767415</ele></trkpt><trkpt lat="46.02824154732474" lon="7.119099776270225"><ele>1469.0173660957582</ele></trkpt><trkpt lat="46.028250000000014" lon="7.118999999999999"><ele>1469.1</ele></trkpt><trkpt lat="46.028266322258865" lon="7.118878782335951"><ele>1469.4368086120267</ele></trkpt><trkpt lat="46.02828999999999" lon="7.118760000000001"><ele>1469.84</ele></trkpt><trkpt lat="46.028340000000014" lon="7.118599999999999"><ele>1469.96</ele></trkpt><trkpt lat="46.0284" lon="7.11845"><ele>1469.87</ele></trkpt><trkpt lat="46.0284513499919" lon="7.11835978958202"><ele>1469.811742441565</ele></trkpt><trkpt lat="46.028509999999976" lon="7.118280000000001"><ele>1469.74</ele></trkpt><trkpt lat="46.02855969967324" lon="7.118225033568694"><ele>1469.6596654397194</ele></trkpt><trkpt lat="46.0286099084535" lon="7.118171037283735"><ele>1469.5638815590567</ele></trkpt><trkpt lat="46.02866055937714" lon="7.118117889390518"><ele>1469.4597815315392</ele></trkpt><trkpt lat="46.02871158548081" lon="7.118065468134443"><ele>1469.354498530694</ele></trkpt><trkpt lat="46.02876291980145" lon="7.118013651760899"><ele>1469.2551657300478</ele></trkpt><trkpt lat="46.02881449537618" lon="7.117962318515287"><ele>1469.1689163031285</ele></trkpt><trkpt lat="46.02886624524238" lon="7.1179113466430035"><ele>1469.1028834234626</ele></trkpt><trkpt lat="46.02891810243771" lon="7.117860614389443"><ele>1469.0642002645775</ele></trkpt><trkpt lat="46.02897000000001" lon="7.11781"><ele>1469.06</ele></trkpt><trkpt lat="46.0289812" lon="7.1178206"><ele>1469.88</ele></trkpt><trkpt lat="46.0289812" lon="7.1178206"><ele>1469.88</ele></trkpt><trkpt lat="46.02897000000001" lon="7.11781"><ele>1469.06</ele></trkpt><trkpt lat="46.0290186411871" lon="7.117734809168787"><ele>1468.7512375709057</ele></trkpt><trkpt lat="46.029067799373045" lon="7.117660277148094"><ele>1468.5186984226193</ele></trkpt><trkpt lat="46.02911749445265" lon="7.1175864670793985"><ele>1468.3323438232628</ele></trkpt><trkpt lat="46.029167746320645" lon="7.117513442104168"><ele>1468.1621350409594</ele></trkpt><trkpt lat="46.02921857487157" lon="7.117441265363878"><ele>1467.9780333438307</ele></trkpt><trkpt lat="46.029270000000004" lon="7.117370000000001"><ele>1467.75</ele></trkpt><trkpt lat="46.02934999999999" lon="7.117289999999999"><ele>1467.15</ele></trkpt><trkpt lat="46.029412749978256" lon="7.117249750912905"><ele>1467.245758595588</ele></trkpt><trkpt lat="46.029476270105604" lon="7.117212009099923"><ele>1467.403335263873</ele></trkpt><trkpt lat="46.02954015777541" lon="7.117175468831598"><ele>1467.5986388716556</ele></trkpt><trkpt lat="46.029604010382776" lon="7.1171388243784754"><ele>1467.8075782857368</ele></trkpt><trkpt lat="46.02966742532468" lon="7.117100770011093"><ele>1468.006062372918</ele></trkpt><trkpt lat="46.02972999999999" lon="7.11706"><ele>1468.17</ele></trkpt><trkpt lat="46.0297970374034" lon="7.117004827240808"><ele>1468.2437690832726</ele></trkpt><trkpt lat="46.02985999999999" lon="7.1169400000000005"><ele>1468.29</ele></trkpt><trkpt lat="46.029949999999964" lon="7.116820000000001"><ele>1468.53</ele></trkpt><trkpt lat="46.030019999999986" lon="7.11672"><ele>1468.71</ele></trkpt><trkpt lat="46.02999" lon="7.116679999999999"><ele>1468.62</ele></trkpt><trkpt lat="46.03002845896457" lon="7.1166053216071194"><ele>1468.7250738135506</ele></trkpt><trkpt lat="46.03006953470272" lon="7.116533530554739"><ele>1468.8336974817735</ele></trkpt><trkpt lat="46.03011225106876" lon="7.116463544402848"><ele>1468.9461549005837</ele></trkpt><trkpt lat="46.03015563191987" lon="7.116394280711438"><ele>1469.0627299658968</ele></trkpt><trkpt lat="46.03019870111619" lon="7.1163246570405"><ele>1469.1837065736268</ele></trkpt><trkpt lat="46.030240482520874" lon="7.1162535909500235"><ele>1469.3093686196896</ele></trkpt><trkpt lat="46.03028" lon="7.11618"><ele>1469.44</ele></trkpt><trkpt lat="46.03031713902448" lon="7.116101585833423"><ele>1469.6142273777762</ele></trkpt><trkpt lat="46.030351079877676" lon="7.116020053784117"><ele>1469.8230048198905</ele></trkpt><trkpt lat="46.03038198079227" lon="7.115935994842754"><ele>1470.0027798520598</ele></trkpt><trkpt lat="46.03041000000003" lon="7.11585"><ele>1470.09</ele></trkpt><trkpt lat="46.030435144544505" lon="7.115766539213023"><ele>1470.078383301917</ele></trkpt><trkpt lat="46.030459511268944" lon="7.115682579819988"><ele>1470.0180009454286</ele></trkpt><trkpt lat="46.03048311129139" lon="7.115598151236348"><ele>1469.927395288035</ele></trkpt><trkpt lat="46.03050595572974" lon="7.115513282877559"><ele>1469.8251086872365</ele></trkpt><trkpt lat="46.030528055701986" lon="7.115428004159074"><ele>1469.7296835005334</ele></trkpt><trkpt lat="46.030549422325876" lon="7.115342344496351"><ele>1469.6596620854264</ele></trkpt><trkpt lat="46.030570066719314" lon="7.11525633330484"><ele>1469.633586799415</ele></trkpt><trkpt lat="46.030590000000004" lon="7.11517"><ele>1469.67</ele></trkpt><trkpt lat="46.030609916683645" lon="7.1150805184417845"><ele>1469.7485960473675</ele></trkpt><trkpt lat="46.0306292693065" lon="7.114990780102692"><ele>1469.8322652819068</ele></trkpt><trkpt lat="46.030648145405294" lon="7.114900825194573"><ele>1469.9216571335849</ele></trkpt><trkpt lat="46.03066663251663" lon="7.114810693929277"><ele>1470.017421032369</ele></trkpt><trkpt lat="46.03068481817702" lon="7.114720426518659"><ele>1470.1202064082258</ele></trkpt><trkpt lat="46.03070278992288" lon="7.11463006317457"><ele>1470.2306626911225</ele></trkpt><trkpt lat="46.030720635290436" lon="7.114539644108859"><ele>1470.349439311026</ele></trkpt><trkpt lat="46.03073844181579" lon="7.11444920953338"><ele>1470.4771856979025</ele></trkpt><trkpt lat="46.030756297035026" lon="7.114358799659979"><ele>1470.61455128172</ele></trkpt><trkpt lat="46.03077428848406" lon="7.114268454700515"><ele>1470.762185492445</ele></trkpt><trkpt lat="46.030792503698656" lon="7.114178214866835"><ele>1470.9207377600442</ele></trkpt><trkpt lat="46.03081103021452" lon="7.114088120370791"><ele>1471.090857514485</ele></trkpt><trkpt lat="46.03082995556723" lon="7.113998211424234"><ele>1471.273194185734</ele></trkpt><trkpt lat="46.0308493672922" lon="7.1139085282390155"><ele>1471.468397203758</ele></trkpt><trkpt lat="46.03086935292472" lon="7.113819111026986"><ele>1471.6771159985244</ele></trkpt><trkpt lat="46.03088999999999" lon="7.113729999999999"><ele>1471.9</ele></trkpt><trkpt lat="46.030913939742575" lon="7.113635764986733"><ele>1472.2128636817029</ele></trkpt><trkpt lat="46.030940449348904" lon="7.113542974507666"><ele>1472.6380344906497</ele></trkpt><trkpt lat="46.030968919497596" lon="7.113451315666133"><ele>1473.1434229768972</ele></trkpt><trkpt lat="46.03099874086824" lon="7.113360475565457"><ele>1473.6969396905008</ele></trkpt><trkpt lat="46.0310293041417" lon="7.113270141308968"><ele>1474.2664951815163</ele></trkpt><trkpt lat="46.031060000000004" lon="7.11318"><ele>1474.82</ele></trkpt><trkpt lat="46.03109187064331" lon="7.113089262352167"><ele>1475.3835056702055</ele></trkpt><trkpt lat="46.03112510756888" lon="7.11299952829423"><ele>1475.9793625716688</ele></trkpt><trkpt lat="46.0311590883058" lon="7.11291034320182"><ele>1476.5920302601658</ele></trkpt><trkpt lat="46.03119319038459" lon="7.112821252450564"><ele>1477.2059682914714</ele></trkpt><trkpt lat="46.031226791337296" lon="7.112731801416089"><ele>1477.805636221362</ele></trkpt><trkpt lat="46.03125926869746" lon="7.112641535474025"><ele>1478.3754936056132</ele></trkpt><trkpt lat="46.03129000000003" lon="7.11255"><ele>1478.9</ele></trkpt><trkpt lat="46.031319102130674" lon="7.112459244222856"><ele>1479.4001901195707</ele></trkpt><trkpt lat="46.031347973453286" lon="7.112368234724945"><ele>1479.9126677330673</ele></trkpt><trkpt lat="46.03137632192392" lon="7.1122768491919635"><ele>1480.41858336216</ele></trkpt><trkpt lat="46.0314038554993" lon="7.1121849653095905"><ele>1480.899087528518</ele></trkpt><trkpt lat="46.03143028213667" lon="7.112092460763522"><ele>1481.3353307538116</ele></trkpt><trkpt lat="46.03145530979373" lon="7.111999213239441"><ele>1481.70846355971</ele></trkpt><trkpt lat="46.03147864642863" lon="7.111905100423038"><ele>1481.9996364678827</ele></trkpt><trkpt lat="46.03149999999999" lon="7.111810000000001"><ele>1482.19</ele></trkpt><trkpt lat="46.03151848560036" lon="7.111722236812622"><ele>1482.304289825542</ele></trkpt><trkpt lat="46.03153676915502" lon="7.111634379703514"><ele>1482.40265420469</ele></trkpt><trkpt lat="46.03155485065706" lon="7.1115464302869915"><ele>1482.4861544374153</ele></trkpt><trkpt lat="46.031572730099576" lon="7.111458390177362"><ele>1482.5558518236885</ele></trkpt><trkpt lat="46.03159040747571" lon="7.1113702609889415"><ele>1482.6128076634805</ele></trkpt><trkpt lat="46.03160788277848" lon="7.1112820443360425"><ele>1482.6580832567618</ele></trkpt><trkpt lat="46.03162515600101" lon="7.111193741832978"><ele>1482.6927399035033</ele></trkpt><trkpt lat="46.03164222713638" lon="7.111105355094062"><ele>1482.7178389036762</ele></trkpt><trkpt lat="46.03165909617764" lon="7.111016885733607"><ele>1482.7344415572506</ele></trkpt><trkpt lat="46.03167576311791" lon="7.110928335365925"><ele>1482.743609164198</ele></trkpt><trkpt lat="46.03169222795024" lon="7.110839705605329"><ele>1482.7464030244885</ele></trkpt><trkpt lat="46.031708490667704" lon="7.110750998066132"><ele>1482.7438844380936</ele></trkpt><trkpt lat="46.03172455126339" lon="7.110662214362649"><ele>1482.7371147049835</ele></trkpt><trkpt lat="46.03174040973035" lon="7.1105733561091915"><ele>1482.7271551251292</ele></trkpt><trkpt lat="46.03175606606168" lon="7.110484424920071"><ele>1482.7150669985017</ele></trkpt><trkpt lat="46.03177152025042" lon="7.110395422409604"><ele>1482.7019116250713</ele></trkpt><trkpt lat="46.03178677228964" lon="7.110306350192099"><ele>1482.6887503048094</ele></trkpt><trkpt lat="46.031801822172405" lon="7.110217209881872"><ele>1482.6766443376866</ele></trkpt><trkpt lat="46.031816669891754" lon="7.110128003093237"><ele>1482.6666550236732</ele></trkpt><trkpt lat="46.03183131544077" lon="7.110038731440504"><ele>1482.6598436627405</ele></trkpt><trkpt lat="46.031845758812494" lon="7.1099493965379885"><ele>1482.6572715548593</ele></trkpt><trkpt lat="46.03185999999999" lon="7.109860000000001"><ele>1482.66</ele></trkpt><trkpt lat="46.03187048662527" lon="7.109763831110047"><ele>1482.6363392540866</ele></trkpt><trkpt lat="46.03187375532432" lon="7.109666182590947"><ele>1482.5641397439645</ele></trkpt><trkpt lat="46.03187264636154" lon="7.109567942776373"><ele>1482.4598703618603</ele></trkpt><trkpt lat="46.031870000000005" lon="7.10947"><ele>1482.34</ele></trkpt><trkpt lat="46.03186232060779" lon="7.109369682815161"><ele>1482.1377051445238</ele></trkpt><trkpt lat="46.03184956642574" lon="7.109269674073184"><ele>1481.8706816939593</ele></trkpt><trkpt lat="46.031839529029604" lon="7.109169828294618"><ele>1481.6708173964155</ele></trkpt><trkpt lat="46.03183999999999" lon="7.10907"><ele>1481.67</ele></trkpt><trkpt lat="46.03185283588626" lon="7.108979739343423"><ele>1481.864597811126</ele></trkpt><trkpt lat="46.03187330880732" lon="7.108892004095297"><ele>1482.1708990547568</ele></trkpt><trkpt lat="46.03189736378236" lon="7.108805399175462"><ele>1482.566901392825</ele></trkpt><trkpt lat="46.03192094583609" lon="7.108718529503752"><ele>1483.0306024872618</ele></trkpt><trkpt lat="46.03194" lon="7.10863"><ele>1483.54</ele></trkpt><trkpt lat="46.0319507506339" lon="7.10853057081129"><ele>1484.3718457165346</ele></trkpt><trkpt lat="46.03194999999999" lon="7.108430000000001"><ele>1485.41</ele></trkpt><trkpt lat="46.03191999999999" lon="7.10831"><ele>1486.69</ele></trkpt><trkpt lat="46.031890000000004" lon="7.10826"><ele>1486.97</ele></trkpt><trkpt lat="46.03182554974641" lon="7.108213395514383"><ele>1487.0877577668853</ele></trkpt><trkpt lat="46.03176008837049" lon="7.108169624600196"><ele>1487.1622546173517</ele></trkpt><trkpt lat="46.031694209288" lon="7.10812704342455"><ele>1487.2261089086483</ele></trkpt><trkpt lat="46.03162850591741" lon="7.1080840081545595"><ele>1487.311938998023</ele></trkpt><trkpt lat="46.03156357168003" lon="7.108038874957339"><ele>1487.452363242724</ele></trkpt><trkpt lat="46.03149999999999" lon="7.107989999999999"><ele>1487.68</ele></trkpt><trkpt lat="46.03144999999997" lon="7.1079"><ele>1488.95</ele></trkpt><trkpt lat="46.03144" lon="7.10775"><ele>1491.39</ele></trkpt><trkpt lat="46.03145488400977" lon="7.107660955891855"><ele>1492.058265701066</ele></trkpt><trkpt lat="46.03147037920451" lon="7.107571972338176"><ele>1492.677179302323</ele></trkpt><trkpt lat="46.03148673227652" lon="7.10748323964861"><ele>1493.2507717535236</ele></trkpt><trkpt lat="46.03150418991775" lon="7.107394948132802"><ele>1493.7830740044196</ele></trkpt><trkpt lat="46.03152299881982" lon="7.107307288100392"><ele>1494.2781170047633</ele></trkpt><trkpt lat="46.03154340567385" lon="7.1072204498610265"><ele>1494.7399317043064</ele></trkpt><trkpt lat="46.031565657170525" lon="7.107134623724347"><ele>1495.1725490528013</ele></trkpt><trkpt lat="46.03158999999999" lon="7.107050000000001"><ele>1495.58</ele></trkpt><trkpt lat="46.03164195265123" lon="7.106946423240325"><ele>1495.7615238459507</ele></trkpt><trkpt lat="46.031710000000004" lon="7.10686"><ele>1495.59</ele></trkpt><trkpt lat="46.03181000000002" lon="7.106779999999999"><ele>1495.09</ele></trkpt><trkpt lat="46.0318763824846" lon="7.106740655712535"><ele>1494.8933222250816</ele></trkpt><trkpt lat="46.03194340464707" lon="7.106703490099651"><ele>1494.7052046296938</ele></trkpt><trkpt lat="46.03201067198219" lon="7.106667172441655"><ele>1494.5272304116647</ele></trkpt><trkpt lat="46.03207778998669" lon="7.106630372018845"><ele>1494.360982768821</ele></trkpt><trkpt lat="46.03214436415912" lon="7.106591758111526"><ele>1494.2080448989902</ele></trkpt><trkpt lat="46.03221" lon="7.10655"><ele>1494.07</ele></trkpt><trkpt lat="46.0322731418652" lon="7.106496733061641"><ele>1494.0237244677053</ele></trkpt><trkpt lat="46.03232999999999" lon="7.10643"><ele>1494.05</ele></trkpt><trkpt lat="46.03237887472447" lon="7.106354547260197"><ele>1494.0817257544238</ele></trkpt><trkpt lat="46.032420000000016" lon="7.10627"><ele>1494.12</ele></trkpt><trkpt lat="46.03246000000002" lon="7.106120000000001"><ele>1494.14</ele></trkpt><trkpt lat="46.032473615207024" lon="7.106030736515408"><ele>1494.0321272095305</ele></trkpt><trkpt lat="46.03248" lon="7.1059399999999995"><ele>1493.93</ele></trkpt><trkpt lat="46.03248061290568" lon="7.105839912758646"><ele>1493.9091382940464</ele></trkpt><trkpt lat="46.03247907637091" lon="7.1057398006190935"><ele>1493.9141532364383</ele></trkpt><trkpt lat="46.03247550165075" lon="7.105639788169993"><ele>1493.9170915606114</ele></trkpt><trkpt lat="46.03246999999998" lon="7.1055399999999995"><ele>1493.89</ele></trkpt><trkpt lat="46.032455365875336" lon="7.10542994581513"><ele>1493.7538554105747</ele></trkpt><trkpt lat="46.032440000000015" lon="7.105319999999999"><ele>1493.61</ele></trkpt><trkpt lat="46.032432522308895" lon="7.1052230834219765"><ele>1493.5516510765603</ele></trkpt><trkpt lat="46.03242529503027" lon="7.105126098717676"><ele>1493.502018512878</ele></trkpt><trkpt lat="46.0324185205977" lon="7.105029041507041"><ele>1493.4586851349297</ele></trkpt><trkpt lat="46.03241240144473" lon="7.104931907410014"><ele>1493.4192337686918</ele></trkpt><trkpt lat="46.03240714000498" lon="7.104834692046537"><ele>1493.3812472401396</ele></trkpt><trkpt lat="46.03240293871216" lon="7.1047373910365526"><ele>1493.3423083752505</ele></trkpt><trkpt lat="46.03239999999999" lon="7.10464"><ele>1493.3</ele></trkpt><trkpt lat="46.03240574963715" lon="7.104544415207196"><ele>1493.2433452968016</ele></trkpt><trkpt lat="46.032420000000016" lon="7.10445"><ele>1493.21</ele></trkpt><trkpt lat="46.03243513255691" lon="7.104352231468699"><ele>1493.2560029676547</ele></trkpt><trkpt lat="46.03246000000002" lon="7.10426"><ele>1493.31</ele></trkpt><trkpt lat="46.032510943000304" lon="7.104165544501717"><ele>1493.3032156963654</ele></trkpt><trkpt lat="46.03256999999999" lon="7.104079999999999"><ele>1493.29</ele></trkpt><trkpt lat="46.03261818562491" lon="7.1040089835550955"><ele>1493.3065260474054</ele></trkpt><trkpt lat="46.03266638830384" lon="7.103937974534773"><ele>1493.3362511803953</ele></trkpt><trkpt lat="46.032714676077944" lon="7.103867078661882"><ele>1493.3730575238783</ele></trkpt><trkpt lat="46.03276311698825" lon="7.103796401659268"><ele>1493.410827202762</ele></trkpt><trkpt lat="46.03281177907548" lon="7.103726049249778"><ele>1493.443442341956</ele></trkpt><trkpt lat="46.03286073038016" lon="7.103656127156257"><ele>1493.464785066368</ele></trkpt><trkpt lat="46.0329100389425" lon="7.103586741101556"><ele>1493.468737500907</ele></trkpt><trkpt lat="46.032959772802535" lon="7.103517996808521"><ele>1493.4491817704816</ele></trkpt><trkpt lat="46.03300999999998" lon="7.103449999999999"><ele>1493.4</ele></trkpt><trkpt lat="46.03305961769786" lon="7.103384734774716"><ele>1493.2721049948514</ele></trkpt><trkpt lat="46.03311070827466" lon="7.103321685475772"><ele>1493.0431617851812</ele></trkpt><trkpt lat="46.033163944714836" lon="7.103262793438944"><ele>1492.7526376829203</ele></trkpt><trkpt lat="46.03321999999999" lon="7.103209999999999"><ele>1492.44</ele></trkpt><trkpt lat="46.033285611139384" lon="7.103169512936522"><ele>1492.1189203467488</ele></trkpt><trkpt lat="46.03335576347909" lon="7.103140502173814"><ele>1491.7805956446805</ele></trkpt><trkpt lat="46.033423034070395" lon="7.103106240324198"><ele>1491.3794731202718</ele></trkpt><trkpt lat="46.033479999999955" lon="7.10305"><ele>1490.87</ele></trkpt><trkpt lat="46.033525328020126" lon="7.102981569590865"><ele>1490.332549601096</ele></trkpt><trkpt lat="46.033569604961194" lon="7.102911725915466"><ele>1489.7954994713525</ele></trkpt><trkpt lat="46.033612888669744" lon="7.1028405696137975"><ele>1489.2573053280523</ele></trkpt><trkpt lat="46.033655236992" lon="7.102768201325851"><ele>1488.7164228884785</ele></trkpt><trkpt lat="46.03369670777402" lon="7.102694721691625"><ele>1488.1713078699145</ele></trkpt><trkpt lat="46.033737358861686" lon="7.10262023135111"><ele>1487.6204159896438</ele></trkpt><trkpt lat="46.03377724810058" lon="7.102544830944302"><ele>1487.0622029649487</ele></trkpt><trkpt lat="46.033816433336135" lon="7.102468621111197"><ele>1486.495124513113</ele></trkpt><trkpt lat="46.033854972413614" lon="7.102391702491788"><ele>1485.9176363514198</ele></trkpt><trkpt lat="46.03389292317804" lon="7.102314175726072"><ele>1485.328194197152</ele></trkpt><trkpt lat="46.03393034347426" lon="7.102236141454038"><ele>1484.725253767593</ele></trkpt><trkpt lat="46.03396729114701" lon="7.102157700315686"><ele>1484.1072707800256</ele></trkpt><trkpt lat="46.034003824040816" lon="7.102078952951008"><ele>1483.4727009517337</ele></trkpt><trkpt lat="46.034040000000005" lon="7.102"><ele>1482.82</ele></trkpt><trkpt lat="46.034076994215816" lon="7.101901622291158"><ele>1481.9243765999333</ele></trkpt><trkpt lat="46.03410498896926" lon="7.101796627806275"><ele>1480.8633819770137</ele></trkpt><trkpt lat="46.03412798924031" lon="7.101688319418255"><ele>1479.7131963655872</ele></trkpt><trkpt lat="46.03415000000001" lon="7.101580000000001"><ele>1478.55</ele></trkpt><trkpt lat="46.03416945045418" lon="7.101485213667529"><ele>1477.3359141262536</ele></trkpt><trkpt lat="46.03417000000001" lon="7.101389999999999"><ele>1476.31</ele></trkpt><trkpt lat="46.03415007998651" lon="7.1012956749372"><ele>1475.709897898208</ele></trkpt><trkpt lat="46.03412788043" lon="7.101202427507887"><ele>1475.145292727171</ele></trkpt><trkpt lat="46.034103893515876" lon="7.101110021173489"><ele>1474.6127681703288</ele></trkpt><trkpt lat="46.034078611430246" lon="7.101018219395426"><ele>1474.1089079111212</ele></trkpt><trkpt lat="46.03405252635989" lon="7.100926785635123"><ele>1473.630295632988</ele></trkpt><trkpt lat="46.03402613049259" lon="7.100835483354006"><ele>1473.1735150193695</ele></trkpt><trkpt lat="46.033999916016995" lon="7.1007440760134966"><ele>1472.7351497537052</ele></trkpt><trkpt lat="46.03397437512263" lon="7.100652327075021"><ele>1472.3117835194355</ele></trkpt><trkpt lat="46.033950000000004" lon="7.10056"><ele>1471.9</ele></trkpt><trkpt lat="46.033926788252046" lon="7.100466223214847"><ele>1471.7947365726795</ele></trkpt><trkpt lat="46.03390999999998" lon="7.100370000000001"><ele>1471.83</ele></trkpt><trkpt lat="46.03390999999998" lon="7.100200000000001"><ele>1471.43</ele></trkpt><trkpt lat="46.03393594217892" lon="7.1000802077622565"><ele>1469.8202745245542</ele></trkpt><trkpt lat="46.03395999999999" lon="7.099960000000001"><ele>1468.21</ele></trkpt><trkpt lat="46.03396697257749" lon="7.0998544883262795"><ele>1467.3725734883951</ele></trkpt><trkpt lat="46.0339702494814" lon="7.099748415780429"><ele>1466.6636262038455</ele></trkpt><trkpt lat="46.03397204009684" lon="7.099642099071438"><ele>1466.0193921750993</ele></trkpt><trkpt lat="46.033974553808356" lon="7.099535854908298"><ele>1465.3761054309016</ele></trkpt><trkpt lat="46.03397999999997" lon="7.09943"><ele>1464.67</ele></trkpt><trkpt lat="46.03400999999999" lon="7.09927"><ele>1463.25</ele></trkpt><trkpt lat="46.03404154046111" lon="7.099177022265644"><ele>1460.7557919177536</ele></trkpt><trkpt lat="46.03408000000001" lon="7.09909"><ele>1458.07</ele></trkpt><trkpt lat="46.03412729232727" lon="7.099006936664461"><ele>1455.9504114641704</ele></trkpt><trkpt lat="46.03417999999998" lon="7.09893"><ele>1454.17</ele></trkpt><trkpt lat="46.03424000000001" lon="7.09887"><ele>1453.23</ele></trkpt><trkpt lat="46.034299999999995" lon="7.09882"><ele>1452.58</ele></trkpt><trkpt lat="46.034380000000006" lon="7.098799999999999"><ele>1451.27</ele></trkpt><trkpt lat="46.03446219583158" lon="7.098740700608248"><ele>1451.198642857104</ele></trkpt><trkpt lat="46.03454" lon="7.098669999999999"><ele>1451.42</ele></trkpt><trkpt lat="46.034600000000005" lon="7.09858"><ele>1451.79</ele></trkpt><trkpt lat="46.03463808293167" lon="7.098468030357015"><ele>1452.8787624566323</ele></trkpt><trkpt lat="46.034679999999994" lon="7.09836"><ele>1453.75</ele></trkpt><trkpt lat="46.034731678032365" lon="7.098279258558625"><ele>1453.8935924327043</ele></trkpt><trkpt lat="46.034788977466526" lon="7.098206223402207"><ele>1453.7504482649797</ele></trkpt><trkpt lat="46.034850000000006" lon="7.098139999999999"><ele>1453.38</ele></trkpt><trkpt lat="46.034903929279665" lon="7.098086652240271"><ele>1452.9624676195504</ele></trkpt><trkpt lat="46.03495857473058" lon="7.098034859516793"><ele>1452.5117855511266</ele></trkpt><trkpt lat="46.035013757013985" lon="7.097984234337614"><ele>1452.0335126260902</ele></trkpt><trkpt lat="46.03506929679176" lon="7.097934389210783"><ele>1451.5332076758023</ele></trkpt><trkpt lat="46.03512501472665" lon="7.097884936644354"><ele>1451.0164295316233</ele></trkpt><trkpt lat="46.035180731481944" lon="7.097835489146378"><ele>1450.4887370249146</ele></trkpt><trkpt lat="46.03523626772177" lon="7.097785659224902"><ele>1449.955688987037</ele></trkpt><trkpt lat="46.03529144411092" lon="7.097735059387981"><ele>1449.4228442493513</ele></trkpt><trkpt lat="46.035346081314934" lon="7.097683302143663"><ele>1448.8957616432187</ele></trkpt><trkpt lat="46.03539999999999" lon="7.097629999999999"><ele>1448.38</ele></trkpt><trkpt lat="46.03545413446309" lon="7.097567979083887"><ele>1447.8891785695696</ele></trkpt><trkpt lat="46.035505230306306" lon="7.097500317774736"><ele>1447.424113032051</ele></trkpt><trkpt lat="46.03555621099909" lon="7.097432497578217"><ele>1446.8819909785072</ele></trkpt><trkpt lat="46.035609999999984" lon="7.09737"><ele>1446.16</ele></trkpt><trkpt lat="46.035666187274366" lon="7.097314950260642"><ele>1445.2571101565607</ele></trkpt><trkpt lat="46.035723790346715" lon="7.097262997744154"><ele>1444.2448529224114</ele></trkpt><trkpt lat="46.03578215085208" lon="7.097212722636112"><ele>1443.1702838435237</ele></trkpt><trkpt lat="46.03584061042821" lon="7.097162705122099"><ele>1442.080458465868</ele></trkpt><trkpt lat="46.03589851071561" lon="7.097111525387691"><ele>1441.0224323354153</ele></trkpt><trkpt lat="46.035955193357566" lon="7.097057763618465"><ele>1440.0432609981356</ele></trkpt><trkpt lat="46.03601000000001" lon="7.097000000000001"><ele>1439.19</ele></trkpt><trkpt lat="46.036058144320414" lon="7.096940730191877"><ele>1438.628223087042</ele></trkpt><trkpt lat="46.036102758027496" lon="7.096875355778574"><ele>1438.3058778883092</ele></trkpt><trkpt lat="46.03614349272077" lon="7.096804803475986"><ele>1438.1105937454217</ele></trkpt><trkpt lat="46.036179999999995" lon="7.09673"><ele>1437.93</ele></trkpt><trkpt lat="46.03621152247413" lon="7.096650936077104"><ele>1437.7665110158503</ele></trkpt><trkpt lat="46.03623887912427" lon="7.096568417252592"><ele>1437.6697452168419</ele></trkpt><trkpt lat="46.03626423757942" lon="7.0964842538795505"><ele>1437.597206909365</ele></trkpt><trkpt lat="46.03628976546417" lon="7.096400256311052"><ele>1437.5064003998066</ele></trkpt><trkpt lat="46.03631763039907" lon="7.096318234900174"><ele>1437.3548299945553</ele></trkpt><trkpt lat="46.036350000000006" lon="7.096239999999999"><ele>1437.1</ele></trkpt><trkpt lat="46.03639882385032" lon="7.096173815620937"><ele>1436.4126874635676</ele></trkpt><trkpt lat="46.036460000000005" lon="7.09613"><ele>1435.39</ele></trkpt><trkpt lat="46.03653829789962" lon="7.096092207083401"><ele>1433.9658453397478</ele></trkpt><trkpt lat="46.036618672696804" lon="7.096063703523596"><ele>1432.4905284358656</ele></trkpt><trkpt lat="46.03669999999999" lon="7.09604"><ele>1431.41</ele></trkpt><trkpt lat="46.03676312161949" lon="7.096022794914668"><ele>1430.8683556390927</ele></trkpt><trkpt lat="46.03682635929836" lon="7.09600638217235"><ele>1430.375591766913</ele></trkpt><trkpt lat="46.03688968976659" lon="7.095990598892982"><ele>1429.9236793838004</ele></trkpt><trkpt lat="46.03695308975426" lon="7.09597528219649"><ele>1429.5045894900961</ele></trkpt><trkpt lat="46.03701653599155" lon="7.095960269202811"><ele>1429.1102930861402</ele></trkpt><trkpt lat="46.03708000520875" lon="7.0959453970318735"><ele>1428.7327611722733</ele></trkpt><trkpt lat="46.037143474136265" lon="7.0959305028036095"><ele>1428.3639647488353</ele></trkpt><trkpt lat="46.0372069195046" lon="7.095915423637952"><ele>1427.9958748161675</ele></trkpt><trkpt lat="46.03727031804436" lon="7.095899996654828"><ele>1427.6204623746096</ele></trkpt><trkpt lat="46.03733364648629" lon="7.095884058974176"><ele>1427.229698424502</ele></trkpt><trkpt lat="46.03739688156118" lon="7.095867447715922"><ele>1426.8155539661852</ele></trkpt><trkpt lat="46.03746000000002" lon="7.095850000000001"><ele>1426.37</ele></trkpt><trkpt lat="46.0375241068934" lon="7.095827613463158"><ele>1425.7811527101862</ele></trkpt><trkpt lat="46.0375872414194" lon="7.09579972556902"><ele>1425.076794972947</ele></trkpt><trkpt lat="46.03764999999998" lon="7.095769999999999"><ele>1424.42</ele></trkpt><trkpt lat="46.03771593837076" lon="7.095738319839185"><ele>1423.921861010051</ele></trkpt><trkpt lat="46.03778000000001" lon="7.0957"><ele>1423.42</ele></trkpt><trkpt lat="46.03784391426674" lon="7.095653699817861"><ele>1422.7328065889083</ele></trkpt><trkpt lat="46.03790713723094" lon="7.095605435130286"><ele>1421.9920740499183</ele></trkpt><trkpt lat="46.03796929157925" lon="7.095554452877571"><ele>1421.2753044859696</ele></trkpt><trkpt lat="46.038030000000006" lon="7.0955"><ele>1420.66</ele></trkpt><trkpt lat="46.038079562351506" lon="7.095434009160031"><ele>1420.427856664784</ele></trkpt><trkpt lat="46.038129999999995" lon="7.09537"><ele>1420.27</ele></trkpt><trkpt lat="46.03819004538464" lon="7.095320565445063"><ele>1419.901682375124</ele></trkpt><trkpt lat="46.03825077141994" lon="7.095272894403805"><ele>1419.5309368777132</ele></trkpt><trkpt lat="46.03831200058225" lon="7.095226527644103"><ele>1419.155171389138</ele></trkpt><trkpt lat="46.038373555348784" lon="7.095181005933845"><ele>1418.7717937907696</ele></trkpt><trkpt lat="46.03843525819744" lon="7.095135870040905"><ele>1418.3782119639782</ele></trkpt><trkpt lat="46.03849693160698" lon="7.095090660733171"><ele>1417.971833790135</ele></trkpt><trkpt lat="46.038558398056914" lon="7.095044918778521"><ele>1417.5500671506104</ele></trkpt><trkpt lat="46.03861948002755" lon="7.094998184944836"><ele>1417.110319926775</ele></trkpt><trkpt lat="46.03868000000001" lon="7.094949999999999"><ele>1416.65</ele></trkpt><trkpt lat="46.03873706686623" lon="7.094903197170465"><ele>1416.1992576006476</ele></trkpt><trkpt lat="46.038793978904245" lon="7.094856010805484"><ele>1415.7427691470998</ele></trkpt><trkpt lat="46.038850756316734" lon="7.094808491311737"><ele>1415.2809176166618</ele></trkpt><trkpt lat="46.03890741930623" lon="7.094760689095914"><ele>1414.8140859866367</ele></trkpt><trkpt lat="46.038963988075295" lon="7.094712654564696"><ele>1414.342657234329</ele></trkpt><trkpt lat="46.039020482826295" lon="7.094664438124772"><ele>1413.8670143370427</ele></trkpt><trkpt lat="46.03907692376165" lon="7.094616090182824"><ele>1413.387540272082</ele></trkpt><trkpt lat="46.03913333108352" lon="7.094567661145542"><ele>1412.9046180167516</ele></trkpt><trkpt lat="46.03918972499412" lon="7.094519201419609"><ele>1412.418630548355</ele></trkpt><trkpt lat="46.03924612569558" lon="7.094470761411709"><ele>1411.9299608441966</ele></trkpt><trkpt lat="46.039302553389824" lon="7.094422391528529"><ele>1411.4389918815805</ele></trkpt><trkpt lat="46.039359028278845" lon="7.094374142176755"><ele>1410.9461066378108</ele></trkpt><trkpt lat="46.03941557056445" lon="7.094326063763071"><ele>1410.4516880901915</ele></trkpt><trkpt lat="46.039472200448415" lon="7.094278206694162"><ele>1409.9561192160272</ele></trkpt><trkpt lat="46.03952893813239" lon="7.094230621376717"><ele>1409.4597829926217</ele></trkpt><trkpt lat="46.039585803818" lon="7.094183358217417"><ele>1408.9630623972791</ele></trkpt><trkpt lat="46.039642817706735" lon="7.09413646762295"><ele>1408.466340407304</ele></trkpt><trkpt lat="46.03970000000002" lon="7.0940900000000005"><ele>1407.97</ele></trkpt><trkpt lat="46.03976999999999" lon="7.09407"><ele>1407.21</ele></trkpt><trkpt lat="46.03977010068615" lon="7.094158538642005"><ele>1406.5319894487411</ele></trkpt><trkpt lat="46.03974999999999" lon="7.09425"><ele>1406.04</ele></trkpt><trkpt lat="46.03973246531713" lon="7.094342569985102"><ele>1405.3820310328874</ele></trkpt><trkpt lat="46.03971267921577" lon="7.094434359498881"><ele>1404.718826744922</ele></trkpt><trkpt lat="46.03969405350545" lon="7.094526469263221"><ele>1404.0362090844956</ele></trkpt><trkpt lat="46.03968000000002" lon="7.09462"><ele>1403.32</ele></trkpt><trkpt lat="46.03967121822471" lon="7.094723500373141"><ele>1402.4652455861658</ele></trkpt><trkpt lat="46.03966634814788" lon="7.094827649253998"><ele>1401.5511434394475</ele></trkpt><trkpt lat="46.03966286895919" lon="7.094932047948285"><ele>1400.6424184996463</ele></trkpt><trkpt lat="46.03965825984733" lon="7.095036297761714"><ele>1399.8037957065635</ele></trkpt><trkpt lat="46.03965" lon="7.09514"><ele>1399.1</ele></trkpt><trkpt lat="46.03963671945668" lon="7.095244664956262"><ele>1398.5616071283887</ele></trkpt><trkpt lat="46.03962031313152" lon="7.095348531604374"><ele>1398.1575306224067</ele></trkpt><trkpt lat="46.039602547076974" lon="7.095452065774353"><ele>1397.8256505522302</ele></trkpt><trkpt lat="46.03958518734757" lon="7.09555573329622"><ele>1397.5038469880358</ele></trkpt><trkpt lat="46.03956999999999" lon="7.095659999999999"><ele>1397.13</ele></trkpt><trkpt lat="46.03956999999999" lon="7.095760000000001"><ele>1396.61</ele></trkpt><trkpt lat="46.039604839831824" lon="7.0958835695115425"><ele>1395.8960056710707</ele></trkpt><trkpt lat="46.03965" lon="7.096000000000001"><ele>1395.39</ele></trkpt><trkpt lat="46.039696135656335" lon="7.0960848157074885"><ele>1395.4651567626734</ele></trkpt><trkpt lat="46.03974999999999" lon="7.09616"><ele>1395.79</ele></trkpt><trkpt lat="46.03980000000001" lon="7.09619"><ele>1396.23</ele></trkpt><trkpt lat="46.03983" lon="7.09619"><ele>1396.25</ele></trkpt><trkpt lat="46.039883731697756" lon="7.096099176131296"><ele>1395.141378529208</ele></trkpt><trkpt lat="46.03993000000001" lon="7.096000000000001"><ele>1393.97</ele></trkpt><trkpt lat="46.03996442908275" lon="7.095894502851034"><ele>1392.8457176868235</ele></trkpt><trkpt lat="46.039999999999985" lon="7.09579"><ele>1391.78</ele></trkpt><trkpt lat="46.04004089489106" lon="7.095714500485357"><ele>1391.0442281115766</ele></trkpt><trkpt lat="46.040089999999985" lon="7.095650000000001"><ele>1390.4</ele></trkpt><trkpt lat="46.040153021622054" lon="7.095595270007392"><ele>1389.795402281467</ele></trkpt><trkpt lat="46.04022000000002" lon="7.09555"><ele>1389.16</ele></trkpt><trkpt lat="46.04027893077276" lon="7.095509299322858"><ele>1388.4105374766668</ele></trkpt><trkpt lat="46.04033851752098" lon="7.095470806593525"><ele>1387.5992470258902</ele></trkpt><trkpt lat="46.04040000000001" lon="7.09544"><ele>1386.86</ele></trkpt><trkpt lat="46.040469999999985" lon="7.09545"><ele>1386.54</ele></trkpt><trkpt lat="46.040559999999985" lon="7.0955"><ele>1387.7</ele></trkpt><trkpt lat="46.04062" lon="7.09548"><ele>1386.86</ele></trkpt><trkpt lat="46.04068056525841" lon="7.095429954932821"><ele>1385.759227189507</ele></trkpt><trkpt lat="46.04074017964382" lon="7.095377491505052"><ele>1384.6430023228954</ele></trkpt><trkpt lat="46.04079930063032" lon="7.095323784032197"><ele>1383.5204654816494</ele></trkpt><trkpt lat="46.040858385690036" lon="7.095270006829759"><ele>1382.4007567472522</ele></trkpt><trkpt lat="46.04091789229309" lon="7.095217334213244"><ele>1381.2930162011887</ele></trkpt><trkpt lat="46.04097827790772" lon="7.0951669404981565"><ele>1380.2063839249433</ele></trkpt><trkpt lat="46.04104" lon="7.09512"><ele>1379.15</ele></trkpt><trkpt lat="46.04112807913115" lon="7.095077463570481"><ele>1377.9055539478786</ele></trkpt><trkpt lat="46.041219999999974" lon="7.0950500000000005"><ele>1376.9</ele></trkpt><trkpt lat="46.041293319525685" lon="7.095029881035361"><ele>1376.2861115894407</ele></trkpt><trkpt lat="46.04136702285951" lon="7.09501219288261"><ele>1375.7704041034995</ele></trkpt><trkpt lat="46.04143999999998" lon="7.09499"><ele>1375.17</ele></trkpt><trkpt lat="46.04149" lon="7.094949999999999"><ele>1374.27</ele></trkpt><trkpt lat="46.04152656847111" lon="7.094831332665018"><ele>1372.570156279099</ele></trkpt><trkpt lat="46.04156" lon="7.094709999999999"><ele>1370.98</ele></trkpt><trkpt lat="46.04160000000003" lon="7.09464"><ele>1370.43</ele></trkpt><trkpt lat="46.04166563070583" lon="7.094615090935995"><ele>1369.7425932150609</ele></trkpt><trkpt lat="46.041733213869065" lon="7.094599864997101"><ele>1369.0595083179737</ele></trkpt><trkpt lat="46.0418" lon="7.094579999999999"><ele>1368.37</ele></trkpt><trkpt lat="46.041865417552586" lon="7.0945529839972"><ele>1367.6720836845436</ele></trkpt><trkpt lat="46.041930801574516" lon="7.094525758824834"><ele>1366.9708281095118</ele></trkpt><trkpt lat="46.04199612984349" lon="7.094498237588387"><ele>1366.2674785235336</ele></trkpt><trkpt lat="46.04206138013742" lon="7.094470333393347"><ele>1365.5632801752374</ele></trkpt><trkpt lat="46.042126530234334" lon="7.094441959345202"><ele>1364.8594783132523</ele></trkpt><trkpt lat="46.04219155791227" lon="7.094413028549443"><ele>1364.1573181862072</ele></trkpt><trkpt lat="46.04225644094946" lon="7.094383454111554"><ele>1363.4580450427306</ele></trkpt><trkpt lat="46.042321157124185" lon="7.094353149137026"><ele>1362.7629041314513</ele></trkpt><trkpt lat="46.04238568421487" lon="7.094322026731345"><ele>1362.073140700998</ele></trkpt><trkpt lat="46.04245" lon="7.09429"><ele>1361.39</ele></trkpt><trkpt lat="46.042521964790176" lon="7.094240850941902"><ele>1360.6898974109004</ele></trkpt><trkpt lat="46.04259" lon="7.094179999999999"><ele>1360.01</ele></trkpt><trkpt lat="46.04268" lon="7.09408"><ele>1358.81</ele></trkpt><trkpt lat="46.0427396437017" lon="7.094025883850393"><ele>1358.1302808655805</ele></trkpt><trkpt lat="46.042800217467516" lon="7.093973835014648"><ele>1357.4691679872365</ele></trkpt><trkpt lat="46.04286" lon="7.09392"><ele>1356.81</ele></trkpt><trkpt lat="46.042889999999986" lon="7.093880000000001"><ele>1356.44</ele></trkpt><trkpt lat="46.04291833791039" lon="7.093786103231974"><ele>1355.7698787498493</ele></trkpt><trkpt lat="46.04294373087696" lon="7.0936901581569085"><ele>1355.0956408308089</ele></trkpt><trkpt lat="46.042968954891" lon="7.093594161465858"><ele>1354.4254635368434</ele></trkpt><trkpt lat="46.04299678593857" lon="7.093500109849871"><ele>1353.7675241619188</ele></trkpt><trkpt lat="46.04302999999998" lon="7.09341"><ele>1353.13</ele></trkpt><trkpt lat="46.04313" lon="7.093310000000002"><ele>1352.37</ele></trkpt><trkpt lat="46.04319889247699" lon="7.093256813035776"><ele>1351.6853107372401</ele></trkpt><trkpt lat="46.04327000000004" lon="7.093209999999999"><ele>1351.06</ele></trkpt><trkpt lat="46.04332959429313" lon="7.0931760930239545"><ele>1350.6966823241842</ele></trkpt><trkpt lat="46.04338983875576" lon="7.0931445065905425"><ele>1350.3770589094042</ele></trkpt><trkpt lat="46.04345016383988" lon="7.093113166861857"><ele>1350.113906039922</ele></trkpt><trkpt lat="46.04351" lon="7.09308"><ele>1349.92</ele></trkpt><trkpt lat="46.043567931424896" lon="7.093044536958736"><ele>1349.7700574981473</ele></trkpt><trkpt lat="46.043625350176164" lon="7.093006913074279"><ele>1349.6256708444112</ele></trkpt><trkpt lat="46.043682454222484" lon="7.0929679772495975"><ele>1349.488918470902</ele></trkpt><trkpt lat="46.04373944153166" lon="7.09292857838766"><ele>1349.3618788097308</ele></trkpt><trkpt lat="46.04379651007068" lon="7.092889565391438"><ele>1349.2466302930081</ele></trkpt><trkpt lat="46.04385385780568" lon="7.092851787163901"><ele>1349.145251352845</ele></trkpt><trkpt lat="46.043911682702046" lon="7.09281609260802"><ele>1349.0598204213518</ele></trkpt><trkpt lat="46.04397018272425" lon="7.092783330626762"><ele>1348.9924159306395</ele></trkpt><trkpt lat="46.04402955583599" lon="7.092754350123099"><ele>1348.9451163128185</ele></trkpt><trkpt lat="46.044089999999976" lon="7.09273"><ele>1348.92</ele></trkpt><trkpt lat="46.044161453929604" lon="7.092720940919585"><ele>1349.0102290075604</ele></trkpt><trkpt lat="46.0442339985224" lon="7.092734372065749"><ele>1349.2435535682375</ele></trkpt><trkpt lat="46.04430704385317" lon="7.09275561717904"><ele>1349.517601344796</ele></trkpt><trkpt lat="46.044379999999975" lon="7.09277"><ele>1349.73</ele></trkpt><trkpt lat="46.044449999999976" lon="7.09276"><ele>1349.65</ele></trkpt><trkpt lat="46.044510705054684" lon="7.092724409818203"><ele>1348.9677999612325</ele></trkpt><trkpt lat="46.04457042590273" lon="7.092685461405588"><ele>1348.2098153547136</ele></trkpt><trkpt lat="46.044629794224804" lon="7.0926453080838705"><ele>1347.4219307675785</ele></trkpt><trkpt lat="46.04468944169885" lon="7.092606103174768"><ele>1346.6500307869624</ele></trkpt><trkpt lat="46.044749999999986" lon="7.09257"><ele>1345.94</ele></trkpt><trkpt lat="46.04483" lon="7.092549999999999"><ele>1345.53</ele></trkpt><trkpt lat="46.045030000000004" lon="7.09257"><ele>1344.71</ele></trkpt><trkpt lat="46.045092599506766" lon="7.09256867046771"><ele>1344.535874777576</ele></trkpt><trkpt lat="46.045155174177694" lon="7.092564787913889"><ele>1344.392060747671</ele></trkpt><trkpt lat="46.04521766175969" lon="7.0925585114031255"><ele>1344.2622163439303</ele></trkpt><trkpt lat="46.04528" lon="7.092549999999999"><ele>1344.13</ele></trkpt><trkpt lat="46.04535125381193" lon="7.0925370838252455"><ele>1344.011370239526</ele></trkpt><trkpt lat="46.04541999999999" lon="7.092510000000001"><ele>1343.84</ele></trkpt><trkpt lat="46.04547696809033" lon="7.092470879726636"><ele>1343.5848505666152</ele></trkpt><trkpt lat="46.04553207683363" lon="7.092425922127213"><ele>1343.299061105727</ele></trkpt><trkpt lat="46.0455867015345" lon="7.092379524664471"><ele>1343.001846361531</ele></trkpt><trkpt lat="46.04564221749211" lon="7.092336084801152"><ele>1342.7124210782238</ele></trkpt><trkpt lat="46.045700000000004" lon="7.0923"><ele>1342.45</ele></trkpt><trkpt lat="46.04576022994722" lon="7.092271621945147"><ele>1342.1892072028782</ele></trkpt><trkpt lat="46.04582139136" lon="7.092247642825707"><ele>1341.9082500170305</ele></trkpt><trkpt lat="46.04588316508243" lon="7.092226527462833"><ele>1341.6282427779738</ele></trkpt><trkpt lat="46.045945231960026" lon="7.092206740677672"><ele>1341.3702998212252</ele></trkpt><trkpt lat="46.04600727283968" lon="7.092186747291378"><ele>1341.1555354823022</ele></trkpt><trkpt lat="46.04606896856975" lon="7.092165012125105"><ele>1341.0050640967213</ele></trkpt><trkpt lat="46.04613" lon="7.09214"><ele>1340.94</ele></trkpt><trkpt lat="46.04619342093931" lon="7.092109452890649"><ele>1340.9370409945716</ele></trkpt><trkpt lat="46.0462561654327" lon="7.092075940606151"><ele>1340.9707558286038</ele></trkpt><trkpt lat="46.046318526589765" lon="7.092040780244899"><ele>1341.0565891423635</ele></trkpt><trkpt lat="46.046380797518744" lon="7.092005288905274"><ele>1341.2099855761162</ele></trkpt><trkpt lat="46.046443271326595" lon="7.09197078368566"><ele>1341.446389770129</ele></trkpt><trkpt lat="46.046506241118905" lon="7.091938581684441"><ele>1341.7812463646683</ele></trkpt><trkpt lat="46.04656999999999" lon="7.09191"><ele>1342.23</ele></trkpt><trkpt lat="46.04665471117893" lon="7.091897978903211"><ele>1343.872139235593</ele></trkpt><trkpt lat="46.04673999999999" lon="7.091890000000001"><ele>1345.79</ele></trkpt><trkpt lat="46.04682999999999" lon="7.09183"><ele>1345.98</ele></trkpt><trkpt lat="46.04691999999999" lon="7.09174"><ele>1346.02</ele></trkpt><trkpt lat="46.04693125867689" lon="7.091616332586169"><ele>1343.180429646609</ele></trkpt><trkpt lat="46.04691999999999" lon="7.09149"><ele>1339.91</ele></trkpt><trkpt lat="46.04687999999999" lon="7.091379999999999"><ele>1337.36</ele></trkpt><trkpt lat="46.04686432626967" lon="7.09126958066568"><ele>1335.503281399178</ele></trkpt><trkpt lat="46.046852234771556" lon="7.091157662115237"><ele>1333.7928242380926</ele></trkpt><trkpt lat="46.04682999999999" lon="7.091049999999999"><ele>1332.78</ele></trkpt><trkpt lat="46.046803628566195" lon="7.090968587190621"><ele>1332.4534512153755</ele></trkpt><trkpt lat="46.04677536539709" lon="7.0908885019753765"><ele>1332.2280384520582</ele></trkpt><trkpt lat="46.04674563246019" lon="7.09080944580541"><ele>1332.0925479278408</ele></trkpt><trkpt lat="46.046714851723735" lon="7.090731120131853"><ele>1332.035765860515</ele></trkpt><trkpt lat="46.046683445156816" lon="7.090653226405842"><ele>1332.0464784678738</ele></trkpt><trkpt lat="46.04665183472955" lon="7.090575466078514"><ele>1332.1134719677093</ele></trkpt><trkpt lat="46.046620442412845" lon="7.090497540601007"><ele>1332.225532577814</ele></trkpt><trkpt lat="46.0465896901787" lon="7.090419151424457"><ele>1332.37144651598</ele></trkpt><trkpt lat="46.04656" lon="7.090339999999999"><ele>1332.54</ele></trkpt><trkpt lat="46.046526310495636" lon="7.090247114994813"><ele>1332.8644370358554</ele></trkpt><trkpt lat="46.04649310951898" lon="7.090153898544058"><ele>1333.3810121324743</ele></trkpt><trkpt lat="46.046460753294106" lon="7.090060124595895"><ele>1334.0203687111657</ele></trkpt><trkpt lat="46.04642959804589" lon="7.0899655670984885"><ele>1334.713150193238</ele></trkpt><trkpt lat="46.0464" lon="7.08987"><ele>1335.39</ele></trkpt><trkpt lat="46.04637596847435" lon="7.089771733756227"><ele>1336.2217372762714</ele></trkpt><trkpt lat="46.04635999999999" lon="7.08967"><ele>1337.04</ele></trkpt><trkpt lat="46.04635999999999" lon="7.08954"><ele>1337.37</ele></trkpt><trkpt lat="46.04638199846405" lon="7.089434305387679"><ele>1337.0829482830607</ele></trkpt><trkpt lat="46.04640884404576" lon="7.08933084046585"><ele>1336.6801508717037</ele></trkpt><trkpt lat="46.046440000000004" lon="7.089229999999999"><ele>1336.34</ele></trkpt><trkpt lat="46.04647256573959" lon="7.0891398485339705"><ele>1336.1971766893832</ele></trkpt><trkpt lat="46.04650924669252" lon="7.089052906967289"><ele>1336.1184686623114</ele></trkpt><trkpt lat="46.04654999999998" lon="7.088970000000001"><ele>1335.94</ele></trkpt><trkpt lat="46.04659898766176" lon="7.088892029737277"><ele>1335.5844356550233</ele></trkpt><trkpt lat="46.04665173267331" lon="7.0888186876875325"><ele>1335.1311943796427</ele></trkpt><trkpt lat="46.04669999999999" lon="7.0887400000000005"><ele>1334.62</ele></trkpt><trkpt lat="46.04674091840462" lon="7.088630837494314"><ele>1334.0048878695352</ele></trkpt><trkpt lat="46.04678000000003" lon="7.08852"><ele>1333.14</ele></trkpt><trkpt lat="46.046818872039516" lon="7.088440807485779"><ele>1332.1399457544335</ele></trkpt><trkpt lat="46.04686000513167" lon="7.088364010567812"><ele>1330.9889672491147</ele></trkpt><trkpt lat="46.04690170220156" lon="7.088287809906952"><ele>1329.8240158665794</ele></trkpt><trkpt lat="46.0469422661793" lon="7.0882104061640625"><ele>1328.7820429893627</ele></trkpt><trkpt lat="46.04697999999998" lon="7.08813"><ele>1328</ele></trkpt><trkpt lat="46.047010582265" lon="7.088025548560779"><ele>1328.1248376624449</ele></trkpt><trkpt lat="46.04704000000001" lon="7.087920000000001"><ele>1328.73</ele></trkpt><trkpt lat="46.04707375710317" lon="7.087838906644011"><ele>1328.9250243883325</ele></trkpt><trkpt lat="46.04710908049465" lon="7.0877591464643075"><ele>1329.0950551148426</ele></trkpt><trkpt lat="46.04714536458509" lon="7.087680209066458"><ele>1329.2507998121077</ele></trkpt><trkpt lat="46.04718200378655" lon="7.087601584056037"><ele>1329.402966112707</ele></trkpt><trkpt lat="46.04721839251274" lon="7.087522761038612"><ele>1329.5622616492174</ele></trkpt><trkpt lat="46.04725392517892" lon="7.087443229619749"><ele>1329.7393940542179</ele></trkpt><trkpt lat="46.04728799620193" lon="7.087362479405022"><ele>1329.9450709602859</ele></trkpt><trkpt lat="46.04731999999997" lon="7.087279999999999"><ele>1330.19</ele></trkpt><trkpt lat="46.04734720374514" lon="7.08719926107184"><ele>1330.503465831112</ele></trkpt><trkpt lat="46.047371160757315" lon="7.087116387946979"><ele>1330.9021015842163</ele></trkpt><trkpt lat="46.047393144964424" lon="7.087032202951393"><ele>1331.337990068485</ele></trkpt><trkpt lat="46.04741443029194" lon="7.086947528411054"><ele>1331.7632140930903</ele></trkpt><trkpt lat="46.047436290663335" lon="7.086863186651931"><ele>1332.1298564672045</ele></trkpt><trkpt lat="46.047459999999994" lon="7.086780000000001"><ele>1332.39</ele></trkpt><trkpt lat="46.04749584409222" lon="7.086685499516787"><ele>1332.1966260270956</ele></trkpt><trkpt lat="46.04752999999999" lon="7.086590000000001"><ele>1331.79</ele></trkpt><trkpt lat="46.047549999999994" lon="7.0864400000000005"><ele>1331.72</ele></trkpt><trkpt lat="46.04754283334188" lon="7.086326198383889"><ele>1333.6643488625264</ele></trkpt><trkpt lat="46.04753122223784" lon="7.08621321707933"><ele>1336.0416143153213</ele></trkpt><trkpt lat="46.04752999999999" lon="7.0861"><ele>1338.08</ele></trkpt><trkpt lat="46.04755182111601" lon="7.086010471008083"><ele>1338.8394795053844</ele></trkpt><trkpt lat="46.04759" lon="7.08593"><ele>1338.95</ele></trkpt><trkpt lat="46.04765172056554" lon="7.085830617862165"><ele>1338.682158791388</ele></trkpt><trkpt lat="46.047720000000005" lon="7.08574"><ele>1338.25</ele></trkpt><trkpt lat="46.04777152590706" lon="7.0856771662313145"><ele>1337.976522620266</ele></trkpt><trkpt lat="46.04782447172685" lon="7.085616670387465"><ele>1337.6383429784548</ele></trkpt><trkpt lat="46.047877654590835" lon="7.085556591427957"><ele>1337.3499020265108</ele></trkpt><trkpt lat="46.047929891635086" lon="7.085495008312299"><ele>1337.2256407163777</ele></trkpt><trkpt lat="46.04797999999999" lon="7.085430000000001"><ele>1337.38</ele></trkpt><trkpt lat="46.04802709340958" lon="7.085357630272614"><ele>1338.0716035710734</ele></trkpt><trkpt lat="46.04806991708053" lon="7.085280061435308"><ele>1339.3214924696142</ele></trkpt><trkpt lat="46.048110000000015" lon="7.085200000000001"><ele>1340.91</ele></trkpt><trkpt lat="46.048150920388736" lon="7.085113698259255"><ele>1343.3002672279117</ele></trkpt><trkpt lat="46.04817999999999" lon="7.085020000000001"><ele>1345.97</ele></trkpt><trkpt lat="46.04817576409717" lon="7.084913116377135"><ele>1348.79396556018</ele></trkpt><trkpt lat="46.04817999999999" lon="7.08481"><ele>1350.05</ele></trkpt><trkpt lat="46.04822020108046" lon="7.084736353020315"><ele>1348.7858142651744</ele></trkpt><trkpt lat="46.04827082416568" lon="7.084674784462911"><ele>1346.69643863705</ele></trkpt><trkpt lat="46.04832103515868" lon="7.084613323674053"><ele>1344.2813436904007</ele></trkpt><trkpt lat="46.04836000000002" lon="7.0845400000000005"><ele>1342.04</ele></trkpt><trkpt lat="46.04833" lon="7.084390000000001"><ele>1340.02</ele></trkpt><trkpt lat="46.04822000000002" lon="7.08434"><ele>1343.34</ele></trkpt><trkpt lat="46.04813999999998" lon="7.08423"><ele>1344.57</ele></trkpt><trkpt lat="46.048110000000015" lon="7.0841"><ele>1343.28</ele></trkpt><trkpt lat="46.04812836064339" lon="7.084004625679866"><ele>1340.877982257527</ele></trkpt><trkpt lat="46.04813999999998" lon="7.0839099999999995"><ele>1338.63</ele></trkpt><trkpt lat="46.0480981499503" lon="7.083825099539194"><ele>1338.3211520120158</ele></trkpt><trkpt lat="46.04806" lon="7.08374"><ele>1337.64</ele></trkpt><trkpt lat="46.04811999999998" lon="7.0836"><ele>1331.49</ele></trkpt><trkpt lat="46.04811690589865" lon="7.0834742713526975"><ele>1329.1756748650987</ele></trkpt><trkpt lat="46.04811999999998" lon="7.08335"><ele>1328.63</ele></trkpt><trkpt lat="46.048146939977656" lon="7.0832599578929765"><ele>1329.8485278569008</ele></trkpt><trkpt lat="46.04818034700199" lon="7.083174394096281"><ele>1331.8350154282446</ele></trkpt><trkpt lat="46.04822108052661" lon="7.083096633251444"><ele>1333.8564952854658</ele></trkpt><trkpt lat="46.04826999999999" lon="7.083030000000001"><ele>1335.18</ele></trkpt><trkpt lat="46.0483272732521" lon="7.082984494973287"><ele>1335.3604275056782</ele></trkpt><trkpt lat="46.0483912915251" lon="7.082956624158358"><ele>1334.8558685081052</ele></trkpt><trkpt lat="46.048457164029976" lon="7.082932941264251"><ele>1334.245875256479</ele></trkpt><trkpt lat="46.04852000000001" lon="7.0828999999999995"><ele>1334.11</ele></trkpt><trkpt lat="46.048584251990036" lon="7.082842027564409"><ele>1334.9979033378859</ele></trkpt><trkpt lat="46.048645169759865" lon="7.082776151734577"><ele>1336.3811304354733</ele></trkpt><trkpt lat="46.04871" lon="7.08272"><ele>1337.35</ele></trkpt><trkpt lat="46.048774739549316" lon="7.082704174620197"><ele>1336.8892907304505</ele></trkpt><trkpt lat="46.04883999999998" lon="7.08269"><ele>1336.23</ele></trkpt><trkpt lat="46.04892999999998" lon="7.08259"><ele>1337.35</ele></trkpt><trkpt lat="46.04899509802363" lon="7.082595629257447"><ele>1335.4834868182015</ele></trkpt><trkpt lat="46.04905999999998" lon="7.0826"><ele>1333.85</ele></trkpt><trkpt lat="46.0491270503151" lon="7.082565401664058"><ele>1333.9558047339842</ele></trkpt><trkpt lat="46.04918990094403" lon="7.0825174311315395"><ele>1334.753373157876</ele></trkpt><trkpt lat="46.04924000000001" lon="7.082450000000001"><ele>1336.27</ele></trkpt><trkpt lat="46.049220000000005" lon="7.08229"><ele>1341.23</ele></trkpt><trkpt lat="46.04925067143919" lon="7.082210267488038"><ele>1340.984396798608</ele></trkpt><trkpt lat="46.04927999999999" lon="7.08213"><ele>1340.06</ele></trkpt><trkpt lat="46.049249999999994" lon="7.08197"><ele>1340.16</ele></trkpt><trkpt lat="46.04926000000001" lon="7.0819100000000015"><ele>1338.5</ele></trkpt><trkpt lat="46.04930999999998" lon="7.081769999999999"><ele>1335.43</ele></trkpt><trkpt lat="46.04935710766319" lon="7.081686360266683"><ele>1332.574052016965</ele></trkpt><trkpt lat="46.049407321091635" lon="7.0816068195268524"><ele>1329.5693482165261</ele></trkpt><trkpt lat="46.04946000000001" lon="7.08153"><ele>1326.81</ele></trkpt><trkpt lat="46.049530284844174" lon="7.081445970711525"><ele>1324.0930977899145</ele></trkpt><trkpt lat="46.049599999999984" lon="7.08136"><ele>1321.9</ele></trkpt><trkpt lat="46.04966000000002" lon="7.081229999999999"><ele>1320.6</ele></trkpt><trkpt lat="46.049677153374496" lon="7.081118266820757"><ele>1320.702692059407</ele></trkpt><trkpt lat="46.04968691002035" lon="7.0810044202843985"><ele>1321.0718458510187</ele></trkpt><trkpt lat="46.049690000000005" lon="7.08089"><ele>1321.56</ele></trkpt><trkpt lat="46.04968795105215" lon="7.0807898538566345"><ele>1322.0274686992786</ele></trkpt><trkpt lat="46.04968276201034" lon="7.08068982532194"><ele>1322.541946070537</ele></trkpt><trkpt lat="46.049675869577136" lon="7.080589873059393"><ele>1323.0840188850175</ele></trkpt><trkpt lat="46.049668710455556" lon="7.080489955732454"><ele>1323.6342739139618</ele></trkpt><trkpt lat="46.049662721349314" lon="7.080390032004597"><ele>1324.173297928612</ele></trkpt><trkpt lat="46.04965933896266" lon="7.08029006053929"><ele>1324.6816777002107</ele></trkpt><trkpt lat="46.04966000000002" lon="7.080189999999999"><ele>1325.14</ele></trkpt><trkpt lat="46.049680351630414" lon="7.080061182604753"><ele>1325.2920485511704</ele></trkpt><trkpt lat="46.04972" lon="7.0799400000000015"><ele>1325.61</ele></trkpt><trkpt lat="46.0497507012121" lon="7.079861058008664"><ele>1326.3044440021047</ele></trkpt><trkpt lat="46.04978356117818" lon="7.079784010470419"><ele>1327.1240060495536</ele></trkpt><trkpt lat="46.04981775046765" lon="7.079708119142849"><ele>1328.0150144077072</ele></trkpt><trkpt lat="46.04985243965185" lon="7.079632645783533"><ele>1328.9237973419258</ele></trkpt><trkpt lat="46.04988679930417" lon="7.079556852150056"><ele>1329.79668311757</ele></trkpt><trkpt lat="46.04992" lon="7.079480000000001"><ele>1330.58</ele></trkpt><trkpt lat="46.049970000000016" lon="7.07934"><ele>1331.18</ele></trkpt><trkpt lat="46.05000999999997" lon="7.07919"><ele>1330.92</ele></trkpt><trkpt lat="46.05002737262721" lon="7.079097139163055"><ele>1331.6147412841842</ele></trkpt><trkpt lat="46.05004313392519" lon="7.079003657674825"><ele>1332.4639626130688</ele></trkpt><trkpt lat="46.050058204738576" lon="7.078909928664894"><ele>1333.389741988712</ele></trkpt><trkpt lat="46.05007350591085" lon="7.078816325262855"><ele>1334.3141574131696</ele></trkpt><trkpt lat="46.05008995828449" lon="7.078723220598299"><ele>1335.159286888499</ele></trkpt><trkpt lat="46.05010848270091" lon="7.078630987800817"><ele>1335.847208416757</ele></trkpt><trkpt lat="46.05012999999999" lon="7.078539999999999"><ele>1336.3</ele></trkpt><trkpt lat="46.050162444868064" lon="7.0784570055533385"><ele>1335.900224775505</ele></trkpt><trkpt lat="46.050203820900094" lon="7.078380707406422"><ele>1334.7769522441472</ele></trkpt><trkpt lat="46.05024000000002" lon="7.0783"><ele>1333.97</ele></trkpt><trkpt lat="46.05025737847197" lon="7.078192783260935"><ele>1334.3846394116297</ele></trkpt><trkpt lat="46.05027999999997" lon="7.078090000000001"><ele>1334.73</ele></trkpt><trkpt lat="46.05033418829279" lon="7.078039127247666"><ele>1333.3017168939534</ele></trkpt><trkpt lat="46.05039" lon="7.07799"><ele>1332.3</ele></trkpt><trkpt lat="46.05043179553526" lon="7.077908876963929"><ele>1332.9199845207427</ele></trkpt><trkpt lat="46.050470612745116" lon="7.0778248299596"><ele>1333.785432083034</ele></trkpt><trkpt lat="46.05050759380669" lon="7.077738980832323"><ele>1334.8110679577965</ele></trkpt><trkpt lat="46.05054388089377" lon="7.0776524514274115"><ele>1335.9116174159522</ele></trkpt><trkpt lat="46.05058061617714" lon="7.077566363590179"><ele>1337.001805728423</ele></trkpt><trkpt lat="46.05061894182441" lon="7.077481839165938"><ele>1337.9963581661316</ele></trkpt><trkpt lat="46.05066" lon="7.077399999999999"><ele>1338.81</ele></trkpt><trkpt lat="46.05071949220092" lon="7.077329253123325"><ele>1338.5601259969646</ele></trkpt><trkpt lat="46.05077999999999" lon="7.07726"><ele>1338.63</ele></trkpt><trkpt lat="46.050810000000006" lon="7.077140000000002"><ele>1343.1</ele></trkpt><trkpt lat="46.05088300738369" lon="7.077066941501154"><ele>1343.5761988759032</ele></trkpt><trkpt lat="46.05096000000002" lon="7.077"><ele>1343.76</ele></trkpt><trkpt lat="46.05101585072077" lon="7.076933828308611"><ele>1345.0630299334925</ele></trkpt><trkpt lat="46.051069780701816" lon="7.076864744912525"><ele>1346.726619651887</ele></trkpt><trkpt lat="46.051123820333956" lon="7.076795789060177"><ele>1348.3143995443384</ele></trkpt><trkpt lat="46.05117999999997" lon="7.0767299999999995"><ele>1349.39</ele></trkpt><trkpt lat="46.05123636661026" lon="7.076687313848672"><ele>1348.569582724718</ele></trkpt><trkpt lat="46.051289999999995" lon="7.076640000000001"><ele>1347.6</ele></trkpt><trkpt lat="46.05134504976801" lon="7.07654035486646"><ele>1348.9438312485877</ele></trkpt><trkpt lat="46.05139000000001" lon="7.07643"><ele>1350.74</ele></trkpt><trkpt lat="46.05141967204314" lon="7.076342403585177"><ele>1351.3557497035772</ele></trkpt><trkpt lat="46.05144000000003" lon="7.07625"><ele>1352.18</ele></trkpt><trkpt lat="46.05144000000003" lon="7.07609"><ele>1355.83</ele></trkpt><trkpt lat="46.05146591115826" lon="7.076004077119513"><ele>1356.5008765775804</ele></trkpt><trkpt lat="46.051499464368604" lon="7.075923141534419"><ele>1356.6670888521874</ele></trkpt><trkpt lat="46.051539999999996" lon="7.07585"><ele>1356.19</ele></trkpt><trkpt lat="46.05158700069479" lon="7.075778942784344"><ele>1355.2156608613166</ele></trkpt><trkpt lat="46.05163523869998" lon="7.075709801433348"><ele>1354.101837948514</ele></trkpt><trkpt lat="46.05168441663117" lon="7.075642112265736"><ele>1352.8841992717769</ele></trkpt><trkpt lat="46.05173423710485" lon="7.075575411600229"><ele>1351.5984128412906</ele></trkpt><trkpt lat="46.05178440273864" lon="7.075509235755556"><ele>1350.28014666724</ele></trkpt><trkpt lat="46.05183461615124" lon="7.075443121050437"><ele>1348.9650687598103</ele></trkpt><trkpt lat="46.05188457996232" lon="7.075376603803598"><ele>1347.6888471291863</ele></trkpt><trkpt lat="46.05193399679273" lon="7.075309220333763"><ele>1346.4871497855531</ele></trkpt><trkpt lat="46.05198256926431" lon="7.075240506959656"><ele>1345.395644739096</ele></trkpt><trkpt lat="46.052029999999995" lon="7.075170000000002"><ele>1344.45</ele></trkpt><trkpt lat="46.05207744015099" lon="7.075093291469994"><ele>1343.836495967571</ele></trkpt><trkpt lat="46.05212194107654" lon="7.0750125198718985"><ele>1343.6769491305354</ele></trkpt><trkpt lat="46.05216297146357" lon="7.074927988337856"><ele>1343.8014277282323</ele></trkpt><trkpt lat="46.052200000000006" lon="7.074839999999999"><ele>1344.04</ele></trkpt><trkpt lat="46.05222576319624" lon="7.074737762390186"><ele>1344.6152162196822</ele></trkpt><trkpt lat="46.05223999999999" lon="7.07463"><ele>1345.89</ele></trkpt><trkpt lat="46.05225" lon="7.07446"><ele>1349.95</ele></trkpt><trkpt lat="46.052292629498325" lon="7.074386674489448"><ele>1349.2701158987973</ele></trkpt><trkpt lat="46.05234409141845" lon="7.074323048973964"><ele>1347.8144351086507</ele></trkpt><trkpt lat="46.05239350762002" lon="7.074257898971497"><ele>1346.371536764179</ele></trkpt><trkpt lat="46.05243" lon="7.074179999999999"><ele>1345.73</ele></trkpt><trkpt lat="46.05244773182718" lon="7.074075710138406"><ele>1346.3778317401102</ele></trkpt><trkpt lat="46.05244573486704" lon="7.073966071908789"><ele>1347.9803339055602</ele></trkpt><trkpt lat="46.05243" lon="7.073859999999999"><ele>1350.1</ele></trkpt><trkpt lat="46.052396578830944" lon="7.073765893964341"><ele>1352.9830545978798</ele></trkpt><trkpt lat="46.05235054685561" lon="7.073680896023055"><ele>1356.2611662500763</ele></trkpt><trkpt lat="46.05231000000001" lon="7.073589999999999"><ele>1358.73</ele></trkpt><trkpt lat="46.05228659612329" lon="7.073495669871721"><ele>1359.542879045286</ele></trkpt><trkpt lat="46.05226929610578" lon="7.073397366525156"><ele>1359.5141012347067</ele></trkpt><trkpt lat="46.05225" lon="7.0733"><ele>1359.52</ele></trkpt><trkpt lat="46.052221099327106" lon="7.073203768721086"><ele>1360.3298815638245</ele></trkpt><trkpt lat="46.052190233403984" lon="7.073108602070181"><ele>1361.1740166196228</ele></trkpt><trkpt lat="46.05216999999999" lon="7.073009999999999"><ele>1360.65</ele></trkpt><trkpt lat="46.05217207557822" lon="7.072915675076074"><ele>1357.7835886555151</ele></trkpt><trkpt lat="46.052185389710516" lon="7.0728236719248505"><ele>1353.643766794752</ele></trkpt><trkpt lat="46.052189999999996" lon="7.07273"><ele>1350.14</ele></trkpt><trkpt lat="46.05218128402347" lon="7.072619054468602"><ele>1347.2553955651315</ele></trkpt><trkpt lat="46.05216404184164" lon="7.072509104760885"><ele>1345.0777244846015</ele></trkpt><trkpt lat="46.05213000000001" lon="7.0724100000000005"><ele>1344.69</ele></trkpt><trkpt lat="46.05208921528816" lon="7.072334960305789"><ele>1345.7199396317772</ele></trkpt><trkpt lat="46.05204519641129" lon="7.072264566513118"><ele>1347.223087496902</ele></trkpt><trkpt lat="46.051998779693236" lon="7.072197572770386"><ele>1349.0605266741609</ele></trkpt><trkpt lat="46.0519508014602" lon="7.072132733226"><ele>1351.0933402423407</ele></trkpt><trkpt lat="46.05190209804108" lon="7.072068802028364"><ele>1353.182611280228</ele></trkpt><trkpt lat="46.051853505767696" lon="7.072004533325883"><ele>1355.1894228666092</ele></trkpt><trkpt lat="46.0518058609748" lon="7.07193868126696"><ele>1356.974858080271</ele></trkpt><trkpt lat="46.05176" lon="7.071869999999999"><ele>1358.4</ele></trkpt><trkpt lat="46.05172155858891" lon="7.071782747331279"><ele>1357.6324902692345</ele></trkpt><trkpt lat="46.05168000000001" lon="7.071699999999999"><ele>1356.76</ele></trkpt><trkpt lat="46.05162863035022" lon="7.071638685436178"><ele>1357.886376380018</ele></trkpt><trkpt lat="46.05157630897278" lon="7.07157938927489"><ele>1359.2117517448323</ele></trkpt><trkpt lat="46.051523256901646" lon="7.07152163082884"><ele>1360.6822201101427</ele></trkpt><trkpt lat="46.05146969517146" lon="7.071464929410726"><ele>1362.243875491649</ele></trkpt><trkpt lat="46.051415844817775" lon="7.071408804333252"><ele>1363.8428119050513</ele></trkpt><trkpt lat="46.051361926876936" lon="7.071352774909118"><ele>1365.4251233660498</ele></trkpt><trkpt lat="46.05130816238621" lon="7.071296360451024"><ele>1366.936903890344</ele></trkpt><trkpt lat="46.051254772383714" lon="7.071239080271672"><ele>1368.3242474936337</ele></trkpt><trkpt lat="46.051201977908384" lon="7.0711804536837635"><ele>1369.5332481916191</ele></trkpt><trkpt lat="46.05115000000001" lon="7.07112"><ele>1370.51</ele></trkpt><trkpt lat="46.05110005716478" lon="7.071055384679541"><ele>1370.9532137613062</ele></trkpt><trkpt lat="46.05105257503596" lon="7.070986635994526"><ele>1370.7790405834844</ele></trkpt><trkpt lat="46.051006064327325" lon="7.070916194969743"><ele>1370.2682605250097</ele></trkpt><trkpt lat="46.05095903574749" lon="7.070846502629973"><ele>1369.7016536443566</ele></trkpt><trkpt lat="46.05090999999997" lon="7.070780000000001"><ele>1369.36</ele></trkpt><trkpt lat="46.0508543157184" lon="7.07071826270389"><ele>1369.3211013823984</ele></trkpt><trkpt lat="46.05079604120689" lon="7.070661153493068"><ele>1369.3877194409351</ele></trkpt><trkpt lat="46.05073999999998" lon="7.070600000000001"><ele>1369.41</ele></trkpt><trkpt lat="46.050690654515115" lon="7.0705366170719985"><ele>1369.2946271578965</ele></trkpt><trkpt lat="46.050642487901165" lon="7.070471328924577"><ele>1369.0926192090674</ele></trkpt><trkpt lat="46.050594919651886" lon="7.070405079350703"><ele>1368.8795643361887</ele></trkpt><trkpt lat="46.05054736925913" lon="7.070338812143338"><ele>1368.7310507219345</ele></trkpt><trkpt lat="46.05049925621258" lon="7.070273471095449"><ele>1368.72266654898</ele></trkpt><trkpt lat="46.05045000000001" lon="7.070210000000001"><ele>1368.93</ele></trkpt><trkpt lat="46.05039206877525" lon="7.070145586880449"><ele>1370.3944093465493</ele></trkpt><trkpt lat="46.050329999999995" lon="7.07009"><ele>1372.2</ele></trkpt><trkpt lat="46.05026082666099" lon="7.070042304288106"><ele>1372.5973226654435</ele></trkpt><trkpt lat="46.05018999999997" lon="7.07"><ele>1373.24</ele></trkpt><trkpt lat="46.05013016741765" lon="7.069962414808746"><ele>1375.3214079880174</ele></trkpt><trkpt lat="46.050070000000005" lon="7.06993"><ele>1378.13</ele></trkpt><trkpt lat="46.05000442974462" lon="7.069913903768019"><ele>1381.8355531320658</ele></trkpt><trkpt lat="46.04994" lon="7.06989"><ele>1384.81</ele></trkpt><trkpt lat="46.04988132071683" lon="7.06983244168222"><ele>1384.9871462688143</ele></trkpt><trkpt lat="46.04982999999997" lon="7.06976"><ele>1383.98</ele></trkpt><trkpt lat="46.04978649095831" lon="7.069686220369986"><ele>1382.8983070519903</ele></trkpt><trkpt lat="46.04974585810899" lon="7.069608972286373"><ele>1381.5508169140812</ele></trkpt><trkpt lat="46.049704796207656" lon="7.069532238059573"><ele>1380.4354183191313</ele></trkpt><trkpt lat="46.04966000000002" lon="7.069459999999999"><ele>1380.05</ele></trkpt><trkpt lat="46.049614414532364" lon="7.06939569862799"><ele>1380.2687680071376</ele></trkpt><trkpt lat="46.04956811996002" lon="7.069332535237561"><ele>1380.633714383763</ele></trkpt><trkpt lat="46.04952126431865" lon="7.069270274866621"><ele>1381.1207915740565</ele></trkpt><trkpt lat="46.04947399564446" lon="7.069208682553074"><ele>1381.7059520221987</ele></trkpt><trkpt lat="46.04942646197417" lon="7.069147523334834"><ele>1382.365148172371</ele></trkpt><trkpt lat="46.049378811344916" lon="7.069086562249808"><ele>1383.0743324687535</ele></trkpt><trkpt lat="46.04933119179441" lon="7.069025564335902"><ele>1383.809457355527</ele></trkpt><trkpt lat="46.04928375136085" lon="7.068964294631027"><ele>1384.5464752768721</ele></trkpt><trkpt lat="46.049236638083" lon="7.06890251817309"><ele>1385.2613386769697</ele></trkpt><trkpt lat="46.04919000000002" lon="7.068840000000001"><ele>1385.93</ele></trkpt><trkpt lat="46.049129999999984" lon="7.06874"><ele>1387.34</ele></trkpt><trkpt lat="46.049074778408205" lon="7.068678384453208"><ele>1389.2333136039638</ele></trkpt><trkpt lat="46.0490181693499" lon="7.068619664249992"><ele>1391.2677231092523</ele></trkpt><trkpt lat="46.04896117108547" lon="7.068561751820174"><ele>1393.3354758125588</ele></trkpt><trkpt lat="46.04890478187935" lon="7.068502559593568"><ele>1395.328819010577</ele></trkpt><trkpt lat="46.048850000000016" lon="7.06844"><ele>1397.14</ele></trkpt><trkpt lat="46.04880010763376" lon="7.068359979721096"><ele>1398.2923967460215</ele></trkpt><trkpt lat="46.04874999999998" lon="7.068280000000001"><ele>1399.27</ele></trkpt><trkpt lat="46.048650000000016" lon="7.0682"><ele>1402.15</ele></trkpt><trkpt lat="46.04859317623911" lon="7.068130735063365"><ele>1403.1136148646458</ele></trkpt><trkpt lat="46.04853815849677" lon="7.068058214681697"><ele>1403.885849511767</ele></trkpt><trkpt lat="46.04848406150691" lon="7.067984086959181"><ele>1404.5851594030046</ele></trkpt><trkpt lat="46.04842999999999" lon="7.067910000000001"><ele>1405.33</ele></trkpt><trkpt lat="46.04836670259795" lon="7.067829189070626"><ele>1406.5418169163</ele></trkpt><trkpt lat="46.04831000000002" lon="7.067739999999999"><ele>1407.2</ele></trkpt><trkpt lat="46.048290000000016" lon="7.06762"><ele>1404.76</ele></trkpt><trkpt lat="46.04824890343679" lon="7.067544725042198"><ele>1405.5138782731178</ele></trkpt><trkpt lat="46.048199999999994" lon="7.067480000000001"><ele>1407.17</ele></trkpt><trkpt lat="46.048100000000005" lon="7.067389999999999"><ele>1411.54</ele></trkpt><trkpt lat="46.04803992126549" lon="7.067311748991721"><ele>1414.3664527335563</ele></trkpt><trkpt lat="46.04799" lon="7.067220000000001"><ele>1415.93</ele></trkpt><trkpt lat="46.04796131673415" lon="7.0671323950641165"><ele>1415.3153321069044</ele></trkpt><trkpt lat="46.047938701918085" lon="7.067040994911286"><ele>1413.9197109671757</ele></trkpt><trkpt lat="46.0479167361453" lon="7.066949097302813"><ele>1412.449234343859</ele></trkpt><trkpt lat="46.04788999999999" lon="7.06686"><ele>1411.61</ele></trkpt><trkpt lat="46.04785433349306" lon="7.066773427616587"><ele>1411.6762883143783</ele></trkpt><trkpt lat="46.047814394253436" lon="7.0666904208574"><ele>1412.250888371709</ele></trkpt><trkpt lat="46.04777475788388" lon="7.066607203669514"><ele>1413.0025442431847</ele></trkpt><trkpt lat="46.047740000000005" lon="7.066520000000001"><ele>1413.6</ele></trkpt><trkpt lat="46.047729999999994" lon="7.06639"><ele>1413.74</ele></trkpt><trkpt lat="46.047788599999976" lon="7.0663904"><ele>1409.34</ele></trkpt><trkpt lat="46.047788599999976" lon="7.0663904"><ele>1409.34</ele></trkpt><trkpt lat="46.047729999999994" lon="7.06639"><ele>1413.74</ele></trkpt><trkpt lat="46.04772261297145" lon="7.0662881921242615"><ele>1413.3089285359663</ele></trkpt><trkpt lat="46.0477278054652" lon="7.066184128147493"><ele>1411.9119402289753</ele></trkpt><trkpt lat="46.047729999999994" lon="7.0660799999999995"><ele>1410.91</ele></trkpt><trkpt lat="46.04770999999999" lon="7.065929999999999"><ele>1412.18</ele></trkpt><trkpt lat="46.04766999999998" lon="7.065839999999999"><ele>1413.83</ele></trkpt><trkpt lat="46.047620000000016" lon="7.065839999999999"><ele>1417.84</ele></trkpt><trkpt lat="46.04756014385993" lon="7.065803965106403"><ele>1421.2418738284969</ele></trkpt><trkpt lat="46.047499731194755" lon="7.065768538308681"><ele>1424.6482920333103</ele></trkpt><trkpt lat="46.047439636237584" lon="7.065731574003009"><ele>1427.9717841836539</ele></trkpt><trkpt lat="46.04738073322516" lon="7.065690926585556"><ele>1431.124879848741</ele></trkpt><trkpt lat="46.047323896398" lon="7.065644450452497"><ele>1434.020108597785</ele></trkpt><trkpt lat="46.047269999999976" lon="7.065590000000001"><ele>1436.57</ele></trkpt><trkpt lat="46.04721863830443" lon="7.065518241622116"><ele>1438.5874809216182</ele></trkpt><trkpt lat="46.047174932278956" lon="7.065433921356832"><ele>1439.815774428516</ele></trkpt><trkpt lat="46.04713626011635" lon="7.065342640413133"><ele>1440.5936807211558</ele></trkpt><trkpt lat="46.04709999999999" lon="7.065250000000001"><ele>1441.26</ele></trkpt><trkpt lat="46.04707884555467" lon="7.065135902051866"><ele>1441.104743093886</ele></trkpt><trkpt lat="46.04705" lon="7.06503"><ele>1441</ele></trkpt><trkpt lat="46.04695000000001" lon="7.065019999999999"><ele>1443.71</ele></trkpt><trkpt lat="46.04693000000001" lon="7.06496"><ele>1444.59</ele></trkpt><trkpt lat="46.04687" lon="7.064920000000001"><ele>1446.45</ele></trkpt><trkpt lat="46.04681999999998" lon="7.06481"><ele>1447.96</ele></trkpt><trkpt lat="46.046769614527804" lon="7.064739801336509"><ele>1449.6648877909256</ele></trkpt><trkpt lat="46.0467170997265" lon="7.064672862465697"><ele>1451.5201429761664</ele></trkpt><trkpt lat="46.04667" lon="7.0645999999999995"><ele>1453.79</ele></trkpt><trkpt lat="46.04663192891104" lon="7.06452774300464"><ele>1456.2292035483802</ele></trkpt><trkpt lat="46.04659443366499" lon="7.064455149183765"><ele>1458.8161546810009</ele></trkpt><trkpt lat="46.04655766506694" lon="7.064381995092325"><ele>1461.4947719559736</ele></trkpt><trkpt lat="46.04652177392236" lon="7.064308057285273"><ele>1464.2089739314092</ele></trkpt><trkpt lat="46.0464869110371" lon="7.064233112317563"><ele>1466.9026791654187</ele></trkpt><trkpt lat="46.046453227217256" lon="7.064156936744146"><ele>1469.5198062161128</ele></trkpt><trkpt lat="46.04642087326933" lon="7.064079307119974"><ele>1472.004273641603</ele></trkpt><trkpt lat="46.04639000000001" lon="7.064"><ele>1474.3</ele></trkpt><trkpt lat="46.04636083349931" lon="7.063918262371219"><ele>1476.4299176346376</ele></trkpt><trkpt lat="46.04633372544255" lon="7.0638347379536155"><ele>1478.426142686104</ele></trkpt><trkpt lat="46.0463084169213" lon="7.063749703489099"><ele>1480.2897643202316</ele></trkpt><trkpt lat="46.046284649026354" lon="7.063663435719571"><ele>1482.0218717028529</ele></trkpt><trkpt lat="46.04626216284808" lon="7.06357621138694"><ele>1483.6235539997995</ele></trkpt><trkpt lat="46.046240699476186" lon="7.063488307233114"><ele>1485.0959003769046</ele></trkpt><trkpt lat="46.04622" lon="7.0634"><ele>1486.44</ele></trkpt><trkpt lat="46.04620337695482" lon="7.063313368317287"><ele>1487.388777060868</ele></trkpt><trkpt lat="46.0461909161553" lon="7.0632247077790025"><ele>1487.9231556279983</ele></trkpt><trkpt lat="46.04617976687966" lon="7.063135363082078"><ele>1488.2751456646947</ele></trkpt><trkpt lat="46.04616707840359" lon="7.063046678923434"><ele>1488.6767571342607</ele></trkpt><trkpt lat="46.046150000000004" lon="7.0629599999999995"><ele>1489.36</ele></trkpt><trkpt lat="46.04611635784482" lon="7.062884033172884"><ele>1490.8577535987283</ele></trkpt><trkpt lat="46.04608000000003" lon="7.062809999999999"><ele>1492.68</ele></trkpt><trkpt lat="46.046058225863426" lon="7.062711110184925"><ele>1494.4194146764985</ele></trkpt><trkpt lat="46.04604" lon="7.06261"><ele>1495.99</ele></trkpt><trkpt lat="46.04599999999999" lon="7.062459999999999"><ele>1497.82</ele></trkpt><trkpt lat="46.04595357905961" lon="7.06237573685906"><ele>1499.4029843983333</ele></trkpt><trkpt lat="46.04590247731133" lon="7.062296953525567"><ele>1501.058525613914</ele></trkpt><trkpt lat="46.045849999999966" lon="7.062219999999999"><ele>1502.7</ele></trkpt><trkpt lat="46.04579936158812" lon="7.062141550161201"><ele>1504.0666110958214</ele></trkpt><trkpt lat="46.04574739619568" lon="7.0620650022228855"><ele>1505.417657090767</ele></trkpt><trkpt lat="46.04568999999999" lon="7.061999999999999"><ele>1507.38</ele></trkpt><trkpt lat="46.04563389297039" lon="7.061955905967489"><ele>1509.8220851126412</ele></trkpt><trkpt lat="46.0455754443772" lon="7.061919673177493"><ele>1512.6107501276356</ele></trkpt><trkpt lat="46.04551604929584" lon="7.0618864874037515"><ele>1515.5233725863095</ele></trkpt><trkpt lat="46.0454571028077" lon="7.061851534420007"><ele>1518.337330029989</ele></trkpt><trkpt lat="46.04539999999999" lon="7.0618099999999995"><ele>1520.83</ele></trkpt><trkpt lat="46.04533234492296" lon="7.061735832204132"><ele>1522.8669907839821</ele></trkpt><trkpt lat="46.04527000000001" lon="7.06165"><ele>1524.4</ele></trkpt><trkpt lat="46.04519999999999" lon="7.061540000000001"><ele>1527.08</ele></trkpt><trkpt lat="46.04519999999999" lon="7.061470000000001"><ele>1526.8</ele></trkpt><trkpt lat="46.04518000000001" lon="7.06143"><ele>1526.55</ele></trkpt><trkpt lat="46.04517465673972" lon="7.061327316084438"><ele>1525.8071062287945</ele></trkpt><trkpt lat="46.04516000000001" lon="7.061229999999999"><ele>1525.6</ele></trkpt><trkpt lat="46.04506000000002" lon="7.061130000000001"><ele>1528.54</ele></trkpt><trkpt lat="46.04501" lon="7.06104"><ele>1529.51</ele></trkpt><trkpt lat="46.04495462268801" lon="7.060980260491068"><ele>1530.6550660690914</ele></trkpt><trkpt lat="46.04489793217975" lon="7.060923001480482"><ele>1531.8089954557804</ele></trkpt><trkpt lat="46.04483977558178" lon="7.060869241729656"><ele>1533.070927114579</ele></trkpt><trkpt lat="46.04478" lon="7.060819999999999"><ele>1534.54</ele></trkpt><trkpt lat="46.04472397527771" lon="7.060772910423954"><ele>1536.0032382496129</ele></trkpt><trkpt lat="46.044667457784634" lon="7.060723171261784"><ele>1537.5016080957375</ele></trkpt><trkpt lat="46.04460995265375" lon="7.0606789768876395"><ele>1539.1423588170562</ele></trkpt><trkpt lat="46.04455096501598" lon="7.060648521675662"><ele>1541.0327396922498</ele></trkpt><trkpt lat="46.04449" lon="7.060639999999999"><ele>1543.28</ele></trkpt><trkpt lat="46.04442175378651" lon="7.060692679145257"><ele>1546.5563915950574</ele></trkpt><trkpt lat="46.04436557464012" lon="7.0607897230774554"><ele>1549.9660171585283</ele></trkpt><trkpt lat="46.04429999999999" lon="7.06086"><ele>1553.56</ele></trkpt><trkpt lat="46.04421741784984" lon="7.060850723069951"><ele>1556.9809715885713</ele></trkpt><trkpt lat="46.04413999999999" lon="7.060789999999999"><ele>1560.02</ele></trkpt><trkpt lat="46.04409925008726" lon="7.060717861573399"><ele>1562.1529279854876</ele></trkpt><trkpt lat="46.04407" lon="7.060629999999999"><ele>1563.66</ele></trkpt><trkpt lat="46.04403948648681" lon="7.060546571028082"><ele>1564.652326339568</ele></trkpt><trkpt lat="46.04400851437819" lon="7.0604631803814275"><ele>1565.5103214638036</ele></trkpt><trkpt lat="46.043978081673096" lon="7.060379328007662"><ele>1566.2865358823365</ele></trkpt><trkpt lat="46.04394918637267" lon="7.0602945138544175"><ele>1567.033520104795</ele></trkpt><trkpt lat="46.043922826480056" lon="7.06020823786932"><ele>1567.8038246408066</ele></trkpt><trkpt lat="46.043900000000015" lon="7.060120000000001"><ele>1568.65</ele></trkpt><trkpt lat="46.0438930059609" lon="7.060028859681874"><ele>1569.8004576293217</ele></trkpt><trkpt lat="46.043909999999975" lon="7.05994"><ele>1570.62</ele></trkpt><trkpt lat="46.04398999999999" lon="7.05986"><ele>1569.3</ele></trkpt><trkpt lat="46.04404000000001" lon="7.05976"><ele>1570.65</ele></trkpt><trkpt lat="46.044080000000015" lon="7.059660000000001"><ele>1571.2</ele></trkpt><trkpt lat="46.044080000000015" lon="7.059560000000001"><ele>1575.53</ele></trkpt><trkpt lat="46.044016192987115" lon="7.059575352748963"><ele>1577.481506509152</ele></trkpt><trkpt lat="46.04394999999998" lon="7.0596"><ele>1578.86</ele></trkpt><trkpt lat="46.04387" lon="7.0595300000000005"><ele>1583.31</ele></trkpt><trkpt lat="46.04396" lon="7.05941"><ele>1583.64</ele></trkpt><trkpt lat="46.04399755031523" lon="7.059321713474456"><ele>1585.6486743141286</ele></trkpt><trkpt lat="46.044032165451235" lon="7.059231339891187"><ele>1587.9078349387503</ele></trkpt><trkpt lat="46.04406528170061" lon="7.059139930501151"><ele>1590.312514846757</ele></trkpt><trkpt lat="46.044098335352196" lon="7.0590485365553"><ele>1592.75774701104</ele></trkpt><trkpt lat="46.044132762691426" lon="7.058958209304597"><ele>1595.1385644044906</ele></trkpt><trkpt lat="46.04417000000001" lon="7.05887"><ele>1597.35</ele></trkpt><trkpt lat="46.04422588273712" lon="7.058785858192805"><ele>1599.0933088311272</ele></trkpt><trkpt lat="46.044280000000015" lon="7.0587"><ele>1600.75</ele></trkpt><trkpt lat="46.04429470863422" lon="7.058609990862714"><ele>1602.989458977689</ele></trkpt><trkpt lat="46.04431" lon="7.05852"><ele>1604.89</ele></trkpt><trkpt lat="46.04435354812755" lon="7.058440354646185"><ele>1605.5399578303027</ele></trkpt><trkpt lat="46.044404116239164" lon="7.0583677002379295"><ele>1605.703863961665</ele></trkpt><trkpt lat="46.044449999999976" lon="7.05829"><ele>1606.14</ele></trkpt><trkpt lat="46.044469999999976" lon="7.05818"><ele>1608.22</ele></trkpt><trkpt lat="46.04442000000001" lon="7.058089999999999"><ele>1611.99</ele></trkpt><trkpt lat="46.04431999999999" lon="7.0581"><ele>1614.61</ele></trkpt><trkpt lat="46.04423999999998" lon="7.05797"><ele>1619.64</ele></trkpt><trkpt lat="46.044204170082544" lon="7.0578888763941885"><ele>1622.2719338965512</ele></trkpt><trkpt lat="46.044179999999976" lon="7.057799999999999"><ele>1624.56</ele></trkpt><trkpt lat="46.044199999999975" lon="7.057689999999999"><ele>1625.36</ele></trkpt><trkpt lat="46.044190000000015" lon="7.0576"><ele>1628.21</ele></trkpt><trkpt lat="46.04420357075849" lon="7.057493981209572"><ele>1629.417484443015</ele></trkpt><trkpt lat="46.044221716207055" lon="7.057389142643722"><ele>1630.2419385658322</ele></trkpt><trkpt lat="46.04425" lon="7.05729"><ele>1630.68</ele></trkpt><trkpt lat="46.04431999999999" lon="7.057249999999999"><ele>1629.11</ele></trkpt><trkpt lat="46.044379999999975" lon="7.057249999999999"><ele>1627.73</ele></trkpt><trkpt lat="46.044449999999976" lon="7.057180000000001"><ele>1626.87</ele></trkpt><trkpt lat="46.04449" lon="7.057170000000001"><ele>1626.77</ele></trkpt><trkpt lat="46.044550000000015" lon="7.057100000000001"><ele>1625.75</ele></trkpt><trkpt lat="46.04454" lon="7.05704"><ele>1625.11</ele></trkpt><trkpt lat="46.044496841822884" lon="7.056959709836618"><ele>1624.6949608447624</ele></trkpt><trkpt lat="46.04445098327375" lon="7.056882204659889"><ele>1624.3542828814373</ele></trkpt><trkpt lat="46.04440999999999" lon="7.0568"><ele>1623.82</ele></trkpt><trkpt lat="46.04442000000001" lon="7.056750000000001"><ele>1622.71</ele></trkpt><trkpt lat="46.044479244278264" lon="7.056723587904925"><ele>1620.5816013276735</ele></trkpt><trkpt lat="46.04454" lon="7.0567"><ele>1619</ele></trkpt><trkpt lat="46.04461000000002" lon="7.056629999999999"><ele>1619.62</ele></trkpt><trkpt lat="46.04467999999999" lon="7.056590000000001"><ele>1617.88</ele></trkpt><trkpt lat="46.044760000000004" lon="7.056510000000001"><ele>1618.34</ele></trkpt><trkpt lat="46.044808732384205" lon="7.056429044496755"><ele>1617.9019210863198</ele></trkpt><trkpt lat="46.044849999999975" lon="7.056339999999999"><ele>1617.27</ele></trkpt><trkpt lat="46.044860000000014" lon="7.056259999999999"><ele>1616.79</ele></trkpt><trkpt lat="46.04491722273517" lon="7.05620743218446"><ele>1615.8357884249544</ele></trkpt><trkpt lat="46.04497666331549" lon="7.056160101265882"><ele>1614.8501851946348</ele></trkpt><trkpt lat="46.045037492526404" lon="7.056116054255072"><ele>1613.8766877518383</ele></trkpt><trkpt lat="46.04509888115702" lon="7.056073338162842"><ele>1612.958793539361</ele></trkpt><trkpt lat="46.04516000000001" lon="7.05603"><ele>1612.14</ele></trkpt><trkpt lat="46.045230000000004" lon="7.05599"><ele>1612.19</ele></trkpt><trkpt lat="46.04528" lon="7.05599"><ele>1611.38</ele></trkpt><trkpt lat="46.04533548904497" lon="7.056059112634333"><ele>1609.8265101603147</ele></trkpt><trkpt lat="46.04539" lon="7.05613"><ele>1608.1</ele></trkpt><trkpt lat="46.0454614324757" lon="7.056197265328833"><ele>1604.8171113532132</ele></trkpt><trkpt lat="46.04554000000001" lon="7.056240000000001"><ele>1603.04</ele></trkpt><trkpt lat="46.045625407455326" lon="7.056224837315996"><ele>1606.3153575083375</ele></trkpt><trkpt lat="46.04570999999997" lon="7.0562"><ele>1610.97</ele></trkpt><trkpt lat="46.04579013168059" lon="7.056213339255478"><ele>1614.0649641037323</ele></trkpt><trkpt lat="46.045869999999994" lon="7.056240000000001"><ele>1616.54</ele></trkpt><trkpt lat="46.045950000000005" lon="7.056280000000001"><ele>1617.13</ele></trkpt><trkpt lat="46.04601000000001" lon="7.05627"><ele>1620.5</ele></trkpt><trkpt lat="46.04606999999999" lon="7.056289999999999"><ele>1623.99</ele></trkpt><trkpt lat="46.04609999999998" lon="7.05636"><ele>1620.14</ele></trkpt><trkpt lat="46.04617999999999" lon="7.056430000000001"><ele>1622.4</ele></trkpt><trkpt lat="46.04622996822783" lon="7.056492648729457"><ele>1622.5283577616294</ele></trkpt><trkpt lat="46.04627812672778" lon="7.0565592080420485"><ele>1622.2162549281757</ele></trkpt><trkpt lat="46.04632630111707" lon="7.05662544298991"><ele>1621.9389732139075</ele></trkpt><trkpt lat="46.04637631700648" lon="7.056687118625181"><ele>1622.1717943330927</ele></trkpt><trkpt lat="46.046429999999994" lon="7.05674"><ele>1623.39</ele></trkpt><trkpt lat="46.04649000583446" lon="7.056783829076725"><ele>1625.8580314911694</ele></trkpt><trkpt lat="46.04655157758691" lon="7.056818944109868"><ele>1629.1045969915576</ele></trkpt><trkpt lat="46.04661403906628" lon="7.0568492319091005"><ele>1632.7883865468998</ele></trkpt><trkpt lat="46.04667671408447" lon="7.0568785792840885"><ele>1636.568090202931</ele></trkpt><trkpt lat="46.04673892645636" lon="7.056910873044498"><ele>1640.102398005386</ele></trkpt><trkpt lat="46.046799999999976" lon="7.05695"><ele>1643.05</ele></trkpt><trkpt lat="46.046861504825394" lon="7.05700815929132"><ele>1644.7124087916472</ele></trkpt><trkpt lat="46.04691970522751" lon="7.057077046621803"><ele>1645.3319518971698</ele></trkpt><trkpt lat="46.04697999999998" lon="7.05714"><ele>1646.57</ele></trkpt><trkpt lat="46.047090000000004" lon="7.0572"><ele>1652.7</ele></trkpt><trkpt lat="46.047152559574116" lon="7.057226937623589"><ele>1654.9796222049217</ele></trkpt><trkpt lat="46.04721527010397" lon="7.057255285068117"><ele>1657.0822986934452</ele></trkpt><trkpt lat="46.0472782505009" lon="7.057282903680806"><ele>1659.088852091392</ele></trkpt><trkpt lat="46.04734161967582" lon="7.057307654808869"><ele>1661.0801050245852</ele></trkpt><trkpt lat="46.04740549653894" lon="7.057327399799528"><ele>1663.136880118847</ele></trkpt><trkpt lat="46.047470000000004" lon="7.057339999999999"><ele>1665.34</ele></trkpt><trkpt lat="46.04753679137179" lon="7.057344319001702"><ele>1667.7303112090185</ele></trkpt><trkpt lat="46.0476036069597" lon="7.057341519826476"><ele>1670.1625135837126</ele></trkpt><trkpt lat="46.04767039118994" lon="7.057333645406513"><ele>1672.6410953871198</ele></trkpt><trkpt lat="46.04773708848888" lon="7.05732273867399"><ele>1675.1705448822781</ele></trkpt><trkpt lat="46.04780364328322" lon="7.057310842561091"><ele>1677.7553503322258</ele></trkpt><trkpt lat="46.04786999999999" lon="7.0573"><ele>1680.4</ele></trkpt><trkpt lat="46.04794510137298" lon="7.057270126562703"><ele>1684.3372267703671</ele></trkpt><trkpt lat="46.048019999999994" lon="7.057259999999999"><ele>1687.56</ele></trkpt><trkpt lat="46.04808914744516" lon="7.057306660060516"><ele>1688.1235406211267</ele></trkpt><trkpt lat="46.04815319682309" lon="7.05737269640041"><ele>1687.7139194475717</ele></trkpt><trkpt lat="46.04822000000002" lon="7.057429999999999"><ele>1688.06</ele></trkpt><trkpt lat="46.04828279541605" lon="7.057466874172666"><ele>1689.369027032077</ele></trkpt><trkpt lat="46.04834629182962" lon="7.057500533695267"><ele>1690.9736177928141</ele></trkpt><trkpt lat="46.048410390534926" lon="7.057530756131534"><ele>1692.8286950375123</ele></trkpt><trkpt lat="46.04847499282669" lon="7.057557319045201"><ele>1694.8891815214736</ele></trkpt><trkpt lat="46.04854000000002" lon="7.057579999999999"><ele>1697.11</ele></trkpt><trkpt lat="46.04863000000002" lon="7.05756"><ele>1702.44</ele></trkpt><trkpt lat="46.04874999999998" lon="7.0576"><ele>1710.12</ele></trkpt><trkpt lat="46.048816969286364" lon="7.0576541321755"><ele>1711.762374147486</ele></trkpt><trkpt lat="46.04887999999998" lon="7.05772"><ele>1711.76</ele></trkpt><trkpt lat="46.048930603841974" lon="7.057779299527118"><ele>1710.8015963225969</ele></trkpt><trkpt lat="46.048979543971406" lon="7.057841076619444"><ele>1709.3654195678155</ele></trkpt><trkpt lat="46.04902818218231" lon="7.057903203948215"><ele>1707.8034446517356</ele></trkpt><trkpt lat="46.04907788026377" lon="7.057963554184656"><ele>1706.4676464904371</ele></trkpt><trkpt lat="46.049129999999984" lon="7.05802"><ele>1705.71</ele></trkpt><trkpt lat="46.04918765291722" lon="7.058073203923181"><ele>1705.8554136133912</ele></trkpt><trkpt lat="46.049247412345515" lon="7.058121381690704"><ele>1706.7031309980418</ele></trkpt><trkpt lat="46.04930846560018" lon="7.058166368612876"><ele>1707.7667828836713</ele></trkpt><trkpt lat="46.04937000000001" lon="7.05821"><ele>1708.56</ele></trkpt><trkpt lat="46.049428591121774" lon="7.0582527261173125"><ele>1708.8381468181985</ele></trkpt><trkpt lat="46.04948759254509" lon="7.058294892245934"><ele>1708.913855616427</ele></trkpt><trkpt lat="46.04954779769675" lon="7.058332112251587"><ele>1709.067636606442</ele></trkpt><trkpt lat="46.049609999999994" lon="7.05836"><ele>1709.58</ele></trkpt><trkpt lat="46.04972" lon="7.058330000000001"><ele>1712.89</ele></trkpt><trkpt lat="46.049786363524476" lon="7.058328309459172"><ele>1715.098610244612</ele></trkpt><trkpt lat="46.049852839639854" lon="7.058328864369798"><ele>1717.2584007713654</ele></trkpt><trkpt lat="46.049919355832415" lon="7.058330783511983"><ele>1719.4063014042447</ele></trkpt><trkpt lat="46.049985839588885" lon="7.058333185665835"><ele>1721.5792419672355</ele></trkpt><trkpt lat="46.05005221839631" lon="7.058335189611457"><ele>1723.8141522843216</ele></trkpt><trkpt lat="46.0501184197421" lon="7.0583359141289534"><ele>1726.1479621794879</ele></trkpt><trkpt lat="46.050184371113964" lon="7.058334477998434"><ele>1728.6176014767193</ele></trkpt><trkpt lat="46.050250000000005" lon="7.058330000000001"><ele>1731.26</ele></trkpt><trkpt lat="46.05024000000002" lon="7.058279999999999"><ele>1734.67</ele></trkpt><trkpt lat="46.050175780708" lon="7.058238605387898"><ele>1735.2268807941173</ele></trkpt><trkpt lat="46.05010999999999" lon="7.058199999999999"><ele>1735.15</ele></trkpt><trkpt lat="46.05005541061737" lon="7.05814387662713"><ele>1735.738311075725</ele></trkpt><trkpt lat="46.05000000000004" lon="7.058089999999999"><ele>1736.09</ele></trkpt><trkpt lat="46.0499398786811" lon="7.058065175992991"><ele>1735.1376384945117</ele></trkpt><trkpt lat="46.049879999999995" lon="7.058039999999999"><ele>1734.67</ele></trkpt><trkpt lat="46.049789999999994" lon="7.05794"><ele>1739.29</ele></trkpt><trkpt lat="46.04971000000001" lon="7.057829999999999"><ele>1742.25</ele></trkpt><trkpt lat="46.049662243640434" lon="7.0577473321898125"><ele>1745.332136374935</ele></trkpt><trkpt lat="46.04962000000001" lon="7.05766"><ele>1748.81</ele></trkpt><trkpt lat="46.049599999999984" lon="7.057570000000001"><ele>1752.45</ele></trkpt><trkpt lat="46.04953372791965" lon="7.057505619240222"><ele>1753.3669196623614</ele></trkpt><trkpt lat="46.04946266594868" lon="7.0574494857861865"><ele>1753.7255346668899</ele></trkpt><trkpt lat="46.049400000000006" lon="7.05738"><ele>1754.78</ele></trkpt><trkpt lat="46.049375965195686" lon="7.05729382235752"><ele>1757.534905466104</ele></trkpt><trkpt lat="46.04936" lon="7.0572"><ele>1760.53</ele></trkpt><trkpt lat="46.04930999999998" lon="7.057119999999999"><ele>1760.9</ele></trkpt><trkpt lat="46.04924969748299" lon="7.057075672193433"><ele>1759.61907185639</ele></trkpt><trkpt lat="46.04919000000002" lon="7.057029999999999"><ele>1758.55</ele></trkpt><trkpt lat="46.04917000000001" lon="7.05697"><ele>1760.32</ele></trkpt><trkpt lat="46.04926000000001" lon="7.056869999999999"><ele>1769.5</ele></trkpt><trkpt lat="46.0493245895178" lon="7.056849536275509"><ele>1772.098606591617</ele></trkpt><trkpt lat="46.04939000000002" lon="7.056830000000001"><ele>1774.46</ele></trkpt><trkpt lat="46.049429999999994" lon="7.056770000000001"><ele>1778.79</ele></trkpt><trkpt lat="46.049490000000006" lon="7.05679"><ele>1779.71</ele></trkpt><trkpt lat="46.049499999999995" lon="7.05673"><ele>1783.78</ele></trkpt><trkpt lat="46.049490000000006" lon="7.056649999999999"><ele>1785.78</ele></trkpt><trkpt lat="46.049400000000006" lon="7.0565999999999995"><ele>1784.79</ele></trkpt><trkpt lat="46.04945" lon="7.05656"><ele>1788.37</ele></trkpt><trkpt lat="46.049510000000005" lon="7.056539999999999"><ele>1790.09</ele></trkpt><trkpt lat="46.04955999999995" lon="7.05657"><ele>1791.93</ele></trkpt><trkpt lat="46.049599999999984" lon="7.056610000000001"><ele>1791.42</ele></trkpt><trkpt lat="46.04962000000001" lon="7.056530000000001"><ele>1793.95</ele></trkpt><trkpt lat="46.04960532085044" lon="7.056436337408893"><ele>1796.4774787463314</ele></trkpt><trkpt lat="46.04957000000002" lon="7.05636"><ele>1798.5</ele></trkpt><trkpt lat="46.04951464631711" lon="7.056313863695714"><ele>1799.857276800042</ele></trkpt><trkpt lat="46.04945405598808" lon="7.056280532256583"><ele>1800.9228470595608</ele></trkpt><trkpt lat="46.04939143766155" lon="7.0562519346891595"><ele>1801.7944937892994</ele></trkpt><trkpt lat="46.04932999999998" lon="7.05622"><ele>1802.57</ele></trkpt><trkpt lat="46.04928999999998" lon="7.056189999999999"><ele>1802.06</ele></trkpt><trkpt lat="46.04927999999999" lon="7.05614"><ele>1805.55</ele></trkpt><trkpt lat="46.04935000000001" lon="7.056050000000002"><ele>1810.81</ele></trkpt><trkpt lat="46.04941554849596" lon="7.056010897551631"><ele>1812.325357138779</ele></trkpt><trkpt lat="46.04948000000002" lon="7.05597"><ele>1814.02</ele></trkpt><trkpt lat="46.04953000000001" lon="7.055879999999999"><ele>1819.84</ele></trkpt><trkpt lat="46.0495938848179" lon="7.055823368724798"><ele>1821.7430472773349</ele></trkpt><trkpt lat="46.04966000000002" lon="7.055770000000001"><ele>1823.27</ele></trkpt><trkpt lat="46.049670000000006" lon="7.05575"><ele>1824.85</ele></trkpt><trkpt lat="46.04958878833649" lon="7.055697402673529"><ele>1826.310162664448</ele></trkpt><trkpt lat="46.049510000000005" lon="7.0556399999999995"><ele>1827.92</ele></trkpt><trkpt lat="46.049510000000005" lon="7.055580000000001"><ele>1830.83</ele></trkpt><trkpt lat="46.04954000000002" lon="7.05549"><ele>1834.02</ele></trkpt><trkpt lat="46.049589999999995" lon="7.055440000000001"><ele>1835.37</ele></trkpt><trkpt lat="46.04965" lon="7.055420000000001"><ele>1835.26</ele></trkpt><trkpt lat="46.04972" lon="7.055360000000001"><ele>1838.63</ele></trkpt><trkpt lat="46.04980000000001" lon="7.055360000000001"><ele>1839.83</ele></trkpt><trkpt lat="46.04986039495094" lon="7.055383923426347"><ele>1840.9098894115778</ele></trkpt><trkpt lat="46.0499206346076" lon="7.055408716720785"><ele>1841.968377472163</ele></trkpt><trkpt lat="46.04998074401569" lon="7.055434223099637"><ele>1843.0132542555125</ele></trkpt><trkpt lat="46.05004074822087" lon="7.055460285779215"><ele>1844.052309835384</ele></trkpt><trkpt lat="46.05010067226873" lon="7.055486747975834"><ele>1845.0933342855342</ele></trkpt><trkpt lat="46.05016054120462" lon="7.055513452905815"><ele>1846.1441176797207</ele></trkpt><trkpt lat="46.05022038007391" lon="7.055540243785476"><ele>1847.2124500917002</ele></trkpt><trkpt lat="46.050280213921816" lon="7.055566963831128"><ele>1848.3061215952305</ele></trkpt><trkpt lat="46.05034006779343" lon="7.055593456259089"><ele>1849.4329222640683</ele></trkpt><trkpt lat="46.05039996673378" lon="7.055619564285678"><ele>1850.6006421719712</ele></trkpt><trkpt lat="46.0504599357877" lon="7.05564513112721"><ele>1851.8170713926957</ele></trkpt><trkpt lat="46.050520000000006" lon="7.05567"><ele>1853.09</ele></trkpt><trkpt lat="46.05058953239508" lon="7.055693377108044"><ele>1855.7497688641129</ele></trkpt><trkpt lat="46.05066" lon="7.055710000000001"><ele>1858.48</ele></trkpt><trkpt lat="46.05072761861344" lon="7.055724144788149"><ele>1859.8815832699722</ele></trkpt><trkpt lat="46.050795474101726" lon="7.055737963199472"><ele>1861.043024730889</ele></trkpt><trkpt lat="46.05086352028319" lon="7.055750709216721"><ele>1862.0726745568204</ele></trkpt><trkpt lat="46.050931710976364" lon="7.0557616368226475"><ele>1863.0788829218345</ele></trkpt><trkpt lat="46.050999999999995" lon="7.055770000000001"><ele>1864.17</ele></trkpt><trkpt lat="46.051080031098834" lon="7.055763493321046"><ele>1865.732217243154</ele></trkpt><trkpt lat="46.05115999999999" lon="7.05576"><ele>1867.04</ele></trkpt><trkpt lat="46.05122470204497" lon="7.055772658000534"><ele>1867.6947449606714</ele></trkpt><trkpt lat="46.051289216558544" lon="7.055787455496496"><ele>1868.2772252120506</ele></trkpt><trkpt lat="46.05135359631166" lon="7.0558037860135965"><ele>1868.8089743837625</ele></trkpt><trkpt lat="46.05141789407495" lon="7.055821043077553"><ele>1869.3115261054318</ele></trkpt><trkpt lat="46.05148216261885" lon="7.055838620214069"><ele>1869.8064140066824</ele></trkpt><trkpt lat="46.05154645471351" lon="7.0558559109488606"><ele>1870.3151717171402</ele></trkpt><trkpt lat="46.05161082312881" lon="7.055872308807639"><ele>1870.8593328664292</ele></trkpt><trkpt lat="46.05167532063454" lon="7.055887207316115"><ele>1871.4604310841744</ele></trkpt><trkpt lat="46.051739999999995" lon="7.0559"><ele>1872.14</ele></trkpt><trkpt lat="46.05181496811905" lon="7.0558983363945105"><ele>1873.5010849024866</ele></trkpt><trkpt lat="46.05189000000003" lon="7.05589"><ele>1875.22</ele></trkpt><trkpt lat="46.05198999999999" lon="7.0559"><ele>1877.32</ele></trkpt><trkpt lat="46.052049269332116" lon="7.055942241177762"><ele>1877.4150306085867</ele></trkpt><trkpt lat="46.05210614107731" lon="7.055991460066495"><ele>1877.2386694903955</ele></trkpt><trkpt lat="46.05216244228573" lon="7.05604244892198"><ele>1876.9704736270064</ele></trkpt><trkpt lat="46.05222000000001" lon="7.05609"><ele>1876.79</ele></trkpt><trkpt lat="46.05228371983316" lon="7.056134819541283"><ele>1876.5945520768637</ele></trkpt><trkpt lat="46.05235000000002" lon="7.056170000000001"><ele>1876.85</ele></trkpt><trkpt lat="46.05243999999996" lon="7.056180000000001"><ele>1879.45</ele></trkpt><trkpt lat="46.052511667698006" lon="7.0561739108677415"><ele>1881.1256202105285</ele></trkpt><trkpt lat="46.05258326903426" lon="7.056166759270334"><ele>1882.8465257390408</ele></trkpt><trkpt lat="46.05265485347088" lon="7.056158668796318"><ele>1884.5360665338903</ele></trkpt><trkpt lat="46.05272647046966" lon="7.056149763034231"><ele>1886.1175925434313</ele></trkpt><trkpt lat="46.05279816949227" lon="7.056140165572612"><ele>1887.5144537160165</ele></trkpt><trkpt lat="46.052869999999984" lon="7.05613"><ele>1888.65</ele></trkpt><trkpt lat="46.05293627717424" lon="7.056121596770465"><ele>1889.2332617880907</ele></trkpt><trkpt lat="46.05300286649001" lon="7.056113848418459"><ele>1889.3676816540376</ele></trkpt><trkpt lat="46.05306931721756" lon="7.056104301681221"><ele>1889.3254706259395</ele></trkpt><trkpt lat="46.053135178629354" lon="7.056090503295988"><ele>1889.3788397318942</ele></trkpt><trkpt lat="46.05320000000002" lon="7.056069999999998"><ele>1889.8</ele></trkpt><trkpt lat="46.053265863506034" lon="7.056039395384477"><ele>1890.717060672752</ele></trkpt><trkpt lat="46.05332985532066" lon="7.056001561233025"><ele>1891.913684773561</ele></trkpt><trkpt lat="46.053392915384435" lon="7.055960029389339"><ele>1893.2417785379944</ele></trkpt><trkpt lat="46.05345598363359" lon="7.055918331697101"><ele>1894.5532482016185</ele></trkpt><trkpt lat="46.053519999999985" lon="7.055879999999999"><ele>1895.7</ele></trkpt><trkpt lat="46.05358256142826" lon="7.055845384612428"><ele>1896.6695360076967</ele></trkpt><trkpt lat="46.053645044368835" lon="7.055810300517379"><ele>1897.6177647296531</ele></trkpt><trkpt lat="46.05370751480284" lon="7.0557750580957865"><ele>1898.5467150640475</ele></trkpt><trkpt lat="46.053770038710944" lon="7.055739967728586"><ele>1899.4584159090573</ele></trkpt><trkpt lat="46.05383268207361" lon="7.055705339796714"><ele>1900.35489616286</ele></trkpt><trkpt lat="46.053895510871016" lon="7.055671484681104"><ele>1901.2381847236345</ele></trkpt><trkpt lat="46.053958591082974" lon="7.0556387127626925"><ele>1902.1103104895578</ele></trkpt><trkpt lat="46.054021988689016" lon="7.055607334422414"><ele>1902.9733023588078</ele></trkpt><trkpt lat="46.05408576966839" lon="7.055577660041204"><ele>1903.8291892295626</ele></trkpt><trkpt lat="46.05415000000001" lon="7.05555"><ele>1904.68</ele></trkpt><trkpt lat="46.054213668004195" lon="7.055525483492334"><ele>1905.5000866511655</ele></trkpt><trkpt lat="46.05427806533096" lon="7.055504275053309"><ele>1906.292700935844</ele></trkpt><trkpt lat="46.05434304458662" lon="7.0554867485837445"><ele>1907.0549211335515</ele></trkpt><trkpt lat="46.05440845837814" lon="7.055473277984461"><ele>1907.7838255238028</ele></trkpt><trkpt lat="46.05447415931316" lon="7.055464237156274"><ele>1908.476492386114</ele></trkpt><trkpt lat="46.054539999999996" lon="7.055459999999999"><ele>1909.13</ele></trkpt><trkpt lat="46.05460360615705" lon="7.055463284771506"><ele>1909.6867368141634</ele></trkpt><trkpt lat="46.05466692048539" lon="7.055474276270346"><ele>1910.159618352664</ele></trkpt><trkpt lat="46.05473008000987" lon="7.05548970901957"><ele>1910.5920150280003</ele></trkpt><trkpt lat="46.05479322175482" lon="7.0555063175422195"><ele>1911.0272972526698</ele></trkpt><trkpt lat="46.05485648274385" lon="7.055520836361348"><ele>1911.5088354391703</ele></trkpt><trkpt lat="46.054920000000024" lon="7.055529999999999"><ele>1912.08</ele></trkpt><trkpt lat="46.05499028011244" lon="7.055531386824518"><ele>1912.9152097349472</ele></trkpt><trkpt lat="46.05506045688726" lon="7.0555243656388456"><ele>1913.9296972127545</ele></trkpt><trkpt lat="46.05512999999999" lon="7.05551"><ele>1914.97</ele></trkpt><trkpt lat="46.055191396349024" lon="7.055493854912163"><ele>1915.869200290972</ele></trkpt><trkpt lat="46.05525268716193" lon="7.055476930752252"><ele>1916.7803370059755</ele></trkpt><trkpt lat="46.05531387898578" lon="7.055459281762944"><ele>1917.6990839617513</ele></trkpt><trkpt lat="46.05537497836749" lon="7.055440962186922"><ele>1918.6211149750388</ele></trkpt><trkpt lat="46.05543599185402" lon="7.05542202626687"><ele>1919.54210386258</ele></trkpt><trkpt lat="46.05549692599227" lon="7.055402528245466"><ele>1920.4577244411148</ele></trkpt><trkpt lat="46.055557787329164" lon="7.055382522365396"><ele>1921.3636505273835</ele></trkpt><trkpt lat="46.055618582411554" lon="7.055362062869341"><ele>1922.255555938127</ele></trkpt><trkpt lat="46.055679317786215" lon="7.055341203999981"><ele>1923.1291144900856</ele></trkpt><trkpt lat="46.05574000000001" lon="7.05532"><ele>1923.98</ele></trkpt><trkpt lat="46.055839999999975" lon="7.055259999999999"><ele>1924.78</ele></trkpt><trkpt lat="46.05593" lon="7.05516"><ele>1925.31</ele></trkpt><trkpt lat="46.05595183835045" lon="7.0550631465687434"><ele>1926.5837869469783</ele></trkpt><trkpt lat="46.05595999999999" lon="7.054960000000001"><ele>1928.09</ele></trkpt><trkpt lat="46.05595999999999" lon="7.054789999999999"><ele>1930.58</ele></trkpt><trkpt lat="46.055952172250095" lon="7.054694893746244"><ele>1931.5458139923098</ele></trkpt><trkpt lat="46.05594328549768" lon="7.054599937258868"><ele>1932.4749789494704</ele></trkpt><trkpt lat="46.055933737493675" lon="7.054505070833792"><ele>1933.3755245330121</ele></trkpt><trkpt lat="46.055923925989205" lon="7.054410234766931"><ele>1934.2554804044653</ele></trkpt><trkpt lat="46.055914248735775" lon="7.054315369354203"><ele>1935.1228762253604</ele></trkpt><trkpt lat="46.055905103485074" lon="7.054220414891526"><ele>1935.9857416572277</ele></trkpt><trkpt lat="46.05589688798908" lon="7.054125311674818"><ele>1936.8521063615972</ele></trkpt><trkpt lat="46.05588999999999" lon="7.054030000000001"><ele>1937.73</ele></trkpt><trkpt lat="46.05589435219143" lon="7.053940074024942"><ele>1938.5305059568711</ele></trkpt><trkpt lat="46.05590000000001" lon="7.05385"><ele>1939.31</ele></trkpt><trkpt lat="46.05589667817982" lon="7.053752560334919"><ele>1940.157931132515</ele></trkpt><trkpt lat="46.055893235228716" lon="7.053655045312562"><ele>1940.9950476757192</ele></trkpt><trkpt lat="46.05588926533232" lon="7.0535575595088815"><ele>1941.8291092995526</ele></trkpt><trkpt lat="46.0558843626761" lon="7.05346020749983"><ele>1942.6678756739573</ele></trkpt><trkpt lat="46.05587812144535" lon="7.053363093861364"><ele>1943.519106468873</ele></trkpt><trkpt lat="46.055870135825096" lon="7.053266323169435"><ele>1944.39056135424</ele></trkpt><trkpt lat="46.055859999999974" lon="7.05317"><ele>1945.29</ele></trkpt><trkpt lat="46.05584512615583" lon="7.053070535893686"><ele>1946.2762060475359</ele></trkpt><trkpt lat="46.05582577442569" lon="7.052972505633558"><ele>1947.3052691130936</ele></trkpt><trkpt lat="46.05580426537493" lon="7.052875173066869"><ele>1948.355684618896</ele></trkpt><trkpt lat="46.055782919571996" lon="7.052777802040877"><ele>1949.4059479871662</ele></trkpt><trkpt lat="46.0557640575887" lon="7.052679656402835"><ele>1950.4345546401264</ele></trkpt><trkpt lat="46.055749999999996" lon="7.052579999999999"><ele>1951.42</ele></trkpt><trkpt lat="46.05574143579997" lon="7.052476814467972"><ele>1952.3764384037754</ele></trkpt><trkpt lat="46.05573723507431" lon="7.052372924275678"><ele>1953.2943916103177</ele></trkpt><trkpt lat="46.05573631644906" lon="7.0522686268494015"><ele>1954.176125614972</ele></trkpt><trkpt lat="46.05573759854932" lon="7.052164219615416"><ele>1955.0239064130847</ele></trkpt><trkpt lat="46.05574000000001" lon="7.052060000000001"><ele>1955.84</ele></trkpt><trkpt lat="46.05574816004904" lon="7.051966460139792"><ele>1956.4803880477398</ele></trkpt><trkpt lat="46.055761415155146" lon="7.051873562374134"><ele>1957.0233875229967</ele></trkpt><trkpt lat="46.05577" lon="7.05178"><ele>1957.58</ele></trkpt><trkpt lat="46.05577364721834" lon="7.0516624259287335"><ele>1958.2218571946166</ele></trkpt><trkpt lat="46.05577260341462" lon="7.051544841315429"><ele>1958.873164206195</ele></trkpt><trkpt lat="46.055759999999985" lon="7.05143"><ele>1959.85</ele></trkpt><trkpt lat="46.055723741195465" lon="7.051357767032171"><ele>1961.3885433192022</ele></trkpt><trkpt lat="46.05568" lon="7.051290000000001"><ele>1963</ele></trkpt><trkpt lat="46.055650000000014" lon="7.051149999999999"><ele>1963.81</ele></trkpt><trkpt lat="46.055649997730036" lon="7.051059748488339"><ele>1964.2743918405101</ele></trkpt><trkpt lat="46.05565436150955" lon="7.050969166305702"><ele>1964.7389987734737</ele></trkpt><trkpt lat="46.055650000000014" lon="7.05088"><ele>1965.35</ele></trkpt><trkpt lat="46.05561817244429" lon="7.050778546444631"><ele>1966.4715854333276</ele></trkpt><trkpt lat="46.05558000000001" lon="7.05068"><ele>1967.73</ele></trkpt><trkpt lat="46.05555368948195" lon="7.050585249487673"><ele>1968.8687972761745</ele></trkpt><trkpt lat="46.05552800494463" lon="7.050490131774799"><ele>1970.0628651142752</ele></trkpt><trkpt lat="46.05550347566586" lon="7.050394389318091"><ele>1971.2275343142887</ele></trkpt><trkpt lat="46.05548063092449" lon="7.050297764574255"><ele>1972.2781356762014</ele></trkpt><trkpt lat="46.05546" lon="7.0502"><ele>1973.13</ele></trkpt><trkpt lat="46.05544271943226" lon="7.050102042662324"><ele>1973.753361833336</ele></trkpt><trkpt lat="46.05542819661591" lon="7.050002936789374"><ele>1974.2297599914295</ele></trkpt><trkpt lat="46.055415090158036" lon="7.049903248684132"><ele>1974.614414598473</ele></trkpt><trkpt lat="46.05540205866403" lon="7.049803544649587"><ele>1974.9625457786597</ele></trkpt><trkpt lat="46.055387760738185" lon="7.049704390988727"><ele>1975.329373656181</ele></trkpt><trkpt lat="46.055370854983245" lon="7.049606354004536"><ele>1975.7701183552304</ele></trkpt><trkpt lat="46.05535000000002" lon="7.049510000000001"><ele>1976.34</ele></trkpt><trkpt lat="46.055295454188915" lon="7.049426314484604"><ele>1977.50402127173</ele></trkpt><trkpt lat="46.05525000000001" lon="7.049340000000001"><ele>1979.02</ele></trkpt><trkpt lat="46.05524774822971" lon="7.049246445164624"><ele>1980.2125233863658</ele></trkpt><trkpt lat="46.05525245006911" lon="7.049152931399136"><ele>1981.3790213508553</ele></trkpt><trkpt lat="46.055262065841916" lon="7.04905949435173"><ele>1982.5172559439661</ele></trkpt><trkpt lat="46.05527455587139" lon="7.048966169670608"><ele>1983.6249892161954</ele></trkpt><trkpt lat="46.05528788048201" lon="7.048872993003965"><ele>1984.699983218041</ele></trkpt><trkpt lat="46.0553" lon="7.048779999999999"><ele>1985.74</ele></trkpt><trkpt lat="46.05532" lon="7.04874"><ele>1985.62</ele></trkpt><trkpt lat="46.055380000000014" lon="7.048700000000001"><ele>1984.76</ele></trkpt><trkpt lat="46.055446858627775" lon="7.048734764883135"><ele>1981.3112723215736</ele></trkpt><trkpt lat="46.05551101327227" lon="7.0487785410072314"><ele>1977.6750198413988</ele></trkpt><trkpt lat="46.05557408628253" lon="7.048825921627711"><ele>1973.9637574405247</ele></trkpt><trkpt lat="46.0556377" lon="7.048871499999998"><ele>1970.29</ele></trkpt><trkpt lat="46.0556377" lon="7.048871499999998"><ele>1970.29</ele></trkpt><trkpt lat="46.05556740871142" lon="7.048837981317731"><ele>1974.0637702696913</ele></trkpt><trkpt lat="46.05549320639383" lon="7.048810700180618"><ele>1977.941720719177</ele></trkpt><trkpt lat="46.055426825865844" lon="7.048770943953197"><ele>1981.6113108090742</ele></trkpt><trkpt lat="46.055380000000014" lon="7.048700000000001"><ele>1984.76</ele></trkpt><trkpt lat="46.05537187185607" lon="7.048604436825798"><ele>1986.5518587908077</ele></trkpt><trkpt lat="46.05539469875656" lon="7.048501168635876"><ele>1987.0807351035505</ele></trkpt><trkpt lat="46.0554226762703" lon="7.048394816128016"><ele>1987.1942438645183</ele></trkpt><trkpt lat="46.05543000000001" lon="7.04829"><ele>1987.74</ele></trkpt><trkpt lat="46.055414922037095" lon="7.048193600181385"><ele>1988.801926792969</ele></trkpt><trkpt lat="46.05539328245642" lon="7.048099878806964"><ele>1989.9591743179421</ele></trkpt><trkpt lat="46.05536717667527" lon="7.048007937345371"><ele>1991.1655933485517</ele></trkpt><trkpt lat="46.05533870011344" lon="7.047916877265242"><ele>1992.3750346584293</ele></trkpt><trkpt lat="46.05530994819443" lon="7.047825800035215"><ele>1993.5413490212086</ele></trkpt><trkpt lat="46.055283016346" lon="7.0477338071239215"><ele>1994.6183872105214</ele></trkpt><trkpt lat="46.05526" lon="7.04764"><ele>1995.56</ele></trkpt><trkpt lat="46.05524759429046" lon="7.047545834521354"><ele>1995.5724595358806</ele></trkpt><trkpt lat="46.05525000000001" lon="7.047450000000001"><ele>1995.33</ele></trkpt><trkpt lat="46.05527472784541" lon="7.047359890571861"><ele>1995.9526079644575</ele></trkpt><trkpt lat="46.0553" lon="7.04727"><ele>1996.78</ele></trkpt><trkpt lat="46.055305749700345" lon="7.047163765760374"><ele>1997.6149156772783</ele></trkpt><trkpt lat="46.05530530532355" lon="7.04705655626785"><ele>1998.4390210543716</ele></trkpt><trkpt lat="46.05530999999999" lon="7.046950000000001"><ele>1999.13</ele></trkpt><trkpt lat="46.05531975031804" lon="7.046860598435597"><ele>1999.5798233688877</ele></trkpt><trkpt lat="46.0553316951149" lon="7.046771498289085"><ele>1999.9501546975291</ele></trkpt><trkpt lat="46.055347792355086" lon="7.046684148998032"><ele>2000.247908677406</ele></trkpt><trkpt lat="46.055370000000025" lon="7.046599999999998"><ele>2000.48</ele></trkpt><trkpt lat="46.05540184468962" lon="7.046518280922628"><ele>2000.582266549312</ele></trkpt><trkpt lat="46.05544248638618" lon="7.046444260180465"><ele>2000.5566580452867</ele></trkpt><trkpt lat="46.05548999999999" lon="7.046379999999999"><ele>2000.53</ele></trkpt><trkpt lat="46.0555456846333" lon="7.046325915401725"><ele>2000.4473369976738</ele></trkpt><trkpt lat="46.05560659481651" lon="7.046283512082276"><ele>2000.3631305553954</ele></trkpt><trkpt lat="46.055669999999985" lon="7.04625"><ele>2000.57</ele></trkpt><trkpt lat="46.05574905005969" lon="7.046223785618377"><ele>2001.7754800101943</ele></trkpt><trkpt lat="46.05583000000001" lon="7.046219999999999"><ele>2002.93</ele></trkpt><trkpt lat="46.05589013756639" lon="7.046248207987765"><ele>2002.5387410495305</ele></trkpt><trkpt lat="46.05595" lon="7.046280000000001"><ele>2002.1</ele></trkpt><trkpt lat="46.05601000000001" lon="7.04626"><ele>2003.65</ele></trkpt><trkpt lat="46.05608999999997" lon="7.0461599999999995"><ele>2004.49</ele></trkpt><trkpt lat="46.05613999999999" lon="7.046049999999999"><ele>2006.87</ele></trkpt><trkpt lat="46.05619503706062" lon="7.046000045652746"><ele>2007.1092131484006</ele></trkpt><trkpt lat="46.056253737520485" lon="7.045957746486846"><ele>2006.986758468317</ele></trkpt><trkpt lat="46.056309999999996" lon="7.04591"><ele>2006.98</ele></trkpt><trkpt lat="46.056374136666804" lon="7.045836101503847"><ele>2007.3646204982156</ele></trkpt><trkpt lat="46.05642999999999" lon="7.04575"><ele>2008.02</ele></trkpt><trkpt lat="46.05646000000001" lon="7.045629999999999"><ele>2009.4</ele></trkpt><trkpt lat="46.05655000000003" lon="7.045560000000001"><ele>2007.08</ele></trkpt><trkpt lat="46.05658" lon="7.04542"><ele>2010.48</ele></trkpt><trkpt lat="46.05665999999999" lon="7.045320000000001"><ele>2011.9</ele></trkpt><trkpt lat="46.05670393609042" lon="7.045250642505507"><ele>2013.207658169402</ele></trkpt><trkpt lat="46.056746773534655" lon="7.04517987506985"><ele>2014.552856482585</ele></trkpt><trkpt lat="46.05678915549176" lon="7.045108562397249"><ele>2015.9341423808928</ele></trkpt><trkpt lat="46.056831725118656" lon="7.045037569191926"><ele>2017.3500633056688</ele></trkpt><trkpt lat="46.05687512557041" lon="7.044967760158104"><ele>2018.7991666982566</ele></trkpt><trkpt lat="46.05691999999999" lon="7.044899999999999"><ele>2020.28</ele></trkpt><trkpt lat="46.05698718687077" lon="7.04481510686531"><ele>2022.6296662560756</ele></trkpt><trkpt lat="46.057060000000014" lon="7.044740000000001"><ele>2024.96</ele></trkpt><trkpt lat="46.05711448634668" lon="7.044687664468813"><ele>2026.2926881313092</ele></trkpt><trkpt lat="46.05717072677101" lon="7.044639079463209"><ele>2027.4790976049123</ele></trkpt><trkpt lat="46.057230000000025" lon="7.0446"><ele>2028.71</ele></trkpt><trkpt lat="46.05729702959937" lon="7.044569401867305"><ele>2030.1035096760156</ele></trkpt><trkpt lat="46.05736542298672" lon="7.044544969789237"><ele>2031.4743396394592</ele></trkpt><trkpt lat="46.057434301572194" lon="7.044522836777515"><ele>2032.870414764895</ele></trkpt><trkpt lat="46.05750278677036" lon="7.044499135843862"><ele>2034.3396599268874</ele></trkpt><trkpt lat="46.05756999999999" lon="7.044469999999999"><ele>2035.93</ele></trkpt><trkpt lat="46.05756999999999" lon="7.044429999999999"><ele>2037.26</ele></trkpt><trkpt lat="46.05751043111084" lon="7.0443854010079034"><ele>2039.0265674633492</ele></trkpt><trkpt lat="46.05744810409334" lon="7.044347086067819"><ele>2040.598861557962</ele></trkpt><trkpt lat="46.05739" lon="7.044299999999999"><ele>2042.54</ele></trkpt><trkpt lat="46.05738000000001" lon="7.044230000000001"><ele>2045.45</ele></trkpt><trkpt lat="46.05730999999999" lon="7.04416"><ele>2048.56</ele></trkpt><trkpt lat="46.05727839812862" lon="7.044082148736064"><ele>2050.730997321221</ele></trkpt><trkpt lat="46.05724990199093" lon="7.044001383667365"><ele>2053.0544706145693</ele></trkpt><trkpt lat="46.057226454857215" lon="7.043917426764983"><ele>2054.7532086006327</ele></trkpt><trkpt lat="46.05721" lon="7.043830000000002"><ele>2055.05</ele></trkpt><trkpt lat="46.05720920621077" lon="7.043702523158731"><ele>2050.645692016772</ele></trkpt><trkpt lat="46.057230000000025" lon="7.043580000000001"><ele>2044.25</ele></trkpt><trkpt lat="46.05726219028709" lon="7.043484509950335"><ele>2040.3183393637587</ele></trkpt><trkpt lat="46.0573" lon="7.043389999999999"><ele>2037.16</ele></trkpt><trkpt lat="46.05732" lon="7.0433"><ele>2036.99</ele></trkpt><trkpt lat="46.05740000000001" lon="7.043170000000001"><ele>2040.67</ele></trkpt><trkpt lat="46.05746977155382" lon="7.043118448695911"><ele>2040.3902057796702</ele></trkpt><trkpt lat="46.057520000000004" lon="7.04305"><ele>2039.53</ele></trkpt><trkpt lat="46.05752760322075" lon="7.042947532400879"><ele>2039.176576938619</ele></trkpt><trkpt lat="46.05752296299314" lon="7.042843696050219"><ele>2038.9471709604736</ele></trkpt><trkpt lat="46.057512521154365" lon="7.042739093499118"><ele>2038.7214765130184</ele></trkpt><trkpt lat="46.05750271954262" lon="7.042634327298678"><ele>2038.3791880437088</ele></trkpt><trkpt lat="46.0575" lon="7.04253"><ele>2037.8</ele></trkpt><trkpt lat="46.057513580269045" lon="7.042437466786566"><ele>2036.4107768366323</ele></trkpt><trkpt lat="46.05754000000003" lon="7.04235"><ele>2034.56</ele></trkpt><trkpt lat="46.05757636904189" lon="7.042255691577023"><ele>2033.188141460438</ele></trkpt><trkpt lat="46.057619999999986" lon="7.0421700000000005"><ele>2031.04</ele></trkpt><trkpt lat="46.05766979964575" lon="7.042097970654771"><ele>2027.1004824059023</ele></trkpt><trkpt lat="46.05772192323417" lon="7.042031855743637"><ele>2022.4941134886778</ele></trkpt><trkpt lat="46.05777" lon="7.04196"><ele>2017.98</ele></trkpt><trkpt lat="46.05781" lon="7.041830000000001"><ele>2012.81</ele></trkpt><trkpt lat="46.05782419644933" lon="7.041730932187525"><ele>2012.553699347763</ele></trkpt><trkpt lat="46.05783440574679" lon="7.041630642599871"><ele>2013.1843948318206</ele></trkpt><trkpt lat="46.05783999999999" lon="7.041529999999999"><ele>2014.24</ele></trkpt><trkpt lat="46.05784261949282" lon="7.04143275012726"><ele>2015.4284844760614</ele></trkpt><trkpt lat="46.05784447573122" lon="7.041335608537171"><ele>2016.7892738559974</ele></trkpt><trkpt lat="46.057845502769325" lon="7.041238531663264"><ele>2018.2507168737</ele></trkpt><trkpt lat="46.057845634661255" lon="7.041141475939066"><ele>2019.74116226306</ele></trkpt><trkpt lat="46.05784480546103" lon="7.041044397798103"><ele>2021.1889587579692</ele></trkpt><trkpt lat="46.057842949222625" lon="7.040947253673904"><ele>2022.5224550923188</ele></trkpt><trkpt lat="46.05783999999999" lon="7.040850000000001"><ele>2023.67</ele></trkpt><trkpt lat="46.05781" lon="7.040699999999999"><ele>2023.03</ele></trkpt><trkpt lat="46.057774684547134" lon="7.040615538408089"><ele>2022.5570909426388</ele></trkpt><trkpt lat="46.05773587027137" lon="7.040534055356019"><ele>2022.1205049707983</ele></trkpt><trkpt lat="46.05769662085782" lon="7.040453044625938"><ele>2021.5336665135587</ele></trkpt><trkpt lat="46.05765999999999" lon="7.040369999999999"><ele>2020.61</ele></trkpt><trkpt lat="46.05763042014629" lon="7.040274491388687"><ele>2018.3953778638152</ele></trkpt><trkpt lat="46.05760000000001" lon="7.04018"><ele>2015.96</ele></trkpt><trkpt lat="46.05755754638939" lon="7.040095703199249"><ele>2014.7605422406411</ele></trkpt><trkpt lat="46.057511535134196" lon="7.040014512718863"><ele>2013.8574386637</ele></trkpt><trkpt lat="46.05746999999998" lon="7.03993"><ele>2012.32</ele></trkpt><trkpt lat="46.057430000000004" lon="7.039769999999999"><ele>2005.91</ele></trkpt><trkpt lat="46.0574240235456" lon="7.039675125873123"><ele>2003.087108486658</ele></trkpt><trkpt lat="46.057430000000004" lon="7.03958"><ele>2000.51</ele></trkpt><trkpt lat="46.05744512011406" lon="7.039486662463911"><ele>1997.7763598850167</ele></trkpt><trkpt lat="46.05746284256321" lon="7.039394364479518"><ele>1994.9477791037143</ele></trkpt><trkpt lat="46.057482010493494" lon="7.039302578394445"><ele>1992.1033786503097</ele></trkpt><trkpt lat="46.05750146705245" lon="7.039210776556329"><ele>1989.322279519019</ele></trkpt><trkpt lat="46.05752005538923" lon="7.039118431312796"><ele>1986.6836027040595</ele></trkpt><trkpt lat="46.05753661865446" lon="7.039025015011475"><ele>1984.2664691996474</ele></trkpt><trkpt lat="46.05754999999999" lon="7.03893"><ele>1982.15</ele></trkpt><trkpt lat="46.057553665420386" lon="7.038840902716293"><ele>1981.1660550632553</ele></trkpt><trkpt lat="46.057549385966" lon="7.038749843785227"><ele>1981.1222242125164</ele></trkpt><trkpt lat="46.05754541352829" lon="7.038658862961546"><ele>1981.079781255519</ele></trkpt><trkpt lat="46.05754999999999" lon="7.03857"><ele>1980.1</ele></trkpt><trkpt lat="46.057588241478285" lon="7.038449036543885"><ele>1975.2574481585812</ele></trkpt><trkpt lat="46.05763" lon="7.03833"><ele>1970.02</ele></trkpt><trkpt lat="46.057635713277605" lon="7.038241235176241"><ele>1968.8880611530176</ele></trkpt><trkpt lat="46.05763" lon="7.038149999999999"><ele>1968.85</ele></trkpt><trkpt lat="46.057613545950566" lon="7.038040139828339"><ele>1969.3063210244948</ele></trkpt><trkpt lat="46.05760000000001" lon="7.03793"><ele>1969.66</ele></trkpt><trkpt lat="46.0576093681049" lon="7.037820014357837"><ele>1968.6574596654054</ele></trkpt><trkpt lat="46.057619999999986" lon="7.037710000000001"><ele>1967.65</ele></trkpt><trkpt lat="46.05760000000001" lon="7.037229999999999"><ele>1967.69</ele></trkpt><trkpt lat="46.05760289236774" lon="7.037118851604669"><ele>1967.1634687111386</ele></trkpt><trkpt lat="46.05761022917993" lon="7.0370082977905986"><ele>1966.1435217235044</ele></trkpt><trkpt lat="46.057619999999986" lon="7.036899999999999"><ele>1963.95</ele></trkpt><trkpt lat="46.05763156948932" lon="7.03679865889274"><ele>1960.6724672257071</ele></trkpt><trkpt lat="46.057645333858254" lon="7.036699230370987"><ele>1956.8220239501168</ele></trkpt><trkpt lat="46.05765967609913" lon="7.036600682327788"><ele>1952.68711288149</ele></trkpt><trkpt lat="46.05767297920593" lon="7.036501982656191"><ele>1948.5561767280876</ele></trkpt><trkpt lat="46.057683626174075" lon="7.036402099249246"><ele>1944.7176581981707</ele></trkpt><trkpt lat="46.05769000000001" lon="7.0363"><ele>1941.46</ele></trkpt><trkpt lat="46.05767844507798" lon="7.036178922396187"><ele>1940.5491420000799</ele></trkpt><trkpt lat="46.05765" lon="7.036059999999999"><ele>1940.66</ele></trkpt><trkpt lat="46.05761854924427" lon="7.035962031806046"><ele>1938.9773077521313</ele></trkpt><trkpt lat="46.05758000000001" lon="7.03587"><ele>1936.71</ele></trkpt><trkpt lat="46.05753550054792" lon="7.035767787997954"><ele>1933.7458841957073</ele></trkpt><trkpt lat="46.05748" lon="7.03568"><ele>1930.97</ele></trkpt><trkpt lat="46.05742427229536" lon="7.035632298482435"><ele>1929.496118728102</ele></trkpt><trkpt lat="46.05736315747251" lon="7.035597237780116"><ele>1928.3955600990002</ele></trkpt><trkpt lat="46.0573" lon="7.035569999999999"><ele>1927.56</ele></trkpt><trkpt lat="46.05723814971925" lon="7.035550605614073"><ele>1927.1557995613623</ele></trkpt><trkpt lat="46.05717523335306" lon="7.035537398236238"><ele>1927.0612850507118</ele></trkpt><trkpt lat="46.05711220030926" lon="7.035525491740283"><ele>1926.8086280147054</ele></trkpt><trkpt lat="46.05705" lon="7.0355099999999995"><ele>1925.93</ele></trkpt><trkpt lat="46.05698140513942" lon="7.035488131084803"><ele>1923.9795044691525</ele></trkpt><trkpt lat="46.056913730352086" lon="7.0354646264801834"><ele>1921.4304925182485</ele></trkpt><trkpt lat="46.056846690389015" lon="7.035438808635472"><ele>1918.68873430822</ele></trkpt><trkpt lat="46.056779999999975" lon="7.035410000000001"><ele>1916.16</ele></trkpt><trkpt lat="46.05670989370536" lon="7.035371070146635"><ele>1913.7790583359395</ele></trkpt><trkpt lat="46.05664079266744" lon="7.035327323245233"><ele>1911.5437406290398</ele></trkpt><trkpt lat="46.05656999999999" lon="7.03529"><ele>1909.45</ele></trkpt><trkpt lat="46.05649622560198" lon="7.0352708410790035"><ele>1907.7048867368849</ele></trkpt><trkpt lat="46.056421199057134" lon="7.035258289790154"><ele>1906.113615616748</ele></trkpt><trkpt lat="46.05635" lon="7.035230000000001"><ele>1904.16</ele></trkpt><trkpt lat="46.05630429387885" lon="7.0351624746986925"><ele>1901.359493414796</ele></trkpt><trkpt lat="46.05626000000001" lon="7.035090000000001"><ele>1898.87</ele></trkpt><trkpt lat="46.056170572346396" lon="7.035057740322417"><ele>1898.256701499337</ele></trkpt><trkpt lat="46.05608999999997" lon="7.035009999999999"><ele>1897.63</ele></trkpt><trkpt lat="46.056049855733946" lon="7.034940143435469"><ele>1896.1935892900212</ele></trkpt><trkpt lat="46.05601273964391" lon="7.034867023562055"><ele>1894.666805195416</ele></trkpt><trkpt lat="46.05597822968153" lon="7.034791180114852"><ele>1893.067714509923</ele></trkpt><trkpt lat="46.05594590379704" lon="7.034713152828945"><ele>1891.414384027281</ele></trkpt><trkpt lat="46.055915339939354" lon="7.034633481439418"><ele>1889.724880541229</ele></trkpt><trkpt lat="46.05588611605626" lon="7.034552705681362"><ele>1888.0172708455054</ele></trkpt><trkpt lat="46.055857810094516" lon="7.03447136528986"><ele>1886.3096217338493</ele></trkpt><trkpt lat="46.05583000000001" lon="7.03439"><ele>1884.62</ele></trkpt><trkpt lat="46.05580857188938" lon="7.03427791805687"><ele>1882.2546941810647</ele></trkpt><trkpt lat="46.05580000000002" lon="7.034159999999998"><ele>1880.1</ele></trkpt><trkpt lat="46.05578774618354" lon="7.034044543797637"><ele>1878.7587110277186</ele></trkpt><trkpt lat="46.05579" lon="7.033930000000001"><ele>1877.74</ele></trkpt><trkpt lat="46.055827305823584" lon="7.03383881523515"><ele>1876.7958810676562</ele></trkpt><trkpt lat="46.05586999999999" lon="7.03375"><ele>1876.23</ele></trkpt><trkpt lat="46.05589309222914" lon="7.033654384996299"><ele>1876.1166992557492</ele></trkpt><trkpt lat="46.05591142273727" lon="7.033555995007468"><ele>1876.1425390210065</ele></trkpt><trkpt lat="46.0559292071339" lon="7.0334574125204865"><ele>1876.2280291583888</ele></trkpt><trkpt lat="46.05595066102259" lon="7.033361220022337"><ele>1876.2936795305145</ele></trkpt><trkpt lat="46.05597999999999" lon="7.033269999999999"><ele>1876.26</ele></trkpt><trkpt lat="46.05602088792138" lon="7.033192999657702"><ele>1876.0789777928921</ele></trkpt><trkpt lat="46.056071268854545" lon="7.03312644964323"><ele>1875.8020039760765</ele></trkpt><trkpt lat="46.05612351535365" lon="7.033061674807143"><ele>1875.5090281712226</ele></trkpt><trkpt lat="46.05617000000001" lon="7.032989999999998"><ele>1875.28</ele></trkpt><trkpt lat="46.05618" lon="7.03289"><ele>1875.43</ele></trkpt><trkpt lat="46.05617000000001" lon="7.03282"><ele>1875.42</ele></trkpt><trkpt lat="46.05618063556118" lon="7.032721559607831"><ele>1874.5288420911268</ele></trkpt><trkpt lat="46.05619372148297" lon="7.032623632986671"><ele>1873.6397863600478</ele></trkpt><trkpt lat="46.05620748962337" lon="7.032525926561597"><ele>1872.677309583406</ele></trkpt><trkpt lat="46.05622017184196" lon="7.032428146757682"><ele>1871.565888537843</ele></trkpt><trkpt lat="46.05623000000001" lon="7.03233"><ele>1870.23</ele></trkpt><trkpt lat="46.05622" lon="7.032189999999999"><ele>1865.99</ele></trkpt><trkpt lat="46.05619000000001" lon="7.03211"><ele>1864.96</ele></trkpt><trkpt lat="46.056209999999986" lon="7.0320100000000005"><ele>1861.85</ele></trkpt><trkpt lat="46.05624267294386" lon="7.031926484674303"><ele>1860.3697085522035</ele></trkpt><trkpt lat="46.056277966119254" lon="7.031844586217549"><ele>1859.1854941569732</ele></trkpt><trkpt lat="46.056309999999996" lon="7.03176"><ele>1858.25</ele></trkpt><trkpt lat="46.05632736514179" lon="7.031667828743263"><ele>1857.9120929460032</ele></trkpt><trkpt lat="46.05635" lon="7.031580000000001"><ele>1857.78</ele></trkpt><trkpt lat="46.05652000000001" lon="7.03134"><ele>1856.08</ele></trkpt><trkpt lat="46.05653" lon="7.031219999999999"><ele>1854.4</ele></trkpt><trkpt lat="46.05652000000001" lon="7.0311200000000005"><ele>1852.68</ele></trkpt><trkpt lat="46.05655000000003" lon="7.03098"><ele>1852.3</ele></trkpt><trkpt lat="46.05658053685188" lon="7.030898050732654"><ele>1852.1032558379222</ele></trkpt><trkpt lat="46.05661143055209" lon="7.030816300148287"><ele>1851.912108958136</ele></trkpt><trkpt lat="46.056642931050455" lon="7.030735018890583"><ele>1851.7245498236823</ele></trkpt><trkpt lat="46.056675288296184" lon="7.030654477603222"><ele>1851.5385688976012</ele></trkpt><trkpt lat="46.05670875223782" lon="7.0305749469298835"><ele>1851.3521566429336</ele></trkpt><trkpt lat="46.05674357282335" lon="7.030496697514249"><ele>1851.1633035227196</ele></trkpt><trkpt lat="46.056779999999975" lon="7.03042"><ele>1850.97</ele></trkpt><trkpt lat="46.056859999999986" lon="7.030350000000001"><ele>1850.67</ele></trkpt><trkpt lat="46.056894407245515" lon="7.03025920501858"><ele>1850.264856717849</ele></trkpt><trkpt lat="46.05693000000001" lon="7.03017"><ele>1849.77</ele></trkpt><trkpt lat="46.05697941310629" lon="7.030106722548782"><ele>1849.2252369718904</ele></trkpt><trkpt lat="46.057033999894365" lon="7.030051900564962"><ele>1848.64704440252</ele></trkpt><trkpt lat="46.05709" lon="7.029999999999999"><ele>1848.08</ele></trkpt><trkpt lat="46.0571539530527" lon="7.029947714196504"><ele>1847.5025710160048</ele></trkpt><trkpt lat="46.057219209510244" lon="7.029898453421993"><ele>1846.9373733956058</ele></trkpt><trkpt lat="46.05727999999999" lon="7.02984"><ele>1846.32</ele></trkpt><trkpt lat="46.0573184855125" lon="7.029756900160357"><ele>1845.598469397671</ele></trkpt><trkpt lat="46.05736" lon="7.02968"><ele>1844.91</ele></trkpt><trkpt lat="46.05742223812942" lon="7.029639168367645"><ele>1844.429962260976</ele></trkpt><trkpt lat="46.05748845402136" lon="7.029610760130908"><ele>1844.0377292994044</ele></trkpt><trkpt lat="46.05755544289879" lon="7.029584471828718"><ele>1843.6341316881305</ele></trkpt><trkpt lat="46.057619999999986" lon="7.02955"><ele>1843.12</ele></trkpt><trkpt lat="46.05767735285108" lon="7.029497899264325"><ele>1842.4883391952858</ele></trkpt><trkpt lat="46.05773156920995" lon="7.0294378363438375"><ele>1841.725833869714</ele></trkpt><trkpt lat="46.05779" lon="7.029390000000001"><ele>1840.75</ele></trkpt><trkpt lat="46.05785864537331" lon="7.029360681991019"><ele>1839.512567342842</ele></trkpt><trkpt lat="46.057929332759336" lon="7.029341571327818"><ele>1838.1685014190386</ele></trkpt><trkpt lat="46.05800035376352" lon="7.029324175000708"><ele>1836.7251847857165</ele></trkpt><trkpt lat="46.05806999999999" lon="7.0293"><ele>1835.19</ele></trkpt><trkpt lat="46.058150000000026" lon="7.029229999999999"><ele>1832.44</ele></trkpt><trkpt lat="46.058179999999986" lon="7.029160000000001"><ele>1831.42</ele></trkpt><trkpt lat="46.05820106326131" lon="7.029060482902443"><ele>1830.9247956418753</ele></trkpt><trkpt lat="46.05822014328734" lon="7.028960037122021"><ele>1830.526390434714</ele></trkpt><trkpt lat="46.05823869168374" lon="7.028859349890373"><ele>1830.1495874066154</ele></trkpt><trkpt lat="46.0582581600541" lon="7.028759108439152"><ele>1829.719189585678</ele></trkpt><trkpt lat="46.05828" lon="7.0286599999999995"><ele>1829.16</ele></trkpt><trkpt lat="46.05830310563003" lon="7.028575385792408"><ele>1828.4564157065852</ele></trkpt><trkpt lat="46.05832944046364" lon="7.028492549677212"><ele>1827.5776919686239</ele></trkpt><trkpt lat="46.058356222479674" lon="7.028410020665815"><ele>1826.66976037737</ele></trkpt><trkpt lat="46.05838066966219" lon="7.02832632776961"><ele>1825.8785525240773</ele></trkpt><trkpt lat="46.05840000000002" lon="7.028239999999999"><ele>1825.35</ele></trkpt><trkpt lat="46.058413799152525" lon="7.028147527587483"><ele>1825.2841149514516</ele></trkpt><trkpt lat="46.058423231198496" lon="7.028053732663013"><ele>1825.5988028880527</ele></trkpt><trkpt lat="46.05842976366882" lon="7.027959173944803"><ele>1825.9754333489277</ele></trkpt><trkpt lat="46.058434864093044" lon="7.027864410151063"><ele>1826.0953758732016</ele></trkpt><trkpt lat="46.058439999999976" lon="7.02777"><ele>1825.64</ele></trkpt><trkpt lat="46.05844597184209" lon="7.02766349221604"><ele>1824.396980017656</ele></trkpt><trkpt lat="46.05845103156743" lon="7.027557342652388"><ele>1822.6945760715626</ele></trkpt><trkpt lat="46.058455105371756" lon="7.0274514469807166"><ele>1820.6816821166415</ele></trkpt><trkpt lat="46.05845811945074" lon="7.027345700872698"><ele>1818.5071921078138</ele></trkpt><trkpt lat="46.058460000000004" lon="7.027240000000001"><ele>1816.32</ele></trkpt><trkpt lat="46.058461598842754" lon="7.027142593614597"><ele>1813.9079967521357</ele></trkpt><trkpt lat="46.0584601818962" lon="7.02704581532643"><ele>1811.1912519478153</ele></trkpt><trkpt lat="46.058449999999986" lon="7.02695"><ele>1809.01</ele></trkpt><trkpt lat="46.05841705896388" lon="7.026830817065258"><ele>1807.8814391014134</ele></trkpt><trkpt lat="46.058370000000004" lon="7.02672"><ele>1807.4</ele></trkpt><trkpt lat="46.05832704966949" lon="7.026635282498884"><ele>1806.8221474246761</ele></trkpt><trkpt lat="46.058280959608716" lon="7.026553804214499"><ele>1806.3067716949708</ele></trkpt><trkpt lat="46.0582343897414" lon="7.0264729238228645"><ele>1805.6580101177801</ele></trkpt><trkpt lat="46.058189999999975" lon="7.02639"><ele>1804.68</ele></trkpt><trkpt lat="46.05815478490832" lon="7.026305122762668"><ele>1802.5553522186538</ele></trkpt><trkpt lat="46.05812000000001" lon="7.02622"><ele>1800.28</ele></trkpt><trkpt lat="46.058062677313835" lon="7.026121396572014"><ele>1799.5310798014666</ele></trkpt><trkpt lat="46.05801" lon="7.026020000000001"><ele>1798.08</ele></trkpt><trkpt lat="46.05797672526254" lon="7.0259229816090585"><ele>1794.9143896596745</ele></trkpt><trkpt lat="46.057947525331485" lon="7.025824387881505"><ele>1791.2729166679678</ele></trkpt><trkpt lat="46.05791996277179" lon="7.025725303349421"><ele>1787.3812488464241</ele></trkpt><trkpt lat="46.0578916001431" lon="7.025626812544893"><ele>1783.465054016587</ele></trkpt><trkpt lat="46.05785999999997" lon="7.02553"><ele>1779.75</ele></trkpt><trkpt lat="46.057799999999986" lon="7.025430000000001"><ele>1776.24</ele></trkpt><trkpt lat="46.05772467415751" lon="7.025394802197717"><ele>1775.309659881391</ele></trkpt><trkpt lat="46.05764621713974" lon="7.025371039577418"><ele>1774.8067538687417</ele></trkpt><trkpt lat="46.05756999999999" lon="7.02534"><ele>1773.54</ele></trkpt><trkpt lat="46.05750198927314" lon="7.025292839149108"><ele>1770.7856682158485</ele></trkpt><trkpt lat="46.057437152847356" lon="7.025238922859647"><ele>1767.2935645030875</ele></trkpt><trkpt lat="46.05736999999999" lon="7.025190000000001"><ele>1764.24</ele></trkpt><trkpt lat="46.05730473141011" lon="7.025165747016392"><ele>1763.1734048141016</ele></trkpt><trkpt lat="46.057240000000014" lon="7.02514"><ele>1762.05</ele></trkpt><trkpt lat="46.05716" lon="7.02505"><ele>1756.4</ele></trkpt><trkpt lat="46.05709443877451" lon="7.0250052625278485"><ele>1753.3576166904365</ele></trkpt><trkpt lat="46.05702758063212" lon="7.024963731511237"><ele>1750.440843499931</ele></trkpt><trkpt lat="46.05695943217371" lon="7.024925334739008"><ele>1747.79614855946</ele></trkpt><trkpt lat="46.05689" lon="7.024889999999999"><ele>1745.57</ele></trkpt><trkpt lat="46.05682918512132" lon="7.024861709089409"><ele>1744.1012846950803</ele></trkpt><trkpt lat="46.056767620327015" lon="7.024835310366654"><ele>1742.9807207758872</ele></trkpt><trkpt lat="46.05670546297168" lon="7.024811057099194"><ele>1742.0485145091543</ele></trkpt><trkpt lat="46.056642870410656" lon="7.02478920255449"><ele>1741.144872161614</ele></trkpt><trkpt lat="46.05658" lon="7.02477"><ele>1740.11</ele></trkpt><trkpt lat="46.05650521033833" lon="7.024763714869022"><ele>1738.5299963476982</ele></trkpt><trkpt lat="46.05642999999999" lon="7.024759999999999"><ele>1737.14</ele></trkpt><trkpt lat="46.05635228315424" lon="7.024743012212507"><ele>1736.5018264505545</ele></trkpt><trkpt lat="46.05627504990994" lon="7.024721330922405"><ele>1736.0957424269614</ele></trkpt><trkpt lat="46.0562" lon="7.0246900000000005"><ele>1735.16</ele></trkpt><trkpt lat="46.056100000000036" lon="7.02459"><ele>1730.6</ele></trkpt><trkpt lat="46.056045549232984" lon="7.024522400369476"><ele>1728.7501490133036</ele></trkpt><trkpt lat="46.05599239578534" lon="7.024452074062009"><ele>1727.1796508425819</ele></trkpt><trkpt lat="46.055939999999985" lon="7.024379999999999"><ele>1726.04</ele></trkpt><trkpt lat="46.05586999999999" lon="7.024269999999999"><ele>1726.75</ele></trkpt><trkpt lat="46.05583299192533" lon="7.024158495674686"><ele>1723.991666979378</ele></trkpt><trkpt lat="46.05581000000001" lon="7.024040000000001"><ele>1721.28</ele></trkpt><trkpt lat="46.055799556206814" lon="7.023947056257455"><ele>1720.2597272754285</ele></trkpt><trkpt lat="46.055789017432545" lon="7.023853913555665"><ele>1719.3465137332198</ele></trkpt><trkpt lat="46.05577862674166" lon="7.023760592039637"><ele>1718.5168729790732</ele></trkpt><trkpt lat="46.05576862719881" lon="7.02366711185438"><ele>1717.7473186186874</ele></trkpt><trkpt lat="46.055759261868765" lon="7.023573493144908"><ele>1717.0143642577614</ele></trkpt><trkpt lat="46.05575077381651" lon="7.023479756056224"><ele>1716.2945235019943</ele></trkpt><trkpt lat="46.05574340610706" lon="7.023385920733342"><ele>1715.5643099570843</ele></trkpt><trkpt lat="46.05573740180558" lon="7.023292007321269"><ele>1714.8002372287312</ele></trkpt><trkpt lat="46.055733003977174" lon="7.023198035965014"><ele>1713.9788189226335</ele></trkpt><trkpt lat="46.055730455687" lon="7.0231040268095875"><ele>1713.0765686444902</ele></trkpt><trkpt lat="46.05573" lon="7.02301"><ele>1712.07</ele></trkpt><trkpt lat="46.05574255953681" lon="7.022915062436808"><ele>1710.5139955551076</ele></trkpt><trkpt lat="46.055770287522094" lon="7.022824639654743"><ele>1708.483678904062</ele></trkpt><trkpt lat="46.05580037174045" lon="7.022734397045306"><ele>1706.579022800985</ele></trkpt><trkpt lat="46.05581999999997" lon="7.022640000000001"><ele>1705.4</ele></trkpt><trkpt lat="46.05581006370092" lon="7.022534818651924"><ele>1706.287079656723</ele></trkpt><trkpt lat="46.05579" lon="7.02243"><ele>1708.42</ele></trkpt><trkpt lat="46.055778265192394" lon="7.022305021797767"><ele>1711.1905331709731</ele></trkpt><trkpt lat="46.05578000000001" lon="7.02218"><ele>1713.3</ele></trkpt><trkpt lat="46.05579497803425" lon="7.022084144006109"><ele>1713.715640429959</ele></trkpt><trkpt lat="46.05581502578298" lon="7.021989771821538"><ele>1713.7092292637312</ele></trkpt><trkpt lat="46.055840060640556" lon="7.021898013726197"><ele>1713.2957034656383</ele></trkpt><trkpt lat="46.05586999999999" lon="7.021810000000001"><ele>1712.49</ele></trkpt><trkpt lat="46.055923391271016" lon="7.021728521883902"><ele>1709.8797353977131</ele></trkpt><trkpt lat="46.05597999999999" lon="7.021650000000001"><ele>1707.14</ele></trkpt><trkpt lat="46.05601311706433" lon="7.021571380454264"><ele>1706.1858292925112</ele></trkpt><trkpt lat="46.05604267903256" lon="7.021489122018177"><ele>1705.5195862758892</ele></trkpt><trkpt lat="46.0560709171111" lon="7.021405539723223"><ele>1704.9965763942307</ele></trkpt><trkpt lat="46.05610006250157" lon="7.0213229486008855"><ele>1704.4721050916319</ele></trkpt><trkpt lat="46.05613234640078" lon="7.02124366368265"><ele>1703.8014778121894</ele></trkpt><trkpt lat="46.05617000000001" lon="7.021169999999999"><ele>1702.84</ele></trkpt><trkpt lat="46.05624406209088" lon="7.021119051108023"><ele>1699.8469679650384</ele></trkpt><trkpt lat="46.056319999999985" lon="7.021070000000001"><ele>1697.58</ele></trkpt><trkpt lat="46.05636453748935" lon="7.0209997906498565"><ele>1697.7689019705763</ele></trkpt><trkpt lat="46.056407670388616" lon="7.020927790669397"><ele>1698.3514652705883</ele></trkpt><trkpt lat="46.056449514506006" lon="7.020854194663889"><ele>1699.1943336429536</ele></trkpt><trkpt lat="46.05649018564933" lon="7.020779197238604"><ele>1700.1641508305906</ele></trkpt><trkpt lat="46.05652979962598" lon="7.020702992998815"><ele>1701.127560576418</ele></trkpt><trkpt lat="46.05656847224294" lon="7.020625776549789"><ele>1701.9512066233544</ele></trkpt><trkpt lat="46.0566063193068" lon="7.020547742496797"><ele>1702.5017327143178</ele></trkpt><trkpt lat="46.05664345662386" lon="7.020469085445111"><ele>1702.6457825922269</ele></trkpt><trkpt lat="46.056680000000014" lon="7.02039"><ele>1702.25</ele></trkpt><trkpt lat="46.056723208322644" lon="7.02029680397412"><ele>1700.0482663113721</ele></trkpt><trkpt lat="46.05676303586203" lon="7.020202918351037"><ele>1696.032334794422</ele></trkpt><trkpt lat="46.05679384546805" lon="7.020105073552433"><ele>1691.5602358802612</ele></trkpt><trkpt lat="46.05680999999999" lon="7.019999999999999"><ele>1687.99</ele></trkpt><trkpt lat="46.056802819048364" lon="7.0198996815200045"><ele>1685.8317291031863</ele></trkpt><trkpt lat="46.05677773806363" lon="7.019800998692601"><ele>1684.2977808919686</ele></trkpt><trkpt lat="46.056748788041325" lon="7.019701816518897"><ele>1683.377442234767</ele></trkpt><trkpt lat="46.05673000000001" lon="7.019599999999999"><ele>1683.06</ele></trkpt><trkpt lat="46.05672294827462" lon="7.019499478027884"><ele>1684.5273167837254</ele></trkpt><trkpt lat="46.056725989595655" lon="7.019399470457551"><ele>1687.0735388573196</ele></trkpt><trkpt lat="46.05674999999999" lon="7.01931"><ele>1687.86</ele></trkpt><trkpt lat="46.05679323194445" lon="7.019229356440814"><ele>1686.4552900921994</ele></trkpt><trkpt lat="46.056841842827744" lon="7.019156077069873"><ele>1684.51430181894</ele></trkpt><trkpt lat="46.05689432885871" lon="7.01908833181375"><ele>1682.170656926657</ele></trkpt><trkpt lat="46.05694918625077" lon="7.019024290599014"><ele>1679.5579771617831</ele></trkpt><trkpt lat="46.057004911222904" lon="7.018962123352239"><ele>1676.8098842707532</ele></trkpt><trkpt lat="46.057060000000014" lon="7.018900000000001"><ele>1674.06</ele></trkpt><trkpt lat="46.05713404506564" lon="7.018851079833865"><ele>1669.4894487086995</ele></trkpt><trkpt lat="46.05720000000001" lon="7.018789999999999"><ele>1665.42</ele></trkpt><trkpt lat="46.057215978763175" lon="7.0186707747681005"><ele>1665.9328954927237</ele></trkpt><trkpt lat="46.057230000000025" lon="7.01855"><ele>1666.28</ele></trkpt><trkpt lat="46.057297851930336" lon="7.018487324020652"><ele>1661.1512535218926</ele></trkpt><trkpt lat="46.05736" lon="7.018419999999999"><ele>1656.24</ele></trkpt><trkpt lat="46.05737769396904" lon="7.01832972966438"><ele>1655.3690077786162</ele></trkpt><trkpt lat="46.0573833572744" lon="7.018234289787458"><ele>1655.5864605957695</ele></trkpt><trkpt lat="46.05738234194356" lon="7.018136705016806"><ele>1656.2381831150385</ele></trkpt><trkpt lat="46.05738000000001" lon="7.01804"><ele>1656.67</ele></trkpt><trkpt lat="46.057375184599174" lon="7.017939748031741"><ele>1656.9044890925586</ele></trkpt><trkpt lat="46.057365948222305" lon="7.01783989288449"><ele>1657.220714400837</ele></trkpt><trkpt lat="46.05735623773365" lon="7.017740091294993"><ele>1657.3665825086969</ele></trkpt><trkpt lat="46.05734999999999" lon="7.017639999999999"><ele>1657.09</ele></trkpt><trkpt lat="46.0573544191248" lon="7.017525028545019"><ele>1655.0798994435509</ele></trkpt><trkpt lat="46.05736" lon="7.017409999999998"><ele>1653.08</ele></trkpt><trkpt lat="46.05735783411232" lon="7.0173066975845995"><ele>1652.6510218140793</ele></trkpt><trkpt lat="46.05735424523642" lon="7.017203398862972"><ele>1652.4521835120845</ele></trkpt><trkpt lat="46.057349950379646" lon="7.017100091789405"><ele>1652.4055736368482</ele></trkpt><trkpt lat="46.05734566654947" lon="7.0169967643181925"><ele>1652.4332807312007</ele></trkpt><trkpt lat="46.05734211075364" lon="7.016893404403626"><ele>1652.4573933379743</ele></trkpt><trkpt lat="46.05734" lon="7.016789999999999"><ele>1652.4</ele></trkpt><trkpt lat="46.057339999410196" lon="7.0166963398068285"><ele>1652.4442809086624</ele></trkpt><trkpt lat="46.05734291324387" lon="7.016602755477294"><ele>1652.4744306314678</ele></trkpt><trkpt lat="46.05734999999999" lon="7.01651"><ele>1652</ele></trkpt><trkpt lat="46.057372714657" lon="7.016410377852127"><ele>1649.7134255591618</ele></trkpt><trkpt lat="46.05739" lon="7.01631"><ele>1647.76</ele></trkpt><trkpt lat="46.057388258356596" lon="7.016215786980182"><ele>1648.0408238853247</ele></trkpt><trkpt lat="46.05738202228496" lon="7.016121663351087"><ele>1649.0114352437395</ele></trkpt><trkpt lat="46.05736977507162" lon="7.016029208046449"><ele>1649.956328980284</ele></trkpt><trkpt lat="46.05734999999999" lon="7.015939999999999"><ele>1650.16</ele></trkpt><trkpt lat="46.05732278680756" lon="7.015851978126535"><ele>1649.6956093200292</ele></trkpt><trkpt lat="46.05729159742082" lon="7.015766582779814"><ele>1649.1288366309495</ele></trkpt><trkpt lat="46.05725784324622" lon="7.015682932392673"><ele>1648.4470358915974</ele></trkpt><trkpt lat="46.05722293569302" lon="7.01560014539795"><ele>1647.6375610608084</ele></trkpt><trkpt lat="46.05718828617398" lon="7.015517340228483"><ele>1646.6877660974185</ele></trkpt><trkpt lat="46.057155306105344" lon="7.015433635317109"><ele>1645.5850049602632</ele></trkpt><trkpt lat="46.05712540690662" lon="7.015348149096669"><ele>1644.3166316081783</ele></trkpt><trkpt lat="46.05709999999999" lon="7.01526"><ele>1642.87</ele></trkpt><trkpt lat="46.057102217211074" lon="7.015145551547668"><ele>1639.2979040677756</ele></trkpt><trkpt lat="46.05712" lon="7.01503"><ele>1634.55</ele></trkpt><trkpt lat="46.05712014572019" lon="7.014915499873078"><ele>1629.607596056798</ele></trkpt><trkpt lat="46.05711000000001" lon="7.014800000000001"><ele>1625.76</ele></trkpt><trkpt lat="46.057060000000014" lon="7.014639999999999"><ele>1627.56</ele></trkpt><trkpt lat="46.057005522690474" lon="7.014563564803756"><ele>1630.3828142428265</ele></trkpt><trkpt lat="46.056950000000015" lon="7.014490000000001"><ele>1633.82</ele></trkpt><trkpt lat="46.05691000000001" lon="7.014380000000001"><ele>1638.63</ele></trkpt><trkpt lat="46.056970000000014" lon="7.01433"><ele>1634.02</ele></trkpt><trkpt lat="46.05703486025751" lon="7.0143384986616315"><ele>1627.8340716947614</ele></trkpt><trkpt lat="46.05709999999999" lon="7.01434"><ele>1622.08</ele></trkpt><trkpt lat="46.05716" lon="7.014250000000001"><ele>1620.1</ele></trkpt><trkpt lat="46.05720922806538" lon="7.014162266123251"><ele>1620.0050793324724</ele></trkpt><trkpt lat="46.057257713432314" lon="7.01407354781334"><ele>1620.2278493973622</ele></trkpt><trkpt lat="46.05730999999999" lon="7.01399"><ele>1620.04</ele></trkpt><trkpt lat="46.05740000000001" lon="7.013909999999999"><ele>1617.36</ele></trkpt><trkpt lat="46.05745000000003" lon="7.013780000000001"><ele>1617.98</ele></trkpt><trkpt lat="46.05743999999999" lon="7.0136400000000005"><ele>1622.83</ele></trkpt><trkpt lat="46.05736999999999" lon="7.01351"><ele>1626.99</ele></trkpt><trkpt lat="46.05736160922177" lon="7.013400235094408"><ele>1625.7798211682293</ele></trkpt><trkpt lat="46.057364261783334" lon="7.0132897073216665"><ele>1623.518211023754</ele></trkpt><trkpt lat="46.05736999999999" lon="7.01318"><ele>1620.86</ele></trkpt><trkpt lat="46.05739" lon="7.01304"><ele>1615.59</ele></trkpt><trkpt lat="46.05738591777297" lon="7.01294974703456"><ele>1614.617627700872</ele></trkpt><trkpt lat="46.05737981976497" lon="7.01285940131697"><ele>1613.9543013963255</ele></trkpt><trkpt lat="46.05737176287054" lon="7.0127691820821"><ele>1613.5571612413435</ele></trkpt><trkpt lat="46.05736180398413" lon="7.01267930856482"><ele>1613.3833473909074</ele></trkpt><trkpt lat="46.05734999999999" lon="7.012590000000001"><ele>1613.39</ele></trkpt><trkpt lat="46.05733433850906" lon="7.012490624033996"><ele>1613.7203812264845</ele></trkpt><trkpt lat="46.05731582570439" lon="7.012392291887226"><ele>1614.42668365</ele></trkpt><trkpt lat="46.057294400047674" lon="7.012295313796844"><ele>1615.3596442485157</ele></trkpt><trkpt lat="46.05727000000003" lon="7.0122"><ele>1616.37</ele></trkpt><trkpt lat="46.05721" lon="7.012079999999999"><ele>1618.79</ele></trkpt><trkpt lat="46.057208893524255" lon="7.011984064109046"><ele>1616.399445814199</ele></trkpt><trkpt lat="46.05721140093942" lon="7.011888808036509"><ele>1613.7091675151084</ele></trkpt><trkpt lat="46.057216409082095" lon="7.0117940255718905"><ele>1610.8066063287733</ele></trkpt><trkpt lat="46.05722280478879" lon="7.0116995105046875"><ele>1607.7792034812383</ele></trkpt><trkpt lat="46.057229474896374" lon="7.011605056624398"><ele>1604.7144001985484</ele></trkpt><trkpt lat="46.05723530624222" lon="7.011510457720522"><ele>1601.699637706749</ele></trkpt><trkpt lat="46.0572391856641" lon="7.011415507582557"><ele>1598.8223572318846</ele></trkpt><trkpt lat="46.057240000000014" lon="7.01132"><ele>1596.17</ele></trkpt><trkpt lat="46.05720000000001" lon="7.0112"><ele>1595.74</ele></trkpt><trkpt lat="46.05721" lon="7.011119999999999"><ele>1594.26</ele></trkpt><trkpt lat="46.057250000000025" lon="7.0110399999999995"><ele>1589.52</ele></trkpt><trkpt lat="46.05725193722405" lon="7.010945951141124"><ele>1588.070389574121</ele></trkpt><trkpt lat="46.057250000000025" lon="7.01085"><ele>1587.5</ele></trkpt><trkpt lat="46.05727000000003" lon="7.01071"><ele>1587.7</ele></trkpt><trkpt lat="46.0573" lon="7.010620000000001"><ele>1586.85</ele></trkpt><trkpt lat="46.05734903084946" lon="7.0105583107240745"><ele>1585.0961572459166</ele></trkpt><trkpt lat="46.0574008302449" lon="7.010501297361653"><ele>1583.159414196883</ele></trkpt><trkpt lat="46.05745311421139" lon="7.010445128637196"><ele>1581.2295925248911</ele></trkpt><trkpt lat="46.0575035987825" lon="7.010385973275158"><ele>1579.4965139019328</ele></trkpt><trkpt lat="46.05754999999999" lon="7.01032"><ele>1578.15</ele></trkpt><trkpt lat="46.05759" lon="7.01015"><ele>1579.6</ele></trkpt><trkpt lat="46.0576329526229" lon="7.010065049325514"><ele>1578.5615966658097</ele></trkpt><trkpt lat="46.057680346318456" lon="7.0099850420377035"><ele>1577.1017018636057</ele></trkpt><trkpt lat="46.05772756685095" lon="7.00990501373104"><ele>1575.495956129599</ele></trkpt><trkpt lat="46.05777" lon="7.00982"><ele>1574.02</ele></trkpt><trkpt lat="46.05778000000001" lon="7.009709999999999"><ele>1573.09</ele></trkpt><trkpt lat="46.05777300580643" lon="7.009616485258412"><ele>1574.2617701344652</ele></trkpt><trkpt lat="46.05776317780949" lon="7.009523563346665"><ele>1575.8096145573</ele></trkpt><trkpt lat="46.05775999999998" lon="7.00943"><ele>1576.79</ele></trkpt><trkpt lat="46.05777047693181" lon="7.009332846338943"><ele>1576.7448421158379</ele></trkpt><trkpt lat="46.05778753971633" lon="7.009236884681809"><ele>1576.1247949993858</ele></trkpt><trkpt lat="46.057799999999986" lon="7.0091399999999995"><ele>1575.4</ele></trkpt><trkpt lat="46.05780496837685" lon="7.009033376850349"><ele>1574.5984396404672</ele></trkpt><trkpt lat="46.05780529070016" lon="7.0089264949352525"><ele>1573.6963347433007</ele></trkpt><trkpt lat="46.057799999999986" lon="7.00882"><ele>1572.93</ele></trkpt><trkpt lat="46.05778602160743" lon="7.008716037050941"><ele>1572.512405449933</ele></trkpt><trkpt lat="46.0577665045415" lon="7.008613397980357"><ele>1572.2360537314469</ele></trkpt><trkpt lat="46.05774999999999" lon="7.00851"><ele>1571.72</ele></trkpt><trkpt lat="46.05774999999999" lon="7.008390000000001"><ele>1569.79</ele></trkpt><trkpt lat="46.057720000000025" lon="7.00827"><ele>1569.47</ele></trkpt><trkpt lat="46.05772999999999" lon="7.00816"><ele>1566.64</ele></trkpt><trkpt lat="46.05776051976959" lon="7.008059994981216"><ele>1562.1151432177226</ele></trkpt><trkpt lat="46.057794144047364" lon="7.007962594745457"><ele>1557.3423928195828</ele></trkpt><trkpt lat="46.05781999999999" lon="7.007860000000001"><ele>1553.01</ele></trkpt><trkpt lat="46.05781" lon="7.007690000000001"><ele>1549.71</ele></trkpt><trkpt lat="46.05783" lon="7.00761"><ele>1547.44</ele></trkpt><trkpt lat="46.057819188816694" lon="7.007499186818364"><ele>1545.3868717254622</ele></trkpt><trkpt lat="46.057799999999986" lon="7.007389999999999"><ele>1543.52</ele></trkpt><trkpt lat="46.05775999999998" lon="7.007240000000001"><ele>1540.85</ele></trkpt><trkpt lat="46.05775516581182" lon="7.007147030150003"><ele>1538.6250786005198</ele></trkpt><trkpt lat="46.05775527795706" lon="7.0070534876354955"><ele>1536.2830416027948</ele></trkpt><trkpt lat="46.05774999999999" lon="7.00696"><ele>1534.51</ele></trkpt><trkpt lat="46.05772554422962" lon="7.006854932645585"><ele>1534.284377477855</ele></trkpt><trkpt lat="46.057700000000025" lon="7.006749999999999"><ele>1534.23</ele></trkpt><trkpt lat="46.05768836563728" lon="7.006645186733112"><ele>1532.8684996082243</ele></trkpt><trkpt lat="46.05768053921287" lon="7.006539780532381"><ele>1531.1602180922323</ele></trkpt><trkpt lat="46.05767244318268" lon="7.006434484065459"><ele>1529.4218275301241</ele></trkpt><trkpt lat="46.05765999999999" lon="7.006329999999999"><ele>1527.97</ele></trkpt><trkpt lat="46.05763174574459" lon="7.006214459181008"><ele>1527.1475354214554</ele></trkpt><trkpt lat="46.05760000000001" lon="7.006100000000002"><ele>1526.7</ele></trkpt><trkpt lat="46.05758000000001" lon="7.00596"><ele>1525.97</ele></trkpt><trkpt lat="46.05758000000001" lon="7.005819999999999"><ele>1523.56</ele></trkpt><trkpt lat="46.05754000000003" lon="7.00568"><ele>1523.2</ele></trkpt><trkpt lat="46.05754000000003" lon="7.005559999999999"><ele>1521.24</ele></trkpt><trkpt lat="46.057510000000015" lon="7.00545"><ele>1521.47</ele></trkpt><trkpt lat="46.05749691205912" lon="7.005345557115472"><ele>1521.466502810653</ele></trkpt><trkpt lat="46.05748551805965" lon="7.005240612242371"><ele>1521.5116493051808</ele></trkpt><trkpt lat="46.05747636503033" lon="7.005135361248086"><ele>1521.323471147118</ele></trkpt><trkpt lat="46.05746999999998" lon="7.00503"><ele>1520.62</ele></trkpt><trkpt lat="46.05746911240577" lon="7.00490868866738"><ele>1518.2047957030104</ele></trkpt><trkpt lat="46.05748" lon="7.00479"><ele>1514.86</ele></trkpt><trkpt lat="46.057529999999986" lon="7.00464"><ele>1510.34</ele></trkpt><trkpt lat="46.05751675659761" lon="7.004551786860247"><ele>1510.4540231460614</ele></trkpt><trkpt lat="46.05749559551024" lon="7.004466339076795"><ele>1511.0797111177794</ele></trkpt><trkpt lat="46.05747105612075" lon="7.004381997863222"><ele>1511.9523875164668</ele></trkpt><trkpt lat="46.05744767781841" lon="7.004297104433097"><ele>1512.807375943436</ele></trkpt><trkpt lat="46.057430000000004" lon="7.004209999999998"><ele>1513.38</ele></trkpt><trkpt lat="46.05743999999999" lon="7.00404"><ele>1512.66</ele></trkpt><trkpt lat="46.05742018023024" lon="7.003932069625777"><ele>1513.3743420463525</ele></trkpt><trkpt lat="46.057393812886424" lon="7.0038265933952095"><ele>1514.3870950672228</ele></trkpt><trkpt lat="46.05736999999999" lon="7.00372"><ele>1515.3</ele></trkpt><trkpt lat="46.05735745337015" lon="7.003630676208001"><ele>1515.8064065404837</ele></trkpt><trkpt lat="46.05734999999999" lon="7.003540000000002"><ele>1516.03</ele></trkpt><trkpt lat="46.05734999999999" lon="7.0034"><ele>1515.4</ele></trkpt><trkpt lat="46.05738000000001" lon="7.00325"><ele>1513.87</ele></trkpt><trkpt lat="46.057430000000004" lon="7.003189999999999"><ele>1511.62</ele></trkpt><trkpt lat="46.057520000000004" lon="7.0031099999999995"><ele>1509.05</ele></trkpt><trkpt lat="46.05760000000001" lon="7.00299"><ele>1508.05</ele></trkpt><trkpt lat="46.05763999999999" lon="7.002859999999999"><ele>1509.44</ele></trkpt><trkpt lat="46.05765559185695" lon="7.002750504544869"><ele>1510.967591344405</ele></trkpt><trkpt lat="46.05765999999999" lon="7.0026399999999995"><ele>1512.89</ele></trkpt><trkpt lat="46.05764883189756" lon="7.002522838342151"><ele>1515.5876289997686</ele></trkpt><trkpt lat="46.057631550986784" lon="7.0024070172986965"><ele>1518.505426573718</ele></trkpt><trkpt lat="46.057619999999986" lon="7.0022899999999995"><ele>1521.27</ele></trkpt><trkpt lat="46.05763999999999" lon="7.00214"><ele>1523.71</ele></trkpt><trkpt lat="46.057619999999986" lon="7.002039999999999"><ele>1525.82</ele></trkpt><trkpt lat="46.05758000000001" lon="7.001920000000001"><ele>1528.23</ele></trkpt><trkpt lat="46.05759" lon="7.001799999999999"><ele>1529.53</ele></trkpt><trkpt lat="46.05763999999999" lon="7.00167"><ele>1529.41</ele></trkpt><trkpt lat="46.05770015998269" lon="7.001697984221328"><ele>1528.23265075543</ele></trkpt><trkpt lat="46.05775719999999" lon="7.001755999999999"><ele>1526.94</ele></trkpt><trkpt lat="46.05775719999999" lon="7.001755999999999"><ele>1526.94</ele></trkpt><trkpt lat="46.057690792413965" lon="7.00172390707926"><ele>1528.3009203091422</ele></trkpt><trkpt lat="46.05763999999999" lon="7.00167"><ele>1529.41</ele></trkpt><trkpt lat="46.05764244053321" lon="7.0015758701178035"><ele>1529.6033177966046</ele></trkpt><trkpt lat="46.05767000000001" lon="7.00148"><ele>1529.27</ele></trkpt><trkpt lat="46.057720000000025" lon="7.00134"><ele>1528.31</ele></trkpt><trkpt lat="46.05769000000001" lon="7.0012099999999995"><ele>1527.89</ele></trkpt><trkpt lat="46.05763999999999" lon="7.00113"><ele>1527.49</ele></trkpt><trkpt lat="46.0575774395165" lon="7.001107139132415"><ele>1527.4649352076115</ele></trkpt><trkpt lat="46.057513707866" lon="7.001090786267827"><ele>1527.481315282391</ele></trkpt><trkpt lat="46.057449451566576" lon="7.001077418664262"><ele>1527.5170760116796</ele></trkpt><trkpt lat="46.05738531713924" lon="7.00106351357975"><ele>1527.5501531828168</ele></trkpt><trkpt lat="46.057321951108065" lon="7.0010455482723195"><ele>1527.5584825831436</ele></trkpt><trkpt lat="46.05725999999999" lon="7.0010200000000005"><ele>1527.52</ele></trkpt><trkpt lat="46.05718598842986" lon="7.000955063414227"><ele>1527.3141000867029</ele></trkpt><trkpt lat="46.05712" lon="7.000869999999999"><ele>1526.9</ele></trkpt><trkpt lat="46.057039999999986" lon="7.000750000000001"><ele>1525.83</ele></trkpt><trkpt lat="46.05698200402898" lon="7.000716779254299"><ele>1526.2151964650425</ele></trkpt><trkpt lat="46.05691999999999" lon="7.0007"><ele>1526.72</ele></trkpt><trkpt lat="46.0568" lon="7.0007"><ele>1526.57</ele></trkpt><trkpt lat="46.05671999999999" lon="7.000750000000001"><ele>1526.53</ele></trkpt><trkpt lat="46.05667134189029" lon="7.000813600591094"><ele>1527.0934042511158</ele></trkpt><trkpt lat="46.05662" lon="7.000869999999999"><ele>1527.66</ele></trkpt><trkpt lat="46.05651" lon="7.000880000000001"><ele>1527.71</ele></trkpt><trkpt lat="46.0564" lon="7.0008300000000006"><ele>1528.16</ele></trkpt><trkpt lat="46.05633" lon="7.000710000000001"><ele>1526.57</ele></trkpt><trkpt lat="46.0562509664753" lon="7.000675809533386"><ele>1527.1812673286015</ele></trkpt><trkpt lat="46.056168517052875" lon="7.000655434160668"><ele>1528.1507638277844</ele></trkpt><trkpt lat="46.05608999999997" lon="7.0006200000000005"><ele>1528.24</ele></trkpt><trkpt lat="46.05603330851062" lon="7.000575535803504"><ele>1527.4988503982504</ele></trkpt><trkpt lat="46.05597880013729" lon="7.00052588612802"><ele>1526.5146785427946</ele></trkpt><trkpt lat="46.055925646168696" lon="7.000473055100245"><ele>1525.3512419919207</ele></trkpt><trkpt lat="46.055873017890114" lon="7.000419046846864"><ele>1524.0722983039166</ele></trkpt><trkpt lat="46.05582008658373" lon="7.000365865494569"><ele>1522.7416050370698</ele></trkpt><trkpt lat="46.055766023528456" lon="7.000315515170051"><ele>1521.4229197496684</ele></trkpt><trkpt lat="46.05570999999999" lon="7.00027"><ele>1520.18</ele></trkpt><trkpt lat="46.05563225849481" lon="7.000234923603593"><ele>1518.3179411228105</ele></trkpt><trkpt lat="46.05554999999997" lon="7.00022"><ele>1517.08</ele></trkpt><trkpt lat="46.05548328071554" lon="7.0002098640677115"><ele>1517.2152268767823</ele></trkpt><trkpt lat="46.055416368343906" lon="7.000204881142172"><ele>1517.9271316769264</ele></trkpt><trkpt lat="46.05535000000002" lon="7.000210000000001"><ele>1519.05</ele></trkpt><trkpt lat="46.05528600320045" lon="7.000232182807712"><ele>1520.8669351353894</ele></trkpt><trkpt lat="46.055223787458395" lon="7.000264245369806"><ele>1523.0709180999568</ele></trkpt><trkpt lat="46.05516000000001" lon="7.000289999999999"><ele>1524.62</ele></trkpt><trkpt lat="46.05508372964276" lon="7.000302865797272"><ele>1525.0162387103999</ele></trkpt><trkpt lat="46.05500667351979" lon="7.0003092178085735"><ele>1524.7471152264748</ele></trkpt><trkpt lat="46.05493000000001" lon="7.00032"><ele>1524.64</ele></trkpt><trkpt lat="46.05484000000001" lon="7.000360000000001"><ele>1525.67</ele></trkpt><trkpt lat="46.05476999999999" lon="7.000449999999999"><ele>1529.54</ele></trkpt><trkpt lat="46.05470219351462" lon="7.000491251195546"><ele>1530.9097759824763</ele></trkpt><trkpt lat="46.05463295838383" lon="7.000528653634131"><ele>1532.064771470738</ele></trkpt><trkpt lat="46.054562244061195" lon="7.000559229255651"><ele>1532.8473812236305</ele></trkpt><trkpt lat="46.05448999999998" lon="7.00058"><ele>1533.1</ele></trkpt><trkpt lat="46.054425211156286" lon="7.0005839113445525"><ele>1532.4453768829462</ele></trkpt><trkpt lat="46.054360314516046" lon="7.000575573481242"><ele>1531.0752285063184</ele></trkpt><trkpt lat="46.05429526061783" lon="7.000564448877309"><ele>1529.7074658765314</ele></trkpt><trkpt lat="46.05423" lon="7.00056"><ele>1529.06</ele></trkpt><trkpt lat="46.05416651709198" lon="7.000564179570636"><ele>1529.2398613217185</ele></trkpt><trkpt lat="46.054103202913794" lon="7.000571613741309"><ele>1529.7771592428303</ele></trkpt><trkpt lat="46.054039975790715" lon="7.0005806076908"><ele>1530.5283579172751</ele></trkpt><trkpt lat="46.053976754047746" lon="7.0005894665978925"><ele>1531.3499214989918</ele></trkpt><trkpt lat="46.05391345600945" lon="7.000596495641364"><ele>1532.0983141419204</ele></trkpt><trkpt lat="46.05384999999999" lon="7.0006"><ele>1532.63</ele></trkpt><trkpt lat="46.05377000632659" lon="7.000586068480454"><ele>1532.6174656027151</ele></trkpt><trkpt lat="46.053690000000024" lon="7.00057"><ele>1532.25</ele></trkpt><trkpt lat="46.05362491889603" lon="7.0005803568452665"><ele>1532.2251304674073</ele></trkpt><trkpt lat="46.05355999999999" lon="7.000590000000001"><ele>1531.79</ele></trkpt><trkpt lat="46.053493163759974" lon="7.000583046246217"><ele>1530.5392630794934</ele></trkpt><trkpt lat="46.05342661806884" lon="7.000571696300011"><ele>1529.002943627224</ele></trkpt><trkpt lat="46.05336019588755" lon="7.000558833431838"><ele>1527.3819496181663</ele></trkpt><trkpt lat="46.0532937301762" lon="7.000547340912144"><ele>1525.8771890272942</ele></trkpt><trkpt lat="46.05322705389419" lon="7.0005401020113815"><ele>1524.6895698295807</ele></trkpt><trkpt lat="46.05316000000001" lon="7.000539999999999"><ele>1524.02</ele></trkpt><trkpt lat="46.053086645816485" lon="7.000558459107394"><ele>1524.5205611188837</ele></trkpt><trkpt lat="46.05301358396375" lon="7.000593584790376"><ele>1526.126783824555</ele></trkpt><trkpt lat="46.05294119920176" lon="7.000629480919663"><ele>1527.8717259707846</ele></trkpt><trkpt lat="46.05286987629254" lon="7.0006502513659665"><ele>1528.7884454113425</ele></trkpt><trkpt lat="46.05279999999999" lon="7.000639999999999"><ele>1527.91</ele></trkpt><trkpt lat="46.05280518224096" lon="7.000596287322429"><ele>1525.463442045278</ele></trkpt><trkpt lat="46.052891099641016" lon="7.000530683158934"><ele>1522.1747827203858</ele></trkpt><trkpt lat="46.052959999999985" lon="7.000449999999999"><ele>1517.94</ele></trkpt><trkpt lat="46.05290999999999" lon="7.000299999999999"><ele>1509.15</ele></trkpt><trkpt lat="46.05284490792672" lon="7.000277983156985"><ele>1508.3301352677063</ele></trkpt><trkpt lat="46.05277398052634" lon="7.000275742546901"><ele>1508.8108294843105</ele></trkpt><trkpt lat="46.05270999999996" lon="7.00025"><ele>1508.31</ele></trkpt><trkpt lat="46.052779999999984" lon="7.000180000000001"><ele>1505.1</ele></trkpt><trkpt lat="46.05270619336403" lon="7.0001175988973126"><ele>1501.9732270644708</ele></trkpt><trkpt lat="46.052659999999996" lon="7.0000599999999995"><ele>1498.27</ele></trkpt><trkpt lat="46.052715701560246" lon="7.000014461045846"><ele>1494.4436579732055</ele></trkpt><trkpt lat="46.05279626768762" lon="7.000000544289589"><ele>1492.4948202412068</ele></trkpt><trkpt lat="46.052859999999995" lon="6.999959999999999"><ele>1489.13</ele></trkpt><trkpt lat="46.05279000000002" lon="6.999829999999999"><ele>1482.04</ele></trkpt><trkpt lat="46.05272999999999" lon="6.99976"><ele>1479.67</ele></trkpt><trkpt lat="46.052689999999984" lon="6.99975"><ele>1477.37</ele></trkpt><trkpt lat="46.052689999999984" lon="6.999630000000001"><ele>1473.16</ele></trkpt><trkpt lat="46.05279000000002" lon="6.999600000000001"><ele>1471.95</ele></trkpt><trkpt lat="46.05285151868622" lon="6.9995664244326115"><ele>1471.0991637014054</ele></trkpt><trkpt lat="46.05291304619183" lon="6.999532103650408"><ele>1470.3416051793904</ele></trkpt><trkpt lat="46.05297381435269" lon="6.999495570651897"><ele>1469.5074648066727</ele></trkpt><trkpt lat="46.053033055007965" lon="6.999455358435591"><ele>1468.42688295597</ele></trkpt><trkpt lat="46.05308999999999" lon="6.99941"><ele>1466.93</ele></trkpt><trkpt lat="46.05315610451183" lon="6.999344906891665"><ele>1463.7161122798038</ele></trkpt><trkpt lat="46.05317999999999" lon="6.99926"><ele>1459.58</ele></trkpt><trkpt lat="46.053105981998264" lon="6.999191151297855"><ele>1457.2974593459292</ele></trkpt><trkpt lat="46.05302000000002" lon="6.99913"><ele>1455.53</ele></trkpt><trkpt lat="46.053040000000024" lon="6.998990000000001"><ele>1449.64</ele></trkpt><trkpt lat="46.05301540758261" lon="6.9989073847722905"><ele>1445.1531365883063</ele></trkpt><trkpt lat="46.05298100541627" lon="6.99883106618687"><ele>1440.7136481235761</ele></trkpt><trkpt lat="46.05294000000001" lon="6.99876"><ele>1436.72</ele></trkpt><trkpt lat="46.0528742476143" lon="6.99870409068448"><ele>1434.1669669951157</ele></trkpt><trkpt lat="46.05281999999999" lon="6.998640000000001"><ele>1431.13</ele></trkpt><trkpt lat="46.05284057483439" lon="6.998549615433539"><ele>1425.8359116964612</ele></trkpt><trkpt lat="46.052859999999995" lon="6.998460000000001"><ele>1420.52</ele></trkpt><trkpt lat="46.052812579961916" lon="6.998393388540928"><ele>1416.9209553968385</ele></trkpt><trkpt lat="46.05274845879111" lon="6.998340499720259"><ele>1414.2230705003087</ele></trkpt><trkpt lat="46.05270999999996" lon="6.998270000000001"><ele>1410.62</ele></trkpt><trkpt lat="46.052762700494235" lon="6.998169699332899"><ele>1405.2787691916883</ele></trkpt><trkpt lat="46.05280999999998" lon="6.998069999999999"><ele>1400.28</ele></trkpt><trkpt lat="46.05276203671201" lon="6.998006563327819"><ele>1397.5398291412507</ele></trkpt><trkpt lat="46.05268762485584" lon="6.9979685528272215"><ele>1396.2120298014806</ele></trkpt><trkpt lat="46.05262999999998" lon="6.997909999999999"><ele>1393.86</ele></trkpt><trkpt lat="46.052689999999984" lon="6.99778"><ele>1387.61</ele></trkpt><trkpt lat="46.05261999999999" lon="6.99768"><ele>1382.07</ele></trkpt><trkpt lat="46.05269012720594" lon="6.997657964278706"><ele>1380.5178913542204</ele></trkpt><trkpt lat="46.05275000000002" lon="6.99763"><ele>1379.12</ele></trkpt><trkpt lat="46.05270503661151" lon="6.997568660477453"><ele>1376.4881667581221</ele></trkpt><trkpt lat="46.05263999999999" lon="6.997509999999999"><ele>1374.31</ele></trkpt><trkpt lat="46.05260902443905" lon="6.9973812333836936"><ele>1369.7429660358812</ele></trkpt><trkpt lat="46.05262999999998" lon="6.997269999999999"><ele>1365.41</ele></trkpt><trkpt lat="46.052685302271335" lon="6.997222440630518"><ele>1362.8719938265228</ele></trkpt><trkpt lat="46.05274764923432" lon="6.997190288063581"><ele>1360.8093029277345</ele></trkpt><trkpt lat="46.05281434505577" lon="6.997171915181381"><ele>1359.212615115685</ele></trkpt><trkpt lat="46.052882693913965" lon="6.997165694866122"><ele>1358.0726182024237</ele></trkpt><trkpt lat="46.052949999999996" lon="6.997169999999999"><ele>1357.38</ele></trkpt><trkpt lat="46.053020351156356" lon="6.9971892347696025"><ele>1357.2652299273818</ele></trkpt><trkpt lat="46.05308849259651" lon="6.997222880345458"><ele>1357.7608914074883</ele></trkpt><trkpt lat="46.05315547626457" lon="6.997264358191996"><ele>1358.5835917975614</ele></trkpt><trkpt lat="46.0532223540995" lon="6.9973070897736465"><ele>1359.4499384548428</ele></trkpt><trkpt lat="46.053290178035105" lon="6.997344496554838"><ele>1360.0765387365752</ele></trkpt><trkpt lat="46.05335999999999" lon="6.99737"><ele>1360.18</ele></trkpt><trkpt lat="46.05342795045462" lon="6.997383014181369"><ele>1359.800893846732</ele></trkpt><trkpt lat="46.05349640242242" lon="6.997389657540704"><ele>1359.1598944879197</ele></trkpt><trkpt lat="46.05356509463113" lon="6.997390803940124"><ele>1358.2816536737018</ele></trkpt><trkpt lat="46.053633765809835" lon="6.997387327241737"><ele>1357.190823154217</ele></trkpt><trkpt lat="46.053702154688914" lon="6.997380101307657"><ele>1355.9120546796034</ele></trkpt><trkpt lat="46.05376999999998" lon="6.99737"><ele>1354.47</ele></trkpt><trkpt lat="46.05383712991117" lon="6.9973579039502205"><ele>1352.900006975113</ele></trkpt><trkpt lat="46.05390399722419" lon="6.997344173348383"><ele>1351.224320439602</ele></trkpt><trkpt lat="46.053970638387106" lon="6.997329007933338"><ele>1349.4622923107884</ele></trkpt><trkpt lat="46.05403708984787" lon="6.997312607443942"><ele>1347.6332745059938</ele></trkpt><trkpt lat="46.05410338805416" lon="6.997295171619049"><ele>1345.7566189425402</ele></trkpt><trkpt lat="46.05416956945359" lon="6.997276900197508"><ele>1343.8516775377495</ele></trkpt><trkpt lat="46.05423567049353" lon="6.997257992918177"><ele>1341.9378022089436</ele></trkpt><trkpt lat="46.05430172762119" lon="6.997238649519907"><ele>1340.0343448734436</ele></trkpt><trkpt lat="46.054367777283595" lon="6.9972190697415515"><ele>1338.160657448572</ele></trkpt><trkpt lat="46.054433855927655" lon="6.997199453321964"><ele>1336.3360918516503</ele></trkpt><trkpt lat="46.05449999999999" lon="6.99718"><ele>1334.58</ele></trkpt><trkpt lat="46.05457642124769" lon="6.997148675280452"><ele>1332.6407319240238</ele></trkpt><trkpt lat="46.05465224804564" lon="6.997112431418441"><ele>1330.9326168716932</ele></trkpt><trkpt lat="46.05473000000001" lon="6.997089999999999"><ele>1329.59</ele></trkpt><trkpt lat="46.05480379066622" lon="6.997086883776357"><ele>1328.7258419107984</ele></trkpt><trkpt lat="46.05487778694608" lon="6.99709176290543"><ele>1328.0995879776838</ele></trkpt><trkpt lat="46.0549518878926" lon="6.997100200146324"><ele>1327.56341308917</ele></trkpt><trkpt lat="46.055025992559216" lon="6.997107758258146"><ele>1326.9694921337707</ele></trkpt><trkpt lat="46.055100000000024" lon="6.99711"><ele>1326.17</ele></trkpt><trkpt lat="46.055119999999974" lon="6.99708"><ele>1324.57</ele></trkpt><trkpt lat="46.05505999999999" lon="6.997000000000001"><ele>1322.16</ele></trkpt><trkpt lat="46.05497999999998" lon="6.996929999999999"><ele>1321.34</ele></trkpt><trkpt lat="46.054928384859004" lon="6.996872581546259"><ele>1320.2948358209712</ele></trkpt><trkpt lat="46.05487685514121" lon="6.9968149241671584"><ele>1319.1999720870037</ele></trkpt><trkpt lat="46.054826132992616" lon="6.9967559760149305"><ele>1318.0546904425507</ele></trkpt><trkpt lat="46.05477694056184" lon="6.996694685241801"><ele>1316.858272532065</ele></trkpt><trkpt lat="46.05473000000001" lon="6.99663"><ele>1315.61</ele></trkpt><trkpt lat="46.0547" lon="6.996520000000001"><ele>1313.51</ele></trkpt><trkpt lat="46.054687908517806" lon="6.996406596873627"><ele>1312.207108623048</ele></trkpt><trkpt lat="46.054709999999986" lon="6.99632"><ele>1311.1</ele></trkpt><trkpt lat="46.05478039242293" lon="6.996290143149594"><ele>1310.1323288161184</ele></trkpt><trkpt lat="46.054856050599724" lon="6.996287340893286"><ele>1309.4171042134062</ele></trkpt><trkpt lat="46.05493368347219" lon="6.996293368190335"><ele>1308.8233275039906</ele></trkpt><trkpt lat="46.055009999999996" lon="6.99629"><ele>1308.22</ele></trkpt><trkpt lat="46.05508051251781" lon="6.996274354176234"><ele>1307.645303132907</ele></trkpt><trkpt lat="46.05515063628227" lon="6.9962550255313305"><ele>1307.1232566680515</ele></trkpt><trkpt lat="46.055220441905696" lon="6.9962331841207615"><ele>1306.60208186917</ele></trkpt><trkpt lat="46.055290000000014" lon="6.99621"><ele>1306.03</ele></trkpt><trkpt lat="46.0553563294063" lon="6.996188735719977"><ele>1305.4230439302478</ele></trkpt><trkpt lat="46.05542298057384" lon="6.996168689856097"><ele>1304.7828466975486</ele></trkpt><trkpt lat="46.055489637420266" lon="6.996148527071825"><ele>1304.1261727850501</ele></trkpt><trkpt lat="46.055555983864686" lon="6.9961269120306175"><ele>1303.4697866758993</ele></trkpt><trkpt lat="46.055621703827796" lon="6.996102509395938"><ele>1302.8304528532424</ele></trkpt><trkpt lat="46.05568648123169" lon="6.996073983831245"><ele>1302.224935800227</ele></trkpt><trkpt lat="46.055749999999996" lon="6.99604"><ele>1301.67</ele></trkpt><trkpt lat="46.05578000000001" lon="6.995919999999999"><ele>1301.94</ele></trkpt><trkpt lat="46.05582942446956" lon="6.995838048865357"><ele>1301.3779131395163</ele></trkpt><trkpt lat="46.055883432872946" lon="6.995762039537739"><ele>1300.6539783973526</ele></trkpt><trkpt lat="46.055939999999985" lon="6.99569"><ele>1299.95</ele></trkpt><trkpt lat="46.05599390377692" lon="6.995628049197472"><ele>1299.3952131897609</ele></trkpt><trkpt lat="46.05604973710901" lon="6.995569533679317"><ele>1298.8654361648391</ele></trkpt><trkpt lat="46.05610570188478" lon="6.995511251321505"><ele>1298.3229410574977</ele></trkpt><trkpt lat="46.05615999999999" lon="6.99545"><ele>1297.73</ele></trkpt><trkpt lat="46.05623000000001" lon="6.995339999999999"><ele>1296.49</ele></trkpt><trkpt lat="46.05626669311134" lon="6.995263288393483"><ele>1295.4858204541126</ele></trkpt><trkpt lat="46.056303067353355" lon="6.99518626610579"><ele>1294.4744864228971</ele></trkpt><trkpt lat="46.05633913750336" lon="6.995108952053364"><ele>1293.4553452561727</ele></trkpt><trkpt lat="46.056374918338754" lon="6.995031365152644"><ele>1292.4277443037581</ele></trkpt><trkpt lat="46.05641042463684" lon="6.994953524320065"><ele>1291.3910309154726</ele></trkpt><trkpt lat="46.05644567117479" lon="6.994875448472073"><ele>1290.344552441135</ele></trkpt><trkpt lat="46.0564806727299" lon="6.994797156525106"><ele>1289.2876562305646</ele></trkpt><trkpt lat="46.05651544407927" lon="6.994718667395601"><ele>1288.2196896335797</ele></trkpt><trkpt lat="46.05655000000003" lon="6.99464"><ele>1287.14</ele></trkpt><trkpt lat="46.05658" lon="6.99454"><ele>1285.46</ele></trkpt><trkpt lat="46.05657308228115" lon="6.994429702516426"><ele>1284.197076341652</ele></trkpt><trkpt lat="46.056560270942924" lon="6.994319989274745"><ele>1283.0289035228116</ele></trkpt><trkpt lat="46.056547324132055" lon="6.99421028139569"><ele>1281.8612789425651</ele></trkpt><trkpt lat="46.05653999999997" lon="6.9941"><ele>1280.6</ele></trkpt><trkpt lat="46.05656970000002" lon="6.9941001"><ele>1280.14</ele></trkpt></trkseg></trk></gpx>