<?xml version='1.0' encoding='utf-8'?>
<gpx xmlns="http://www.topografix.com/GPX/1/1" xmlns:xsi="http://www.w3.org/2001/XMLSchema-instance" creator="StravaGPX" version="1.1" xsi:schemaLocation="http://www.topografix.com/GPX/1/1 http://www.topografix.com/GPX/1/1/gpx.xsd">
 <metadata>
  <name>SG/ TMB / Day 7 / Trient to Chamonix</name>
  <author>
   <name>Run the Alps Staff</name>
   <link href="https://www.strava.com/athletes/121581579" />
  </author>
  <copyright author="OpenStreetMap contributors">
   <year>2020</year>
   <license>https://www.openstreetmap.org/copyright</license>
  </copyright>
  <link href="https://www.strava.com/routes/3286331489777762456" />
 </metadata>
 <wpt lat="46.05243" lon="6.99369"><ele>1307.10</ele><name>Trient (Start)</name><sym>icons/start.svg</sym><desc>Trient Swiss valley start point.</desc><extensions><station id="trient-start" type="start" subtype="start"><accessibility crew_allowed="true" pacer_allowed="false" vehicle_tier="easy" drop_bag_allowed="true" /><services water="true" unmanaged_water="false" food="true" hot_food="true" toilets="true" medical="true" sleep_area="false" /><passes><pass num="1" dist_m="0.00" label="Trient (Start)" /></passes></station></extensions></wpt><wpt lat="46.0418" lon="6.97207"><ele>2059.60</ele><name>Catogne</name><sym>icons/summit.svg</sym><desc>High trail shoulder on ascent to Posettes.</desc><extensions><station id="catogne" type="informational" subtype="summit"><accessibility crew_allowed="false" pacer_allowed="false" vehicle_tier="none" drop_bag_allowed="false" /><services water="false" unmanaged_water="false" food="false" hot_food="false" toilets="false" medical="false" sleep_area="false" /><passes><pass num="1" dist_m="4343.34" label="Catogne" /></passes></station></extensions></wpt><wpt lat="46.03373" lon="6.9609"><ele>2158.27</ele><name>Le Béchat</name><sym>icons/summit.svg</sym><desc>High trail peak overlooking Trient.</desc><extensions><station id="le-béchat" type="informational" subtype="summit"><accessibility crew_allowed="false" pacer_allowed="false" vehicle_tier="none" drop_bag_allowed="false" /><services water="false" unmanaged_water="false" food="false" hot_food="false" toilets="false" medical="false" sleep_area="false" /><passes><pass num="1" dist_m="6065.69" label="Le Béchat" /></passes></station></extensions></wpt><wpt lat="46.02451" lon="6.95213"><ele>1998.23</ele><name>Col des Posettes</name><sym>icons/summit.svg</sym><desc>Scenic pass ridge overlooking Chamonix valley.</desc><extensions><station id="col-des-posettes" type="informational" subtype="summit"><accessibility crew_allowed="true" pacer_allowed="false" vehicle_tier="easy" drop_bag_allowed="false" /><services water="true" unmanaged_water="false" food="false" hot_food="false" toilets="true" medical="false" sleep_area="false" /><passes><pass num="1" dist_m="7877.46" label="Col des Posettes" /></passes></station></extensions></wpt><wpt lat="45.99958" lon="6.92902"><ele>1547.83</ele><name>Col des Montets</name><sym>icons/summit.svg</sym><desc>Nature reserve info center pass.</desc><extensions><station id="col-des-montets" type="informational" subtype="summit"><accessibility crew_allowed="true" pacer_allowed="false" vehicle_tier="easy" drop_bag_allowed="false" /><services water="true" unmanaged_water="false" food="false" hot_food="false" toilets="true" medical="false" sleep_area="false" /><passes><pass num="1" dist_m="12129.61" label="Col des Montets" /></passes></station></extensions></wpt><wpt lat="45.99792" lon="6.91389"><ele>1975.24</ele><name>Les Deviets</name><sym>icons/summit.svg</sym><desc>Intermediate forest trail checkpoint.</desc><extensions><station id="les-deviets" type="informational" subtype="summit"><accessibility crew_allowed="false" pacer_allowed="false" vehicle_tier="none" drop_bag_allowed="false" /><services water="false" unmanaged_water="false" food="false" hot_food="false" toilets="false" medical="false" sleep_area="false" /><passes><pass num="1" dist_m="14949.89" label="Les Deviets" /></passes></station></extensions></wpt><wpt lat="45.9868" lon="6.91002"><ele>2100.79</ele><name>Tête aux Vents</name><sym>icons/summit.svg</sym><desc>High trail junction before Flégère balcony.</desc><extensions><station id="tête-aux-vents" type="informational" subtype="summit"><accessibility crew_allowed="false" pacer_allowed="false" vehicle_tier="none" drop_bag_allowed="false" /><services water="false" unmanaged_water="false" food="false" hot_food="false" toilets="false" medical="false" sleep_area="false" /><passes><pass num="1" dist_m="16384.74" label="Tête aux Vents" /></passes></station></extensions></wpt><wpt lat="45.95664" lon="6.88239"><ele>1770.07</ele><name>Flégère</name><sym>icons/aid_station.svg</sym><desc>Major balcony lift station checkpoint.</desc><extensions><station id="flégère" type="segmenting" subtype="aid_station"><accessibility crew_allowed="true" pacer_allowed="false" vehicle_tier="easy" drop_bag_allowed="false" /><services water="true" unmanaged_water="false" food="true" hot_food="true" toilets="true" medical="false" sleep_area="false" /><passes><pass num="1" dist_m="21040.94" label="Flégère" /></passes></station></extensions></wpt><wpt lat="45.94261" lon="6.87505"><ele>1253.20</ele><name>La Floria</name><sym>icons/aid_station.svg</sym><desc>Floria alpine café with iconic view of Mont-Blanc.</desc><extensions><station id="la-floria" type="segmenting" subtype="aid_station"><accessibility crew_allowed="false" pacer_allowed="false" vehicle_tier="none" drop_bag_allowed="false" /><services water="true" unmanaged_water="false" food="true" hot_food="true" toilets="true" medical="false" sleep_area="false" /><passes><pass num="1" dist_m="24466.09" label="La Floria" /></passes></station></extensions></wpt><wpt lat="45.92349" lon="6.86898"><ele>1041.99</ele><name>Chamonix (Start)</name><sym>icons/start.svg</sym><desc>Historic starting point in the main church square.</desc><extensions><station id="chamonix-start" type="start" subtype="start"><accessibility crew_allowed="true" pacer_allowed="false" vehicle_tier="easy" drop_bag_allowed="true" /><services water="true" unmanaged_water="false" food="true" hot_food="true" toilets="true" medical="true" sleep_area="false" /><passes><pass num="1" dist_m="26882.79" label="Chamonix (Start)" /></passes></station></extensions></wpt><wpt lat="45.92498" lon="6.87138"><ele>1041.72</ele><name>Chamonix (End)</name><sym>icons/finish.svg</sym><desc>Historic finish line of the Tour du Mont-Blanc.</desc><extensions><station id="chamonix-end" type="finish" subtype="finish"><accessibility crew_allowed="true" pacer_allowed="false" vehicle_tier="easy" drop_bag_allowed="true" /><services water="true" unmanaged_water="false" food="true" hot_food="true" toilets="true" medical="true" sleep_area="false" /><passes><pass num="1" dist_m="26897.40" label="Chamonix (End)" /></passes></station></extensions></wpt><trk>
  <name>SG/ TMB / Day 7 / Trient to Chamonix</name>
  <link href="https://www.strava.com/routes/3286331489777762456" />
  <type>running</type>
  <trkseg>
   <trkpt lat="46.05243" lon="6.993690000000001">
    <ele>1307.1000000000001</ele>
   </trkpt>
   <trkpt lat="46.05248" lon="6.99382">
    <ele>1306.28</ele>
   </trkpt>
   <trkpt lat="46.05247000000001" lon="6.99401">
    <ele>1305.76</ele>
   </trkpt>
   <trkpt lat="46.05194" lon="6.993950000000001">
    <ele>1307.23</ele>
   </trkpt>
   <trkpt lat="46.05171000000001" lon="6.993950000000001">
    <ele>1309.43</ele>
   </trkpt>
   <trkpt lat="46.05127" lon="6.994040000000001">
    <ele>1311.95</ele>
   </trkpt>
   <trkpt lat="46.051120000000004" lon="6.99403">
    <ele>1312.3500000000001</ele>
   </trkpt>
   <trkpt lat="46.0506" lon="6.993860000000001">
    <ele>1314.93</ele>
   </trkpt>
   <trkpt lat="46.05035" lon="6.99375">
    <ele>1316.72</ele>
   </trkpt>
   <trkpt lat="46.050070000000005" lon="6.993670000000001">
    <ele>1318.01</ele>
   </trkpt>
   <trkpt lat="46.049490000000006" lon="6.993710000000001">
    <ele>1320.2800000000002</ele>
   </trkpt>
   <trkpt lat="46.04874500009368" lon="6.993795001139356">
    <ele>1323.59</ele>
   </trkpt>
   <trkpt lat="46.048" lon="6.993880000000001">
    <ele>1326.8600000000001</ele>
   </trkpt>
   <trkpt lat="46.04736999987826" lon="6.993940000697395">
    <ele>1329.45</ele>
   </trkpt>
   <trkpt lat="46.04674000000001" lon="6.994000000000001">
    <ele>1332.8500000000001</ele>
   </trkpt>
   <trkpt lat="46.04665000000001" lon="6.994020000000001">
    <ele>1332.8500000000001</ele>
   </trkpt>
   <trkpt lat="46.046490000000006" lon="6.9941">
    <ele>1333.49</ele>
   </trkpt>
   <trkpt lat="46.046330000000005" lon="6.994070000000001">
    <ele>1333.99</ele>
   </trkpt>
   <trkpt lat="46.046220000000005" lon="6.99408">
    <ele>1334.69</ele>
   </trkpt>
   <trkpt lat="46.046060000000004" lon="6.99417">
    <ele>1336.0100000000002</ele>
   </trkpt>
   <trkpt lat="46.04598000000001" lon="6.99417">
    <ele>1336.0100000000002</ele>
   </trkpt>
   <trkpt lat="46.0456" lon="6.994020000000001">
    <ele>1339.5800000000002</ele>
   </trkpt>
   <trkpt lat="46.045590000000004" lon="6.993880000000001">
    <ele>1341.52</ele>
   </trkpt>
   <trkpt lat="46.045440000000006" lon="6.99361">
    <ele>1343.6200000000001</ele>
   </trkpt>
   <trkpt lat="46.045440000000006" lon="6.993600000000001">
    <ele>1343.66</ele>
   </trkpt>
   <trkpt lat="46.045410000000004" lon="6.993550000000001">
    <ele>1344.0400000000002</ele>
   </trkpt>
   <trkpt lat="46.045320000000004" lon="6.9931600000000005">
    <ele>1345.75</ele>
   </trkpt>
   <trkpt lat="46.044970000000006" lon="6.99274">
    <ele>1350.23</ele>
   </trkpt>
   <trkpt lat="46.04489" lon="6.99253">
    <ele>1356.45</ele>
   </trkpt>
   <trkpt lat="46.04487" lon="6.9922200000000005">
    <ele>1359.63</ele>
   </trkpt>
   <trkpt lat="46.045100000000005" lon="6.991770000000001">
    <ele>1366.6100000000001</ele>
   </trkpt>
   <trkpt lat="46.045280000000005" lon="6.99155">
    <ele>1368.78</ele>
   </trkpt>
   <trkpt lat="46.045370000000005" lon="6.99138">
    <ele>1371.93</ele>
   </trkpt>
   <trkpt lat="46.04549" lon="6.991270000000001">
    <ele>1373.7700000000002</ele>
   </trkpt>
   <trkpt lat="46.04553000000001" lon="6.991110000000001">
    <ele>1376.3400000000001</ele>
   </trkpt>
   <trkpt lat="46.045460000000006" lon="6.991020000000001">
    <ele>1377.63</ele>
   </trkpt>
   <trkpt lat="46.045390000000005" lon="6.991020000000001">
    <ele>1380.5200000000002</ele>
   </trkpt>
   <trkpt lat="46.045350000000006" lon="6.99096">
    <ele>1380.5200000000002</ele>
   </trkpt>
   <trkpt lat="46.045190000000005" lon="6.99087">
    <ele>1389.39</ele>
   </trkpt>
   <trkpt lat="46.044920000000005" lon="6.99054">
    <ele>1399.14</ele>
   </trkpt>
   <trkpt lat="46.044810000000005" lon="6.9903">
    <ele>1403.13</ele>
   </trkpt>
   <trkpt lat="46.045080000000006" lon="6.990270000000001">
    <ele>1408.2800000000002</ele>
   </trkpt>
   <trkpt lat="46.04515000000001" lon="6.990240000000001">
    <ele>1409.2300000000002</ele>
   </trkpt>
   <trkpt lat="46.045210000000004" lon="6.990170000000001">
    <ele>1412.42</ele>
   </trkpt>
   <trkpt lat="46.0452" lon="6.990120000000001">
    <ele>1412.42</ele>
   </trkpt>
   <trkpt lat="46.045120000000004" lon="6.990120000000001">
    <ele>1412.42</ele>
   </trkpt>
   <trkpt lat="46.045010000000005" lon="6.990080000000001">
    <ele>1414.2400000000002</ele>
   </trkpt>
   <trkpt lat="46.044990000000006" lon="6.99">
    <ele>1414.2400000000002</ele>
   </trkpt>
   <trkpt lat="46.04502" lon="6.98995">
    <ele>1415.04</ele>
   </trkpt>
   <trkpt lat="46.045120000000004" lon="6.989960000000001">
    <ele>1416.32</ele>
   </trkpt>
   <trkpt lat="46.04527" lon="6.989940000000001">
    <ele>1416.32</ele>
   </trkpt>
   <trkpt lat="46.045390000000005" lon="6.989850000000001">
    <ele>1418.26</ele>
   </trkpt>
   <trkpt lat="46.045370000000005" lon="6.98986">
    <ele>1418.26</ele>
   </trkpt>
   <trkpt lat="46.04542000000001" lon="6.989820000000001">
    <ele>1418.59</ele>
   </trkpt>
   <trkpt lat="46.04543" lon="6.9897800000000005">
    <ele>1422.41</ele>
   </trkpt>
   <trkpt lat="46.04551000000001" lon="6.989580000000001">
    <ele>1430.94</ele>
   </trkpt>
   <trkpt lat="46.045370000000005" lon="6.98946">
    <ele>1430.94</ele>
   </trkpt>
   <trkpt lat="46.04542000000001" lon="6.9892900000000004">
    <ele>1448.95</ele>
   </trkpt>
   <trkpt lat="46.04529" lon="6.98911">
    <ele>1448.95</ele>
   </trkpt>
   <trkpt lat="46.045320000000004" lon="6.98899">
    <ele>1452.8</ele>
   </trkpt>
   <trkpt lat="46.045280000000005" lon="6.988900000000001">
    <ele>1452.8</ele>
   </trkpt>
   <trkpt lat="46.04549" lon="6.988770000000001">
    <ele>1463.93</ele>
   </trkpt>
   <trkpt lat="46.04543" lon="6.988690000000001">
    <ele>1474.47</ele>
   </trkpt>
   <trkpt lat="46.04551000000001" lon="6.98859">
    <ele>1474.47</ele>
   </trkpt>
   <trkpt lat="46.045480000000005" lon="6.988510000000001">
    <ele>1474.47</ele>
   </trkpt>
   <trkpt lat="46.045410000000004" lon="6.98845">
    <ele>1483.3100000000002</ele>
   </trkpt>
   <trkpt lat="46.045410000000004" lon="6.9884200000000005">
    <ele>1483.3100000000002</ele>
   </trkpt>
   <trkpt lat="46.04553000000001" lon="6.9884">
    <ele>1491.65</ele>
   </trkpt>
   <trkpt lat="46.0456" lon="6.988340000000001">
    <ele>1491.65</ele>
   </trkpt>
   <trkpt lat="46.0456" lon="6.988320000000001">
    <ele>1491.65</ele>
   </trkpt>
   <trkpt lat="46.045550000000006" lon="6.9882800000000005">
    <ele>1498.0300000000002</ele>
   </trkpt>
   <trkpt lat="46.045480000000005" lon="6.98817">
    <ele>1498.0300000000002</ele>
   </trkpt>
   <trkpt lat="46.04563" lon="6.988130000000001">
    <ele>1506.34</ele>
   </trkpt>
   <trkpt lat="46.04553000000001" lon="6.98798">
    <ele>1506.34</ele>
   </trkpt>
   <trkpt lat="46.04569" lon="6.987830000000001">
    <ele>1523.3600000000001</ele>
   </trkpt>
   <trkpt lat="46.045840000000005" lon="6.9878100000000005">
    <ele>1529.4800000000002</ele>
   </trkpt>
   <trkpt lat="46.04592" lon="6.98772">
    <ele>1535.17</ele>
   </trkpt>
   <trkpt lat="46.04608" lon="6.987710000000001">
    <ele>1538.63</ele>
   </trkpt>
   <trkpt lat="46.046170000000004" lon="6.987730000000001">
    <ele>1538.63</ele>
   </trkpt>
   <trkpt lat="46.046260000000004" lon="6.9877">
    <ele>1550.31</ele>
   </trkpt>
   <trkpt lat="46.04628" lon="6.98765">
    <ele>1550.31</ele>
   </trkpt>
   <trkpt lat="46.046220000000005" lon="6.987640000000001">
    <ele>1550.31</ele>
   </trkpt>
   <trkpt lat="46.046200000000006" lon="6.987590000000001">
    <ele>1550.31</ele>
   </trkpt>
   <trkpt lat="46.0463" lon="6.9875300000000005">
    <ele>1557.08</ele>
   </trkpt>
   <trkpt lat="46.046220000000005" lon="6.987480000000001">
    <ele>1560.28</ele>
   </trkpt>
   <trkpt lat="46.046150000000004" lon="6.98737">
    <ele>1561.77</ele>
   </trkpt>
   <trkpt lat="46.04609000000001" lon="6.98735">
    <ele>1565.9900000000002</ele>
   </trkpt>
   <trkpt lat="46.04594" lon="6.98721">
    <ele>1571.96</ele>
   </trkpt>
   <trkpt lat="46.04583" lon="6.986960000000001">
    <ele>1578.9</ele>
   </trkpt>
   <trkpt lat="46.045730000000006" lon="6.9868500000000004">
    <ele>1584.8700000000001</ele>
   </trkpt>
   <trkpt lat="46.045730000000006" lon="6.986820000000001">
    <ele>1584.8700000000001</ele>
   </trkpt>
   <trkpt lat="46.045640000000006" lon="6.98676">
    <ele>1591.2100000000003</ele>
   </trkpt>
   <trkpt lat="46.04561" lon="6.986650000000001">
    <ele>1595.2100000000003</ele>
   </trkpt>
   <trkpt lat="46.04580000000001" lon="6.9865200000000005">
    <ele>1604.0700000000002</ele>
   </trkpt>
   <trkpt lat="46.04587" lon="6.986490000000001">
    <ele>1605.88</ele>
   </trkpt>
   <trkpt lat="46.045880000000004" lon="6.986460000000001">
    <ele>1605.88</ele>
   </trkpt>
   <trkpt lat="46.046060000000004" lon="6.98641">
    <ele>1613.72</ele>
   </trkpt>
   <trkpt lat="46.046110000000006" lon="6.98629">
    <ele>1623.2900000000002</ele>
   </trkpt>
   <trkpt lat="46.04612" lon="6.986210000000001">
    <ele>1623.2900000000002</ele>
   </trkpt>
   <trkpt lat="46.04596" lon="6.98594">
    <ele>1637.04</ele>
   </trkpt>
   <trkpt lat="46.04580000000001" lon="6.98582">
    <ele>1640.8</ele>
   </trkpt>
   <trkpt lat="46.04571000000001" lon="6.9858">
    <ele>1644.2</ele>
   </trkpt>
   <trkpt lat="46.045770000000005" lon="6.985760000000001">
    <ele>1645.7400000000002</ele>
   </trkpt>
   <trkpt lat="46.046060000000004" lon="6.985360000000001">
    <ele>1658.67</ele>
   </trkpt>
   <trkpt lat="46.046110000000006" lon="6.985340000000001">
    <ele>1660.2700000000002</ele>
   </trkpt>
   <trkpt lat="46.046110000000006" lon="6.98531">
    <ele>1661.96</ele>
   </trkpt>
   <trkpt lat="46.046040000000005" lon="6.98526">
    <ele>1663.75</ele>
   </trkpt>
   <trkpt lat="46.0459" lon="6.985240000000001">
    <ele>1673.0500000000002</ele>
   </trkpt>
   <trkpt lat="46.04578" lon="6.985270000000001">
    <ele>1673.0500000000002</ele>
   </trkpt>
   <trkpt lat="46.04572" lon="6.9852300000000005">
    <ele>1673.0500000000002</ele>
   </trkpt>
   <trkpt lat="46.045700000000004" lon="6.985180000000001">
    <ele>1673.0500000000002</ele>
   </trkpt>
   <trkpt lat="46.04569" lon="6.98507">
    <ele>1690.44</ele>
   </trkpt>
   <trkpt lat="46.045660000000005" lon="6.985010000000001">
    <ele>1690.44</ele>
   </trkpt>
   <trkpt lat="46.04567" lon="6.984990000000001">
    <ele>1690.44</ele>
   </trkpt>
   <trkpt lat="46.045770000000005" lon="6.984970000000001">
    <ele>1690.44</ele>
   </trkpt>
   <trkpt lat="46.0459" lon="6.984850000000001">
    <ele>1697.5000000000002</ele>
   </trkpt>
   <trkpt lat="46.04596" lon="6.984640000000001">
    <ele>1697.5000000000002</ele>
   </trkpt>
   <trkpt lat="46.045860000000005" lon="6.984610000000001">
    <ele>1705.95</ele>
   </trkpt>
   <trkpt lat="46.045840000000005" lon="6.9844800000000005">
    <ele>1705.95</ele>
   </trkpt>
   <trkpt lat="46.04581" lon="6.984420000000001">
    <ele>1705.95</ele>
   </trkpt>
   <trkpt lat="46.045700000000004" lon="6.98439">
    <ele>1716.5100000000002</ele>
   </trkpt>
   <trkpt lat="46.04561" lon="6.984240000000001">
    <ele>1716.5100000000002</ele>
   </trkpt>
   <trkpt lat="46.045640000000006" lon="6.984210000000001">
    <ele>1725.1100000000001</ele>
   </trkpt>
   <trkpt lat="46.04571000000001" lon="6.984210000000001">
    <ele>1725.1100000000001</ele>
   </trkpt>
   <trkpt lat="46.04574" lon="6.984190000000001">
    <ele>1725.1100000000001</ele>
   </trkpt>
   <trkpt lat="46.04574" lon="6.98416">
    <ele>1726.9500000000003</ele>
   </trkpt>
   <trkpt lat="46.045680000000004" lon="6.98406">
    <ele>1732.69</ele>
   </trkpt>
   <trkpt lat="46.04561" lon="6.98383">
    <ele>1740.0000000000002</ele>
   </trkpt>
   <trkpt lat="46.0456" lon="6.98369">
    <ele>1741.89</ele>
   </trkpt>
   <trkpt lat="46.045570000000005" lon="6.98362">
    <ele>1741.89</ele>
   </trkpt>
   <trkpt lat="46.045730000000006" lon="6.98366">
    <ele>1747.84</ele>
   </trkpt>
   <trkpt lat="46.045700000000004" lon="6.983490000000001">
    <ele>1756.01</ele>
   </trkpt>
   <trkpt lat="46.045910000000006" lon="6.983490000000001">
    <ele>1765.0100000000002</ele>
   </trkpt>
   <trkpt lat="46.04574" lon="6.983180000000001">
    <ele>1777.21</ele>
   </trkpt>
   <trkpt lat="46.04571000000001" lon="6.98298">
    <ele>1778.64</ele>
   </trkpt>
   <trkpt lat="46.04538" lon="6.982360000000001">
    <ele>1794.42</ele>
   </trkpt>
   <trkpt lat="46.04545" lon="6.982270000000001">
    <ele>1797.1500000000003</ele>
   </trkpt>
   <trkpt lat="46.04578" lon="6.9823900000000005">
    <ele>1807.7900000000002</ele>
   </trkpt>
   <trkpt lat="46.04574" lon="6.98226">
    <ele>1810.3000000000002</ele>
   </trkpt>
   <trkpt lat="46.046040000000005" lon="6.9824">
    <ele>1817.16</ele>
   </trkpt>
   <trkpt lat="46.04614" lon="6.982410000000001">
    <ele>1819.44</ele>
   </trkpt>
   <trkpt lat="46.04618000000001" lon="6.982380000000001">
    <ele>1819.44</ele>
   </trkpt>
   <trkpt lat="46.046170000000004" lon="6.982340000000001">
    <ele>1821.94</ele>
   </trkpt>
   <trkpt lat="46.04609000000001" lon="6.982310000000001">
    <ele>1824.65</ele>
   </trkpt>
   <trkpt lat="46.046040000000005" lon="6.9822500000000005">
    <ele>1824.65</ele>
   </trkpt>
   <trkpt lat="46.045970000000004" lon="6.982030000000001">
    <ele>1835.41</ele>
   </trkpt>
   <trkpt lat="46.045790000000004" lon="6.981840000000001">
    <ele>1839.96</ele>
   </trkpt>
   <trkpt lat="46.04583" lon="6.981750000000001">
    <ele>1839.96</ele>
   </trkpt>
   <trkpt lat="46.045950000000005" lon="6.9817100000000005">
    <ele>1845.91</ele>
   </trkpt>
   <trkpt lat="46.045790000000004" lon="6.9815000000000005">
    <ele>1853.6800000000003</ele>
   </trkpt>
   <trkpt lat="46.04623" lon="6.981300000000001">
    <ele>1865.1000000000001</ele>
   </trkpt>
   <trkpt lat="46.046440000000004" lon="6.981140000000001">
    <ele>1870.92</ele>
   </trkpt>
   <trkpt lat="46.04659" lon="6.981120000000001">
    <ele>1876.42</ele>
   </trkpt>
   <trkpt lat="46.046620000000004" lon="6.981090000000001">
    <ele>1876.42</ele>
   </trkpt>
   <trkpt lat="46.046670000000006" lon="6.98113">
    <ele>1880.8300000000002</ele>
   </trkpt>
   <trkpt lat="46.04679" lon="6.98113">
    <ele>1883.5600000000002</ele>
   </trkpt>
   <trkpt lat="46.046760000000006" lon="6.981020000000001">
    <ele>1884.81</ele>
   </trkpt>
   <trkpt lat="46.04665000000001" lon="6.98092">
    <ele>1887.04</ele>
   </trkpt>
   <trkpt lat="46.046640000000004" lon="6.9808900000000005">
    <ele>1889.96</ele>
   </trkpt>
   <trkpt lat="46.04683000000001" lon="6.9808200000000005">
    <ele>1893.4400000000003</ele>
   </trkpt>
   <trkpt lat="46.047090000000004" lon="6.98087">
    <ele>1901.25</ele>
   </trkpt>
   <trkpt lat="46.047230000000006" lon="6.98094">
    <ele>1904.7300000000002</ele>
   </trkpt>
   <trkpt lat="46.04726" lon="6.9808900000000005">
    <ele>1906.89</ele>
   </trkpt>
   <trkpt lat="46.047230000000006" lon="6.98078">
    <ele>1908.9300000000003</ele>
   </trkpt>
   <trkpt lat="46.047090000000004" lon="6.98052">
    <ele>1912.4200000000003</ele>
   </trkpt>
   <trkpt lat="46.047000000000004" lon="6.9804">
    <ele>1919.0000000000002</ele>
   </trkpt>
   <trkpt lat="46.0469" lon="6.980340000000001">
    <ele>1921.42</ele>
   </trkpt>
   <trkpt lat="46.0471" lon="6.980200000000001">
    <ele>1924.88</ele>
   </trkpt>
   <trkpt lat="46.047340000000005" lon="6.97982">
    <ele>1930.7200000000003</ele>
   </trkpt>
   <trkpt lat="46.047450000000005" lon="6.97963">
    <ele>1934.9</ele>
   </trkpt>
   <trkpt lat="46.04762" lon="6.979430000000001">
    <ele>1939.5300000000002</ele>
   </trkpt>
   <trkpt lat="46.047670000000004" lon="6.97942">
    <ele>1941.0</ele>
   </trkpt>
   <trkpt lat="46.04773" lon="6.979360000000001">
    <ele>1941.63</ele>
   </trkpt>
   <trkpt lat="46.047880000000006" lon="6.979330000000001">
    <ele>1943.6400000000003</ele>
   </trkpt>
   <trkpt lat="46.048030000000004" lon="6.979360000000001">
    <ele>1944.7500000000002</ele>
   </trkpt>
   <trkpt lat="46.04813" lon="6.97935">
    <ele>1946.67</ele>
   </trkpt>
   <trkpt lat="46.04836" lon="6.979260000000001">
    <ele>1951.3200000000002</ele>
   </trkpt>
   <trkpt lat="46.04856" lon="6.979080000000001">
    <ele>1958.4800000000002</ele>
   </trkpt>
   <trkpt lat="46.048660000000005" lon="6.9790600000000005">
    <ele>1960.95</ele>
   </trkpt>
   <trkpt lat="46.048730000000006" lon="6.979080000000001">
    <ele>1962.05</ele>
   </trkpt>
   <trkpt lat="46.04899" lon="6.979030000000001">
    <ele>1968.0900000000001</ele>
   </trkpt>
   <trkpt lat="46.049080000000004" lon="6.9789200000000005">
    <ele>1971.65</ele>
   </trkpt>
   <trkpt lat="46.049200000000006" lon="6.978890000000001">
    <ele>1972.71</ele>
   </trkpt>
   <trkpt lat="46.04937" lon="6.978790000000001">
    <ele>1978.16</ele>
   </trkpt>
   <trkpt lat="46.049440000000004" lon="6.97871">
    <ele>1979.89</ele>
   </trkpt>
   <trkpt lat="46.049530000000004" lon="6.9785">
    <ele>1982.1100000000001</ele>
   </trkpt>
   <trkpt lat="46.04955" lon="6.97822">
    <ele>1984.0900000000001</ele>
   </trkpt>
   <trkpt lat="46.04959" lon="6.97813">
    <ele>1984.7</ele>
   </trkpt>
   <trkpt lat="46.04961" lon="6.977970000000001">
    <ele>1986.49</ele>
   </trkpt>
   <trkpt lat="46.049530000000004" lon="6.977860000000001">
    <ele>1990.8200000000002</ele>
   </trkpt>
   <trkpt lat="46.049350000000004" lon="6.97735">
    <ele>1999.7900000000002</ele>
   </trkpt>
   <trkpt lat="46.049060000000004" lon="6.976970000000001">
    <ele>2008.15</ele>
   </trkpt>
   <trkpt lat="46.0489" lon="6.97665">
    <ele>2013.1400000000003</ele>
   </trkpt>
   <trkpt lat="46.04852" lon="6.9762900000000005">
    <ele>2018.93</ele>
   </trkpt>
   <trkpt lat="46.048170000000006" lon="6.97578">
    <ele>2021.5900000000001</ele>
   </trkpt>
   <trkpt lat="46.04795000000001" lon="6.97552">
    <ele>2025.7900000000002</ele>
   </trkpt>
   <trkpt lat="46.04784" lon="6.975320000000001">
    <ele>2026.73</ele>
   </trkpt>
   <trkpt lat="46.04762" lon="6.975020000000001">
    <ele>2026.5400000000002</ele>
   </trkpt>
   <trkpt lat="46.047340000000005" lon="6.9744600000000005">
    <ele>2031.39</ele>
   </trkpt>
   <trkpt lat="46.04728" lon="6.974260000000001">
    <ele>2033.98</ele>
   </trkpt>
   <trkpt lat="46.047180000000004" lon="6.974130000000001">
    <ele>2035.5600000000002</ele>
   </trkpt>
   <trkpt lat="46.04715" lon="6.9739700000000004">
    <ele>2035.8200000000002</ele>
   </trkpt>
   <trkpt lat="46.04695" lon="6.97369">
    <ele>2036.3800000000003</ele>
   </trkpt>
   <trkpt lat="46.046960000000006" lon="6.973700000000001">
    <ele>2033.6600000000003</ele>
   </trkpt>
   <trkpt lat="46.046580000000006" lon="6.9733600000000004">
    <ele>2033.1399999999999</ele>
   </trkpt>
   <trkpt lat="46.046490000000006" lon="6.973330000000001">
    <ele>2031.5000000000002</ele>
   </trkpt>
   <trkpt lat="46.04616" lon="6.9729600000000005">
    <ele>2028.53</ele>
   </trkpt>
   <trkpt lat="46.04594" lon="6.97278">
    <ele>2028.2500000000002</ele>
   </trkpt>
   <trkpt lat="46.045390000000005" lon="6.97254">
    <ele>2028.7</ele>
   </trkpt>
   <trkpt lat="46.045230000000004" lon="6.97243">
    <ele>2028.7300000000002</ele>
   </trkpt>
   <trkpt lat="46.044900000000005" lon="6.972150000000001">
    <ele>2028.5800000000002</ele>
   </trkpt>
   <trkpt lat="46.044810000000005" lon="6.97198">
    <ele>2029.0500000000002</ele>
   </trkpt>
   <trkpt lat="46.04455" lon="6.971610000000001">
    <ele>2031.39</ele>
   </trkpt>
   <trkpt lat="46.04431" lon="6.97135">
    <ele>2034.6900000000003</ele>
   </trkpt>
   <trkpt lat="46.04397" lon="6.971190000000001">
    <ele>2036.1800000000003</ele>
   </trkpt>
   <trkpt lat="46.043600000000005" lon="6.971150000000001">
    <ele>2037.6700000000003</ele>
   </trkpt>
   <trkpt lat="46.04327000000001" lon="6.97123">
    <ele>2038.8700000000001</ele>
   </trkpt>
   <trkpt lat="46.04296" lon="6.97139">
    <ele>2042.39</ele>
   </trkpt>
   <trkpt lat="46.042840000000005" lon="6.971520000000001">
    <ele>2044.6200000000001</ele>
   </trkpt>
   <trkpt lat="46.04267" lon="6.97156">
    <ele>2048.02</ele>
   </trkpt>
   <trkpt lat="46.042640000000006" lon="6.971590000000001">
    <ele>2048.7300000000005</ele>
   </trkpt>
   <trkpt lat="46.04262000000001" lon="6.971660000000001">
    <ele>2049.38</ele>
   </trkpt>
   <trkpt lat="46.04233000000001" lon="6.97184">
    <ele>2053.04</ele>
   </trkpt>
   <trkpt lat="46.042210000000004" lon="6.971940000000001">
    <ele>2054.7</ele>
   </trkpt>
   <trkpt lat="46.042030000000004" lon="6.97198">
    <ele>2058.0000000000005</ele>
   </trkpt>
   <trkpt lat="46.041880000000006" lon="6.97207">
    <ele>2059.24</ele>
   </trkpt>
   <trkpt lat="46.0418" lon="6.97207">
    <ele>2059.6</ele>
   </trkpt>
   <trkpt lat="46.04166" lon="6.971970000000001">
    <ele>2059.9700000000003</ele>
   </trkpt>
   <trkpt lat="46.04157000000001" lon="6.971870000000001">
    <ele>2060.92</ele>
   </trkpt>
   <trkpt lat="46.041320000000006" lon="6.971710000000001">
    <ele>2064.42</ele>
   </trkpt>
   <trkpt lat="46.04115" lon="6.971570000000001">
    <ele>2065.35</ele>
   </trkpt>
   <trkpt lat="46.04108" lon="6.971620000000001">
    <ele>2065.22</ele>
   </trkpt>
   <trkpt lat="46.040960000000005" lon="6.97132">
    <ele>2063.75</ele>
   </trkpt>
   <trkpt lat="46.04088" lon="6.97118">
    <ele>2061.84</ele>
   </trkpt>
   <trkpt lat="46.04055" lon="6.970860000000001">
    <ele>2055.73</ele>
   </trkpt>
   <trkpt lat="46.040560000000006" lon="6.970490000000001">
    <ele>2049.6600000000003</ele>
   </trkpt>
   <trkpt lat="46.040530000000004" lon="6.970440000000001">
    <ele>2049.6600000000003</ele>
   </trkpt>
   <trkpt lat="46.040150000000004" lon="6.970280000000001">
    <ele>2039.7100000000003</ele>
   </trkpt>
   <trkpt lat="46.039970000000004" lon="6.97036">
    <ele>2032.0500000000004</ele>
   </trkpt>
   <trkpt lat="46.03958" lon="6.97057">
    <ele>2021.35</ele>
   </trkpt>
   <trkpt lat="46.03942000000001" lon="6.9706">
    <ele>2018.7400000000002</ele>
   </trkpt>
   <trkpt lat="46.03942000000001" lon="6.9705">
    <ele>2018.7400000000002</ele>
   </trkpt>
   <trkpt lat="46.03947" lon="6.97036">
    <ele>2013.2000000000003</ele>
   </trkpt>
   <trkpt lat="46.03943" lon="6.97027">
    <ele>2012.14</ele>
   </trkpt>
   <trkpt lat="46.03943" lon="6.970160000000001">
    <ele>2011.1700000000003</ele>
   </trkpt>
   <trkpt lat="46.03947" lon="6.9700500000000005">
    <ele>2008.6699999999998</ele>
   </trkpt>
   <trkpt lat="46.03943" lon="6.970160000000001">
    <ele>2011.15</ele>
   </trkpt>
   <trkpt lat="46.03943" lon="6.97027">
    <ele>2012.14</ele>
   </trkpt>
   <trkpt lat="46.03947" lon="6.97036">
    <ele>2013.2000000000003</ele>
   </trkpt>
   <trkpt lat="46.03942000000001" lon="6.9705">
    <ele>2018.7400000000002</ele>
   </trkpt>
   <trkpt lat="46.03942000000001" lon="6.9706">
    <ele>2018.7400000000002</ele>
   </trkpt>
   <trkpt lat="46.03918" lon="6.970560000000001">
    <ele>2015.2400000000002</ele>
   </trkpt>
   <trkpt lat="46.03893" lon="6.970470000000001">
    <ele>2011.4</ele>
   </trkpt>
   <trkpt lat="46.03893" lon="6.97048">
    <ele>2011.4</ele>
   </trkpt>
   <trkpt lat="46.03904000000001" lon="6.97013">
    <ele>2006.5600000000004</ele>
   </trkpt>
   <trkpt lat="46.03905" lon="6.9698">
    <ele>2002.99</ele>
   </trkpt>
   <trkpt lat="46.03913000000001" lon="6.969410000000001">
    <ele>2000.1000000000001</ele>
   </trkpt>
   <trkpt lat="46.039030000000004" lon="6.969320000000001">
    <ele>1998.1000000000001</ele>
   </trkpt>
   <trkpt lat="46.039010000000005" lon="6.96914">
    <ele>1997.7300000000002</ele>
   </trkpt>
   <trkpt lat="46.03887" lon="6.96884">
    <ele>1996.97</ele>
   </trkpt>
   <trkpt lat="46.03875" lon="6.968420000000001">
    <ele>1999.72</ele>
   </trkpt>
   <trkpt lat="46.03858" lon="6.968140000000001">
    <ele>2003.5000000000002</ele>
   </trkpt>
   <trkpt lat="46.0384" lon="6.967890000000001">
    <ele>2005.3300000000002</ele>
   </trkpt>
   <trkpt lat="46.03822" lon="6.967530000000001">
    <ele>2007.4300000000003</ele>
   </trkpt>
   <trkpt lat="46.038070000000005" lon="6.967300000000001">
    <ele>2009.8800000000003</ele>
   </trkpt>
   <trkpt lat="46.037910000000004" lon="6.9671">
    <ele>2011.79</ele>
   </trkpt>
   <trkpt lat="46.03788" lon="6.9670000000000005">
    <ele>2012.4500000000003</ele>
   </trkpt>
   <trkpt lat="46.03783000000001" lon="6.96691">
    <ele>2012.69</ele>
   </trkpt>
   <trkpt lat="46.03774000000001" lon="6.96684">
    <ele>2012.96</ele>
   </trkpt>
   <trkpt lat="46.037530000000004" lon="6.966780000000001">
    <ele>2014.25</ele>
   </trkpt>
   <trkpt lat="46.037440000000004" lon="6.96677">
    <ele>2014.45</ele>
   </trkpt>
   <trkpt lat="46.03725" lon="6.966620000000001">
    <ele>2016.3700000000001</ele>
   </trkpt>
   <trkpt lat="46.037240000000004" lon="6.966590000000001">
    <ele>2016.3700000000001</ele>
   </trkpt>
   <trkpt lat="46.03726" lon="6.966550000000001">
    <ele>2015.7700000000002</ele>
   </trkpt>
   <trkpt lat="46.03732" lon="6.96651">
    <ele>2016.21</ele>
   </trkpt>
   <trkpt lat="46.03743" lon="6.966500000000001">
    <ele>2016.8300000000002</ele>
   </trkpt>
   <trkpt lat="46.037440000000004" lon="6.966480000000001">
    <ele>2016.8300000000002</ele>
   </trkpt>
   <trkpt lat="46.037440000000004" lon="6.966130000000001">
    <ele>2018.17</ele>
   </trkpt>
   <trkpt lat="46.03726" lon="6.965750000000001">
    <ele>2021.3200000000002</ele>
   </trkpt>
   <trkpt lat="46.03723" lon="6.965560000000001">
    <ele>2023.48</ele>
   </trkpt>
   <trkpt lat="46.037240000000004" lon="6.96546">
    <ele>2023.48</ele>
   </trkpt>
   <trkpt lat="46.03728" lon="6.965370000000001">
    <ele>2024.6600000000003</ele>
   </trkpt>
   <trkpt lat="46.03739" lon="6.965330000000001">
    <ele>2026.6300000000003</ele>
   </trkpt>
   <trkpt lat="46.037530000000004" lon="6.965310000000001">
    <ele>2028.2900000000002</ele>
   </trkpt>
   <trkpt lat="46.03761" lon="6.96534">
    <ele>2029.18</ele>
   </trkpt>
   <trkpt lat="46.037600000000005" lon="6.96511">
    <ele>2032.5200000000002</ele>
   </trkpt>
   <trkpt lat="46.0375" lon="6.964900000000001">
    <ele>2036.8600000000004</ele>
   </trkpt>
   <trkpt lat="46.03734" lon="6.964650000000001">
    <ele>2044.4500000000003</ele>
   </trkpt>
   <trkpt lat="46.03717" lon="6.964510000000001">
    <ele>2050.52</ele>
   </trkpt>
   <trkpt lat="46.037220000000005" lon="6.96445">
    <ele>2050.52</ele>
   </trkpt>
   <trkpt lat="46.03727000000001" lon="6.96445">
    <ele>2052.7200000000003</ele>
   </trkpt>
   <trkpt lat="46.037310000000005" lon="6.9644200000000005">
    <ele>2053.77</ele>
   </trkpt>
   <trkpt lat="46.036950000000004" lon="6.963970000000001">
    <ele>2065.5</ele>
   </trkpt>
   <trkpt lat="46.037060000000004" lon="6.96393">
    <ele>2065.5</ele>
   </trkpt>
   <trkpt lat="46.03707000000001" lon="6.96389">
    <ele>2067.61</ele>
   </trkpt>
   <trkpt lat="46.037060000000004" lon="6.963870000000001">
    <ele>2067.61</ele>
   </trkpt>
   <trkpt lat="46.037040000000005" lon="6.9638800000000005">
    <ele>2067.61</ele>
   </trkpt>
   <trkpt lat="46.036910000000006" lon="6.963830000000001">
    <ele>2069.9100000000003</ele>
   </trkpt>
   <trkpt lat="46.03672" lon="6.963640000000001">
    <ele>2076.86</ele>
   </trkpt>
   <trkpt lat="46.03671000000001" lon="6.963620000000001">
    <ele>2076.86</ele>
   </trkpt>
   <trkpt lat="46.036770000000004" lon="6.963620000000001">
    <ele>2079.18</ele>
   </trkpt>
   <trkpt lat="46.03680000000001" lon="6.96358">
    <ele>2079.18</ele>
   </trkpt>
   <trkpt lat="46.036500000000004" lon="6.9633">
    <ele>2091.06</ele>
   </trkpt>
   <trkpt lat="46.03632" lon="6.9630600000000005">
    <ele>2096.4500000000003</ele>
   </trkpt>
   <trkpt lat="46.03616" lon="6.96295">
    <ele>2099.52</ele>
   </trkpt>
   <trkpt lat="46.036100000000005" lon="6.96288">
    <ele>2099.52</ele>
   </trkpt>
   <trkpt lat="46.03602" lon="6.96283">
    <ele>2104.8500000000004</ele>
   </trkpt>
   <trkpt lat="46.035790000000006" lon="6.962600000000001">
    <ele>2109.98</ele>
   </trkpt>
   <trkpt lat="46.03571" lon="6.962400000000001">
    <ele>2113.9300000000003</ele>
   </trkpt>
   <trkpt lat="46.0356" lon="6.962300000000001">
    <ele>2116.6500000000005</ele>
   </trkpt>
   <trkpt lat="46.035540000000005" lon="6.9622">
    <ele>2118.6600000000003</ele>
   </trkpt>
   <trkpt lat="46.03553" lon="6.962180000000001">
    <ele>2118.6600000000003</ele>
   </trkpt>
   <trkpt lat="46.035120000000006" lon="6.961860000000001">
    <ele>2127.87</ele>
   </trkpt>
   <trkpt lat="46.035070000000005" lon="6.9618400000000005">
    <ele>2128.6500000000005</ele>
   </trkpt>
   <trkpt lat="46.034960000000005" lon="6.961880000000001">
    <ele>2131.5000000000005</ele>
   </trkpt>
   <trkpt lat="46.034940000000006" lon="6.961930000000001">
    <ele>2131.5000000000005</ele>
   </trkpt>
   <trkpt lat="46.03495" lon="6.961970000000001">
    <ele>2131.5000000000005</ele>
   </trkpt>
   <trkpt lat="46.03499" lon="6.961990000000001">
    <ele>2132.25</ele>
   </trkpt>
   <trkpt lat="46.035000000000004" lon="6.962020000000001">
    <ele>2133.05</ele>
   </trkpt>
   <trkpt lat="46.034980000000004" lon="6.9620500000000005">
    <ele>2133.05</ele>
   </trkpt>
   <trkpt lat="46.03492000000001" lon="6.96206">
    <ele>2133.05</ele>
   </trkpt>
   <trkpt lat="46.03488" lon="6.962090000000001">
    <ele>2136.5600000000004</ele>
   </trkpt>
   <trkpt lat="46.034800000000004" lon="6.962040000000001">
    <ele>2136.5600000000004</ele>
   </trkpt>
   <trkpt lat="46.03468" lon="6.9619100000000005">
    <ele>2138.9</ele>
   </trkpt>
   <trkpt lat="46.03448" lon="6.961790000000001">
    <ele>2142.85</ele>
   </trkpt>
   <trkpt lat="46.034470000000006" lon="6.961740000000001">
    <ele>2142.85</ele>
   </trkpt>
   <trkpt lat="46.03425000000001" lon="6.961570000000001">
    <ele>2148.0200000000004</ele>
   </trkpt>
   <trkpt lat="46.03421" lon="6.96149">
    <ele>2148.0200000000004</ele>
   </trkpt>
   <trkpt lat="46.034200000000006" lon="6.961410000000001">
    <ele>2148.0200000000004</ele>
   </trkpt>
   <trkpt lat="46.03403" lon="6.96114">
    <ele>2153.6</ele>
   </trkpt>
   <trkpt lat="46.03379" lon="6.96091">
    <ele>2158.2700000000004</ele>
   </trkpt>
   <trkpt lat="46.033730000000006" lon="6.9609000000000005">
    <ele>2158.2700000000004</ele>
   </trkpt>
   <trkpt lat="46.03304000000001" lon="6.96044">
    <ele>2168.65</ele>
   </trkpt>
   <trkpt lat="46.03289" lon="6.960400000000001">
    <ele>2169.77</ele>
   </trkpt>
   <trkpt lat="46.03271" lon="6.960260000000001">
    <ele>2171.52</ele>
   </trkpt>
   <trkpt lat="46.03257000000001" lon="6.960030000000001">
    <ele>2173.38</ele>
   </trkpt>
   <trkpt lat="46.032450000000004" lon="6.9596100000000005">
    <ele>2178.5400000000004</ele>
   </trkpt>
   <trkpt lat="46.03210000000001" lon="6.958950000000001">
    <ele>2186.21</ele>
   </trkpt>
   <trkpt lat="46.031780000000005" lon="6.958670000000001">
    <ele>2187.82</ele>
   </trkpt>
   <trkpt lat="46.03137" lon="6.958660000000001">
    <ele>2192.75</ele>
   </trkpt>
   <trkpt lat="46.03116000000001" lon="6.95856">
    <ele>2194.44</ele>
   </trkpt>
   <trkpt lat="46.03058" lon="6.958550000000001">
    <ele>2199.82</ele>
   </trkpt>
   <trkpt lat="46.03027" lon="6.9587">
    <ele>2201.92</ele>
   </trkpt>
   <trkpt lat="46.029770000000006" lon="6.959040000000001">
    <ele>2201.82</ele>
   </trkpt>
   <trkpt lat="46.029650000000004" lon="6.95905">
    <ele>2200.59</ele>
   </trkpt>
   <trkpt lat="46.02942" lon="6.959130000000001">
    <ele>2195.61</ele>
   </trkpt>
   <trkpt lat="46.02937000000001" lon="6.959110000000001">
    <ele>2195.61</ele>
   </trkpt>
   <trkpt lat="46.02919000000001" lon="6.95884">
    <ele>2192.45</ele>
   </trkpt>
   <trkpt lat="46.02915" lon="6.9587">
    <ele>2191.0000000000005</ele>
   </trkpt>
   <trkpt lat="46.02919000000001" lon="6.95858">
    <ele>2189.4900000000002</ele>
   </trkpt>
   <trkpt lat="46.02926" lon="6.958450000000001">
    <ele>2187.92</ele>
   </trkpt>
   <trkpt lat="46.029300000000006" lon="6.9583200000000005">
    <ele>2187.92</ele>
   </trkpt>
   <trkpt lat="46.02948000000001" lon="6.95802">
    <ele>2180.72</ele>
   </trkpt>
   <trkpt lat="46.029520000000005" lon="6.957540000000001">
    <ele>2175.6800000000003</ele>
   </trkpt>
   <trkpt lat="46.02935" lon="6.9577800000000005">
    <ele>2169.88</ele>
   </trkpt>
   <trkpt lat="46.02910000000001" lon="6.95795">
    <ele>2166.34</ele>
   </trkpt>
   <trkpt lat="46.02892000000001" lon="6.958030000000001">
    <ele>2163.94</ele>
   </trkpt>
   <trkpt lat="46.02816000000001" lon="6.9578500000000005">
    <ele>2146.1400000000003</ele>
   </trkpt>
   <trkpt lat="46.02792" lon="6.957510000000001">
    <ele>2136.27</ele>
   </trkpt>
   <trkpt lat="46.02781" lon="6.957090000000001">
    <ele>2122.26</ele>
   </trkpt>
   <trkpt lat="46.027770000000004" lon="6.95673">
    <ele>2117.2</ele>
   </trkpt>
   <trkpt lat="46.02787000000001" lon="6.95666">
    <ele>2115.12</ele>
   </trkpt>
   <trkpt lat="46.02787000000001" lon="6.95664">
    <ele>2115.12</ele>
   </trkpt>
   <trkpt lat="46.02776" lon="6.956530000000001">
    <ele>2113.4500000000003</ele>
   </trkpt>
   <trkpt lat="46.02747" lon="6.95633">
    <ele>2107.2000000000003</ele>
   </trkpt>
   <trkpt lat="46.02729" lon="6.95605">
    <ele>2105.03</ele>
   </trkpt>
   <trkpt lat="46.027280000000005" lon="6.955990000000001">
    <ele>2102.05</ele>
   </trkpt>
   <trkpt lat="46.027120000000004" lon="6.95565">
    <ele>2098.0600000000004</ele>
   </trkpt>
   <trkpt lat="46.02713000000001" lon="6.955570000000001">
    <ele>2097.3100000000004</ele>
   </trkpt>
   <trkpt lat="46.0272" lon="6.95539">
    <ele>2094.5400000000004</ele>
   </trkpt>
   <trkpt lat="46.027150000000006" lon="6.95544">
    <ele>2094.5400000000004</ele>
   </trkpt>
   <trkpt lat="46.027060000000006" lon="6.955470000000001">
    <ele>2092.2599999999998</ele>
   </trkpt>
   <trkpt lat="46.02696" lon="6.955470000000001">
    <ele>2090.67</ele>
   </trkpt>
   <trkpt lat="46.026740000000004" lon="6.955360000000001">
    <ele>2085.32</ele>
   </trkpt>
   <trkpt lat="46.02669" lon="6.955360000000001">
    <ele>2085.32</ele>
   </trkpt>
   <trkpt lat="46.02637000000001" lon="6.955520000000001">
    <ele>2076.8500000000004</ele>
   </trkpt>
   <trkpt lat="46.02633" lon="6.955610000000001">
    <ele>2076.8500000000004</ele>
   </trkpt>
   <trkpt lat="46.02619000000001" lon="6.955540000000001">
    <ele>2073.7900000000004</ele>
   </trkpt>
   <trkpt lat="46.026140000000005" lon="6.95556">
    <ele>2073.17</ele>
   </trkpt>
   <trkpt lat="46.026120000000006" lon="6.955550000000001">
    <ele>2072.63</ele>
   </trkpt>
   <trkpt lat="46.026050000000005" lon="6.955380000000001">
    <ele>2071.44</ele>
   </trkpt>
   <trkpt lat="46.02593" lon="6.955240000000001">
    <ele>2070.55</ele>
   </trkpt>
   <trkpt lat="46.02581000000001" lon="6.955140000000001">
    <ele>2069.0699999999997</ele>
   </trkpt>
   <trkpt lat="46.02564" lon="6.955100000000001">
    <ele>2065.57</ele>
   </trkpt>
   <trkpt lat="46.02501" lon="6.955000000000001">
    <ele>2052.9900000000002</ele>
   </trkpt>
   <trkpt lat="46.02465" lon="6.95497">
    <ele>2048.9</ele>
   </trkpt>
   <trkpt lat="46.02452" lon="6.95497">
    <ele>2045.7300000000002</ele>
   </trkpt>
   <trkpt lat="46.024530000000006" lon="6.95497">
    <ele>2045.7300000000002</ele>
   </trkpt>
   <trkpt lat="46.02451000000001" lon="6.954960000000001">
    <ele>2045.7300000000002</ele>
   </trkpt>
   <trkpt lat="46.024570000000004" lon="6.95481">
    <ele>2044.5100000000002</ele>
   </trkpt>
   <trkpt lat="46.02483" lon="6.95434">
    <ele>2036.1000000000001</ele>
   </trkpt>
   <trkpt lat="46.02485" lon="6.954230000000001">
    <ele>2032.89</ele>
   </trkpt>
   <trkpt lat="46.024980000000006" lon="6.953990000000001">
    <ele>2029.4000000000003</ele>
   </trkpt>
   <trkpt lat="46.025000000000006" lon="6.95389">
    <ele>2028.55</ele>
   </trkpt>
   <trkpt lat="46.02505" lon="6.953850000000001">
    <ele>2026.13</ele>
   </trkpt>
   <trkpt lat="46.0251" lon="6.953850000000001">
    <ele>2026.13</ele>
   </trkpt>
   <trkpt lat="46.02519" lon="6.9537700000000005">
    <ele>2023.63</ele>
   </trkpt>
   <trkpt lat="46.025270000000006" lon="6.9535800000000005">
    <ele>2020.5700000000002</ele>
   </trkpt>
   <trkpt lat="46.02534000000001" lon="6.9535100000000005">
    <ele>2020.5700000000002</ele>
   </trkpt>
   <trkpt lat="46.025330000000004" lon="6.95349">
    <ele>2020.5700000000002</ele>
   </trkpt>
   <trkpt lat="46.02525000000001" lon="6.953500000000001">
    <ele>2018.0900000000004</ele>
   </trkpt>
   <trkpt lat="46.02516000000001" lon="6.95347">
    <ele>2015.0100000000002</ele>
   </trkpt>
   <trkpt lat="46.025090000000006" lon="6.95349">
    <ele>2015.0100000000002</ele>
   </trkpt>
   <trkpt lat="46.02492" lon="6.95349">
    <ele>2011.2300000000002</ele>
   </trkpt>
   <trkpt lat="46.02494" lon="6.953390000000001">
    <ele>2010.0500000000002</ele>
   </trkpt>
   <trkpt lat="46.02487000000001" lon="6.953360000000001">
    <ele>2007.5800000000004</ele>
   </trkpt>
   <trkpt lat="46.02485" lon="6.953270000000001">
    <ele>2005.8899999999999</ele>
   </trkpt>
   <trkpt lat="46.02481" lon="6.9532300000000005">
    <ele>2005.8899999999999</ele>
   </trkpt>
   <trkpt lat="46.02465" lon="6.95312">
    <ele>2001.2600000000002</ele>
   </trkpt>
   <trkpt lat="46.02459" lon="6.953100000000001">
    <ele>2001.2600000000002</ele>
   </trkpt>
   <trkpt lat="46.02452" lon="6.953100000000001">
    <ele>1999.5800000000002</ele>
   </trkpt>
   <trkpt lat="46.024370000000005" lon="6.95314">
    <ele>1998.43</ele>
   </trkpt>
   <trkpt lat="46.024350000000005" lon="6.952770000000001">
    <ele>1998.1000000000001</ele>
   </trkpt>
   <trkpt lat="46.02436" lon="6.952680000000001">
    <ele>1998.1000000000001</ele>
   </trkpt>
   <trkpt lat="46.02449000000001" lon="6.952310000000001">
    <ele>1998.3800000000003</ele>
   </trkpt>
   <trkpt lat="46.02451000000001" lon="6.95213">
    <ele>1998.23</ele>
   </trkpt>
   <trkpt lat="46.02449000000001" lon="6.9518200000000006">
    <ele>1997.21</ele>
   </trkpt>
   <trkpt lat="46.0245" lon="6.95176">
    <ele>1996.76</ele>
   </trkpt>
   <trkpt lat="46.02460000000001" lon="6.951530000000001">
    <ele>1995.8000000000002</ele>
   </trkpt>
   <trkpt lat="46.024480000000004" lon="6.95143">
    <ele>1995.44</ele>
   </trkpt>
   <trkpt lat="46.024330000000006" lon="6.95143">
    <ele>1995.72</ele>
   </trkpt>
   <trkpt lat="46.02427" lon="6.951410000000001">
    <ele>1995.74</ele>
   </trkpt>
   <trkpt lat="46.024170000000005" lon="6.951130000000001">
    <ele>1995.1200000000001</ele>
   </trkpt>
   <trkpt lat="46.02411" lon="6.951090000000001">
    <ele>1994.9900000000002</ele>
   </trkpt>
   <trkpt lat="46.024080000000005" lon="6.951040000000001">
    <ele>1994.7800000000002</ele>
   </trkpt>
   <trkpt lat="46.023920000000004" lon="6.95096">
    <ele>1994.5400000000002</ele>
   </trkpt>
   <trkpt lat="46.02384000000001" lon="6.950950000000001">
    <ele>1994.3600000000001</ele>
   </trkpt>
   <trkpt lat="46.023790000000005" lon="6.950900000000001">
    <ele>1994.3600000000001</ele>
   </trkpt>
   <trkpt lat="46.02373" lon="6.95075">
    <ele>1993.7300000000002</ele>
   </trkpt>
   <trkpt lat="46.02369" lon="6.950690000000001">
    <ele>1993.7300000000002</ele>
   </trkpt>
   <trkpt lat="46.02356" lon="6.95063">
    <ele>1993.5600000000002</ele>
   </trkpt>
   <trkpt lat="46.02349" lon="6.950570000000001">
    <ele>1993.21</ele>
   </trkpt>
   <trkpt lat="46.02346000000001" lon="6.950570000000001">
    <ele>1993.21</ele>
   </trkpt>
   <trkpt lat="46.023390000000006" lon="6.95049">
    <ele>1993.21</ele>
   </trkpt>
   <trkpt lat="46.02331" lon="6.95044">
    <ele>1993.21</ele>
   </trkpt>
   <trkpt lat="46.023250000000004" lon="6.95035">
    <ele>1992.5500000000002</ele>
   </trkpt>
   <trkpt lat="46.02318" lon="6.9501800000000005">
    <ele>1992.46</ele>
   </trkpt>
   <trkpt lat="46.023070000000004" lon="6.95009">
    <ele>1991.91</ele>
   </trkpt>
   <trkpt lat="46.02284" lon="6.949800000000001">
    <ele>1991.64</ele>
   </trkpt>
   <trkpt lat="46.02279" lon="6.94976">
    <ele>1991.64</ele>
   </trkpt>
   <trkpt lat="46.02262" lon="6.949700000000001">
    <ele>1991.5200000000002</ele>
   </trkpt>
   <trkpt lat="46.022400000000005" lon="6.949540000000001">
    <ele>1991.3</ele>
   </trkpt>
   <trkpt lat="46.02226" lon="6.9495000000000005">
    <ele>1991.2600000000002</ele>
   </trkpt>
   <trkpt lat="46.02217" lon="6.949420000000001">
    <ele>1991.2600000000002</ele>
   </trkpt>
   <trkpt lat="46.0221" lon="6.949400000000001">
    <ele>1991.2600000000002</ele>
   </trkpt>
   <trkpt lat="46.02201" lon="6.949300000000001">
    <ele>1991.2600000000002</ele>
   </trkpt>
   <trkpt lat="46.0219" lon="6.9492400000000005">
    <ele>1991.1200000000001</ele>
   </trkpt>
   <trkpt lat="46.02176" lon="6.94913">
    <ele>1991.1200000000001</ele>
   </trkpt>
   <trkpt lat="46.02159" lon="6.949050000000001">
    <ele>1991.2600000000002</ele>
   </trkpt>
   <trkpt lat="46.02145" lon="6.948840000000001">
    <ele>1993.2600000000002</ele>
   </trkpt>
   <trkpt lat="46.02138" lon="6.94882">
    <ele>1994.5800000000002</ele>
   </trkpt>
   <trkpt lat="46.021330000000006" lon="6.948760000000001">
    <ele>1994.5800000000002</ele>
   </trkpt>
   <trkpt lat="46.02125" lon="6.948740000000001">
    <ele>1996.46</ele>
   </trkpt>
   <trkpt lat="46.02109" lon="6.9486300000000005">
    <ele>2000.43</ele>
   </trkpt>
   <trkpt lat="46.020810000000004" lon="6.948580000000001">
    <ele>2002.6900000000003</ele>
   </trkpt>
   <trkpt lat="46.02042" lon="6.94826">
    <ele>2012.49</ele>
   </trkpt>
   <trkpt lat="46.020230000000005" lon="6.948010000000001">
    <ele>2015.9200000000003</ele>
   </trkpt>
   <trkpt lat="46.020140000000005" lon="6.94798">
    <ele>2016.48</ele>
   </trkpt>
   <trkpt lat="46.019940000000005" lon="6.94777">
    <ele>2019.8400000000004</ele>
   </trkpt>
   <trkpt lat="46.019830000000006" lon="6.947690000000001">
    <ele>2020.91</ele>
   </trkpt>
   <trkpt lat="46.01977" lon="6.947590000000001">
    <ele>2021.3100000000002</ele>
   </trkpt>
   <trkpt lat="46.019760000000005" lon="6.947470000000001">
    <ele>2021.3400000000004</ele>
   </trkpt>
   <trkpt lat="46.019690000000004" lon="6.9473">
    <ele>2021.02</ele>
   </trkpt>
   <trkpt lat="46.01962" lon="6.947190000000001">
    <ele>2020.97</ele>
   </trkpt>
   <trkpt lat="46.01943000000001" lon="6.947010000000001">
    <ele>2021.1300000000003</ele>
   </trkpt>
   <trkpt lat="46.019310000000004" lon="6.94695">
    <ele>2021.36</ele>
   </trkpt>
   <trkpt lat="46.019110000000005" lon="6.947010000000001">
    <ele>2022.2700000000002</ele>
   </trkpt>
   <trkpt lat="46.01896000000001" lon="6.947010000000001">
    <ele>2022.5500000000002</ele>
   </trkpt>
   <trkpt lat="46.018800000000006" lon="6.94688">
    <ele>2024.7</ele>
   </trkpt>
   <trkpt lat="46.01869000000001" lon="6.946860000000001">
    <ele>2025.4000000000003</ele>
   </trkpt>
   <trkpt lat="46.01843" lon="6.946720000000001">
    <ele>2026.1599999999999</ele>
   </trkpt>
   <trkpt lat="46.01831000000001" lon="6.94669">
    <ele>2029.48</ele>
   </trkpt>
   <trkpt lat="46.01816" lon="6.946600000000001">
    <ele>2030.4200000000003</ele>
   </trkpt>
   <trkpt lat="46.01805" lon="6.94657">
    <ele>2032.55</ele>
   </trkpt>
   <trkpt lat="46.018010000000004" lon="6.946530000000001">
    <ele>2032.55</ele>
   </trkpt>
   <trkpt lat="46.017810000000004" lon="6.94643">
    <ele>2035.8400000000004</ele>
   </trkpt>
   <trkpt lat="46.01762" lon="6.94624">
    <ele>2037.38</ele>
   </trkpt>
   <trkpt lat="46.01747" lon="6.94613">
    <ele>2036.8400000000001</ele>
   </trkpt>
   <trkpt lat="46.01738" lon="6.9461200000000005">
    <ele>2036.07</ele>
   </trkpt>
   <trkpt lat="46.01711" lon="6.94573">
    <ele>2032.4600000000003</ele>
   </trkpt>
   <trkpt lat="46.016960000000005" lon="6.94568">
    <ele>2032.7</ele>
   </trkpt>
   <trkpt lat="46.016850000000005" lon="6.9455800000000005">
    <ele>2033.39</ele>
   </trkpt>
   <trkpt lat="46.01672000000001" lon="6.94542">
    <ele>2034.5500000000002</ele>
   </trkpt>
   <trkpt lat="46.016650000000006" lon="6.94528">
    <ele>2036.0800000000002</ele>
   </trkpt>
   <trkpt lat="46.016580000000005" lon="6.945220000000001">
    <ele>2036.76</ele>
   </trkpt>
   <trkpt lat="46.01653" lon="6.94521">
    <ele>2038.23</ele>
   </trkpt>
   <trkpt lat="46.01644" lon="6.94514">
    <ele>2039.45</ele>
   </trkpt>
   <trkpt lat="46.01637" lon="6.94505">
    <ele>2040.3200000000004</ele>
   </trkpt>
   <trkpt lat="46.016310000000004" lon="6.945010000000001">
    <ele>2040.68</ele>
   </trkpt>
   <trkpt lat="46.01615" lon="6.9449700000000005">
    <ele>2041.91</ele>
   </trkpt>
   <trkpt lat="46.01606" lon="6.94481">
    <ele>2042.9000000000003</ele>
   </trkpt>
   <trkpt lat="46.015930000000004" lon="6.94472">
    <ele>2043.8400000000004</ele>
   </trkpt>
   <trkpt lat="46.01588" lon="6.9446200000000005">
    <ele>2044.1200000000003</ele>
   </trkpt>
   <trkpt lat="46.01577" lon="6.944500000000001">
    <ele>2044.26</ele>
   </trkpt>
   <trkpt lat="46.015750000000004" lon="6.9443600000000005">
    <ele>2044.27</ele>
   </trkpt>
   <trkpt lat="46.01567000000001" lon="6.944190000000001">
    <ele>2044.74</ele>
   </trkpt>
   <trkpt lat="46.015480000000004" lon="6.943930000000001">
    <ele>2046.57</ele>
   </trkpt>
   <trkpt lat="46.01541" lon="6.943860000000001">
    <ele>2047.4900000000002</ele>
   </trkpt>
   <trkpt lat="46.01532" lon="6.943860000000001">
    <ele>2048.81</ele>
   </trkpt>
   <trkpt lat="46.01522000000001" lon="6.943740000000001">
    <ele>2051.09</ele>
   </trkpt>
   <trkpt lat="46.01505" lon="6.943230000000001">
    <ele>2054.71</ele>
   </trkpt>
   <trkpt lat="46.015150000000006" lon="6.9430000000000005">
    <ele>2053.78</ele>
   </trkpt>
   <trkpt lat="46.015100000000004" lon="6.942660000000001">
    <ele>2053.61</ele>
   </trkpt>
   <trkpt lat="46.015150000000006" lon="6.942260000000001">
    <ele>2052.01</ele>
   </trkpt>
   <trkpt lat="46.015150000000006" lon="6.942080000000001">
    <ele>2050.86</ele>
   </trkpt>
   <trkpt lat="46.015130000000006" lon="6.942050000000001">
    <ele>2050.2000000000003</ele>
   </trkpt>
   <trkpt lat="46.015080000000005" lon="6.942050000000001">
    <ele>2048.82</ele>
   </trkpt>
   <trkpt lat="46.01505" lon="6.942010000000001">
    <ele>2048.82</ele>
   </trkpt>
   <trkpt lat="46.01505" lon="6.941960000000001">
    <ele>2048.1600000000003</ele>
   </trkpt>
   <trkpt lat="46.015010000000004" lon="6.941870000000001">
    <ele>2047.0100000000002</ele>
   </trkpt>
   <trkpt lat="46.01502000000001" lon="6.94167">
    <ele>2046.1400000000003</ele>
   </trkpt>
   <trkpt lat="46.014990000000004" lon="6.941580000000001">
    <ele>2045.0900000000001</ele>
   </trkpt>
   <trkpt lat="46.014880000000005" lon="6.94143">
    <ele>2043.8100000000002</ele>
   </trkpt>
   <trkpt lat="46.014700000000005" lon="6.941260000000001">
    <ele>2042.3</ele>
   </trkpt>
   <trkpt lat="46.014660000000006" lon="6.941160000000001">
    <ele>2042.18</ele>
   </trkpt>
   <trkpt lat="46.014590000000005" lon="6.94108">
    <ele>2042.1599999999999</ele>
   </trkpt>
   <trkpt lat="46.014500000000005" lon="6.940900000000001">
    <ele>2042.65</ele>
   </trkpt>
   <trkpt lat="46.01435" lon="6.94085">
    <ele>2042.8600000000001</ele>
   </trkpt>
   <trkpt lat="46.01427" lon="6.9407700000000006">
    <ele>2040.8600000000004</ele>
   </trkpt>
   <trkpt lat="46.01417000000001" lon="6.94071">
    <ele>2040.0300000000002</ele>
   </trkpt>
   <trkpt lat="46.01408000000001" lon="6.9405600000000005">
    <ele>2036.63</ele>
   </trkpt>
   <trkpt lat="46.013980000000004" lon="6.940550000000001">
    <ele>2035.94</ele>
   </trkpt>
   <trkpt lat="46.013920000000006" lon="6.94059">
    <ele>2034.17</ele>
   </trkpt>
   <trkpt lat="46.01391" lon="6.94068">
    <ele>2033.48</ele>
   </trkpt>
   <trkpt lat="46.01409" lon="6.9409600000000005">
    <ele>2028.26</ele>
   </trkpt>
   <trkpt lat="46.01409" lon="6.94101">
    <ele>2028.26</ele>
   </trkpt>
   <trkpt lat="46.013960000000004" lon="6.941070000000001">
    <ele>2026.5500000000002</ele>
   </trkpt>
   <trkpt lat="46.013850000000005" lon="6.941020000000001">
    <ele>2022.6900000000003</ele>
   </trkpt>
   <trkpt lat="46.013690000000004" lon="6.9408">
    <ele>2017.7</ele>
   </trkpt>
   <trkpt lat="46.013540000000006" lon="6.9407000000000005">
    <ele>2014.4800000000002</ele>
   </trkpt>
   <trkpt lat="46.01343000000001" lon="6.940480000000001">
    <ele>2012.74</ele>
   </trkpt>
   <trkpt lat="46.01333" lon="6.9404200000000005">
    <ele>2009.03</ele>
   </trkpt>
   <trkpt lat="46.0133" lon="6.9406300000000005">
    <ele>2007.33</ele>
   </trkpt>
   <trkpt lat="46.01324" lon="6.94082">
    <ele>2005.1000000000001</ele>
   </trkpt>
   <trkpt lat="46.013270000000006" lon="6.940980000000001">
    <ele>2003.7700000000002</ele>
   </trkpt>
   <trkpt lat="46.01323000000001" lon="6.941050000000001">
    <ele>2001.8899999999999</ele>
   </trkpt>
   <trkpt lat="46.013160000000006" lon="6.941020000000001">
    <ele>2001.8899999999999</ele>
   </trkpt>
   <trkpt lat="46.013130000000004" lon="6.941040000000001">
    <ele>2001.8899999999999</ele>
   </trkpt>
   <trkpt lat="46.01308" lon="6.941190000000001">
    <ele>1997.03</ele>
   </trkpt>
   <trkpt lat="46.01303" lon="6.941230000000001">
    <ele>1997.03</ele>
   </trkpt>
   <trkpt lat="46.013000000000005" lon="6.941300000000001">
    <ele>1997.03</ele>
   </trkpt>
   <trkpt lat="46.01294" lon="6.94132">
    <ele>1994.7100000000003</ele>
   </trkpt>
   <trkpt lat="46.01286" lon="6.9412">
    <ele>1993.0700000000002</ele>
   </trkpt>
   <trkpt lat="46.01281" lon="6.941050000000001">
    <ele>1990.42</ele>
   </trkpt>
   <trkpt lat="46.012730000000005" lon="6.940980000000001">
    <ele>1988.5800000000002</ele>
   </trkpt>
   <trkpt lat="46.01263" lon="6.940970000000001">
    <ele>1988.5800000000002</ele>
   </trkpt>
   <trkpt lat="46.01249000000001" lon="6.941070000000001">
    <ele>1983.7300000000002</ele>
   </trkpt>
   <trkpt lat="46.012280000000004" lon="6.94108">
    <ele>1979.78</ele>
   </trkpt>
   <trkpt lat="46.01214" lon="6.941000000000001">
    <ele>1977.89</ele>
   </trkpt>
   <trkpt lat="46.012100000000004" lon="6.94092">
    <ele>1977.89</ele>
   </trkpt>
   <trkpt lat="46.01209" lon="6.94078">
    <ele>1975.5500000000002</ele>
   </trkpt>
   <trkpt lat="46.01203" lon="6.94068">
    <ele>1974.2700000000002</ele>
   </trkpt>
   <trkpt lat="46.012" lon="6.940670000000001">
    <ele>1974.2700000000002</ele>
   </trkpt>
   <trkpt lat="46.011950000000006" lon="6.940760000000001">
    <ele>1974.2700000000002</ele>
   </trkpt>
   <trkpt lat="46.01183" lon="6.9407700000000006">
    <ele>1969.65</ele>
   </trkpt>
   <trkpt lat="46.011750000000006" lon="6.940740000000001">
    <ele>1969.65</ele>
   </trkpt>
   <trkpt lat="46.01171" lon="6.94068">
    <ele>1968.41</ele>
   </trkpt>
   <trkpt lat="46.01165" lon="6.940290000000001">
    <ele>1965.3000000000002</ele>
   </trkpt>
   <trkpt lat="46.01162" lon="6.94026">
    <ele>1963.8500000000001</ele>
   </trkpt>
   <trkpt lat="46.01158" lon="6.940250000000001">
    <ele>1963.8500000000001</ele>
   </trkpt>
   <trkpt lat="46.011520000000004" lon="6.940290000000001">
    <ele>1961.8600000000001</ele>
   </trkpt>
   <trkpt lat="46.01144" lon="6.9404900000000005">
    <ele>1960.43</ele>
   </trkpt>
   <trkpt lat="46.01142" lon="6.940480000000001">
    <ele>1959.6000000000001</ele>
   </trkpt>
   <trkpt lat="46.011390000000006" lon="6.940370000000001">
    <ele>1956.9</ele>
   </trkpt>
   <trkpt lat="46.01129" lon="6.940250000000001">
    <ele>1955.2800000000002</ele>
   </trkpt>
   <trkpt lat="46.01124" lon="6.940110000000001">
    <ele>1953.9100000000003</ele>
   </trkpt>
   <trkpt lat="46.0112" lon="6.939820000000001">
    <ele>1951.38</ele>
   </trkpt>
   <trkpt lat="46.010850000000005" lon="6.939210000000001">
    <ele>1939.9800000000002</ele>
   </trkpt>
   <trkpt lat="46.010630000000006" lon="6.93909">
    <ele>1933.39</ele>
   </trkpt>
   <trkpt lat="46.010470000000005" lon="6.938960000000001">
    <ele>1929.5900000000001</ele>
   </trkpt>
   <trkpt lat="46.010400000000004" lon="6.93881">
    <ele>1927.3500000000001</ele>
   </trkpt>
   <trkpt lat="46.01037" lon="6.9389400000000006">
    <ele>1926.5400000000002</ele>
   </trkpt>
   <trkpt lat="46.01039" lon="6.939120000000001">
    <ele>1924.8100000000002</ele>
   </trkpt>
   <trkpt lat="46.01032000000001" lon="6.939240000000001">
    <ele>1921.18</ele>
   </trkpt>
   <trkpt lat="46.01032000000001" lon="6.9393400000000005">
    <ele>1918.5500000000002</ele>
   </trkpt>
   <trkpt lat="46.010250000000006" lon="6.939280000000001">
    <ele>1918.5500000000002</ele>
   </trkpt>
   <trkpt lat="46.010200000000005" lon="6.93918">
    <ele>1916.89</ele>
   </trkpt>
   <trkpt lat="46.010020000000004" lon="6.939140000000001">
    <ele>1914.5200000000002</ele>
   </trkpt>
   <trkpt lat="46.00999" lon="6.93918">
    <ele>1911.2900000000002</ele>
   </trkpt>
   <trkpt lat="46.01003" lon="6.9392700000000005">
    <ele>1911.2900000000002</ele>
   </trkpt>
   <trkpt lat="46.010000000000005" lon="6.93935">
    <ele>1909.58</ele>
   </trkpt>
   <trkpt lat="46.010070000000006" lon="6.939450000000001">
    <ele>1908.6900000000003</ele>
   </trkpt>
   <trkpt lat="46.00992" lon="6.93942">
    <ele>1903.82</ele>
   </trkpt>
   <trkpt lat="46.00979" lon="6.93937">
    <ele>1902.8600000000001</ele>
   </trkpt>
   <trkpt lat="46.00972" lon="6.939380000000001">
    <ele>1899.1700000000003</ele>
   </trkpt>
   <trkpt lat="46.009690000000006" lon="6.939290000000001">
    <ele>1899.1700000000003</ele>
   </trkpt>
   <trkpt lat="46.00940000000001" lon="6.938720000000001">
    <ele>1889.5100000000002</ele>
   </trkpt>
   <trkpt lat="46.00938000000001" lon="6.938560000000001">
    <ele>1885.2900000000002</ele>
   </trkpt>
   <trkpt lat="46.00927" lon="6.9387300000000005">
    <ele>1881.76</ele>
   </trkpt>
   <trkpt lat="46.009240000000005" lon="6.938820000000001">
    <ele>1880.64</ele>
   </trkpt>
   <trkpt lat="46.009240000000005" lon="6.938930000000001">
    <ele>1878.54</ele>
   </trkpt>
   <trkpt lat="46.009130000000006" lon="6.93871">
    <ele>1874.74</ele>
   </trkpt>
   <trkpt lat="46.009130000000006" lon="6.938530000000001">
    <ele>1871.4</ele>
   </trkpt>
   <trkpt lat="46.00909" lon="6.938610000000001">
    <ele>1871.4</ele>
   </trkpt>
   <trkpt lat="46.00901" lon="6.939000000000001">
    <ele>1863.14</ele>
   </trkpt>
   <trkpt lat="46.009060000000005" lon="6.939140000000001">
    <ele>1863.14</ele>
   </trkpt>
   <trkpt lat="46.008950000000006" lon="6.939080000000001">
    <ele>1860.51</ele>
   </trkpt>
   <trkpt lat="46.00883" lon="6.938840000000001">
    <ele>1856.7900000000002</ele>
   </trkpt>
   <trkpt lat="46.008720000000004" lon="6.93883">
    <ele>1855.05</ele>
   </trkpt>
   <trkpt lat="46.008680000000005" lon="6.938670000000001">
    <ele>1851.2800000000002</ele>
   </trkpt>
   <trkpt lat="46.008590000000005" lon="6.93855">
    <ele>1849.63</ele>
   </trkpt>
   <trkpt lat="46.008500000000005" lon="6.938230000000001">
    <ele>1846.7600000000002</ele>
   </trkpt>
   <trkpt lat="46.0082" lon="6.93773">
    <ele>1838.42</ele>
   </trkpt>
   <trkpt lat="46.007850000000005" lon="6.9375100000000005">
    <ele>1829.8200000000002</ele>
   </trkpt>
   <trkpt lat="46.007690000000004" lon="6.937320000000001">
    <ele>1823.8100000000002</ele>
   </trkpt>
   <trkpt lat="46.00735" lon="6.9367600000000005">
    <ele>1815.91</ele>
   </trkpt>
   <trkpt lat="46.00714000000001" lon="6.93606">
    <ele>1808.5300000000002</ele>
   </trkpt>
   <trkpt lat="46.00706" lon="6.93594">
    <ele>1807.5200000000002</ele>
   </trkpt>
   <trkpt lat="46.0069" lon="6.9358">
    <ele>1805.6900000000003</ele>
   </trkpt>
   <trkpt lat="46.00683" lon="6.935810000000001">
    <ele>1804.3700000000001</ele>
   </trkpt>
   <trkpt lat="46.006730000000005" lon="6.935740000000001">
    <ele>1801.4200000000003</ele>
   </trkpt>
   <trkpt lat="46.00643" lon="6.93526">
    <ele>1790.1100000000001</ele>
   </trkpt>
   <trkpt lat="46.006330000000005" lon="6.9352100000000005">
    <ele>1788.6200000000001</ele>
   </trkpt>
   <trkpt lat="46.00611000000001" lon="6.934710000000001">
    <ele>1784.49</ele>
   </trkpt>
   <trkpt lat="46.00582000000001" lon="6.93435">
    <ele>1776.5400000000002</ele>
   </trkpt>
   <trkpt lat="46.005660000000006" lon="6.93388">
    <ele>1770.4</ele>
   </trkpt>
   <trkpt lat="46.005500000000005" lon="6.933520000000001">
    <ele>1763.1000000000001</ele>
   </trkpt>
   <trkpt lat="46.00544000000001" lon="6.9335">
    <ele>1763.1000000000001</ele>
   </trkpt>
   <trkpt lat="46.00518" lon="6.933190000000001">
    <ele>1755.38</ele>
   </trkpt>
   <trkpt lat="46.00515" lon="6.933400000000001">
    <ele>1749.03</ele>
   </trkpt>
   <trkpt lat="46.00511" lon="6.933210000000001">
    <ele>1747.2</ele>
   </trkpt>
   <trkpt lat="46.005010000000006" lon="6.933070000000001">
    <ele>1743.2800000000002</ele>
   </trkpt>
   <trkpt lat="46.004870000000004" lon="6.932950000000001">
    <ele>1740.8600000000001</ele>
   </trkpt>
   <trkpt lat="46.004740000000005" lon="6.932760000000001">
    <ele>1737.3500000000001</ele>
   </trkpt>
   <trkpt lat="46.004560000000005" lon="6.9326300000000005">
    <ele>1735.39</ele>
   </trkpt>
   <trkpt lat="46.00452000000001" lon="6.932570000000001">
    <ele>1730.3000000000002</ele>
   </trkpt>
   <trkpt lat="46.00450000000001" lon="6.932580000000001">
    <ele>1730.3000000000002</ele>
   </trkpt>
   <trkpt lat="46.004580000000004" lon="6.932860000000001">
    <ele>1723.0400000000002</ele>
   </trkpt>
   <trkpt lat="46.00448" lon="6.9328">
    <ele>1723.0400000000002</ele>
   </trkpt>
   <trkpt lat="46.004340000000006" lon="6.93261">
    <ele>1718.44</ele>
   </trkpt>
   <trkpt lat="46.00421" lon="6.932580000000001">
    <ele>1715.4900000000002</ele>
   </trkpt>
   <trkpt lat="46.00401" lon="6.932370000000001">
    <ele>1710.29</ele>
   </trkpt>
   <trkpt lat="46.00388" lon="6.93233">
    <ele>1710.29</ele>
   </trkpt>
   <trkpt lat="46.00372" lon="6.93221">
    <ele>1703.96</ele>
   </trkpt>
   <trkpt lat="46.00352" lon="6.932180000000001">
    <ele>1696.4</ele>
   </trkpt>
   <trkpt lat="46.00334" lon="6.9321">
    <ele>1693.92</ele>
   </trkpt>
   <trkpt lat="46.00318" lon="6.932">
    <ele>1686.47</ele>
   </trkpt>
   <trkpt lat="46.00305" lon="6.931850000000001">
    <ele>1683.0900000000001</ele>
   </trkpt>
   <trkpt lat="46.00294" lon="6.931850000000001">
    <ele>1683.0900000000001</ele>
   </trkpt>
   <trkpt lat="46.00276" lon="6.93172">
    <ele>1675.8500000000001</ele>
   </trkpt>
   <trkpt lat="46.0024" lon="6.93163">
    <ele>1665.8600000000001</ele>
   </trkpt>
   <trkpt lat="46.002280000000006" lon="6.9315500000000005">
    <ele>1662.9600000000003</ele>
   </trkpt>
   <trkpt lat="46.00224" lon="6.93142">
    <ele>1661.8000000000002</ele>
   </trkpt>
   <trkpt lat="46.00208000000001" lon="6.931290000000001">
    <ele>1659.48</ele>
   </trkpt>
   <trkpt lat="46.001920000000005" lon="6.931210000000001">
    <ele>1655.0900000000001</ele>
   </trkpt>
   <trkpt lat="46.001720000000006" lon="6.93104">
    <ele>1650.98</ele>
   </trkpt>
   <trkpt lat="46.00171" lon="6.930790000000001">
    <ele>1644.8100000000002</ele>
   </trkpt>
   <trkpt lat="46.001580000000004" lon="6.93078">
    <ele>1642.4</ele>
   </trkpt>
   <trkpt lat="46.00146" lon="6.93083">
    <ele>1637.79</ele>
   </trkpt>
   <trkpt lat="46.00141000000001" lon="6.930820000000001">
    <ele>1637.79</ele>
   </trkpt>
   <trkpt lat="46.00146" lon="6.930610000000001">
    <ele>1637.79</ele>
   </trkpt>
   <trkpt lat="46.00126" lon="6.93064">
    <ele>1628.8600000000001</ele>
   </trkpt>
   <trkpt lat="46.00108" lon="6.93057">
    <ele>1624.0800000000002</ele>
   </trkpt>
   <trkpt lat="46.00092" lon="6.93076">
    <ele>1619.7700000000002</ele>
   </trkpt>
   <trkpt lat="46.00088" lon="6.930750000000001">
    <ele>1617.38</ele>
   </trkpt>
   <trkpt lat="46.00081" lon="6.93057">
    <ele>1614.75</ele>
   </trkpt>
   <trkpt lat="46.00077" lon="6.9302600000000005">
    <ele>1612.63</ele>
   </trkpt>
   <trkpt lat="46.00065" lon="6.92996">
    <ele>1610.8200000000002</ele>
   </trkpt>
   <trkpt lat="46.000400000000006" lon="6.92966">
    <ele>1603.0000000000002</ele>
   </trkpt>
   <trkpt lat="46.00039" lon="6.92952">
    <ele>1600.24</ele>
   </trkpt>
   <trkpt lat="46.000400000000006" lon="6.9294">
    <ele>1598.72</ele>
   </trkpt>
   <trkpt lat="46.000260000000004" lon="6.929380000000001">
    <ele>1592.2</ele>
   </trkpt>
   <trkpt lat="46.00014" lon="6.929480000000001">
    <ele>1586.51</ele>
   </trkpt>
   <trkpt lat="46.00007" lon="6.9294400000000005">
    <ele>1586.51</ele>
   </trkpt>
   <trkpt lat="45.99994" lon="6.929480000000001">
    <ele>1578.7300000000002</ele>
   </trkpt>
   <trkpt lat="45.99983" lon="6.9295800000000005">
    <ele>1575.8400000000001</ele>
   </trkpt>
   <trkpt lat="45.999790000000004" lon="6.9297200000000005">
    <ele>1572.03</ele>
   </trkpt>
   <trkpt lat="45.999700000000004" lon="6.929810000000001">
    <ele>1568.96</ele>
   </trkpt>
   <trkpt lat="45.99971" lon="6.929810000000001">
    <ele>1568.96</ele>
   </trkpt>
   <trkpt lat="45.999680000000005" lon="6.929620000000001">
    <ele>1565.66</ele>
   </trkpt>
   <trkpt lat="45.99972" lon="6.929460000000001">
    <ele>1561.2</ele>
   </trkpt>
   <trkpt lat="45.99973000000001" lon="6.92919">
    <ele>1557.5100000000002</ele>
   </trkpt>
   <trkpt lat="45.999770000000005" lon="6.92909">
    <ele>1556.1100000000001</ele>
   </trkpt>
   <trkpt lat="45.99971" lon="6.929030000000001">
    <ele>1551.65</ele>
   </trkpt>
   <trkpt lat="45.99958" lon="6.92902">
    <ele>1547.83</ele>
   </trkpt>
   <trkpt lat="45.99951" lon="6.92919">
    <ele>1544.49</ele>
   </trkpt>
   <trkpt lat="45.999410000000005" lon="6.929240000000001">
    <ele>1542.17</ele>
   </trkpt>
   <trkpt lat="45.999430000000004" lon="6.929030000000001">
    <ele>1539.8700000000001</ele>
   </trkpt>
   <trkpt lat="45.99949" lon="6.9286900000000005">
    <ele>1534.63</ele>
   </trkpt>
   <trkpt lat="45.99942" lon="6.928520000000001">
    <ele>1528.69</ele>
   </trkpt>
   <trkpt lat="45.99924" lon="6.92827">
    <ele>1523.7500000000002</ele>
   </trkpt>
   <trkpt lat="45.99916" lon="6.92797">
    <ele>1518.7400000000002</ele>
   </trkpt>
   <trkpt lat="45.998760000000004" lon="6.927060000000001">
    <ele>1491.8200000000002</ele>
   </trkpt>
   <trkpt lat="45.99870000000001" lon="6.926810000000001">
    <ele>1489.4</ele>
   </trkpt>
   <trkpt lat="45.998610000000006" lon="6.926660000000001">
    <ele>1483.38</ele>
   </trkpt>
   <trkpt lat="45.99868" lon="6.926620000000001">
    <ele>1482.0300000000002</ele>
   </trkpt>
   <trkpt lat="45.9986" lon="6.926590000000001">
    <ele>1479.1100000000001</ele>
   </trkpt>
   <trkpt lat="45.99855" lon="6.92651">
    <ele>1479.1100000000001</ele>
   </trkpt>
   <trkpt lat="45.99857" lon="6.92637">
    <ele>1479.1100000000001</ele>
   </trkpt>
   <trkpt lat="45.998470000000005" lon="6.926410000000001">
    <ele>1466.8300000000002</ele>
   </trkpt>
   <trkpt lat="45.998450000000005" lon="6.926080000000001">
    <ele>1462.3100000000002</ele>
   </trkpt>
   <trkpt lat="45.99850000000001" lon="6.92586">
    <ele>1456.88</ele>
   </trkpt>
   <trkpt lat="45.998450000000005" lon="6.92553">
    <ele>1451.57</ele>
   </trkpt>
   <trkpt lat="45.998450000000005" lon="6.9253800000000005">
    <ele>1450.01</ele>
   </trkpt>
   <trkpt lat="45.99857" lon="6.9251700000000005">
    <ele>1446.67</ele>
   </trkpt>
   <trkpt lat="45.99862" lon="6.924950000000001">
    <ele>1445.6000000000001</ele>
   </trkpt>
   <trkpt lat="45.998560000000005" lon="6.924760000000001">
    <ele>1442.4800000000002</ele>
   </trkpt>
   <trkpt lat="45.998560000000005" lon="6.9251700000000005">
    <ele>1449.68</ele>
   </trkpt>
   <trkpt lat="45.998560000000005" lon="6.924760000000001">
    <ele>1442.4800000000002</ele>
   </trkpt>
   <trkpt lat="45.998610000000006" lon="6.924390000000001">
    <ele>1439.99</ele>
   </trkpt>
   <trkpt lat="45.998810000000006" lon="6.92431">
    <ele>1438.4</ele>
   </trkpt>
   <trkpt lat="45.99902" lon="6.92417">
    <ele>1438.8400000000001</ele>
   </trkpt>
   <trkpt lat="45.99906000000001" lon="6.9240900000000005">
    <ele>1438.8400000000001</ele>
   </trkpt>
   <trkpt lat="45.999" lon="6.9238100000000005">
    <ele>1434.0400000000002</ele>
   </trkpt>
   <trkpt lat="45.99895" lon="6.923710000000001">
    <ele>1435.8400000000001</ele>
   </trkpt>
   <trkpt lat="45.9988" lon="6.923610000000001">
    <ele>1437.72</ele>
   </trkpt>
   <trkpt lat="45.99870000000001" lon="6.923500000000001">
    <ele>1439.84</ele>
   </trkpt>
   <trkpt lat="45.99869" lon="6.92344">
    <ele>1440.7200000000003</ele>
   </trkpt>
   <trkpt lat="45.99875" lon="6.923350000000001">
    <ele>1441.7000000000003</ele>
   </trkpt>
   <trkpt lat="45.998810000000006" lon="6.92332">
    <ele>1444.86</ele>
   </trkpt>
   <trkpt lat="45.998850000000004" lon="6.923210000000001">
    <ele>1445.8300000000002</ele>
   </trkpt>
   <trkpt lat="45.999030000000005" lon="6.9231300000000005">
    <ele>1450.15</ele>
   </trkpt>
   <trkpt lat="45.99929" lon="6.9229">
    <ele>1456.15</ele>
   </trkpt>
   <trkpt lat="45.99935000000001" lon="6.92281">
    <ele>1458.01</ele>
   </trkpt>
   <trkpt lat="45.99933" lon="6.922610000000001">
    <ele>1458.01</ele>
   </trkpt>
   <trkpt lat="45.999430000000004" lon="6.922320000000001">
    <ele>1467.95</ele>
   </trkpt>
   <trkpt lat="45.999430000000004" lon="6.9222600000000005">
    <ele>1467.95</ele>
   </trkpt>
   <trkpt lat="45.99949" lon="6.922070000000001">
    <ele>1476.6200000000001</ele>
   </trkpt>
   <trkpt lat="45.999430000000004" lon="6.922040000000001">
    <ele>1476.6200000000001</ele>
   </trkpt>
   <trkpt lat="45.999520000000004" lon="6.92196">
    <ele>1476.6200000000001</ele>
   </trkpt>
   <trkpt lat="45.999570000000006" lon="6.921880000000001">
    <ele>1480.0600000000002</ele>
   </trkpt>
   <trkpt lat="45.99967" lon="6.92187">
    <ele>1481.14</ele>
   </trkpt>
   <trkpt lat="45.99978" lon="6.92182">
    <ele>1483.09</ele>
   </trkpt>
   <trkpt lat="45.99982000000001" lon="6.92177">
    <ele>1484.72</ele>
   </trkpt>
   <trkpt lat="45.999950000000005" lon="6.92177">
    <ele>1486.82</ele>
   </trkpt>
   <trkpt lat="46.000080000000004" lon="6.921670000000001">
    <ele>1487.57</ele>
   </trkpt>
   <trkpt lat="46.00014" lon="6.921570000000001">
    <ele>1490.7400000000002</ele>
   </trkpt>
   <trkpt lat="46.000260000000004" lon="6.921520000000001">
    <ele>1493.68</ele>
   </trkpt>
   <trkpt lat="46.0005" lon="6.921480000000001">
    <ele>1498.0800000000002</ele>
   </trkpt>
   <trkpt lat="46.00076000000001" lon="6.9213700000000005">
    <ele>1503.5</ele>
   </trkpt>
   <trkpt lat="46.001180000000005" lon="6.920910000000001">
    <ele>1512.1200000000001</ele>
   </trkpt>
   <trkpt lat="46.001290000000004" lon="6.920910000000001">
    <ele>1514.5600000000002</ele>
   </trkpt>
   <trkpt lat="46.00139" lon="6.92086">
    <ele>1515.9900000000002</ele>
   </trkpt>
   <trkpt lat="46.00161000000001" lon="6.92086">
    <ele>1519.02</ele>
   </trkpt>
   <trkpt lat="46.001850000000005" lon="6.92079">
    <ele>1523.2800000000002</ele>
   </trkpt>
   <trkpt lat="46.001630000000006" lon="6.920630000000001">
    <ele>1531.3000000000002</ele>
   </trkpt>
   <trkpt lat="46.00179000000001" lon="6.9206">
    <ele>1532.41</ele>
   </trkpt>
   <trkpt lat="46.001960000000004" lon="6.920540000000001">
    <ele>1537.03</ele>
   </trkpt>
   <trkpt lat="46.002050000000004" lon="6.920470000000001">
    <ele>1541.47</ele>
   </trkpt>
   <trkpt lat="46.00209" lon="6.920400000000001">
    <ele>1541.47</ele>
   </trkpt>
   <trkpt lat="46.001940000000005" lon="6.920400000000001">
    <ele>1546.64</ele>
   </trkpt>
   <trkpt lat="46.0018" lon="6.920300000000001">
    <ele>1550.89</ele>
   </trkpt>
   <trkpt lat="46.001760000000004" lon="6.920230000000001">
    <ele>1550.89</ele>
   </trkpt>
   <trkpt lat="46.001920000000005" lon="6.920230000000001">
    <ele>1550.89</ele>
   </trkpt>
   <trkpt lat="46.002050000000004" lon="6.920120000000001">
    <ele>1558.1</ele>
   </trkpt>
   <trkpt lat="46.00186" lon="6.920050000000001">
    <ele>1561.13</ele>
   </trkpt>
   <trkpt lat="46.001810000000006" lon="6.92001">
    <ele>1563.1100000000001</ele>
   </trkpt>
   <trkpt lat="46.001740000000005" lon="6.920000000000001">
    <ele>1563.1100000000001</ele>
   </trkpt>
   <trkpt lat="46.001740000000005" lon="6.91997">
    <ele>1563.1100000000001</ele>
   </trkpt>
   <trkpt lat="46.00188000000001" lon="6.919930000000001">
    <ele>1571.2700000000002</ele>
   </trkpt>
   <trkpt lat="46.001920000000005" lon="6.9199">
    <ele>1571.2700000000002</ele>
   </trkpt>
   <trkpt lat="46.001960000000004" lon="6.9199">
    <ele>1571.2700000000002</ele>
   </trkpt>
   <trkpt lat="46.00198" lon="6.919860000000001">
    <ele>1571.2700000000002</ele>
   </trkpt>
   <trkpt lat="46.001760000000004" lon="6.91978">
    <ele>1576.8700000000001</ele>
   </trkpt>
   <trkpt lat="46.001760000000004" lon="6.919740000000001">
    <ele>1578.15</ele>
   </trkpt>
   <trkpt lat="46.002030000000005" lon="6.91945">
    <ele>1586.64</ele>
   </trkpt>
   <trkpt lat="46.002100000000006" lon="6.9193500000000006">
    <ele>1593.9</ele>
   </trkpt>
   <trkpt lat="46.00215" lon="6.919200000000001">
    <ele>1593.9</ele>
   </trkpt>
   <trkpt lat="46.001990000000006" lon="6.9192100000000005">
    <ele>1596.91</ele>
   </trkpt>
   <trkpt lat="46.001810000000006" lon="6.91912">
    <ele>1609.25</ele>
   </trkpt>
   <trkpt lat="46.00208000000001" lon="6.91882">
    <ele>1617.0700000000002</ele>
   </trkpt>
   <trkpt lat="46.00206000000001" lon="6.918810000000001">
    <ele>1617.0700000000002</ele>
   </trkpt>
   <trkpt lat="46.00202" lon="6.91884">
    <ele>1620.3200000000002</ele>
   </trkpt>
   <trkpt lat="46.001900000000006" lon="6.91884">
    <ele>1623.69</ele>
   </trkpt>
   <trkpt lat="46.00182" lon="6.918800000000001">
    <ele>1623.69</ele>
   </trkpt>
   <trkpt lat="46.001810000000006" lon="6.918780000000001">
    <ele>1624.88</ele>
   </trkpt>
   <trkpt lat="46.00189" lon="6.918730000000001">
    <ele>1627.5400000000002</ele>
   </trkpt>
   <trkpt lat="46.00193" lon="6.91868">
    <ele>1627.5400000000002</ele>
   </trkpt>
   <trkpt lat="46.00193" lon="6.91865">
    <ele>1627.5400000000002</ele>
   </trkpt>
   <trkpt lat="46.001830000000005" lon="6.91865">
    <ele>1631.9800000000002</ele>
   </trkpt>
   <trkpt lat="46.001900000000006" lon="6.9186000000000005">
    <ele>1631.9800000000002</ele>
   </trkpt>
   <trkpt lat="46.00189" lon="6.91858">
    <ele>1631.9800000000002</ele>
   </trkpt>
   <trkpt lat="46.001830000000005" lon="6.91858">
    <ele>1644.17</ele>
   </trkpt>
   <trkpt lat="46.00182" lon="6.91856">
    <ele>1644.17</ele>
   </trkpt>
   <trkpt lat="46.00191" lon="6.91844">
    <ele>1644.17</ele>
   </trkpt>
   <trkpt lat="46.00189" lon="6.91842">
    <ele>1644.17</ele>
   </trkpt>
   <trkpt lat="46.001830000000005" lon="6.918450000000001">
    <ele>1644.17</ele>
   </trkpt>
   <trkpt lat="46.00182" lon="6.91844">
    <ele>1644.17</ele>
   </trkpt>
   <trkpt lat="46.00189" lon="6.918340000000001">
    <ele>1650.4900000000002</ele>
   </trkpt>
   <trkpt lat="46.00188000000001" lon="6.918290000000001">
    <ele>1650.4900000000002</ele>
   </trkpt>
   <trkpt lat="46.001810000000006" lon="6.9183200000000005">
    <ele>1653.45</ele>
   </trkpt>
   <trkpt lat="46.00171" lon="6.918430000000001">
    <ele>1676.9600000000003</ele>
   </trkpt>
   <trkpt lat="46.001540000000006" lon="6.91835">
    <ele>1681.66</ele>
   </trkpt>
   <trkpt lat="46.001450000000006" lon="6.9183900000000005">
    <ele>1680.76</ele>
   </trkpt>
   <trkpt lat="46.00137" lon="6.9183200000000005">
    <ele>1684.67</ele>
   </trkpt>
   <trkpt lat="46.001160000000006" lon="6.91821">
    <ele>1688.44</ele>
   </trkpt>
   <trkpt lat="46.001110000000004" lon="6.91811">
    <ele>1698.22</ele>
   </trkpt>
   <trkpt lat="46.0011" lon="6.918120000000001">
    <ele>1698.22</ele>
   </trkpt>
   <trkpt lat="46.0011" lon="6.918080000000001">
    <ele>1700.8100000000002</ele>
   </trkpt>
   <trkpt lat="46.001070000000006" lon="6.918150000000001">
    <ele>1700.8100000000002</ele>
   </trkpt>
   <trkpt lat="46.001050000000006" lon="6.918150000000001">
    <ele>1700.8100000000002</ele>
   </trkpt>
   <trkpt lat="46.00106" lon="6.918080000000001">
    <ele>1705.0</ele>
   </trkpt>
   <trkpt lat="46.00115" lon="6.917960000000001">
    <ele>1707.5900000000001</ele>
   </trkpt>
   <trkpt lat="46.001160000000006" lon="6.9179200000000005">
    <ele>1708.7800000000002</ele>
   </trkpt>
   <trkpt lat="46.0011" lon="6.917960000000001">
    <ele>1709.89</ele>
   </trkpt>
   <trkpt lat="46.00085000000001" lon="6.9179900000000005">
    <ele>1715.5300000000002</ele>
   </trkpt>
   <trkpt lat="46.00076000000001" lon="6.918050000000001">
    <ele>1716.26</ele>
   </trkpt>
   <trkpt lat="46.000690000000006" lon="6.9179200000000005">
    <ele>1718.9500000000003</ele>
   </trkpt>
   <trkpt lat="46.00058000000001" lon="6.91783">
    <ele>1720.6100000000001</ele>
   </trkpt>
   <trkpt lat="46.00038000000001" lon="6.917860000000001">
    <ele>1726.9500000000003</ele>
   </trkpt>
   <trkpt lat="46.000370000000004" lon="6.917750000000001">
    <ele>1726.9500000000003</ele>
   </trkpt>
   <trkpt lat="46.00047000000001" lon="6.917700000000001">
    <ele>1730.0700000000002</ele>
   </trkpt>
   <trkpt lat="46.00056000000001" lon="6.917610000000001">
    <ele>1733.39</ele>
   </trkpt>
   <trkpt lat="46.000640000000004" lon="6.917580000000001">
    <ele>1733.39</ele>
   </trkpt>
   <trkpt lat="46.000440000000005" lon="6.917520000000001">
    <ele>1737.91</ele>
   </trkpt>
   <trkpt lat="46.000350000000005" lon="6.9174500000000005">
    <ele>1742.2</ele>
   </trkpt>
   <trkpt lat="46.000170000000004" lon="6.917400000000001">
    <ele>1747.3500000000001</ele>
   </trkpt>
   <trkpt lat="46.00018" lon="6.917350000000001">
    <ele>1747.3500000000001</ele>
   </trkpt>
   <trkpt lat="46.00016" lon="6.91734">
    <ele>1750.19</ele>
   </trkpt>
   <trkpt lat="46.00014" lon="6.91739">
    <ele>1750.19</ele>
   </trkpt>
   <trkpt lat="46.000020000000006" lon="6.917440000000001">
    <ele>1756.19</ele>
   </trkpt>
   <trkpt lat="46.00000000000001" lon="6.917400000000001">
    <ele>1756.19</ele>
   </trkpt>
   <trkpt lat="46.00003" lon="6.917330000000001">
    <ele>1759.27</ele>
   </trkpt>
   <trkpt lat="46.000040000000006" lon="6.917230000000001">
    <ele>1759.27</ele>
   </trkpt>
   <trkpt lat="46.000020000000006" lon="6.917230000000001">
    <ele>1762.52</ele>
   </trkpt>
   <trkpt lat="46.00000000000001" lon="6.91727">
    <ele>1762.52</ele>
   </trkpt>
   <trkpt lat="45.99998" lon="6.91727">
    <ele>1762.52</ele>
   </trkpt>
   <trkpt lat="46.000020000000006" lon="6.917140000000001">
    <ele>1771.0100000000002</ele>
   </trkpt>
   <trkpt lat="45.999900000000004" lon="6.917110000000001">
    <ele>1771.0100000000002</ele>
   </trkpt>
   <trkpt lat="45.99989" lon="6.917210000000001">
    <ele>1774.3400000000001</ele>
   </trkpt>
   <trkpt lat="45.99987" lon="6.917210000000001">
    <ele>1774.3400000000001</ele>
   </trkpt>
   <trkpt lat="45.99983" lon="6.917160000000001">
    <ele>1775.95</ele>
   </trkpt>
   <trkpt lat="45.99982000000001" lon="6.917210000000001">
    <ele>1779.0100000000002</ele>
   </trkpt>
   <trkpt lat="45.999790000000004" lon="6.917190000000001">
    <ele>1779.0100000000002</ele>
   </trkpt>
   <trkpt lat="45.999790000000004" lon="6.91713">
    <ele>1779.0100000000002</ele>
   </trkpt>
   <trkpt lat="45.99969" lon="6.9171000000000005">
    <ele>1784.67</ele>
   </trkpt>
   <trkpt lat="45.99962000000001" lon="6.91701">
    <ele>1787.3500000000001</ele>
   </trkpt>
   <trkpt lat="45.999680000000005" lon="6.91694">
    <ele>1787.3500000000001</ele>
   </trkpt>
   <trkpt lat="45.999680000000005" lon="6.916910000000001">
    <ele>1791.2</ele>
   </trkpt>
   <trkpt lat="45.999550000000006" lon="6.91687">
    <ele>1794.0200000000002</ele>
   </trkpt>
   <trkpt lat="45.99954" lon="6.91682">
    <ele>1794.0200000000002</ele>
   </trkpt>
   <trkpt lat="45.99965" lon="6.916790000000001">
    <ele>1797.4200000000003</ele>
   </trkpt>
   <trkpt lat="45.999660000000006" lon="6.9167700000000005">
    <ele>1797.4200000000003</ele>
   </trkpt>
   <trkpt lat="45.99958" lon="6.9167000000000005">
    <ele>1803.13</ele>
   </trkpt>
   <trkpt lat="45.99956" lon="6.9166300000000005">
    <ele>1804.8300000000002</ele>
   </trkpt>
   <trkpt lat="45.999590000000005" lon="6.9165600000000005">
    <ele>1807.63</ele>
   </trkpt>
   <trkpt lat="45.99985" lon="6.91645">
    <ele>1815.74</ele>
   </trkpt>
   <trkpt lat="45.99994" lon="6.916360000000001">
    <ele>1816.8400000000001</ele>
   </trkpt>
   <trkpt lat="46.000130000000006" lon="6.916340000000001">
    <ele>1821.0600000000002</ele>
   </trkpt>
   <trkpt lat="46.00016" lon="6.916300000000001">
    <ele>1823.5500000000002</ele>
   </trkpt>
   <trkpt lat="46.000150000000005" lon="6.91626">
    <ele>1823.5500000000002</ele>
   </trkpt>
   <trkpt lat="46.00001" lon="6.91619">
    <ele>1827.64</ele>
   </trkpt>
   <trkpt lat="45.999970000000005" lon="6.91614">
    <ele>1830.18</ele>
   </trkpt>
   <trkpt lat="46.000510000000006" lon="6.915970000000001">
    <ele>1835.8200000000002</ele>
   </trkpt>
   <trkpt lat="46.000620000000005" lon="6.91603">
    <ele>1836.48</ele>
   </trkpt>
   <trkpt lat="46.00074" lon="6.916">
    <ele>1837.86</ele>
   </trkpt>
   <trkpt lat="46.00083" lon="6.91591">
    <ele>1840.7300000000002</ele>
   </trkpt>
   <trkpt lat="46.00085000000001" lon="6.91584">
    <ele>1842.0</ele>
   </trkpt>
   <trkpt lat="46.00092" lon="6.915750000000001">
    <ele>1844.8000000000002</ele>
   </trkpt>
   <trkpt lat="46.0009" lon="6.91572">
    <ele>1846.3500000000001</ele>
   </trkpt>
   <trkpt lat="46.00076000000001" lon="6.91579">
    <ele>1851.4800000000002</ele>
   </trkpt>
   <trkpt lat="46.00074" lon="6.915760000000001">
    <ele>1853.13</ele>
   </trkpt>
   <trkpt lat="46.00059" lon="6.915750000000001">
    <ele>1857.7700000000002</ele>
   </trkpt>
   <trkpt lat="46.00059" lon="6.915690000000001">
    <ele>1857.7700000000002</ele>
   </trkpt>
   <trkpt lat="46.00066" lon="6.915640000000001">
    <ele>1862.5600000000002</ele>
   </trkpt>
   <trkpt lat="46.000710000000005" lon="6.9155500000000005">
    <ele>1864.5500000000002</ele>
   </trkpt>
   <trkpt lat="46.00072" lon="6.915470000000001">
    <ele>1864.5500000000002</ele>
   </trkpt>
   <trkpt lat="46.000690000000006" lon="6.915500000000001">
    <ele>1864.5500000000002</ele>
   </trkpt>
   <trkpt lat="46.00061" lon="6.9154800000000005">
    <ele>1867.9900000000002</ele>
   </trkpt>
   <trkpt lat="46.000530000000005" lon="6.91553">
    <ele>1871.2400000000002</ele>
   </trkpt>
   <trkpt lat="46.00048" lon="6.915500000000001">
    <ele>1871.2400000000002</ele>
   </trkpt>
   <trkpt lat="46.000260000000004" lon="6.91516">
    <ele>1886.0</ele>
   </trkpt>
   <trkpt lat="46.00014" lon="6.91516">
    <ele>1888.57</ele>
   </trkpt>
   <trkpt lat="46.00003" lon="6.915080000000001">
    <ele>1891.89</ele>
   </trkpt>
   <trkpt lat="45.99982000000001" lon="6.915140000000001">
    <ele>1897.75</ele>
   </trkpt>
   <trkpt lat="45.99963" lon="6.915120000000001">
    <ele>1899.5400000000002</ele>
   </trkpt>
   <trkpt lat="45.999550000000006" lon="6.915070000000001">
    <ele>1901.5600000000002</ele>
   </trkpt>
   <trkpt lat="45.99936" lon="6.9152000000000005">
    <ele>1905.97</ele>
   </trkpt>
   <trkpt lat="45.99931" lon="6.91518">
    <ele>1909.01</ele>
   </trkpt>
   <trkpt lat="45.999190000000006" lon="6.91499">
    <ele>1912.26</ele>
   </trkpt>
   <trkpt lat="45.9988" lon="6.914820000000001">
    <ele>1926.6600000000003</ele>
   </trkpt>
   <trkpt lat="45.998780000000004" lon="6.914610000000001">
    <ele>1932.73</ele>
   </trkpt>
   <trkpt lat="45.998670000000004" lon="6.914510000000001">
    <ele>1937.5300000000002</ele>
   </trkpt>
   <trkpt lat="45.998430000000006" lon="6.9145900000000005">
    <ele>1944.14</ele>
   </trkpt>
   <trkpt lat="45.998250000000006" lon="6.91452">
    <ele>1949.39</ele>
   </trkpt>
   <trkpt lat="45.99822" lon="6.91429">
    <ele>1954.68</ele>
   </trkpt>
   <trkpt lat="45.998110000000004" lon="6.9142600000000005">
    <ele>1958.53</ele>
   </trkpt>
   <trkpt lat="45.998000000000005" lon="6.914070000000001">
    <ele>1968.05</ele>
   </trkpt>
   <trkpt lat="45.998020000000004" lon="6.913860000000001">
    <ele>1972.71</ele>
   </trkpt>
   <trkpt lat="45.99792" lon="6.91389">
    <ele>1975.24</ele>
   </trkpt>
   <trkpt lat="45.99765000000001" lon="6.913740000000001">
    <ele>1981.96</ele>
   </trkpt>
   <trkpt lat="45.997550000000004" lon="6.91384">
    <ele>1985.7600000000002</ele>
   </trkpt>
   <trkpt lat="45.99712" lon="6.913600000000001">
    <ele>1996.2100000000003</ele>
   </trkpt>
   <trkpt lat="45.99701" lon="6.913360000000001">
    <ele>2001.1499999999999</ele>
   </trkpt>
   <trkpt lat="45.99678" lon="6.91316">
    <ele>2009.8800000000003</ele>
   </trkpt>
   <trkpt lat="45.99658" lon="6.913220000000001">
    <ele>2014.57</ele>
   </trkpt>
   <trkpt lat="45.99638" lon="6.913130000000001">
    <ele>2016.3200000000004</ele>
   </trkpt>
   <trkpt lat="45.99631" lon="6.91312">
    <ele>2015.9000000000003</ele>
   </trkpt>
   <trkpt lat="45.996210000000005" lon="6.913030000000001">
    <ele>2015.8100000000002</ele>
   </trkpt>
   <trkpt lat="45.996140000000004" lon="6.9130400000000005">
    <ele>2015.8200000000002</ele>
   </trkpt>
   <trkpt lat="45.99606000000001" lon="6.912940000000001">
    <ele>2016.0300000000002</ele>
   </trkpt>
   <trkpt lat="45.99593" lon="6.9129000000000005">
    <ele>2016.75</ele>
   </trkpt>
   <trkpt lat="45.99582" lon="6.91281">
    <ele>2018.0100000000002</ele>
   </trkpt>
   <trkpt lat="45.99564" lon="6.912730000000001">
    <ele>2020.5200000000002</ele>
   </trkpt>
   <trkpt lat="45.99559000000001" lon="6.912660000000001">
    <ele>2022.0800000000004</ele>
   </trkpt>
   <trkpt lat="45.99550000000001" lon="6.912610000000001">
    <ele>2024.7100000000003</ele>
   </trkpt>
   <trkpt lat="45.99526" lon="6.91251">
    <ele>2028.68</ele>
   </trkpt>
   <trkpt lat="45.99517" lon="6.91251">
    <ele>2029.5900000000001</ele>
   </trkpt>
   <trkpt lat="45.995110000000004" lon="6.91255">
    <ele>2033.48</ele>
   </trkpt>
   <trkpt lat="45.99506" lon="6.912560000000001">
    <ele>2033.48</ele>
   </trkpt>
   <trkpt lat="45.994960000000006" lon="6.9124300000000005">
    <ele>2035.68</ele>
   </trkpt>
   <trkpt lat="45.9949" lon="6.912470000000001">
    <ele>2038.0800000000004</ele>
   </trkpt>
   <trkpt lat="45.994870000000006" lon="6.91244">
    <ele>2038.0800000000004</ele>
   </trkpt>
   <trkpt lat="45.994800000000005" lon="6.912240000000001">
    <ele>2042.45</ele>
   </trkpt>
   <trkpt lat="45.994580000000006" lon="6.912120000000001">
    <ele>2047.68</ele>
   </trkpt>
   <trkpt lat="45.994080000000004" lon="6.91166">
    <ele>2056.3</ele>
   </trkpt>
   <trkpt lat="45.99401" lon="6.91166">
    <ele>2058.05</ele>
   </trkpt>
   <trkpt lat="45.99387" lon="6.9117500000000005">
    <ele>2059.39</ele>
   </trkpt>
   <trkpt lat="45.99365" lon="6.91173">
    <ele>2059.99</ele>
   </trkpt>
   <trkpt lat="45.993570000000005" lon="6.911700000000001">
    <ele>2059.99</ele>
   </trkpt>
   <trkpt lat="45.99347" lon="6.9117500000000005">
    <ele>2060.07</ele>
   </trkpt>
   <trkpt lat="45.993410000000004" lon="6.91183">
    <ele>2060.77</ele>
   </trkpt>
   <trkpt lat="45.99334" lon="6.911740000000001">
    <ele>2061.9300000000003</ele>
   </trkpt>
   <trkpt lat="45.99322" lon="6.91166">
    <ele>2063.15</ele>
   </trkpt>
   <trkpt lat="45.99302" lon="6.91171">
    <ele>2062.56</ele>
   </trkpt>
   <trkpt lat="45.99291" lon="6.911700000000001">
    <ele>2061.29</ele>
   </trkpt>
   <trkpt lat="45.992760000000004" lon="6.911720000000001">
    <ele>2060.68</ele>
   </trkpt>
   <trkpt lat="45.99264" lon="6.911550000000001">
    <ele>2061.5</ele>
   </trkpt>
   <trkpt lat="45.99255" lon="6.911560000000001">
    <ele>2062.34</ele>
   </trkpt>
   <trkpt lat="45.992450000000005" lon="6.911650000000001">
    <ele>2063.26</ele>
   </trkpt>
   <trkpt lat="45.99221000000001" lon="6.911620000000001">
    <ele>2063.2900000000004</ele>
   </trkpt>
   <trkpt lat="45.9919" lon="6.911700000000001">
    <ele>2060.4</ele>
   </trkpt>
   <trkpt lat="45.99165000000001" lon="6.91136">
    <ele>2053.3</ele>
   </trkpt>
   <trkpt lat="45.99159" lon="6.911340000000001">
    <ele>2053.15</ele>
   </trkpt>
   <trkpt lat="45.99139" lon="6.91138">
    <ele>2052.51</ele>
   </trkpt>
   <trkpt lat="45.991080000000004" lon="6.911340000000001">
    <ele>2050.25</ele>
   </trkpt>
   <trkpt lat="45.990840000000006" lon="6.911250000000001">
    <ele>2050.4200000000005</ele>
   </trkpt>
   <trkpt lat="45.99063" lon="6.9111">
    <ele>2050.05</ele>
   </trkpt>
   <trkpt lat="45.99053000000001" lon="6.911130000000001">
    <ele>2050.36</ele>
   </trkpt>
   <trkpt lat="45.99029" lon="6.9114700000000004">
    <ele>2053.0699999999997</ele>
   </trkpt>
   <trkpt lat="45.989990000000006" lon="6.91178">
    <ele>2054.53</ele>
   </trkpt>
   <trkpt lat="45.989920000000005" lon="6.911950000000001">
    <ele>2055.0</ele>
   </trkpt>
   <trkpt lat="45.989850000000004" lon="6.91204">
    <ele>2055.26</ele>
   </trkpt>
   <trkpt lat="45.98975" lon="6.912120000000001">
    <ele>2056.32</ele>
   </trkpt>
   <trkpt lat="45.98969" lon="6.912140000000001">
    <ele>2056.5299999999997</ele>
   </trkpt>
   <trkpt lat="45.98955" lon="6.912050000000001">
    <ele>2056.8500000000004</ele>
   </trkpt>
   <trkpt lat="45.98942" lon="6.91201">
    <ele>2056.77</ele>
   </trkpt>
   <trkpt lat="45.989380000000004" lon="6.9120800000000004">
    <ele>2056.94</ele>
   </trkpt>
   <trkpt lat="45.98939" lon="6.91213">
    <ele>2057.2700000000004</ele>
   </trkpt>
   <trkpt lat="45.98937" lon="6.912190000000001">
    <ele>2057.75</ele>
   </trkpt>
   <trkpt lat="45.989340000000006" lon="6.9122">
    <ele>2058.37</ele>
   </trkpt>
   <trkpt lat="45.98924" lon="6.9121500000000005">
    <ele>2059.8</ele>
   </trkpt>
   <trkpt lat="45.98899" lon="6.91187">
    <ele>2065.0600000000004</ele>
   </trkpt>
   <trkpt lat="45.98884" lon="6.911810000000001">
    <ele>2066.98</ele>
   </trkpt>
   <trkpt lat="45.988760000000006" lon="6.911720000000001">
    <ele>2067.4400000000005</ele>
   </trkpt>
   <trkpt lat="45.98865000000001" lon="6.91166">
    <ele>2067.42</ele>
   </trkpt>
   <trkpt lat="45.988420000000005" lon="6.91138">
    <ele>2068.21</ele>
   </trkpt>
   <trkpt lat="45.98818000000001" lon="6.911320000000001">
    <ele>2072.5200000000004</ele>
   </trkpt>
   <trkpt lat="45.988040000000005" lon="6.911230000000001">
    <ele>2074.03</ele>
   </trkpt>
   <trkpt lat="45.988020000000006" lon="6.911160000000001">
    <ele>2074.61</ele>
   </trkpt>
   <trkpt lat="45.987860000000005" lon="6.91096">
    <ele>2078.9500000000003</ele>
   </trkpt>
   <trkpt lat="45.98776" lon="6.91089">
    <ele>2081.35</ele>
   </trkpt>
   <trkpt lat="45.987640000000006" lon="6.910850000000001">
    <ele>2082.6000000000004</ele>
   </trkpt>
   <trkpt lat="45.98753000000001" lon="6.91075">
    <ele>2084.83</ele>
   </trkpt>
   <trkpt lat="45.987370000000006" lon="6.91051">
    <ele>2087.57</ele>
   </trkpt>
   <trkpt lat="45.987260000000006" lon="6.9103900000000005">
    <ele>2088.23</ele>
   </trkpt>
   <trkpt lat="45.98715000000001" lon="6.910380000000001">
    <ele>2091.7700000000004</ele>
   </trkpt>
   <trkpt lat="45.98705" lon="6.9103">
    <ele>2093.26</ele>
   </trkpt>
   <trkpt lat="45.98702" lon="6.91023">
    <ele>2094.09</ele>
   </trkpt>
   <trkpt lat="45.98691" lon="6.910200000000001">
    <ele>2096.88</ele>
   </trkpt>
   <trkpt lat="45.98686000000001" lon="6.910150000000001">
    <ele>2096.88</ele>
   </trkpt>
   <trkpt lat="45.98686000000001" lon="6.9100600000000005">
    <ele>2098.9300000000003</ele>
   </trkpt>
   <trkpt lat="45.9868" lon="6.91002">
    <ele>2100.7900000000004</ele>
   </trkpt>
   <trkpt lat="45.98649" lon="6.909510000000001">
    <ele>2104.47</ele>
   </trkpt>
   <trkpt lat="45.98646" lon="6.9093800000000005">
    <ele>2104.56</ele>
   </trkpt>
   <trkpt lat="45.986430000000006" lon="6.909330000000001">
    <ele>2104.66</ele>
   </trkpt>
   <trkpt lat="45.98642" lon="6.9091700000000005">
    <ele>2105.78</ele>
   </trkpt>
   <trkpt lat="45.98619" lon="6.909040000000001">
    <ele>2109.3100000000004</ele>
   </trkpt>
   <trkpt lat="45.98612000000001" lon="6.908900000000001">
    <ele>2109.89</ele>
   </trkpt>
   <trkpt lat="45.986110000000004" lon="6.90878">
    <ele>2112.0499999999997</ele>
   </trkpt>
   <trkpt lat="45.98608" lon="6.908690000000001">
    <ele>2112.6400000000003</ele>
   </trkpt>
   <trkpt lat="45.98601" lon="6.908580000000001">
    <ele>2113.9700000000003</ele>
   </trkpt>
   <trkpt lat="45.985760000000006" lon="6.908460000000001">
    <ele>2119.12</ele>
   </trkpt>
   <trkpt lat="45.985690000000005" lon="6.908290000000001">
    <ele>2120.19</ele>
   </trkpt>
   <trkpt lat="45.98563" lon="6.90828">
    <ele>2121.57</ele>
   </trkpt>
   <trkpt lat="45.985510000000005" lon="6.908220000000001">
    <ele>2122.77</ele>
   </trkpt>
   <trkpt lat="45.98543" lon="6.9081">
    <ele>2125.1000000000004</ele>
   </trkpt>
   <trkpt lat="45.985380000000006" lon="6.90793">
    <ele>2127.04</ele>
   </trkpt>
   <trkpt lat="45.985260000000004" lon="6.907760000000001">
    <ele>2129.3300000000004</ele>
   </trkpt>
   <trkpt lat="45.98519" lon="6.90772">
    <ele>2130.65</ele>
   </trkpt>
   <trkpt lat="45.985040000000005" lon="6.90767">
    <ele>2130.88</ele>
   </trkpt>
   <trkpt lat="45.984700000000004" lon="6.907660000000001">
    <ele>2130.2700000000004</ele>
   </trkpt>
   <trkpt lat="45.984680000000004" lon="6.9076200000000005">
    <ele>2130.2700000000004</ele>
   </trkpt>
   <trkpt lat="45.9846" lon="6.90758">
    <ele>2130.91</ele>
   </trkpt>
   <trkpt lat="45.984440000000006" lon="6.90744">
    <ele>2131.6800000000003</ele>
   </trkpt>
   <trkpt lat="45.984280000000005" lon="6.9074100000000005">
    <ele>2131.4700000000003</ele>
   </trkpt>
   <trkpt lat="45.9842" lon="6.907280000000001">
    <ele>2131.4700000000003</ele>
   </trkpt>
   <trkpt lat="45.98371" lon="6.906840000000001">
    <ele>2132.6200000000003</ele>
   </trkpt>
   <trkpt lat="45.98362" lon="6.906790000000001">
    <ele>2132.73</ele>
   </trkpt>
   <trkpt lat="45.983540000000005" lon="6.90669">
    <ele>2132.73</ele>
   </trkpt>
   <trkpt lat="45.983450000000005" lon="6.90664">
    <ele>2132.61</ele>
   </trkpt>
   <trkpt lat="45.98339000000001" lon="6.906530000000001">
    <ele>2132.67</ele>
   </trkpt>
   <trkpt lat="45.98330000000001" lon="6.90652">
    <ele>2132.8500000000004</ele>
   </trkpt>
   <trkpt lat="45.98322" lon="6.906530000000001">
    <ele>2132.9900000000002</ele>
   </trkpt>
   <trkpt lat="45.983000000000004" lon="6.906420000000001">
    <ele>2132.8900000000003</ele>
   </trkpt>
   <trkpt lat="45.98293" lon="6.906420000000001">
    <ele>2132.4900000000002</ele>
   </trkpt>
   <trkpt lat="45.982800000000005" lon="6.90638">
    <ele>2132.21</ele>
   </trkpt>
   <trkpt lat="45.98266" lon="6.906420000000001">
    <ele>2131.82</ele>
   </trkpt>
   <trkpt lat="45.98245000000001" lon="6.90655">
    <ele>2129.07</ele>
   </trkpt>
   <trkpt lat="45.98236000000001" lon="6.90657">
    <ele>2125.56</ele>
   </trkpt>
   <trkpt lat="45.982290000000006" lon="6.9065">
    <ele>2125.56</ele>
   </trkpt>
   <trkpt lat="45.982240000000004" lon="6.9064000000000005">
    <ele>2120.53</ele>
   </trkpt>
   <trkpt lat="45.982200000000006" lon="6.90638">
    <ele>2120.53</ele>
   </trkpt>
   <trkpt lat="45.982110000000006" lon="6.90627">
    <ele>2116.0400000000004</ele>
   </trkpt>
   <trkpt lat="45.98209000000001" lon="6.906130000000001">
    <ele>2114.8900000000003</ele>
   </trkpt>
   <trkpt lat="45.982060000000004" lon="6.9061200000000005">
    <ele>2113.6700000000005</ele>
   </trkpt>
   <trkpt lat="45.982040000000005" lon="6.906090000000001">
    <ele>2113.6700000000005</ele>
   </trkpt>
   <trkpt lat="45.98203" lon="6.90615">
    <ele>2113.6700000000005</ele>
   </trkpt>
   <trkpt lat="45.981950000000005" lon="6.906020000000001">
    <ele>2108.65</ele>
   </trkpt>
   <trkpt lat="45.9819" lon="6.906020000000001">
    <ele>2106.3900000000003</ele>
   </trkpt>
   <trkpt lat="45.98181" lon="6.90589">
    <ele>2104.44</ele>
   </trkpt>
   <trkpt lat="45.981700000000004" lon="6.90554">
    <ele>2102.6800000000003</ele>
   </trkpt>
   <trkpt lat="45.98165" lon="6.90554">
    <ele>2102.4100000000003</ele>
   </trkpt>
   <trkpt lat="45.98163" lon="6.905450000000001">
    <ele>2101.14</ele>
   </trkpt>
   <trkpt lat="45.98161" lon="6.905460000000001">
    <ele>2101.14</ele>
   </trkpt>
   <trkpt lat="45.981590000000004" lon="6.90535">
    <ele>2099.07</ele>
   </trkpt>
   <trkpt lat="45.981570000000005" lon="6.90535">
    <ele>2099.07</ele>
   </trkpt>
   <trkpt lat="45.98156" lon="6.905380000000001">
    <ele>2099.07</ele>
   </trkpt>
   <trkpt lat="45.98154" lon="6.905360000000001">
    <ele>2099.07</ele>
   </trkpt>
   <trkpt lat="45.981570000000005" lon="6.90523">
    <ele>2095.42</ele>
   </trkpt>
   <trkpt lat="45.98156" lon="6.905200000000001">
    <ele>2095.42</ele>
   </trkpt>
   <trkpt lat="45.981500000000004" lon="6.90521">
    <ele>2092.9</ele>
   </trkpt>
   <trkpt lat="45.98153000000001" lon="6.9051100000000005">
    <ele>2092.9</ele>
   </trkpt>
   <trkpt lat="45.98151000000001" lon="6.905100000000001">
    <ele>2087.69</ele>
   </trkpt>
   <trkpt lat="45.98142000000001" lon="6.9051800000000005">
    <ele>2087.69</ele>
   </trkpt>
   <trkpt lat="45.9814" lon="6.905170000000001">
    <ele>2087.69</ele>
   </trkpt>
   <trkpt lat="45.981410000000004" lon="6.90505">
    <ele>2082.61</ele>
   </trkpt>
   <trkpt lat="45.98136" lon="6.904870000000001">
    <ele>2079.05</ele>
   </trkpt>
   <trkpt lat="45.981280000000005" lon="6.904820000000001">
    <ele>2079.05</ele>
   </trkpt>
   <trkpt lat="45.981260000000006" lon="6.90479">
    <ele>2076.42</ele>
   </trkpt>
   <trkpt lat="45.98125" lon="6.904680000000001">
    <ele>2076.42</ele>
   </trkpt>
   <trkpt lat="45.98122" lon="6.90467">
    <ele>2075.5000000000005</ele>
   </trkpt>
   <trkpt lat="45.98115000000001" lon="6.904680000000001">
    <ele>2074.46</ele>
   </trkpt>
   <trkpt lat="45.98102" lon="6.904470000000001">
    <ele>2068.84</ele>
   </trkpt>
   <trkpt lat="45.98096" lon="6.90446">
    <ele>2068.84</ele>
   </trkpt>
   <trkpt lat="45.98087" lon="6.90453">
    <ele>2066.26</ele>
   </trkpt>
   <trkpt lat="45.98073" lon="6.904490000000001">
    <ele>2062.59</ele>
   </trkpt>
   <trkpt lat="45.98062" lon="6.904490000000001">
    <ele>2060.59</ele>
   </trkpt>
   <trkpt lat="45.98058" lon="6.90451">
    <ele>2059.48</ele>
   </trkpt>
   <trkpt lat="45.98049" lon="6.904630000000001">
    <ele>2055.4100000000003</ele>
   </trkpt>
   <trkpt lat="45.980450000000005" lon="6.90462">
    <ele>2055.4100000000003</ele>
   </trkpt>
   <trkpt lat="45.9804" lon="6.90455">
    <ele>2052.21</ele>
   </trkpt>
   <trkpt lat="45.98037" lon="6.904240000000001">
    <ele>2046.02</ele>
   </trkpt>
   <trkpt lat="45.980340000000005" lon="6.904260000000001">
    <ele>2043.24</ele>
   </trkpt>
   <trkpt lat="45.98033" lon="6.904280000000001">
    <ele>2043.24</ele>
   </trkpt>
   <trkpt lat="45.98031" lon="6.904260000000001">
    <ele>2043.24</ele>
   </trkpt>
   <trkpt lat="45.98024" lon="6.904280000000001">
    <ele>2037.4700000000003</ele>
   </trkpt>
   <trkpt lat="45.980180000000004" lon="6.904190000000001">
    <ele>2037.4700000000003</ele>
   </trkpt>
   <trkpt lat="45.98019" lon="6.904100000000001">
    <ele>2034.0000000000002</ele>
   </trkpt>
   <trkpt lat="45.98024" lon="6.904020000000001">
    <ele>2032.91</ele>
   </trkpt>
   <trkpt lat="45.980270000000004" lon="6.903840000000001">
    <ele>2030.45</ele>
   </trkpt>
   <trkpt lat="45.980270000000004" lon="6.90364">
    <ele>2029.01</ele>
   </trkpt>
   <trkpt lat="45.980230000000006" lon="6.903530000000001">
    <ele>2028.2</ele>
   </trkpt>
   <trkpt lat="45.980030000000006" lon="6.90352">
    <ele>2023.0</ele>
   </trkpt>
   <trkpt lat="45.979960000000005" lon="6.903480000000001">
    <ele>2021.3700000000001</ele>
   </trkpt>
   <trkpt lat="45.97984" lon="6.90352">
    <ele>2019.93</ele>
   </trkpt>
   <trkpt lat="45.979710000000004" lon="6.903490000000001">
    <ele>2017.4000000000003</ele>
   </trkpt>
   <trkpt lat="45.97943" lon="6.903550000000001">
    <ele>2014.0200000000004</ele>
   </trkpt>
   <trkpt lat="45.979310000000005" lon="6.903620000000001">
    <ele>2011.0300000000002</ele>
   </trkpt>
   <trkpt lat="45.979110000000006" lon="6.9036100000000005">
    <ele>2009.03</ele>
   </trkpt>
   <trkpt lat="45.979040000000005" lon="6.903550000000001">
    <ele>2007.52</ele>
   </trkpt>
   <trkpt lat="45.978930000000005" lon="6.903370000000001">
    <ele>2004.1800000000003</ele>
   </trkpt>
   <trkpt lat="45.978790000000004" lon="6.903060000000001">
    <ele>2000.5800000000002</ele>
   </trkpt>
   <trkpt lat="45.97876" lon="6.902880000000001">
    <ele>1998.28</ele>
   </trkpt>
   <trkpt lat="45.978680000000004" lon="6.90265">
    <ele>1996.3800000000003</ele>
   </trkpt>
   <trkpt lat="45.978680000000004" lon="6.9023900000000005">
    <ele>1994.3500000000001</ele>
   </trkpt>
   <trkpt lat="45.97874" lon="6.902240000000001">
    <ele>1992.8500000000001</ele>
   </trkpt>
   <trkpt lat="45.978750000000005" lon="6.90204">
    <ele>1988.8100000000002</ele>
   </trkpt>
   <trkpt lat="45.9787" lon="6.901890000000001">
    <ele>1986.5400000000002</ele>
   </trkpt>
   <trkpt lat="45.978530000000006" lon="6.90115">
    <ele>1977.6100000000001</ele>
   </trkpt>
   <trkpt lat="45.978410000000004" lon="6.90087">
    <ele>1975.41</ele>
   </trkpt>
   <trkpt lat="45.97831" lon="6.900180000000001">
    <ele>1966.59</ele>
   </trkpt>
   <trkpt lat="45.978060000000006" lon="6.899830000000001">
    <ele>1961.1600000000003</ele>
   </trkpt>
   <trkpt lat="45.978030000000004" lon="6.89974">
    <ele>1960.95</ele>
   </trkpt>
   <trkpt lat="45.97786000000001" lon="6.89965">
    <ele>1959.99</ele>
   </trkpt>
   <trkpt lat="45.97782" lon="6.899610000000001">
    <ele>1959.8500000000001</ele>
   </trkpt>
   <trkpt lat="45.97775" lon="6.89939">
    <ele>1959.69</ele>
   </trkpt>
   <trkpt lat="45.977650000000004" lon="6.899310000000001">
    <ele>1959.5900000000001</ele>
   </trkpt>
   <trkpt lat="45.977590000000006" lon="6.899310000000001">
    <ele>1959.45</ele>
   </trkpt>
   <trkpt lat="45.977540000000005" lon="6.899260000000001">
    <ele>1958.6100000000001</ele>
   </trkpt>
   <trkpt lat="45.977470000000004" lon="6.89923">
    <ele>1957.78</ele>
   </trkpt>
   <trkpt lat="45.9774" lon="6.899260000000001">
    <ele>1956.6900000000003</ele>
   </trkpt>
   <trkpt lat="45.977320000000006" lon="6.89925">
    <ele>1953.0</ele>
   </trkpt>
   <trkpt lat="45.97706" lon="6.899100000000001">
    <ele>1950.9</ele>
   </trkpt>
   <trkpt lat="45.976960000000005" lon="6.89916">
    <ele>1951.4900000000002</ele>
   </trkpt>
   <trkpt lat="45.9769" lon="6.899140000000001">
    <ele>1951.7600000000002</ele>
   </trkpt>
   <trkpt lat="45.976820000000004" lon="6.89906">
    <ele>1951.8500000000001</ele>
   </trkpt>
   <trkpt lat="45.97663000000001" lon="6.89899">
    <ele>1951.96</ele>
   </trkpt>
   <trkpt lat="45.97634" lon="6.89885">
    <ele>1952.6900000000003</ele>
   </trkpt>
   <trkpt lat="45.97614" lon="6.8988000000000005">
    <ele>1951.9</ele>
   </trkpt>
   <trkpt lat="45.97592" lon="6.89878">
    <ele>1950.5700000000002</ele>
   </trkpt>
   <trkpt lat="45.975550000000005" lon="6.898670000000001">
    <ele>1949.0900000000001</ele>
   </trkpt>
   <trkpt lat="45.975280000000005" lon="6.8985">
    <ele>1943.7300000000002</ele>
   </trkpt>
   <trkpt lat="45.975170000000006" lon="6.898490000000001">
    <ele>1942.29</ele>
   </trkpt>
   <trkpt lat="45.97513000000001" lon="6.89845">
    <ele>1941.7400000000002</ele>
   </trkpt>
   <trkpt lat="45.975060000000006" lon="6.89845">
    <ele>1940.97</ele>
   </trkpt>
   <trkpt lat="45.97498" lon="6.89841">
    <ele>1940.44</ele>
   </trkpt>
   <trkpt lat="45.97487" lon="6.898390000000001">
    <ele>1939.88</ele>
   </trkpt>
   <trkpt lat="45.974830000000004" lon="6.89824">
    <ele>1939.4</ele>
   </trkpt>
   <trkpt lat="45.97477000000001" lon="6.8981900000000005">
    <ele>1939.0300000000002</ele>
   </trkpt>
   <trkpt lat="45.974700000000006" lon="6.898180000000001">
    <ele>1938.5900000000001</ele>
   </trkpt>
   <trkpt lat="45.97466000000001" lon="6.89808">
    <ele>1937.16</ele>
   </trkpt>
   <trkpt lat="45.97433" lon="6.89782">
    <ele>1937.8700000000001</ele>
   </trkpt>
   <trkpt lat="45.97424" lon="6.897780000000001">
    <ele>1937.8700000000001</ele>
   </trkpt>
   <trkpt lat="45.97404" lon="6.89777">
    <ele>1940.41</ele>
   </trkpt>
   <trkpt lat="45.973960000000005" lon="6.8977200000000005">
    <ele>1941.0900000000001</ele>
   </trkpt>
   <trkpt lat="45.973870000000005" lon="6.89775">
    <ele>1943.18</ele>
   </trkpt>
   <trkpt lat="45.97374000000001" lon="6.89784">
    <ele>1945.0</ele>
   </trkpt>
   <trkpt lat="45.97361" lon="6.89789">
    <ele>1946.16</ele>
   </trkpt>
   <trkpt lat="45.973420000000004" lon="6.89775">
    <ele>1951.3600000000001</ele>
   </trkpt>
   <trkpt lat="45.9733" lon="6.89782">
    <ele>1953.42</ele>
   </trkpt>
   <trkpt lat="45.97326" lon="6.897880000000001">
    <ele>1954.97</ele>
   </trkpt>
   <trkpt lat="45.97296" lon="6.8978600000000005">
    <ele>1957.45</ele>
   </trkpt>
   <trkpt lat="45.97289000000001" lon="6.89782">
    <ele>1957.5700000000002</ele>
   </trkpt>
   <trkpt lat="45.97278000000001" lon="6.89754">
    <ele>1958.16</ele>
   </trkpt>
   <trkpt lat="45.972620000000006" lon="6.897430000000001">
    <ele>1957.8500000000001</ele>
   </trkpt>
   <trkpt lat="45.97260000000001" lon="6.897290000000001">
    <ele>1957.8700000000001</ele>
   </trkpt>
   <trkpt lat="45.97245" lon="6.897010000000001">
    <ele>1957.6200000000001</ele>
   </trkpt>
   <trkpt lat="45.972190000000005" lon="6.89672">
    <ele>1954.2400000000002</ele>
   </trkpt>
   <trkpt lat="45.97195000000001" lon="6.896540000000001">
    <ele>1953.2300000000002</ele>
   </trkpt>
   <trkpt lat="45.971810000000005" lon="6.8962900000000005">
    <ele>1952.94</ele>
   </trkpt>
   <trkpt lat="45.971630000000005" lon="6.89611">
    <ele>1953.4600000000003</ele>
   </trkpt>
   <trkpt lat="45.971520000000005" lon="6.8960300000000005">
    <ele>1953.8000000000002</ele>
   </trkpt>
   <trkpt lat="45.97146" lon="6.895950000000001">
    <ele>1953.99</ele>
   </trkpt>
   <trkpt lat="45.9714" lon="6.89573">
    <ele>1954.8600000000001</ele>
   </trkpt>
   <trkpt lat="45.97131" lon="6.895670000000001">
    <ele>1955.3700000000001</ele>
   </trkpt>
   <trkpt lat="45.971210000000006" lon="6.89552">
    <ele>1956.0900000000001</ele>
   </trkpt>
   <trkpt lat="45.97110000000001" lon="6.8954">
    <ele>1956.6000000000001</ele>
   </trkpt>
   <trkpt lat="45.97101000000001" lon="6.895340000000001">
    <ele>1956.6000000000001</ele>
   </trkpt>
   <trkpt lat="45.97093" lon="6.895230000000001">
    <ele>1957.2300000000002</ele>
   </trkpt>
   <trkpt lat="45.97084" lon="6.89517">
    <ele>1957.3400000000001</ele>
   </trkpt>
   <trkpt lat="45.9707" lon="6.894990000000001">
    <ele>1957.6200000000001</ele>
   </trkpt>
   <trkpt lat="45.970490000000005" lon="6.89491">
    <ele>1957.38</ele>
   </trkpt>
   <trkpt lat="45.970420000000004" lon="6.894850000000001">
    <ele>1956.32</ele>
   </trkpt>
   <trkpt lat="45.970310000000005" lon="6.89482">
    <ele>1955.8000000000002</ele>
   </trkpt>
   <trkpt lat="45.97021" lon="6.8947400000000005">
    <ele>1955.3400000000001</ele>
   </trkpt>
   <trkpt lat="45.97005" lon="6.894570000000001">
    <ele>1954.88</ele>
   </trkpt>
   <trkpt lat="45.96999" lon="6.894470000000001">
    <ele>1954.71</ele>
   </trkpt>
   <trkpt lat="45.96992" lon="6.894400000000001">
    <ele>1954.0800000000002</ele>
   </trkpt>
   <trkpt lat="45.96974" lon="6.894340000000001">
    <ele>1951.38</ele>
   </trkpt>
   <trkpt lat="45.969660000000005" lon="6.894290000000001">
    <ele>1949.4700000000003</ele>
   </trkpt>
   <trkpt lat="45.96956" lon="6.894270000000001">
    <ele>1947.25</ele>
   </trkpt>
   <trkpt lat="45.969350000000006" lon="6.894100000000001">
    <ele>1937.0300000000002</ele>
   </trkpt>
   <trkpt lat="45.96929" lon="6.8939900000000005">
    <ele>1937.0300000000002</ele>
   </trkpt>
   <trkpt lat="45.969210000000004" lon="6.89404">
    <ele>1937.0300000000002</ele>
   </trkpt>
   <trkpt lat="45.96916" lon="6.893790000000001">
    <ele>1928.7600000000002</ele>
   </trkpt>
   <trkpt lat="45.969190000000005" lon="6.89306">
    <ele>1918.6600000000003</ele>
   </trkpt>
   <trkpt lat="45.969170000000005" lon="6.893040000000001">
    <ele>1918.6600000000003</ele>
   </trkpt>
   <trkpt lat="45.96913000000001" lon="6.8931000000000004">
    <ele>1914.2700000000002</ele>
   </trkpt>
   <trkpt lat="45.969100000000005" lon="6.8931000000000004">
    <ele>1914.2700000000002</ele>
   </trkpt>
   <trkpt lat="45.969060000000006" lon="6.893180000000001">
    <ele>1911.9</ele>
   </trkpt>
   <trkpt lat="45.96905" lon="6.89308">
    <ele>1911.9</ele>
   </trkpt>
   <trkpt lat="45.969" lon="6.893020000000001">
    <ele>1908.18</ele>
   </trkpt>
   <trkpt lat="45.969" lon="6.8929100000000005">
    <ele>1907.0200000000002</ele>
   </trkpt>
   <trkpt lat="45.96898" lon="6.892810000000001">
    <ele>1905.0300000000002</ele>
   </trkpt>
   <trkpt lat="45.96887" lon="6.89261">
    <ele>1902.1200000000001</ele>
   </trkpt>
   <trkpt lat="45.968740000000004" lon="6.89231">
    <ele>1898.39</ele>
   </trkpt>
   <trkpt lat="45.968700000000005" lon="6.892270000000001">
    <ele>1897.75</ele>
   </trkpt>
   <trkpt lat="45.968610000000005" lon="6.892290000000001">
    <ele>1896.8000000000002</ele>
   </trkpt>
   <trkpt lat="45.96824" lon="6.892110000000001">
    <ele>1892.48</ele>
   </trkpt>
   <trkpt lat="45.968" lon="6.8920900000000005">
    <ele>1888.15</ele>
   </trkpt>
   <trkpt lat="45.967890000000004" lon="6.892040000000001">
    <ele>1886.5600000000002</ele>
   </trkpt>
   <trkpt lat="45.96782" lon="6.891970000000001">
    <ele>1886.5600000000002</ele>
   </trkpt>
   <trkpt lat="45.967710000000004" lon="6.891940000000001">
    <ele>1884.91</ele>
   </trkpt>
   <trkpt lat="45.967670000000005" lon="6.891890000000001">
    <ele>1884.0400000000002</ele>
   </trkpt>
   <trkpt lat="45.96759" lon="6.891850000000001">
    <ele>1883.5700000000002</ele>
   </trkpt>
   <trkpt lat="45.96754000000001" lon="6.89174">
    <ele>1882.44</ele>
   </trkpt>
   <trkpt lat="45.967530000000004" lon="6.891640000000001">
    <ele>1880.9700000000003</ele>
   </trkpt>
   <trkpt lat="45.96748" lon="6.891500000000001">
    <ele>1880.1100000000001</ele>
   </trkpt>
   <trkpt lat="45.967470000000006" lon="6.891400000000001">
    <ele>1877.39</ele>
   </trkpt>
   <trkpt lat="45.967420000000004" lon="6.891310000000001">
    <ele>1875.79</ele>
   </trkpt>
   <trkpt lat="45.96737" lon="6.89125">
    <ele>1875.0900000000001</ele>
   </trkpt>
   <trkpt lat="45.967310000000005" lon="6.89125">
    <ele>1874.45</ele>
   </trkpt>
   <trkpt lat="45.967130000000004" lon="6.89111">
    <ele>1871.2100000000003</ele>
   </trkpt>
   <trkpt lat="45.96696" lon="6.890860000000001">
    <ele>1868.8700000000001</ele>
   </trkpt>
   <trkpt lat="45.96687000000001" lon="6.890820000000001">
    <ele>1868.84</ele>
   </trkpt>
   <trkpt lat="45.966770000000004" lon="6.890670000000001">
    <ele>1868.3500000000001</ele>
   </trkpt>
   <trkpt lat="45.96667" lon="6.89041">
    <ele>1868.65</ele>
   </trkpt>
   <trkpt lat="45.966550000000005" lon="6.8903300000000005">
    <ele>1868.8600000000001</ele>
   </trkpt>
   <trkpt lat="45.96652" lon="6.890130000000001">
    <ele>1867.8000000000002</ele>
   </trkpt>
   <trkpt lat="45.96638" lon="6.890110000000001">
    <ele>1866.39</ele>
   </trkpt>
   <trkpt lat="45.965900000000005" lon="6.8897">
    <ele>1860.47</ele>
   </trkpt>
   <trkpt lat="45.96576" lon="6.889660000000001">
    <ele>1858.89</ele>
   </trkpt>
   <trkpt lat="45.965590000000006" lon="6.8895100000000005">
    <ele>1857.52</ele>
   </trkpt>
   <trkpt lat="45.965540000000004" lon="6.88937">
    <ele>1856.72</ele>
   </trkpt>
   <trkpt lat="45.96533" lon="6.889380000000001">
    <ele>1855.6200000000001</ele>
   </trkpt>
   <trkpt lat="45.9652" lon="6.889310000000001">
    <ele>1854.9400000000003</ele>
   </trkpt>
   <trkpt lat="45.965120000000006" lon="6.889200000000001">
    <ele>1853.0400000000002</ele>
   </trkpt>
   <trkpt lat="45.965050000000005" lon="6.88916">
    <ele>1853.0400000000002</ele>
   </trkpt>
   <trkpt lat="45.964960000000005" lon="6.88914">
    <ele>1852.41</ele>
   </trkpt>
   <trkpt lat="45.964710000000004" lon="6.88862">
    <ele>1853.6200000000001</ele>
   </trkpt>
   <trkpt lat="45.964620000000004" lon="6.888590000000001">
    <ele>1854.4</ele>
   </trkpt>
   <trkpt lat="45.96455" lon="6.88848">
    <ele>1855.46</ele>
   </trkpt>
   <trkpt lat="45.964360000000006" lon="6.888260000000001">
    <ele>1859.1200000000001</ele>
   </trkpt>
   <trkpt lat="45.96423" lon="6.888170000000001">
    <ele>1861.97</ele>
   </trkpt>
   <trkpt lat="45.96416000000001" lon="6.8881000000000006">
    <ele>1864.71</ele>
   </trkpt>
   <trkpt lat="45.96394" lon="6.887580000000001">
    <ele>1863.08</ele>
   </trkpt>
   <trkpt lat="45.963800000000006" lon="6.887460000000001">
    <ele>1859.7200000000003</ele>
   </trkpt>
   <trkpt lat="45.96360000000001" lon="6.887340000000001">
    <ele>1856.4</ele>
   </trkpt>
   <trkpt lat="45.96334" lon="6.8871">
    <ele>1853.8400000000001</ele>
   </trkpt>
   <trkpt lat="45.96296" lon="6.88691">
    <ele>1851.8900000000003</ele>
   </trkpt>
   <trkpt lat="45.96285" lon="6.886880000000001">
    <ele>1850.03</ele>
   </trkpt>
   <trkpt lat="45.96273" lon="6.886880000000001">
    <ele>1849.25</ele>
   </trkpt>
   <trkpt lat="45.96257000000001" lon="6.88691">
    <ele>1848.0500000000002</ele>
   </trkpt>
   <trkpt lat="45.962340000000005" lon="6.8870000000000005">
    <ele>1847.8500000000001</ele>
   </trkpt>
   <trkpt lat="45.962140000000005" lon="6.887160000000001">
    <ele>1852.6700000000003</ele>
   </trkpt>
   <trkpt lat="45.961980000000004" lon="6.887440000000001">
    <ele>1855.5900000000001</ele>
   </trkpt>
   <trkpt lat="45.96175" lon="6.88797">
    <ele>1853.65</ele>
   </trkpt>
   <trkpt lat="45.96163000000001" lon="6.887880000000001">
    <ele>1853.15</ele>
   </trkpt>
   <trkpt lat="45.961450000000006" lon="6.88778">
    <ele>1852.91</ele>
   </trkpt>
   <trkpt lat="45.96135" lon="6.8877500000000005">
    <ele>1852.3100000000002</ele>
   </trkpt>
   <trkpt lat="45.96116000000001" lon="6.887810000000001">
    <ele>1851.88</ele>
   </trkpt>
   <trkpt lat="45.961020000000005" lon="6.887950000000001">
    <ele>1851.7800000000002</ele>
   </trkpt>
   <trkpt lat="45.96094" lon="6.88811">
    <ele>1852.0500000000002</ele>
   </trkpt>
   <trkpt lat="45.96081" lon="6.888190000000001">
    <ele>1853.0700000000002</ele>
   </trkpt>
   <trkpt lat="45.960660000000004" lon="6.888020000000001">
    <ele>1857.05</ele>
   </trkpt>
   <trkpt lat="45.960260000000005" lon="6.887650000000001">
    <ele>1868.8300000000002</ele>
   </trkpt>
   <trkpt lat="45.960210000000004" lon="6.88764">
    <ele>1868.8300000000002</ele>
   </trkpt>
   <trkpt lat="45.96002000000001" lon="6.88754">
    <ele>1874.1200000000001</ele>
   </trkpt>
   <trkpt lat="45.95993000000001" lon="6.887460000000001">
    <ele>1875.38</ele>
   </trkpt>
   <trkpt lat="45.95984000000001" lon="6.88731">
    <ele>1875.5600000000002</ele>
   </trkpt>
   <trkpt lat="45.95976" lon="6.88722">
    <ele>1874.7300000000002</ele>
   </trkpt>
   <trkpt lat="45.959740000000004" lon="6.887090000000001">
    <ele>1872.42</ele>
   </trkpt>
   <trkpt lat="45.95978" lon="6.886990000000001">
    <ele>1871.52</ele>
   </trkpt>
   <trkpt lat="45.959770000000006" lon="6.886970000000001">
    <ele>1870.4600000000003</ele>
   </trkpt>
   <trkpt lat="45.95973" lon="6.88696">
    <ele>1869.2600000000002</ele>
   </trkpt>
   <trkpt lat="45.959700000000005" lon="6.88665">
    <ele>1862.98</ele>
   </trkpt>
   <trkpt lat="45.95965" lon="6.886550000000001">
    <ele>1861.8100000000002</ele>
   </trkpt>
   <trkpt lat="45.95962" lon="6.886410000000001">
    <ele>1859.63</ele>
   </trkpt>
   <trkpt lat="45.95949" lon="6.886330000000001">
    <ele>1854.8200000000002</ele>
   </trkpt>
   <trkpt lat="45.959410000000005" lon="6.886190000000001">
    <ele>1852.93</ele>
   </trkpt>
   <trkpt lat="45.95926" lon="6.886030000000001">
    <ele>1850.64</ele>
   </trkpt>
   <trkpt lat="45.95893" lon="6.8855900000000005">
    <ele>1840.66</ele>
   </trkpt>
   <trkpt lat="45.95882" lon="6.885490000000001">
    <ele>1836.5200000000002</ele>
   </trkpt>
   <trkpt lat="45.958330000000004" lon="6.885250000000001">
    <ele>1825.3500000000001</ele>
   </trkpt>
   <trkpt lat="45.958200000000005" lon="6.88515">
    <ele>1823.22</ele>
   </trkpt>
   <trkpt lat="45.958090000000006" lon="6.88501">
    <ele>1818.0200000000002</ele>
   </trkpt>
   <trkpt lat="45.95756" lon="6.884100000000001">
    <ele>1800.63</ele>
   </trkpt>
   <trkpt lat="45.957100000000004" lon="6.88316">
    <ele>1785.8500000000001</ele>
   </trkpt>
   <trkpt lat="45.956770000000006" lon="6.8826600000000004">
    <ele>1770.0700000000002</ele>
   </trkpt>
   <trkpt lat="45.95664000000001" lon="6.882390000000001">
    <ele>1770.0700000000002</ele>
   </trkpt>
   <trkpt lat="45.95665" lon="6.88201">
    <ele>1763.4</ele>
   </trkpt>
   <trkpt lat="45.95676" lon="6.881590000000001">
    <ele>1757.65</ele>
   </trkpt>
   <trkpt lat="45.95671" lon="6.88119">
    <ele>1746.52</ele>
   </trkpt>
   <trkpt lat="45.956450000000004" lon="6.8818600000000005">
    <ele>1743.24</ele>
   </trkpt>
   <trkpt lat="45.95627" lon="6.882250000000001">
    <ele>1739.3</ele>
   </trkpt>
   <trkpt lat="45.95606" lon="6.88264">
    <ele>1736.5400000000002</ele>
   </trkpt>
   <trkpt lat="45.956" lon="6.8829400000000005">
    <ele>1732.5100000000002</ele>
   </trkpt>
   <trkpt lat="45.95606" lon="6.883680000000001">
    <ele>1726.05</ele>
   </trkpt>
   <trkpt lat="45.956210000000006" lon="6.884480000000001">
    <ele>1717.4</ele>
   </trkpt>
   <trkpt lat="45.95638" lon="6.88496">
    <ele>1713.4300000000003</ele>
   </trkpt>
   <trkpt lat="45.95644" lon="6.88536">
    <ele>1708.64</ele>
   </trkpt>
   <trkpt lat="45.95658" lon="6.885660000000001">
    <ele>1701.2900000000002</ele>
   </trkpt>
   <trkpt lat="45.95656" lon="6.885860000000001">
    <ele>1701.2900000000002</ele>
   </trkpt>
   <trkpt lat="45.95649" lon="6.886080000000001">
    <ele>1699.7300000000002</ele>
   </trkpt>
   <trkpt lat="45.9564" lon="6.885750000000001">
    <ele>1693.98</ele>
   </trkpt>
   <trkpt lat="45.95604" lon="6.885400000000001">
    <ele>1686.91</ele>
   </trkpt>
   <trkpt lat="45.955920000000006" lon="6.885140000000001">
    <ele>1683.16</ele>
   </trkpt>
   <trkpt lat="45.95588" lon="6.884930000000001">
    <ele>1680.7</ele>
   </trkpt>
   <trkpt lat="45.955850000000005" lon="6.885110000000001">
    <ele>1677.9100000000003</ele>
   </trkpt>
   <trkpt lat="45.95588" lon="6.885420000000001">
    <ele>1672.65</ele>
   </trkpt>
   <trkpt lat="45.956030000000005" lon="6.885610000000001">
    <ele>1667.82</ele>
   </trkpt>
   <trkpt lat="45.95593" lon="6.885610000000001">
    <ele>1665.92</ele>
   </trkpt>
   <trkpt lat="45.95581000000001" lon="6.8855200000000005">
    <ele>1663.18</ele>
   </trkpt>
   <trkpt lat="45.955600000000004" lon="6.885440000000001">
    <ele>1660.67</ele>
   </trkpt>
   <trkpt lat="45.955560000000006" lon="6.88536">
    <ele>1659.15</ele>
   </trkpt>
   <trkpt lat="45.95561000000001" lon="6.885160000000001">
    <ele>1654.12</ele>
   </trkpt>
   <trkpt lat="45.95561000000001" lon="6.885040000000001">
    <ele>1654.12</ele>
   </trkpt>
   <trkpt lat="45.955470000000005" lon="6.884600000000001">
    <ele>1648.7</ele>
   </trkpt>
   <trkpt lat="45.955450000000006" lon="6.884620000000001">
    <ele>1647.76</ele>
   </trkpt>
   <trkpt lat="45.955450000000006" lon="6.88503">
    <ele>1642.3700000000001</ele>
   </trkpt>
   <trkpt lat="45.955400000000004" lon="6.885160000000001">
    <ele>1638.46</ele>
   </trkpt>
   <trkpt lat="45.955330000000004" lon="6.88527">
    <ele>1637.5400000000002</ele>
   </trkpt>
   <trkpt lat="45.95535" lon="6.885000000000001">
    <ele>1634.92</ele>
   </trkpt>
   <trkpt lat="45.955330000000004" lon="6.88487">
    <ele>1631.2300000000002</ele>
   </trkpt>
   <trkpt lat="45.955200000000005" lon="6.8847000000000005">
    <ele>1629.5100000000002</ele>
   </trkpt>
   <trkpt lat="45.95499" lon="6.88431">
    <ele>1621.99</ele>
   </trkpt>
   <trkpt lat="45.954840000000004" lon="6.883920000000001">
    <ele>1615.0600000000002</ele>
   </trkpt>
   <trkpt lat="45.95483" lon="6.884530000000001">
    <ele>1609.93</ele>
   </trkpt>
   <trkpt lat="45.95497" lon="6.88487">
    <ele>1604.5</ele>
   </trkpt>
   <trkpt lat="45.95499" lon="6.885040000000001">
    <ele>1603.25</ele>
   </trkpt>
   <trkpt lat="45.954980000000006" lon="6.885510000000001">
    <ele>1598.3600000000001</ele>
   </trkpt>
   <trkpt lat="45.95501" lon="6.885930000000001">
    <ele>1592.69</ele>
   </trkpt>
   <trkpt lat="45.955000000000005" lon="6.88621">
    <ele>1589.41</ele>
   </trkpt>
   <trkpt lat="45.955000000000005" lon="6.886220000000001">
    <ele>1588.99</ele>
   </trkpt>
   <trkpt lat="45.954890000000006" lon="6.885870000000001">
    <ele>1582.5500000000002</ele>
   </trkpt>
   <trkpt lat="45.954710000000006" lon="6.885510000000001">
    <ele>1578.5900000000001</ele>
   </trkpt>
   <trkpt lat="45.95465" lon="6.88527">
    <ele>1574.23</ele>
   </trkpt>
   <trkpt lat="45.95458000000001" lon="6.88513">
    <ele>1571.8500000000001</ele>
   </trkpt>
   <trkpt lat="45.954420000000006" lon="6.8849800000000005">
    <ele>1568.44</ele>
   </trkpt>
   <trkpt lat="45.9543" lon="6.88482">
    <ele>1566.92</ele>
   </trkpt>
   <trkpt lat="45.954130000000006" lon="6.88442">
    <ele>1559.0300000000002</ele>
   </trkpt>
   <trkpt lat="45.95402000000001" lon="6.884270000000001">
    <ele>1557.3000000000002</ele>
   </trkpt>
   <trkpt lat="45.953880000000005" lon="6.884220000000001">
    <ele>1555.83</ele>
   </trkpt>
   <trkpt lat="45.95384000000001" lon="6.8840200000000005">
    <ele>1552.69</ele>
   </trkpt>
   <trkpt lat="45.9538" lon="6.88407">
    <ele>1551.5200000000002</ele>
   </trkpt>
   <trkpt lat="45.95374" lon="6.883970000000001">
    <ele>1547.65</ele>
   </trkpt>
   <trkpt lat="45.953720000000004" lon="6.88419">
    <ele>1546.43</ele>
   </trkpt>
   <trkpt lat="45.953680000000006" lon="6.8842300000000005">
    <ele>1541.83</ele>
   </trkpt>
   <trkpt lat="45.95362" lon="6.883970000000001">
    <ele>1538.22</ele>
   </trkpt>
   <trkpt lat="45.95358" lon="6.883960000000001">
    <ele>1535.49</ele>
   </trkpt>
   <trkpt lat="45.95349" lon="6.884110000000001">
    <ele>1532.95</ele>
   </trkpt>
   <trkpt lat="45.953500000000005" lon="6.884290000000001">
    <ele>1525.7600000000002</ele>
   </trkpt>
   <trkpt lat="45.953430000000004" lon="6.884200000000001">
    <ele>1525.7600000000002</ele>
   </trkpt>
   <trkpt lat="45.95338" lon="6.884030000000001">
    <ele>1525.7600000000002</ele>
   </trkpt>
   <trkpt lat="45.953340000000004" lon="6.88417">
    <ele>1519.6600000000003</ele>
   </trkpt>
   <trkpt lat="45.95326" lon="6.8839500000000005">
    <ele>1516.22</ele>
   </trkpt>
   <trkpt lat="45.953250000000004" lon="6.8840900000000005">
    <ele>1512.01</ele>
   </trkpt>
   <trkpt lat="45.95327" lon="6.88435">
    <ele>1507.2800000000002</ele>
   </trkpt>
   <trkpt lat="45.953210000000006" lon="6.88435">
    <ele>1507.2800000000002</ele>
   </trkpt>
   <trkpt lat="45.953210000000006" lon="6.88447">
    <ele>1506.0200000000002</ele>
   </trkpt>
   <trkpt lat="45.953140000000005" lon="6.884460000000001">
    <ele>1503.3400000000001</ele>
   </trkpt>
   <trkpt lat="45.953120000000006" lon="6.884620000000001">
    <ele>1503.3400000000001</ele>
   </trkpt>
   <trkpt lat="45.95304" lon="6.88475">
    <ele>1494.93</ele>
   </trkpt>
   <trkpt lat="45.953" lon="6.8849800000000005">
    <ele>1489.5200000000002</ele>
   </trkpt>
   <trkpt lat="45.95290000000001" lon="6.88482">
    <ele>1485.66</ele>
   </trkpt>
   <trkpt lat="45.9528" lon="6.884440000000001">
    <ele>1479.1100000000001</ele>
   </trkpt>
   <trkpt lat="45.952760000000005" lon="6.884720000000001">
    <ele>1473.9700000000003</ele>
   </trkpt>
   <trkpt lat="45.95266" lon="6.8845600000000005">
    <ele>1469.81</ele>
   </trkpt>
   <trkpt lat="45.95252000000001" lon="6.884440000000001">
    <ele>1462.08</ele>
   </trkpt>
   <trkpt lat="45.952490000000004" lon="6.88473">
    <ele>1458.0400000000002</ele>
   </trkpt>
   <trkpt lat="45.95241" lon="6.884740000000001">
    <ele>1458.0400000000002</ele>
   </trkpt>
   <trkpt lat="45.952360000000006" lon="6.8847000000000005">
    <ele>1450.8400000000001</ele>
   </trkpt>
   <trkpt lat="45.95223000000001" lon="6.884670000000001">
    <ele>1450.8400000000001</ele>
   </trkpt>
   <trkpt lat="45.952270000000006" lon="6.88485">
    <ele>1443.5500000000002</ele>
   </trkpt>
   <trkpt lat="45.95215" lon="6.88487">
    <ele>1440.93</ele>
   </trkpt>
   <trkpt lat="45.952070000000006" lon="6.88475">
    <ele>1437.89</ele>
   </trkpt>
   <trkpt lat="45.9521" lon="6.88454">
    <ele>1436.64</ele>
   </trkpt>
   <trkpt lat="45.952110000000005" lon="6.88421">
    <ele>1432.26</ele>
   </trkpt>
   <trkpt lat="45.95199" lon="6.884010000000001">
    <ele>1430.5500000000002</ele>
   </trkpt>
   <trkpt lat="45.95185" lon="6.883920000000001">
    <ele>1428.74</ele>
   </trkpt>
   <trkpt lat="45.951730000000005" lon="6.88372">
    <ele>1427.34</ele>
   </trkpt>
   <trkpt lat="45.951510000000006" lon="6.882720000000001">
    <ele>1419.54</ele>
   </trkpt>
   <trkpt lat="45.951550000000005" lon="6.88243">
    <ele>1417.6200000000001</ele>
   </trkpt>
   <trkpt lat="45.95149000000001" lon="6.88222">
    <ele>1415.88</ele>
   </trkpt>
   <trkpt lat="45.95145" lon="6.881690000000001">
    <ele>1411.7400000000002</ele>
   </trkpt>
   <trkpt lat="45.95134" lon="6.88149">
    <ele>1409.4</ele>
   </trkpt>
   <trkpt lat="45.951330000000006" lon="6.881340000000001">
    <ele>1405.85</ele>
   </trkpt>
   <trkpt lat="45.95129000000001" lon="6.88116">
    <ele>1403.8000000000002</ele>
   </trkpt>
   <trkpt lat="45.951280000000004" lon="6.8808300000000004">
    <ele>1401.45</ele>
   </trkpt>
   <trkpt lat="45.951220000000006" lon="6.880680000000001">
    <ele>1399.8400000000001</ele>
   </trkpt>
   <trkpt lat="45.95109" lon="6.88067">
    <ele>1398.43</ele>
   </trkpt>
   <trkpt lat="45.950660000000006" lon="6.88032">
    <ele>1394.0800000000002</ele>
   </trkpt>
   <trkpt lat="45.95037000000001" lon="6.880240000000001">
    <ele>1390.92</ele>
   </trkpt>
   <trkpt lat="45.95017000000001" lon="6.880310000000001">
    <ele>1388.8700000000001</ele>
   </trkpt>
   <trkpt lat="45.949850000000005" lon="6.880560000000001">
    <ele>1384.12</ele>
   </trkpt>
   <trkpt lat="45.949690000000004" lon="6.88062">
    <ele>1383.78</ele>
   </trkpt>
   <trkpt lat="45.94943000000001" lon="6.881010000000001">
    <ele>1381.0200000000002</ele>
   </trkpt>
   <trkpt lat="45.94917" lon="6.88112">
    <ele>1379.65</ele>
   </trkpt>
   <trkpt lat="45.948910000000005" lon="6.881030000000001">
    <ele>1377.2600000000002</ele>
   </trkpt>
   <trkpt lat="45.948570000000004" lon="6.880700000000001">
    <ele>1373.5700000000002</ele>
   </trkpt>
   <trkpt lat="45.948570000000004" lon="6.88053">
    <ele>1373.5700000000002</ele>
   </trkpt>
   <trkpt lat="45.94845" lon="6.88032">
    <ele>1370.5600000000002</ele>
   </trkpt>
   <trkpt lat="45.94802000000001" lon="6.88006">
    <ele>1366.5800000000002</ele>
   </trkpt>
   <trkpt lat="45.94793000000001" lon="6.87987">
    <ele>1363.7800000000002</ele>
   </trkpt>
   <trkpt lat="45.94776" lon="6.87959">
    <ele>1361.45</ele>
   </trkpt>
   <trkpt lat="45.94778" lon="6.879370000000001">
    <ele>1359.88</ele>
   </trkpt>
   <trkpt lat="45.94769" lon="6.87924">
    <ele>1358.8</ele>
   </trkpt>
   <trkpt lat="45.94746000000001" lon="6.879090000000001">
    <ele>1357.69</ele>
   </trkpt>
   <trkpt lat="45.94731" lon="6.878940000000001">
    <ele>1355.91</ele>
   </trkpt>
   <trkpt lat="45.947140000000005" lon="6.8788100000000005">
    <ele>1354.21</ele>
   </trkpt>
   <trkpt lat="45.94709" lon="6.8786000000000005">
    <ele>1352.39</ele>
   </trkpt>
   <trkpt lat="45.946600000000004" lon="6.87851">
    <ele>1348.6</ele>
   </trkpt>
   <trkpt lat="45.94655" lon="6.87828">
    <ele>1347.32</ele>
   </trkpt>
   <trkpt lat="45.946400000000004" lon="6.87821">
    <ele>1346.2</ele>
   </trkpt>
   <trkpt lat="45.946200000000005" lon="6.878010000000001">
    <ele>1344.21</ele>
   </trkpt>
   <trkpt lat="45.94615" lon="6.8779">
    <ele>1343.45</ele>
   </trkpt>
   <trkpt lat="45.9461" lon="6.877870000000001">
    <ele>1343.16</ele>
   </trkpt>
   <trkpt lat="45.94603" lon="6.877860000000001">
    <ele>1342.94</ele>
   </trkpt>
   <trkpt lat="45.94595" lon="6.877790000000001">
    <ele>1342.3700000000001</ele>
   </trkpt>
   <trkpt lat="45.94592" lon="6.87736">
    <ele>1339.6000000000001</ele>
   </trkpt>
   <trkpt lat="45.94583" lon="6.877110000000001">
    <ele>1337.3799999999999</ele>
   </trkpt>
   <trkpt lat="45.945730000000005" lon="6.8770500000000006">
    <ele>1335.93</ele>
   </trkpt>
   <trkpt lat="45.94558000000001" lon="6.87708">
    <ele>1333.45</ele>
   </trkpt>
   <trkpt lat="45.94538000000001" lon="6.8771">
    <ele>1331.8300000000002</ele>
   </trkpt>
   <trkpt lat="45.94534" lon="6.877090000000001">
    <ele>1331.8300000000002</ele>
   </trkpt>
   <trkpt lat="45.94525" lon="6.876950000000001">
    <ele>1325.67</ele>
   </trkpt>
   <trkpt lat="45.94520000000001" lon="6.8769100000000005">
    <ele>1325.67</ele>
   </trkpt>
   <trkpt lat="45.94516" lon="6.8769100000000005">
    <ele>1323.7500000000002</ele>
   </trkpt>
   <trkpt lat="45.945060000000005" lon="6.87699">
    <ele>1323.7500000000002</ele>
   </trkpt>
   <trkpt lat="45.944840000000006" lon="6.876880000000001">
    <ele>1319.69</ele>
   </trkpt>
   <trkpt lat="45.944750000000006" lon="6.8767700000000005">
    <ele>1311.0000000000002</ele>
   </trkpt>
   <trkpt lat="45.94462" lon="6.87668">
    <ele>1311.0000000000002</ele>
   </trkpt>
   <trkpt lat="45.94433" lon="6.8766300000000005">
    <ele>1305.08</ele>
   </trkpt>
   <trkpt lat="45.944030000000005" lon="6.876600000000001">
    <ele>1298.7600000000002</ele>
   </trkpt>
   <trkpt lat="45.94379000000001" lon="6.876430000000001">
    <ele>1289.63</ele>
   </trkpt>
   <trkpt lat="45.94339" lon="6.87607">
    <ele>1284.82</ele>
   </trkpt>
   <trkpt lat="45.94306" lon="6.8759500000000005">
    <ele>1273.94</ele>
   </trkpt>
   <trkpt lat="45.942820000000005" lon="6.875920000000001">
    <ele>1269.98</ele>
   </trkpt>
   <trkpt lat="45.942640000000004" lon="6.8758300000000006">
    <ele>1264.5300000000002</ele>
   </trkpt>
   <trkpt lat="45.942600000000006" lon="6.8757600000000005">
    <ele>1264.5300000000002</ele>
   </trkpt>
   <trkpt lat="45.94256" lon="6.875590000000001">
    <ele>1259.7500000000002</ele>
   </trkpt>
   <trkpt lat="45.94263" lon="6.875240000000001">
    <ele>1254.97</ele>
   </trkpt>
   <trkpt lat="45.94261" lon="6.875050000000001">
    <ele>1253.2</ele>
   </trkpt>
   <trkpt lat="45.942530000000005" lon="6.874930000000001">
    <ele>1249.74</ele>
   </trkpt>
   <trkpt lat="45.942420000000006" lon="6.874860000000001">
    <ele>1249.74</ele>
   </trkpt>
   <trkpt lat="45.942280000000004" lon="6.874860000000001">
    <ele>1241.64</ele>
   </trkpt>
   <trkpt lat="45.94200000000001" lon="6.8749400000000005">
    <ele>1239.8</ele>
   </trkpt>
   <trkpt lat="45.941790000000005" lon="6.87511">
    <ele>1232.92</ele>
   </trkpt>
   <trkpt lat="45.94163" lon="6.875170000000001">
    <ele>1229.1000000000001</ele>
   </trkpt>
   <trkpt lat="45.941500000000005" lon="6.8751500000000005">
    <ele>1227.0800000000002</ele>
   </trkpt>
   <trkpt lat="45.941280000000006" lon="6.875050000000001">
    <ele>1222.96</ele>
   </trkpt>
   <trkpt lat="45.94109" lon="6.874890000000001">
    <ele>1218.39</ele>
   </trkpt>
   <trkpt lat="45.940900000000006" lon="6.874670000000001">
    <ele>1213.7900000000002</ele>
   </trkpt>
   <trkpt lat="45.94041000000001" lon="6.87429">
    <ele>1204.75</ele>
   </trkpt>
   <trkpt lat="45.940020000000004" lon="6.874070000000001">
    <ele>1203.69</ele>
   </trkpt>
   <trkpt lat="45.939350000000005" lon="6.87321">
    <ele>1204.13</ele>
   </trkpt>
   <trkpt lat="45.93900000000001" lon="6.872700000000001">
    <ele>1204.5</ele>
   </trkpt>
   <trkpt lat="45.93869" lon="6.872380000000001">
    <ele>1199.91</ele>
   </trkpt>
   <trkpt lat="45.93844000000001" lon="6.872070000000001">
    <ele>1196.05</ele>
   </trkpt>
   <trkpt lat="45.937920000000005" lon="6.871860000000001">
    <ele>1188.3000000000002</ele>
   </trkpt>
   <trkpt lat="45.93769" lon="6.871910000000001">
    <ele>1186.4</ele>
   </trkpt>
   <trkpt lat="45.937540000000006" lon="6.87206">
    <ele>1183.3100000000002</ele>
   </trkpt>
   <trkpt lat="45.937490000000004" lon="6.872090000000001">
    <ele>1182.11</ele>
   </trkpt>
   <trkpt lat="45.937400000000004" lon="6.8721000000000005">
    <ele>1180.83</ele>
   </trkpt>
   <trkpt lat="45.937200000000004" lon="6.872070000000001">
    <ele>1175.34</ele>
   </trkpt>
   <trkpt lat="45.937180000000005" lon="6.87208">
    <ele>1175.34</ele>
   </trkpt>
   <trkpt lat="45.93717" lon="6.872120000000001">
    <ele>1175.34</ele>
   </trkpt>
   <trkpt lat="45.937250000000006" lon="6.872260000000001">
    <ele>1175.34</ele>
   </trkpt>
   <trkpt lat="45.937520000000006" lon="6.872520000000001">
    <ele>1168.62</ele>
   </trkpt>
   <trkpt lat="45.93753" lon="6.872630000000001">
    <ele>1168.62</ele>
   </trkpt>
   <trkpt lat="45.93748" lon="6.87267">
    <ele>1167.25</ele>
   </trkpt>
   <trkpt lat="45.937070000000006" lon="6.87272">
    <ele>1160.38</ele>
   </trkpt>
   <trkpt lat="45.93661" lon="6.872610000000001">
    <ele>1154.05</ele>
   </trkpt>
   <trkpt lat="45.936150000000005" lon="6.87218">
    <ele>1146.3300000000002</ele>
   </trkpt>
   <trkpt lat="45.93578" lon="6.871690000000001">
    <ele>1139.9</ele>
   </trkpt>
   <trkpt lat="45.93545" lon="6.8715">
    <ele>1136.16</ele>
   </trkpt>
   <trkpt lat="45.934740000000005" lon="6.870990000000001">
    <ele>1128.98</ele>
   </trkpt>
   <trkpt lat="45.93457" lon="6.87089">
    <ele>1127.5300000000002</ele>
   </trkpt>
   <trkpt lat="45.934290000000004" lon="6.870760000000001">
    <ele>1125.68</ele>
   </trkpt>
   <trkpt lat="45.93363" lon="6.870760000000001">
    <ele>1121.8300000000002</ele>
   </trkpt>
   <trkpt lat="45.93321" lon="6.8708100000000005">
    <ele>1119.6000000000001</ele>
   </trkpt>
   <trkpt lat="45.93244499990605" lon="6.870825000208765">
    <ele>1105.3200000000002</ele>
   </trkpt>
   <trkpt lat="45.93168000000001" lon="6.87084">
    <ele>1091.7400000000002</ele>
   </trkpt>
   <trkpt lat="45.93150000000001" lon="6.87089">
    <ele>1086.51</ele>
   </trkpt>
   <trkpt lat="45.931360000000005" lon="6.870900000000001">
    <ele>1082.91</ele>
   </trkpt>
   <trkpt lat="45.9313" lon="6.870920000000001">
    <ele>1082.91</ele>
   </trkpt>
   <trkpt lat="45.93113" lon="6.87091">
    <ele>1078.84</ele>
   </trkpt>
   <trkpt lat="45.93104" lon="6.87082">
    <ele>1076.8500000000001</ele>
   </trkpt>
   <trkpt lat="45.930980000000005" lon="6.8708100000000005">
    <ele>1076.27</ele>
   </trkpt>
   <trkpt lat="45.931050000000006" lon="6.871">
    <ele>1074.8300000000002</ele>
   </trkpt>
   <trkpt lat="45.93117" lon="6.87117">
    <ele>1073.5</ele>
   </trkpt>
   <trkpt lat="45.931180000000005" lon="6.8713500000000005">
    <ele>1073.02</ele>
   </trkpt>
   <trkpt lat="45.931250000000006" lon="6.87147">
    <ele>1072.0</ele>
   </trkpt>
   <trkpt lat="45.93112000000001" lon="6.871460000000001">
    <ele>1070.14</ele>
   </trkpt>
   <trkpt lat="45.931020000000004" lon="6.871390000000001">
    <ele>1070.14</ele>
   </trkpt>
   <trkpt lat="45.930980000000005" lon="6.871410000000001">
    <ele>1068.3400000000001</ele>
   </trkpt>
   <trkpt lat="45.93094000000001" lon="6.87159">
    <ele>1064.3500000000001</ele>
   </trkpt>
   <trkpt lat="45.93086" lon="6.87173">
    <ele>1063.63</ele>
   </trkpt>
   <trkpt lat="45.93081" lon="6.8718">
    <ele>1060.78</ele>
   </trkpt>
   <trkpt lat="45.930780000000006" lon="6.87211">
    <ele>1057.6000000000001</ele>
   </trkpt>
   <trkpt lat="45.930730000000004" lon="6.872240000000001">
    <ele>1055.2</ele>
   </trkpt>
   <trkpt lat="45.93075" lon="6.87232">
    <ele>1054.3700000000001</ele>
   </trkpt>
   <trkpt lat="45.930800000000005" lon="6.87241">
    <ele>1054.01</ele>
   </trkpt>
   <trkpt lat="45.930800000000005" lon="6.872470000000001">
    <ele>1053.71</ele>
   </trkpt>
   <trkpt lat="45.93074000000001" lon="6.8726">
    <ele>1053.2400000000002</ele>
   </trkpt>
   <trkpt lat="45.93059" lon="6.872540000000001">
    <ele>1052.06</ele>
   </trkpt>
   <trkpt lat="45.930170000000004" lon="6.872300000000001">
    <ele>1047.8100000000002</ele>
   </trkpt>
   <trkpt lat="45.930060000000005" lon="6.872230000000001">
    <ele>1046.8300000000002</ele>
   </trkpt>
   <trkpt lat="45.92974" lon="6.872170000000001">
    <ele>1046.3500000000001</ele>
   </trkpt>
   <trkpt lat="45.92967" lon="6.872310000000001">
    <ele>1046.22</ele>
   </trkpt>
   <trkpt lat="45.92962000000001" lon="6.8726400000000005">
    <ele>1045.59</ele>
   </trkpt>
   <trkpt lat="45.92906000000001" lon="6.87251">
    <ele>1044.06</ele>
   </trkpt>
   <trkpt lat="45.92898" lon="6.872440000000001">
    <ele>1044.06</ele>
   </trkpt>
   <trkpt lat="45.928740000000005" lon="6.872400000000001">
    <ele>1043.68</ele>
   </trkpt>
   <trkpt lat="45.92853" lon="6.87234">
    <ele>1043.68</ele>
   </trkpt>
   <trkpt lat="45.927910000000004" lon="6.872050000000001">
    <ele>1043.19</ele>
   </trkpt>
   <trkpt lat="45.92772" lon="6.872000000000001">
    <ele>1043.4</ele>
   </trkpt>
   <trkpt lat="45.92696500017272" lon="6.871774996923282">
    <ele>1041.7500000000002</ele>
   </trkpt>
   <trkpt lat="45.926210000000005" lon="6.871550000000001">
    <ele>1041.46</ele>
   </trkpt>
   <trkpt lat="45.92577000000001" lon="6.871440000000001">
    <ele>1041.32</ele>
   </trkpt>
   <trkpt lat="45.92573" lon="6.871440000000001">
    <ele>1041.32</ele>
   </trkpt>
   <trkpt lat="45.925610000000006" lon="6.8714900000000005">
    <ele>1041.23</ele>
   </trkpt>
   <trkpt lat="45.925540000000005" lon="6.8714900000000005">
    <ele>1041.2100000000003</ele>
   </trkpt>
   <trkpt lat="45.92539000000001" lon="6.87136">
    <ele>1041.5</ele>
   </trkpt>
   <trkpt lat="45.92502" lon="6.871200000000001">
    <ele>1041.9900000000002</ele>
   </trkpt>
   <trkpt lat="45.924980000000005" lon="6.87138">
    <ele>1041.72</ele>
   </trkpt>
  </trkseg>
 </trk>
</gpx>