<?xml version='1.0' encoding='utf-8'?>
<gpx xmlns="http://www.topografix.com/GPX/1/1" xmlns:xsi="http://www.w3.org/2001/XMLSchema-instance" xsi:schemaLocation="http://www.topografix.com/GPX/1/1 http://www.topografix.com/GPX/1/1/gpx.xsd" version="1.1" creator="FATMAP.com"><metadata /><wpt lat="45.69707" lon="6.73439"><ele>1549.77</ele><name>Les Chapieux (Start)</name><sym>icons/start.svg</sym><desc>Les Chapieux hamlet starting point.</desc><extensions><station id="les-chapieux-start" type="start" subtype="start"><accessibility crew_allowed="true" pacer_allowed="false" vehicle_tier="easy" drop_bag_allowed="false" /><services water="true" unmanaged_water="false" food="true" hot_food="true" toilets="true" medical="true" sleep_area="false" /><passes><pass num="1" dist_m="0.00" label="Les Chapieux (Start)" /></passes></station></extensions></wpt><wpt lat="45.69711" lon="6.73415"><ele>1550.03</ele><name>Les Chapieux (End)</name><sym>icons/finish.svg</sym><desc>Les Chapieux hamlet checkin.</desc><extensions><station id="les-chapieux-end" type="finish" subtype="finish"><accessibility crew_allowed="true" pacer_allowed="false" vehicle_tier="easy" drop_bag_allowed="false" /><services water="true" unmanaged_water="false" food="true" hot_food="true" toilets="true" medical="true" sleep_area="false" /><passes><pass num="1" dist_m="8.12" label="Les Chapieux (End)" /></passes></station></extensions></wpt><wpt lat="45.72552" lon="6.76592"><ele>1787.75</ele><name>Refugio les Mottets</name><sym>icons/refuge.svg</sym><desc>Working dairy farm below Col de la Seigne.</desc><extensions><station id="refugio-les-mottets" type="segmenting" subtype="aid_station"><accessibility crew_allowed="false" pacer_allowed="false" vehicle_tier="none" drop_bag_allowed="false" /><services water="true" unmanaged_water="false" food="true" hot_food="true" toilets="true" medical="false" sleep_area="false" /><passes><pass num="1" dist_m="4266.34" label="Refugio les Mottets" /></passes></station></extensions></wpt><wpt lat="45.74483" lon="6.79154"><ele>2281.11</ele><name>Col de la Seigne</name><sym>icons/summit.svg</sym><desc>France / Italy border pass summit with WWII fortifications.</desc><extensions><station id="col-de-la-seigne" type="informational" subtype="summit"><accessibility crew_allowed="false" pacer_allowed="false" vehicle_tier="none" drop_bag_allowed="false" /><services water="false" unmanaged_water="false" food="false" hot_food="false" toilets="false" medical="false" sleep_area="false" /><passes><pass num="1" dist_m="8725.53" label="Col de la Seigne" /></passes></station></extensions></wpt><wpt lat="45.75433" lon="6.81966"><ele>2296.92</ele><name>Rifugio Elisabetta</name><sym>icons/refuge.svg</sym><desc>Italian mountain hut overlooking Lex Blanche glacier.</desc><extensions><station id="rifugio-elisabetta" type="segmenting" subtype="aid_station"><accessibility crew_allowed="false" pacer_allowed="false" vehicle_tier="none" drop_bag_allowed="false" /><services water="true" unmanaged_water="false" food="true" hot_food="true" toilets="true" medical="false" sleep_area="false" /><passes><pass num="1" dist_m="11506.63" label="Rifugio Elisabetta" /></passes></station></extensions></wpt><wpt lat="45.76317" lon="6.8363"><ele>2151.58</ele><name>Lac du Combal</name><sym>icons/scenic.svg</sym><desc>Flat valley floor delta with glacial views.</desc><extensions><station id="lac-du-combal" type="informational" subtype="scenic"><accessibility crew_allowed="false" pacer_allowed="false" vehicle_tier="none" drop_bag_allowed="false" /><services water="false" unmanaged_water="false" food="false" hot_food="false" toilets="false" medical="false" sleep_area="false" /><passes><pass num="1" dist_m="13188.64" label="Lac du Combal" /></passes></station></extensions></wpt><wpt lat="45.77525" lon="6.8696"><ele>1958.94</ele><name>Arête du Mont-Favre</name><sym>icons/summit.svg</sym><desc>Scenic ridge shoulder offering 360-degree panorama.</desc><extensions><station id="arête-du-mont-favre" type="informational" subtype="summit"><accessibility crew_allowed="false" pacer_allowed="false" vehicle_tier="none" drop_bag_allowed="false" /><services water="false" unmanaged_water="false" food="false" hot_food="false" toilets="false" medical="false" sleep_area="false" /><passes><pass num="1" dist_m="16368.38" label="Arête du Mont-Favre" /></passes></station></extensions></wpt><wpt lat="45.79299" lon="6.93648"><ele>1892.12</ele><name>Col Chécrouit - Maison Vieille</name><sym>icons/aid_station.svg</sym><desc>Rifugio Maison Vieille, famous for Italian hospitality.</desc><extensions><station id="col-chécrouit---maison-vieille" type="segmenting" subtype="aid_station"><accessibility crew_allowed="false" pacer_allowed="false" vehicle_tier="none" drop_bag_allowed="false" /><services water="true" unmanaged_water="false" food="true" hot_food="true" toilets="true" medical="false" sleep_area="false" /><passes><pass num="1" dist_m="24101.65" label="Col Chécrouit - Maison Vieille" /></passes></station></extensions></wpt><wpt lat="45.79062" lon="6.97197"><ele>1209.28</ele><name>Courmayeur (Center) (Start)</name><sym>icons/start.svg</sym><desc>Start point in Courmayeur center.</desc><extensions><station id="courmayeur-center-start" type="start" subtype="start"><accessibility crew_allowed="true" pacer_allowed="false" vehicle_tier="easy" drop_bag_allowed="true" /><services water="true" unmanaged_water="false" food="true" hot_food="true" toilets="true" medical="true" sleep_area="false" /><passes><pass num="1" dist_m="28571.43" label="Courmayeur (Center) (Start)" /></passes></station></extensions></wpt><wpt lat="45.79199" lon="6.97284"><ele>1229.70</ele><name>Courmayeur (Center) (End)</name><sym>icons/finish.svg</sym><desc>Finish line/rest stop in Courmayeur center.</desc><extensions><station id="courmayeur-center-end" type="finish" subtype="finish"><accessibility crew_allowed="true" pacer_allowed="false" vehicle_tier="easy" drop_bag_allowed="true" /><services water="true" unmanaged_water="false" food="true" hot_food="true" toilets="true" medical="true" sleep_area="false" /><passes><pass num="1" dist_m="28764.52" label="Courmayeur (Center) (End)" /></passes></station></extensions></wpt><trk><name /><desc /><trkseg><trkpt lat="45.69707339999998" lon="6.7343938"><ele>1549.77</ele></trkpt><trkpt lat="45.69711729517459" lon="6.73431022282039"><ele>1550.0289870820925</ele></trkpt><trkpt lat="45.69718999999999" lon="6.7343"><ele>1550.06</ele></trkpt><trkpt lat="45.6972357868943" lon="6.73437503350894"><ele>1549.7983048938995</ele></trkpt><trkpt lat="45.69726107857643" lon="6.734475792570823"><ele>1549.4569610311653</ele></trkpt><trkpt lat="45.69728000000001" lon="6.73458"><ele>1549.19</ele></trkpt><trkpt lat="45.69729164526931" lon="6.734704402371995"><ele>1549.0112232821457</ele></trkpt><trkpt lat="45.69729999999999" lon="6.73483"><ele>1549.1</ele></trkpt><trkpt lat="45.69734" lon="6.73498"><ele>1550.22</ele></trkpt><trkpt lat="45.69737766150676" lon="6.735053992500918"><ele>1550.2682507898246</ele></trkpt><trkpt lat="45.69741572258512" lon="6.735127561643607"><ele>1550.2916481182033</ele></trkpt><trkpt lat="45.697454145590896" lon="6.735200746307193"><ele>1550.2940427184406</ele></trkpt><trkpt lat="45.69749289287996" lon="6.735273585370799"><ele>1550.2792853238407</ele></trkpt><trkpt lat="45.69753192680828" lon="6.735346117713556"><ele>1550.2512266677084</ele></trkpt><trkpt lat="45.69757120973198" lon="6.735418382214585"><ele>1550.2137174833474</ele></trkpt><trkpt lat="45.69761070400715" lon="6.735490417753014"><ele>1550.1706085040626</ele></trkpt><trkpt lat="45.6976503719902" lon="6.735562263207966"><ele>1550.1257504631583</ele></trkpt><trkpt lat="45.697690176037426" lon="6.73563395745857"><ele>1550.0829940939393</ele></trkpt><trkpt lat="45.697730078505366" lon="6.73570553938395"><ele>1550.0461901297094</ele></trkpt><trkpt lat="45.69777004175062" lon="6.735777047863232"><ele>1550.0191893037731</ele></trkpt><trkpt lat="45.69781002812992" lon="6.735848521775538"><ele>1550.0058423494352</ele></trkpt><trkpt lat="45.69785000000003" lon="6.73592"><ele>1550.01</ele></trkpt><trkpt lat="45.697890229235156" lon="6.735991744974334"><ele>1550.0302692592513</ele></trkpt><trkpt lat="45.69793077847701" lon="6.7360631611618675"><ele>1550.066517896183</ele></trkpt><trkpt lat="45.69797183895043" lon="6.736133971660404"><ele>1550.1246805997594</ele></trkpt><trkpt lat="45.69801360187971" lon="6.736203899567739"><ele>1550.2106920589447</ele></trkpt><trkpt lat="45.69805625848854" lon="6.736272667981671"><ele>1550.3304869627036</ele></trkpt><trkpt lat="45.698100000000025" lon="6.736339999999999"><ele>1550.49</ele></trkpt><trkpt lat="45.69814938114163" lon="6.736413415023901"><ele>1550.7127173777144</ele></trkpt><trkpt lat="45.6981994103439" lon="6.736486014164494"><ele>1550.975077126394</ele></trkpt><trkpt lat="45.698250287219466" lon="6.736557384827091"><ele>1551.2710322545013</ele></trkpt><trkpt lat="45.69830221138008" lon="6.736627114417"><ele>1551.5945357704968</ele></trkpt><trkpt lat="45.69835538243686" lon="6.7366947903395324"><ele>1551.9395406828426</ele></trkpt><trkpt lat="45.69841" lon="6.736760000000001"><ele>1552.3</ele></trkpt><trkpt lat="45.69848437854592" lon="6.736816136408035"><ele>1553.005737089767</ele></trkpt><trkpt lat="45.698559999999986" lon="6.736870000000001"><ele>1553.53</ele></trkpt><trkpt lat="45.69864" lon="6.737000000000001"><ele>1552.54</ele></trkpt><trkpt lat="45.69868999999999" lon="6.737149999999999"><ele>1552.68</ele></trkpt><trkpt lat="45.698746552664716" lon="6.737201798836698"><ele>1552.7971243608224</ele></trkpt><trkpt lat="45.69880422146631" lon="6.737250935831346"><ele>1552.910373282857</ele></trkpt><trkpt lat="45.6988627917965" lon="6.7372979259383206"><ele>1553.021689692248</ele></trkpt><trkpt lat="45.698922049047916" lon="6.737343284111997"><ele>1553.1330165151385</ele></trkpt><trkpt lat="45.698981778614005" lon="6.737387525306759"><ele>1553.2462966776711</ele></trkpt><trkpt lat="45.69904176588918" lon="6.7374311644769795"><ele>1553.3634731059904</ele></trkpt><trkpt lat="45.6991017962687" lon="6.737474716577037"><ele>1553.4864887262395</ele></trkpt><trkpt lat="45.69916165514874" lon="6.737518696561306"><ele>1553.6172864645619</ele></trkpt><trkpt lat="45.69922112792649" lon="6.737563619384169"><ele>1553.757809247101</ele></trkpt><trkpt lat="45.69927999999999" lon="6.73761"><ele>1553.91</ele></trkpt><trkpt lat="45.699353706539426" lon="6.737668158950125"><ele>1554.2612951096717</ele></trkpt><trkpt lat="45.69942" lon="6.737739999999999"><ele>1554.66</ele></trkpt><trkpt lat="45.699464465565704" lon="6.737809011378029"><ele>1554.8720505504061</ele></trkpt><trkpt lat="45.699507180407544" lon="6.7378802568703495"><ele>1555.058214215786</ele></trkpt><trkpt lat="45.69954858756234" lon="6.737953165161351"><ele>1555.232184445646</ele></trkpt><trkpt lat="45.69958913006554" lon="6.738027164935427"><ele>1555.4076546894912</ele></trkpt><trkpt lat="45.699629250951254" lon="6.738101684876966"><ele>1555.5983183968283</ele></trkpt><trkpt lat="45.69966939325222" lon="6.73817615367036"><ele>1555.8178690171626</ele></trkpt><trkpt lat="45.69971" lon="6.73825"><ele>1556.08</ele></trkpt><trkpt lat="45.69975992345176" lon="6.73833096539792"><ele>1556.6503510581997</ele></trkpt><trkpt lat="45.6998" lon="6.73842"><ele>1557.33</ele></trkpt><trkpt lat="45.69981203052857" lon="6.738518310618463"><ele>1557.7952177137395</ele></trkpt><trkpt lat="45.69980999999999" lon="6.738620000000001"><ele>1558.11</ele></trkpt><trkpt lat="45.69978999999999" lon="6.73877"><ele>1558.07</ele></trkpt><trkpt lat="45.69981726579666" lon="6.738860744123505"><ele>1559.1529590920609</ele></trkpt><trkpt lat="45.699860000000015" lon="6.73894"><ele>1560.37</ele></trkpt><trkpt lat="45.699923713181434" lon="6.739016692692495"><ele>1561.4018366805367</ele></trkpt><trkpt lat="45.69999000000002" lon="6.73909"><ele>1562.2</ele></trkpt><trkpt lat="45.70004262484105" lon="6.739167418497987"><ele>1562.7585069032257</ele></trkpt><trkpt lat="45.700093049880174" lon="6.739248164492928"><ele>1563.2404599560978</ele></trkpt><trkpt lat="45.70014444998215" lon="6.739327328241406"><ele>1563.6971830309208</ele></trkpt><trkpt lat="45.70019999999998" lon="6.7394"><ele>1564.18</ele></trkpt><trkpt lat="45.70025031119448" lon="6.739456414296778"><ele>1564.648624635037</ele></trkpt><trkpt lat="45.70030168252861" lon="6.739510864418126"><ele>1565.1630010395331</ele></trkpt><trkpt lat="45.700353987107896" lon="6.739563531724235"><ele>1565.6902389390914</ele></trkpt><trkpt lat="45.70040709803814" lon="6.73961459757529"><ele>1566.1974480593144</ele></trkpt><trkpt lat="45.70046088842566" lon="6.739664243331477"><ele>1566.6517381258045</ele></trkpt><trkpt lat="45.700515231377196" lon="6.7397126503529865"><ele>1567.0202188641656</ele></trkpt><trkpt lat="45.70057" lon="6.73976"><ele>1567.27</ele></trkpt><trkpt lat="45.700631964336786" lon="6.739810170226483"><ele>1567.3584269408461</ele></trkpt><trkpt lat="45.70069515838547" lon="6.739857158901811"><ele>1567.2722756906362</ele></trkpt><trkpt lat="45.700759070559336" lon="6.739902301121407"><ele>1567.0839518104085</ele></trkpt><trkpt lat="45.700823189274026" lon="6.739946931980691"><ele>1566.865860861201</ele></trkpt><trkpt lat="45.70088700294746" lon="6.739992386575081"><ele>1566.690408404052</ele></trkpt><trkpt lat="45.70095" lon="6.7400400000000005"><ele>1566.63</ele></trkpt><trkpt lat="45.70104" lon="6.740130000000001"><ele>1567.43</ele></trkpt><trkpt lat="45.70108563539009" lon="6.74021812310498"><ele>1568.6765031516863</ele></trkpt><trkpt lat="45.70112573436975" lon="6.74031172969223"><ele>1570.0537852838952</ele></trkpt><trkpt lat="45.701160000000016" lon="6.74041"><ele>1571.11</ele></trkpt><trkpt lat="45.70118820184354" lon="6.74051742517861"><ele>1571.5543744024392</ele></trkpt><trkpt lat="45.701210192380614" lon="6.740628300571314"><ele>1571.6686696115328</ele></trkpt><trkpt lat="45.70123000000001" lon="6.74074"><ele>1571.96</ele></trkpt><trkpt lat="45.70124555320918" lon="6.740832713036608"><ele>1572.5655802046251</ele></trkpt><trkpt lat="45.70125889095519" lon="6.740926069599066"><ele>1573.347304874687</ele></trkpt><trkpt lat="45.701269999999994" lon="6.741020000000001"><ele>1574.12</ele></trkpt><trkpt lat="45.70127742337197" lon="6.741115122792182"><ele>1574.7932317848254</ele></trkpt><trkpt lat="45.70128227137934" lon="6.741210812798071"><ele>1575.438924901425</ele></trkpt><trkpt lat="45.70128848369752" lon="6.7413060964049265"><ele>1576.1226555673122</ele></trkpt><trkpt lat="45.70130000000001" lon="6.7414"><ele>1576.91</ele></trkpt><trkpt lat="45.70132044897571" lon="6.7415020485131105"><ele>1577.9105753078725</ele></trkpt><trkpt lat="45.7013456258749" lon="6.741602034411759"><ele>1578.9895001341097</ele></trkpt><trkpt lat="45.70137298983555" lon="6.741701003104526"><ele>1580.1386748932919</ele></trkpt><trkpt lat="45.70139999999999" lon="6.7418"><ele>1581.35</ele></trkpt><trkpt lat="45.7014331504756" lon="6.741926255738116"><ele>1583.0735691296036</ele></trkpt><trkpt lat="45.70146999999999" lon="6.742049999999999"><ele>1585.02</ele></trkpt><trkpt lat="45.70150969686538" lon="6.74215003660282"><ele>1587.093435502627</ele></trkpt><trkpt lat="45.701550000000005" lon="6.74225"><ele>1588.85</ele></trkpt><trkpt lat="45.70157819183794" lon="6.742336890045357"><ele>1589.570136421304</ele></trkpt><trkpt lat="45.70160470916654" lon="6.742425085820906"><ele>1590.0276815430088</ele></trkpt><trkpt lat="45.70163137191276" lon="6.742513238686001"><ele>1590.3963858932093</ele></trkpt><trkpt lat="45.701660000000004" lon="6.742599999999999"><ele>1590.85</ele></trkpt><trkpt lat="45.70169609823143" lon="6.742679307640115"><ele>1591.4480689477095</ele></trkpt><trkpt lat="45.701730000000005" lon="6.7427600000000005"><ele>1592.15</ele></trkpt><trkpt lat="45.701753767070855" lon="6.742846678840221"><ele>1592.8844225054106</ele></trkpt><trkpt lat="45.70177551105982" lon="6.742934668982077"><ele>1593.6066196901015</ele></trkpt><trkpt lat="45.70179592670194" lon="6.7430235054507675"><ele>1594.323390840558</ele></trkpt><trkpt lat="45.701815708731075" lon="6.743112723271497"><ele>1595.041535243266</ele></trkpt><trkpt lat="45.70183555188014" lon="6.743201857469469"><ele>1595.7678521847115</ele></trkpt><trkpt lat="45.701856150881" lon="6.743290443069881"><ele>1596.5091409513798</ele></trkpt><trkpt lat="45.70187820046451" lon="6.743378015097939"><ele>1597.2722008297574</ele></trkpt><trkpt lat="45.7019023953603" lon="6.743464108578843"><ele>1598.0638311063292</ele></trkpt><trkpt lat="45.70192943029661" lon="6.743548258537797"><ele>1598.8908310675815</ele></trkpt><trkpt lat="45.70196" lon="6.7436300000000005"><ele>1599.76</ele></trkpt><trkpt lat="45.70199809728662" lon="6.743699731855692"><ele>1600.769135603795</ele></trkpt><trkpt lat="45.70204600210793" lon="6.743757280459243"><ele>1601.9598666485763</ele></trkpt><trkpt lat="45.70209885827783" lon="6.743808963134947"><ele>1603.1730298914601</ele></trkpt><trkpt lat="45.70215180962596" lon="6.743861097207103"><ele>1604.2494620895627</ele></trkpt><trkpt lat="45.702200000000005" lon="6.743919999999999"><ele>1605.03</ele></trkpt><trkpt lat="45.702238778597064" lon="6.743990654113732"><ele>1605.1689945427765</ele></trkpt><trkpt lat="45.702272611244275" lon="6.744067371057864"><ele>1604.7714434480426</ele></trkpt><trkpt lat="45.702310000000004" lon="6.74414"><ele>1604.35</ele></trkpt><trkpt lat="45.702400000000004" lon="6.744239999999999"><ele>1603.78</ele></trkpt><trkpt lat="45.70246350263107" lon="6.744257879268275"><ele>1605.6832139180574</ele></trkpt><trkpt lat="45.702528527168546" lon="6.744265065928623"><ele>1608.1304665402206</ele></trkpt><trkpt lat="45.702589999999994" lon="6.74429"><ele>1609.78</ele></trkpt><trkpt lat="45.70264567155362" lon="6.744333947305801"><ele>1610.464370458279</ele></trkpt><trkpt lat="45.702700079796294" lon="6.744381120677785"><ele>1610.9803707568449</ele></trkpt><trkpt lat="45.70275351562511" lon="6.744430786019108"><ele>1611.3658817483777</ele></trkpt><trkpt lat="45.70280626993598" lon="6.74448220923293"><ele>1611.6587842855588</ele></trkpt><trkpt lat="45.70285863362365" lon="6.744534656222405"><ele>1611.8969592210678</ele></trkpt><trkpt lat="45.70291089758186" lon="6.7445873928906925"><ele>1612.118287407586</ele></trkpt><trkpt lat="45.70296335270318" lon="6.744639685140949"><ele>1612.3606496977936</ele></trkpt><trkpt lat="45.70301628987909" lon="6.744690798876333"><ele>1612.6619269443713</ele></trkpt><trkpt lat="45.70306999999998" lon="6.74474"><ele>1613.06</ele></trkpt><trkpt lat="45.703142908818016" lon="6.744797857706914"><ele>1613.8191539894808</ele></trkpt><trkpt lat="45.703217404939906" lon="6.744851597407289"><ele>1614.766483963054</ele></trkpt><trkpt lat="45.70328999999999" lon="6.744910000000001"><ele>1615.71</ele></trkpt><trkpt lat="45.70338000000001" lon="6.74502"><ele>1616.92</ele></trkpt><trkpt lat="45.70340269473894" lon="6.745117632580164"><ele>1616.528964316693</ele></trkpt><trkpt lat="45.703430000000004" lon="6.74521"><ele>1616.19</ele></trkpt><trkpt lat="45.703492969532476" lon="6.74527949094768"><ele>1616.6239881998504</ele></trkpt><trkpt lat="45.703563770937826" lon="6.745335553098033"><ele>1617.3133983919781</ele></trkpt><trkpt lat="45.70363000000001" lon="6.745399999999999"><ele>1618.15</ele></trkpt><trkpt lat="45.703689999999995" lon="6.74554"><ele>1619.99</ele></trkpt><trkpt lat="45.70372267684615" lon="6.745647215196722"><ele>1620.7432579685983</ele></trkpt><trkpt lat="45.70375334272961" lon="6.745755871114003"><ele>1621.3621946719552</ele></trkpt><trkpt lat="45.703790000000005" lon="6.74586"><ele>1622.03</ele></trkpt><trkpt lat="45.703835636587314" lon="6.745954523900449"><ele>1622.7817263504878</ele></trkpt><trkpt lat="45.70388682400096" lon="6.746043481118108"><ele>1623.5744798863375</ele></trkpt><trkpt lat="45.70393999999999" lon="6.74613"><ele>1624.44</ele></trkpt><trkpt lat="45.70400110550335" lon="6.746213619530812"><ele>1625.706051180791</ele></trkpt><trkpt lat="45.704060000000005" lon="6.746300000000001"><ele>1626.68</ele></trkpt><trkpt lat="45.704098183185806" lon="6.7463737469062925"><ele>1626.9192304649857</ele></trkpt><trkpt lat="45.70413520409186" lon="6.746448755900936"><ele>1627.0808675668527</ele></trkpt><trkpt lat="45.704171399975884" lon="6.74652465812527"><ele>1627.1853229446874</ele></trkpt><trkpt lat="45.704207108094536" lon="6.746601084720646"><ele>1627.253008237578</ele></trkpt><trkpt lat="45.70424266570367" lon="6.746677666828403"><ele>1627.304335084612</ele></trkpt><trkpt lat="45.70427841005828" lon="6.74675403558989"><ele>1627.359715124877</ele></trkpt><trkpt lat="45.70431467841246" lon="6.746829822146449"><ele>1627.439559997461</ele></trkpt><trkpt lat="45.704351808019446" lon="6.746904657639423"><ele>1627.5642813414509</ele></trkpt><trkpt lat="45.704390136131515" lon="6.746978173210159"><ele>1627.7542907959348</ele></trkpt><trkpt lat="45.704429999999995" lon="6.747049999999999"><ele>1628.03</ele></trkpt><trkpt lat="45.70447178642411" lon="6.747119624205936"><ele>1628.4163554215645</ele></trkpt><trkpt lat="45.7045153922185" lon="6.747186899433412"><ele>1628.9092972128785</ele></trkpt><trkpt lat="45.70456051133243" lon="6.747252167371173"><ele>1629.486459610637</ele></trkpt><trkpt lat="45.70460683771607" lon="6.747315769707966"><ele>1630.1254768515337</ele></trkpt><trkpt lat="45.704654065320334" lon="6.747378048132537"><ele>1630.8039831722633</ele></trkpt><trkpt lat="45.704701888097325" lon="6.747439344333634"><ele>1631.4996128095206</ele></trkpt><trkpt lat="45.70474999999998" lon="6.7475"><ele>1632.19</ele></trkpt><trkpt lat="45.70482175838572" lon="6.747577016809514"><ele>1633.3808146915335</ele></trkpt><trkpt lat="45.704899999999995" lon="6.747639999999999"><ele>1634.67</ele></trkpt><trkpt lat="45.70501999999998" lon="6.74769"><ele>1636.05</ele></trkpt><trkpt lat="45.70508901879446" lon="6.747757672869884"><ele>1636.2462626096485</ele></trkpt><trkpt lat="45.70514999999999" lon="6.74784"><ele>1636.06</ele></trkpt><trkpt lat="45.70519379279265" lon="6.747919295539565"><ele>1635.5942947753476</ele></trkpt><trkpt lat="45.70523299268441" lon="6.748005257322937"><ele>1634.9364047641502</ele></trkpt><trkpt lat="45.705272296186855" lon="6.748090571336527"><ele>1634.2883673652786</ele></trkpt><trkpt lat="45.70531639979797" lon="6.748167923566744"><ele>1633.8522199776048</ele></trkpt><trkpt lat="45.705370000000016" lon="6.748230000000001"><ele>1633.83</ele></trkpt><trkpt lat="45.705426742857256" lon="6.748276932600116"><ele>1634.0959212469754</ele></trkpt><trkpt lat="45.70548463266671" lon="6.748320629396568"><ele>1634.41760961483</ele></trkpt><trkpt lat="45.70554350796323" lon="6.748361550284223"><ele>1634.7892747039557</ele></trkpt><trkpt lat="45.705603207282266" lon="6.748400155157948"><ele>1635.205126114743</ele></trkpt><trkpt lat="45.70566356915999" lon="6.74843690391261"><ele>1635.659373447582</ele></trkpt><trkpt lat="45.70572443213313" lon="6.748472256443078"><ele>1636.1462263028652</ele></trkpt><trkpt lat="45.705785634739236" lon="6.748506672644221"><ele>1636.6598942809821</ele></trkpt><trkpt lat="45.705847015516426" lon="6.748540612410907"><ele>1637.1945869823244</ele></trkpt><trkpt lat="45.70590841300361" lon="6.748574535638001"><ele>1637.7445140072828</ele></trkpt><trkpt lat="45.70596966574042" lon="6.748608902220374"><ele>1638.3038849562483</ele></trkpt><trkpt lat="45.706030612267114" lon="6.7486441720528925"><ele>1638.866909429612</ele></trkpt><trkpt lat="45.70609109112469" lon="6.748680805030424"><ele>1639.4277970277644</ele></trkpt><trkpt lat="45.70615094085489" lon="6.748719261047837"><ele>1639.9807573510968</ele></trkpt><trkpt lat="45.706210000000006" lon="6.748759999999998"><ele>1640.52</ele></trkpt><trkpt lat="45.70626478984597" lon="6.748810336521875"><ele>1641.172894955031</ele></trkpt><trkpt lat="45.706313974508326" lon="6.748872747267118"><ele>1641.9778189197978</ele></trkpt><trkpt lat="45.70635999999999" lon="6.74894"><ele>1642.79</ele></trkpt><trkpt lat="45.706404969277614" lon="6.749006956278713"><ele>1643.5598154314243</ele></trkpt><trkpt lat="45.70644983685685" lon="6.749074058055331"><ele>1644.3404700763597</ele></trkpt><trkpt lat="45.70649457942234" lon="6.7491413340695035"><ele>1645.128771419902</ele></trkpt><trkpt lat="45.70653917365883" lon="6.749208813060883"><ele>1645.9215269471485</ele></trkpt><trkpt lat="45.706583596251136" lon="6.749276523769121"><ele>1646.715544143196</ele></trkpt><trkpt lat="45.70662782388415" lon="6.749344494933866"><ele>1647.5076304931408</ele></trkpt><trkpt lat="45.70667183324281" lon="6.749412755294772"><ele>1648.2945934820796</ele></trkpt><trkpt lat="45.706715601012164" lon="6.749481333591489"><ele>1649.073240595109</ele></trkpt><trkpt lat="45.70675910387729" lon="6.749550258563665"><ele>1649.840379317326</ele></trkpt><trkpt lat="45.70680231852337" lon="6.749619558950953"><ele>1650.5928171338269</ele></trkpt><trkpt lat="45.70684522163565" lon="6.749689263493005"><ele>1651.3273615297082</ele></trkpt><trkpt lat="45.70688778989939" lon="6.749759400929472"><ele>1652.0408199900671</ele></trkpt><trkpt lat="45.70693000000001" lon="6.749830000000001"><ele>1652.73</ele></trkpt><trkpt lat="45.70697803760099" lon="6.749921769820835"><ele>1653.331614498673</ele></trkpt><trkpt lat="45.70702039472254" lon="6.750019709775702"><ele>1653.6704871313134</ele></trkpt><trkpt lat="45.707059999999984" lon="6.750119999999999"><ele>1654.05</ele></trkpt><trkpt lat="45.707081537324505" lon="6.75020874738053"><ele>1654.5196882887421</ele></trkpt><trkpt lat="45.70711000000001" lon="6.7502900000000015"><ele>1655.03</ele></trkpt><trkpt lat="45.70715664359555" lon="6.750355277735551"><ele>1655.5188159106885</ele></trkpt><trkpt lat="45.70720460407432" lon="6.750418590150891"><ele>1656.005241679416</ele></trkpt><trkpt lat="45.70725370248037" lon="6.750480165943907"><ele>1656.488855818493</ele></trkpt><trkpt lat="45.70730375985818" lon="6.750540233812479"><ele>1656.9692368402302</ele></trkpt><trkpt lat="45.70735459725298" lon="6.75059902245449"><ele>1657.4459632569387</ele></trkpt><trkpt lat="45.707406035710505" lon="6.750656760567826"><ele>1657.918613580929</ele></trkpt><trkpt lat="45.707457896277155" lon="6.750713676850369"><ele>1658.3867663245128</ele></trkpt><trkpt lat="45.707510000000006" lon="6.750769999999999"><ele>1658.85</ele></trkpt><trkpt lat="45.70757487690511" lon="6.750815199995158"><ele>1659.362985096815</ele></trkpt><trkpt lat="45.70763999999999" lon="6.750860000000001"><ele>1659.71</ele></trkpt><trkpt lat="45.707699999999996" lon="6.750969999999999"><ele>1659.43</ele></trkpt><trkpt lat="45.70774757091962" lon="6.751034444030963"><ele>1660.3191780141638</ele></trkpt><trkpt lat="45.70780000000001" lon="6.7510900000000005"><ele>1661.27</ele></trkpt><trkpt lat="45.70786332716336" lon="6.751135143030013"><ele>1661.5627344205534</ele></trkpt><trkpt lat="45.70792999999999" lon="6.75117"><ele>1661.79</ele></trkpt><trkpt lat="45.70801" lon="6.751190000000001"><ele>1662.8</ele></trkpt><trkpt lat="45.70807696245575" lon="6.751246176044756"><ele>1662.7355866683397</ele></trkpt><trkpt lat="45.70814166860387" lon="6.751308440102094"><ele>1662.4905217398723</ele></trkpt><trkpt lat="45.70821" lon="6.751359999999999"><ele>1662.58</ele></trkpt><trkpt lat="45.70827020045228" lon="6.751392084045206"><ele>1662.957194959896</ele></trkpt><trkpt lat="45.70833110657967" lon="6.751421461033612"><ele>1663.3743653506842</ele></trkpt><trkpt lat="45.70839253039806" lon="6.751448833775076"><ele>1663.82570636474</ele></trkpt><trkpt lat="45.7084542839242" lon="6.751474905079459"><ele>1664.3054131944407</ele></trkpt><trkpt lat="45.70851617917552" lon="6.751500377756617"><ele>1664.8076810321622</ele></trkpt><trkpt lat="45.708578028170486" lon="6.7515259546164135"><ele>1665.3267050702802</ele></trkpt><trkpt lat="45.70863964292828" lon="6.751552338468704"><ele>1665.8566805011724</ele></trkpt><trkpt lat="45.708700835468875" lon="6.751580232123349"><ele>1666.3918025172138</ele></trkpt><trkpt lat="45.70876141781313" lon="6.751610338390207"><ele>1666.9262663107813</ele></trkpt><trkpt lat="45.7088212019827" lon="6.751643360079138"><ele>1667.4542670742514</ele></trkpt><trkpt lat="45.70887999999998" lon="6.7516799999999995"><ele>1667.97</ele></trkpt><trkpt lat="45.708938478638146" lon="6.751720336641542"><ele>1668.493601200672</ele></trkpt><trkpt lat="45.7089961448789" lon="6.751762897937832"><ele>1669.0339653025974</ele></trkpt><trkpt lat="45.70905309815314" lon="6.751807407221091"><ele>1669.586094278999</ele></trkpt><trkpt lat="45.70910943789111" lon="6.7518535878235335"><ele>1670.144990103102</ele></trkpt><trkpt lat="45.70916526352281" lon="6.75190116307738"><ele>1670.7056547481288</ele></trkpt><trkpt lat="45.70922067447781" lon="6.751949856314849"><ele>1671.263090187304</ele></trkpt><trkpt lat="45.7092757701852" lon="6.7519993908681615"><ele>1671.8122983938515</ele></trkpt><trkpt lat="45.709330650073724" lon="6.752049490069533"><ele>1672.3482813409942</ele></trkpt><trkpt lat="45.70938541357172" lon="6.752099877251185"><ele>1672.8660410019568</ele></trkpt><trkpt lat="45.70944016010712" lon="6.752150275745333"><ele>1673.360579349963</ele></trkpt><trkpt lat="45.70949498910751" lon="6.7522004088842"><ele>1673.8268983582361</ele></trkpt><trkpt lat="45.70955000000001" lon="6.752250000000001"><ele>1674.26</ele></trkpt><trkpt lat="45.70960646966874" lon="6.752310819559024"><ele>1674.4077584050026</ele></trkpt><trkpt lat="45.70966088079672" lon="6.752376070813365"><ele>1674.2624612292047</ele></trkpt><trkpt lat="45.70972000000002" lon="6.752430000000001"><ele>1674.29</ele></trkpt><trkpt lat="45.70979433640356" lon="6.752469695101353"><ele>1674.687210415136</ele></trkpt><trkpt lat="45.70987182430136" lon="6.752497017480148"><ele>1675.25068045573</ele></trkpt><trkpt lat="45.709949999999985" lon="6.752519999999999"><ele>1675.95</ele></trkpt><trkpt lat="45.710016560314294" lon="6.752534440417599"><ele>1676.7539545013806</ele></trkpt><trkpt lat="45.71008360016357" lon="6.752544478003962"><ele>1677.6917288610161</ele></trkpt><trkpt lat="45.71015000000001" lon="6.75256"><ele>1678.48</ele></trkpt><trkpt lat="45.71021335313351" lon="6.752581334601839"><ele>1679.0692170555842</ele></trkpt><trkpt lat="45.71027655094691" lon="6.752603696082439"><ele>1679.637937525163</ele></trkpt><trkpt lat="45.71033958743407" lon="6.752627058537034"><ele>1680.1806159492226</ele></trkpt><trkpt lat="45.710402456589" lon="6.752651396060856"><ele>1680.6917068682492</ele></trkpt><trkpt lat="45.71046515240563" lon="6.752676682749135"><ele>1681.16566482273</ele></trkpt><trkpt lat="45.71052766887796" lon="6.752702892697107"><ele>1681.5969443531517</ele></trkpt><trkpt lat="45.710589999999996" lon="6.752729999999999"><ele>1681.98</ele></trkpt><trkpt lat="45.71067412389759" lon="6.752786311690868"><ele>1681.8947315877003</ele></trkpt><trkpt lat="45.710759999999986" lon="6.752830000000001"><ele>1681.98</ele></trkpt><trkpt lat="45.71083498180181" lon="6.752829882635616"><ele>1682.8705971957115</ele></trkpt><trkpt lat="45.71090998964772" lon="6.75281602251434"><ele>1684.023631058723</ele></trkpt><trkpt lat="45.71098500266974" lon="6.752801651135895"><ele>1685.2423493923725</ele></trkpt><trkpt lat="45.711059999999996" lon="6.7528"><ele>1686.33</ele></trkpt><trkpt lat="45.711123557532886" lon="6.752809797896291"><ele>1687.1137013885455</ele></trkpt><trkpt lat="45.7111868203875" lon="6.752823221779992"><ele>1687.8504143471384</ele></trkpt><trkpt lat="45.71124982529296" lon="6.752839565050831"><ele>1688.5570202274707</ele></trkpt><trkpt lat="45.71131260897826" lon="6.752858121108526"><ele>1689.2504003812319</ele></trkpt><trkpt lat="45.711375208172115" lon="6.752878183352804"><ele>1689.9474361601137</ele></trkpt><trkpt lat="45.71143765960324" lon="6.752899045183387"><ele>1690.665008915806</ele></trkpt><trkpt lat="45.71150000000001" lon="6.75292"><ele>1691.42</ele></trkpt><trkpt lat="45.71157000000001" lon="6.752970000000001"><ele>1692.71</ele></trkpt><trkpt lat="45.711639999999974" lon="6.7530600000000005"><ele>1693.95</ele></trkpt><trkpt lat="45.71170628406621" lon="6.753124090005723"><ele>1694.410755287544</ele></trkpt><trkpt lat="45.71177383907841" lon="6.75318562977099"><ele>1694.7480172098367</ele></trkpt><trkpt lat="45.71184" lon="6.7532499999999995"><ele>1695.15</ele></trkpt><trkpt lat="45.71189769976198" lon="6.753314804223326"><ele>1695.5646336298096</ele></trkpt><trkpt lat="45.71195387130618" lon="6.753382564857322"><ele>1695.9761179754505</ele></trkpt><trkpt lat="45.7120106071994" lon="6.753449043062659"><ele>1696.5020433333661</ele></trkpt><trkpt lat="45.712069999999976" lon="6.75351"><ele>1697.26</ele></trkpt><trkpt lat="45.71212864380248" lon="6.75355951926459"><ele>1698.2701261745724</ele></trkpt><trkpt lat="45.712189142388816" lon="6.7536041604412445"><ele>1699.4984292627778</ele></trkpt><trkpt lat="45.71225031907136" lon="6.753647041985608"><ele>1700.7986692636973</ele></trkpt><trkpt lat="45.71231099716756" lon="6.753691282353315"><ele>1702.0246061764115</ele></trkpt><trkpt lat="45.712369999999986" lon="6.75374"><ele>1703.03</ele></trkpt><trkpt lat="45.712422237456515" lon="6.753800883895674"><ele>1703.1466994030638</ele></trkpt><trkpt lat="45.71247" lon="6.75387"><ele>1703.12</ele></trkpt><trkpt lat="45.712518726481576" lon="6.753939500570091"><ele>1703.760985490137</ele></trkpt><trkpt lat="45.71256700503821" lon="6.754009555105922"><ele>1704.5222220389676</ele></trkpt><trkpt lat="45.712615053669715" lon="6.75407989796216"><ele>1705.3392257054306</ele></trkpt><trkpt lat="45.71266309037511" lon="6.754150263493472"><ele>1706.1475125484646</ele></trkpt><trkpt lat="45.71271133315268" lon="6.754220386054529"><ele>1706.882598627008</ele></trkpt><trkpt lat="45.71276" lon="6.75429"><ele>1707.48</ele></trkpt><trkpt lat="45.712807183364966" lon="6.754357176702256"><ele>1707.8436363704202</ele></trkpt><trkpt lat="45.712854398107226" lon="6.754424420653471"><ele>1708.0282439131643</ele></trkpt><trkpt lat="45.71290202116769" lon="6.7544910762535615"><ele>1708.1440332706984</ele></trkpt><trkpt lat="45.712950429485865" lon="6.754556487902435"><ele>1708.3012150854886</ele></trkpt><trkpt lat="45.71299999999999" lon="6.75462"><ele>1708.61</ele></trkpt><trkpt lat="45.71305049131532" lon="6.754680742598945"><ele>1709.0919923249735</ele></trkpt><trkpt lat="45.71310202605498" lon="6.75473961642584"><ele>1709.6768517419093</ele></trkpt><trkpt lat="45.71315431513644" lon="6.754797118953262"><ele>1710.326714996358</ele></trkpt><trkpt lat="45.71320706947824" lon="6.75485374765379"><ele>1711.0037188338715</ele></trkpt><trkpt lat="45.71326" lon="6.75491"><ele>1711.67</ele></trkpt><trkpt lat="45.71332" lon="6.754959999999999"><ele>1712.53</ele></trkpt><trkpt lat="45.713386550102925" lon="6.754999019057106"><ele>1712.8562398806466</ele></trkpt><trkpt lat="45.71345338103991" lon="6.755037380220085"><ele>1713.0831319291804</ele></trkpt><trkpt lat="45.71352102145761" lon="6.755072051273022"><ele>1713.335958013124</ele></trkpt><trkpt lat="45.71359" lon="6.7551"><ele>1713.74</ele></trkpt><trkpt lat="45.71365211201442" lon="6.755118231512201"><ele>1714.2003182657395</ele></trkpt><trkpt lat="45.71371484913826" lon="6.755132321921325"><ele>1714.667497048282</ele></trkpt><trkpt lat="45.713777954241905" lon="6.755143880134311"><ele>1715.153417765549</ele></trkpt><trkpt lat="45.71384117019683" lon="6.755154515058096"><ele>1715.669961835462</ele></trkpt><trkpt lat="45.7139042398757" lon="6.7551658355996205"><ele>1716.229010675942</ele></trkpt><trkpt lat="45.71396690615236" lon="6.755179450665821"><ele>1716.842445704911</ele></trkpt><trkpt lat="45.71402891190175" lon="6.7551969691636335"><ele>1717.5221483402895</ele></trkpt><trkpt lat="45.71409" lon="6.75522"><ele>1718.28</ele></trkpt><trkpt lat="45.714152876641364" lon="6.755249964648034"><ele>1719.1921350933683</ele></trkpt><trkpt lat="45.714214637949354" lon="6.75528427202904"><ele>1720.2249168351407</ele></trkpt><trkpt lat="45.71427537779615" lon="6.755322323573625"><ele>1721.3415302176018</ele></trkpt><trkpt lat="45.71433519005353" lon="6.755363520712403"><ele>1722.505160233034</ele></trkpt><trkpt lat="45.71439416859278" lon="6.755407264875985"><ele>1723.6789918737225</ele></trkpt><trkpt lat="45.71445240728479" lon="6.755452957494979"><ele>1724.8262101319497</ele></trkpt><trkpt lat="45.714510000000004" lon="6.755499999999999"><ele>1725.91</ele></trkpt><trkpt lat="45.71456918007894" lon="6.755552452396919"><ele>1727.0048639123277</ele></trkpt><trkpt lat="45.71462659078134" lon="6.755608868288654"><ele>1728.0954529715234</ele></trkpt><trkpt lat="45.714682886291456" lon="6.755667807670358"><ele>1729.1725021641437</ele></trkpt><trkpt lat="45.714738720790855" lon="6.7557278305371895"><ele>1730.2267464767451</ele></trkpt><trkpt lat="45.71479474845834" lon="6.755787496884302"><ele>1731.2489208958839</ele></trkpt><trkpt lat="45.714851623470196" lon="6.755845366706852"><ele>1732.2297604081168</ele></trkpt><trkpt lat="45.71491" lon="6.755899999999999"><ele>1733.16</ele></trkpt><trkpt lat="45.71496385153577" lon="6.75594720305735"><ele>1733.9725281550088</ele></trkpt><trkpt lat="45.715017968648105" lon="6.755993779590627"><ele>1734.777601071356</ele></trkpt><trkpt lat="45.71507231692218" lon="6.756039812543059"><ele>1735.5749657330737</ele></trkpt><trkpt lat="45.71512686194327" lon="6.756085384857868"><ele>1736.3643691241928</ele></trkpt><trkpt lat="45.71518156929675" lon="6.75613057947828"><ele>1737.1455582287447</ele></trkpt><trkpt lat="45.71523640456823" lon="6.7561754793475215"><ele>1737.9182800307613</ele></trkpt><trkpt lat="45.71529133334331" lon="6.756220167408812"><ele>1738.6822815142737</ele></trkpt><trkpt lat="45.71534632120783" lon="6.756264726605382"><ele>1739.4373096633135</ele></trkpt><trkpt lat="45.71540133374773" lon="6.756309239880453"><ele>1740.1831114619122</ele></trkpt><trkpt lat="45.715456336549096" lon="6.75635379017725"><ele>1740.919433894101</ele></trkpt><trkpt lat="45.71551129519811" lon="6.756398460439"><ele>1741.6460239439116</ele></trkpt><trkpt lat="45.71556617528119" lon="6.756443333608923"><ele>1742.3626285953753</ele></trkpt><trkpt lat="45.71562094238475" lon="6.756488492630248"><ele>1743.068994832524</ele></trkpt><trkpt lat="45.715675562095434" lon="6.756534020446199"><ele>1743.764869639388</ele></trkpt><trkpt lat="45.715730000000015" lon="6.75658"><ele>1744.45</ele></trkpt><trkpt lat="45.715784040675935" lon="6.7566265532877665"><ele>1745.0928453299414</ele></trkpt><trkpt lat="45.71583777102946" lon="6.7566739215872715"><ele>1745.6690890036175</ele></trkpt><trkpt lat="45.71589121159965" lon="6.7567220276533835"><ele>1746.1843286642452</ele></trkpt><trkpt lat="45.71594438292553" lon="6.756770794240963"><ele>1746.6441619550405</ele></trkpt><trkpt lat="45.71599730554602" lon="6.756820144104881"><ele>1747.05418651922</ele></trkpt><trkpt lat="45.71604999999999" lon="6.756869999999999"><ele>1747.42</ele></trkpt><trkpt lat="45.716099150421535" lon="6.756927201363712"><ele>1747.1913276946361</ele></trkpt><trkpt lat="45.71615" lon="6.7569799999999995"><ele>1747.21</ele></trkpt><trkpt lat="45.716219275774435" lon="6.757025108603797"><ele>1748.5206157647635</ele></trkpt><trkpt lat="45.71629019711301" lon="6.757064445692982"><ele>1750.1784500147328</ele></trkpt><trkpt lat="45.71636101989289" lon="6.757104059935674"><ele>1751.8320592573355</ele></trkpt><trkpt lat="45.71643000000001" lon="6.75715"><ele>1753.13</ele></trkpt><trkpt lat="45.71648543955037" lon="6.757193969417814"><ele>1753.8846822741205</ele></trkpt><trkpt lat="45.71653994990373" lon="6.757240434374259"><ele>1754.5091654525486</ele></trkpt><trkpt lat="45.716593857812384" lon="6.757288532234022"><ele>1755.0417753950192</ele></trkpt><trkpt lat="45.71664749002725" lon="6.757337400361792"><ele>1755.5208379612664</ele></trkpt><trkpt lat="45.716701173298055" lon="6.757386176122253"><ele>1755.9846790110225</ele></trkpt><trkpt lat="45.71675523437324" lon="6.757433996880095"><ele>1756.4716244040228</ele></trkpt><trkpt lat="45.71681000000002" lon="6.75748"><ele>1757.02</ele></trkpt><trkpt lat="45.716885526061105" lon="6.757528793620968"><ele>1757.8694132710764</ele></trkpt><trkpt lat="45.71695999999999" lon="6.757580000000001"><ele>1758.81</ele></trkpt><trkpt lat="45.71701357461318" lon="6.757628602307417"><ele>1759.5446027575808</ele></trkpt><trkpt lat="45.71706706614461" lon="6.757677388481906"><ele>1760.2843172352052</ele></trkpt><trkpt lat="45.71712047537473" lon="6.757726356692374"><ele>1761.0281971963957</ele></trkpt><trkpt lat="45.71717380308397" lon="6.757775505107713"><ele>1761.7752964046738</ele></trkpt><trkpt lat="45.71722705005278" lon="6.757824831896826"><ele>1762.524668623563</ele></trkpt><trkpt lat="45.71728021706157" lon="6.757874335228613"><ele>1763.275367616585</ele></trkpt><trkpt lat="45.71733330489079" lon="6.757924013271971"><ele>1764.0264471472622</ele></trkpt><trkpt lat="45.71738631432091" lon="6.757973864195804"><ele>1764.7769609791171</ele></trkpt><trkpt lat="45.717439246132294" lon="6.758023886169007"><ele>1765.5259628756721</ele></trkpt><trkpt lat="45.71749210110542" lon="6.758074077360484"><ele>1766.2725066004496</ele></trkpt><trkpt lat="45.71754488002067" lon="6.758124435939132"><ele>1767.0156459169718</ele></trkpt><trkpt lat="45.717597583658446" lon="6.758174960073851"><ele>1767.7544345887613</ele></trkpt><trkpt lat="45.717650212799185" lon="6.75822564793354"><ele>1768.4879263793405</ele></trkpt><trkpt lat="45.71770276822332" lon="6.758276497687101"><ele>1769.2151750522314</ele></trkpt><trkpt lat="45.71775525071123" lon="6.758327507503431"><ele>1769.9352343709568</ele></trkpt><trkpt lat="45.71780766104334" lon="6.7583786755514295"><ele>1770.6471580990387</ele></trkpt><trkpt lat="45.717860000000016" lon="6.758429999999999"><ele>1771.35</ele></trkpt><trkpt lat="45.71791365797809" lon="6.758484699973795"><ele>1772.0283851930867</ele></trkpt><trkpt lat="45.717966212914426" lon="6.758541662000188"><ele>1772.6331880177331</ele></trkpt><trkpt lat="45.71801793886227" lon="6.758600274039683"><ele>1773.1927982458362</ele></trkpt><trkpt lat="45.71806910987374" lon="6.758659924052787"><ele>1773.7356056492931</ele></trkpt><trkpt lat="45.71812" lon="6.75872"><ele>1774.29</ele></trkpt><trkpt lat="45.71817986431378" lon="6.758797017586841"><ele>1774.9230872231992</ele></trkpt><trkpt lat="45.71823838764937" lon="6.7588762887263885"><ele>1775.5351894322243</ele></trkpt><trkpt lat="45.7183" lon="6.75895"><ele>1776.28</ele></trkpt><trkpt lat="45.71835536247585" lon="6.758999499321489"><ele>1777.1486328400595</ele></trkpt><trkpt lat="45.71841339227538" lon="6.759042992987921"><ele>1778.144347457259</ele></trkpt><trkpt lat="45.71846999999999" lon="6.7590900000000005"><ele>1778.96</ele></trkpt><trkpt lat="45.71853378910768" lon="6.7591522865660565"><ele>1779.6247550218734</ele></trkpt><trkpt lat="45.71859667480722" lon="6.759216561540522"><ele>1780.1749150974913</ele></trkpt><trkpt lat="45.71865872310322" lon="6.7592825557447265"><ele>1780.6476176243634</ele></trkpt><trkpt lat="45.71871999999998" lon="6.7593499999999995"><ele>1781.08</ele></trkpt><trkpt lat="45.71880999999998" lon="6.75947"><ele>1781.33</ele></trkpt><trkpt lat="45.7188695167457" lon="6.7595285596339885"><ele>1782.1195533170899</ele></trkpt><trkpt lat="45.71893063313841" lon="6.75958372770285"><ele>1783.0912555768587</ele></trkpt><trkpt lat="45.71899143295986" lon="6.759639531920285"><ele>1783.9923300481978</ele></trkpt><trkpt lat="45.71905000000002" lon="6.7597"><ele>1784.57</ele></trkpt><trkpt lat="45.71911999999999" lon="6.75982"><ele>1783.14</ele></trkpt><trkpt lat="45.7191724843803" lon="6.759878255557809"><ele>1783.6425506310018</ele></trkpt><trkpt lat="45.7192272261751" lon="6.759932304317942"><ele>1784.513994603683</ele></trkpt><trkpt lat="45.71928000000001" lon="6.75999"><ele>1785.23</ele></trkpt><trkpt lat="45.71932748100393" lon="6.760055361251148"><ele>1785.5354811479426</ele></trkpt><trkpt lat="45.719372800212994" lon="6.760124130352576"><ele>1785.683740374249</ele></trkpt><trkpt lat="45.71942" lon="6.7601900000000015"><ele>1785.9</ele></trkpt><trkpt lat="45.71946909787503" lon="6.760251529829824"><ele>1786.2335801639904</ele></trkpt><trkpt lat="45.71951841586369" lon="6.760312700952097"><ele>1786.5862826544144</ele></trkpt><trkpt lat="45.719567972784304" lon="6.7603734741734804"><ele>1786.9523205703426</ele></trkpt><trkpt lat="45.71961778745498" lon="6.760433810300628"><ele>1787.325907010845</ele></trkpt><trkpt lat="45.71966787869389" lon="6.760493670140197"><ele>1787.7012550749916</ele></trkpt><trkpt lat="45.71971826531906" lon="6.760553014498845"><ele>1788.0725778618528</ele></trkpt><trkpt lat="45.71976896614845" lon="6.760611804183227"><ele>1788.4340884704989</ele></trkpt><trkpt lat="45.719819999999984" lon="6.760669999999999"><ele>1788.78</ele></trkpt><trkpt lat="45.7198764783781" lon="6.760732955929325"><ele>1789.113330701807</ele></trkpt><trkpt lat="45.719933648236584" lon="6.760794691219733"><ele>1789.4035820359995</ele></trkpt><trkpt lat="45.71999157890619" lon="6.760854948545475"><ele>1789.6921680192877</ele></trkpt><trkpt lat="45.72005033971728" lon="6.760913470580813"><ele>1790.0205026683843</ele></trkpt><trkpt lat="45.720110000000005" lon="6.76097"><ele>1790.43</ele></trkpt><trkpt lat="45.7201689010625" lon="6.761023855801049"><ele>1790.9188062315072</ele></trkpt><trkpt lat="45.720228093243776" lon="6.761077038314386"><ele>1791.4642826055397</ele></trkpt><trkpt lat="45.720287587975605" lon="6.761129511926576"><ele>1792.0448717320485</ele></trkpt><trkpt lat="45.72034739668965" lon="6.761181241024181"><ele>1792.639016220984</ele></trkpt><trkpt lat="45.72040753081757" lon="6.761232189993761"><ele>1793.2251586822968</ele></trkpt><trkpt lat="45.720468001790906" lon="6.7612823232218835"><ele>1793.7817417259366</ele></trkpt><trkpt lat="45.72052882104121" lon="6.761331605095108"><ele>1794.2872079618542</ele></trkpt><trkpt lat="45.72059" lon="6.76138"><ele>1794.72</ele></trkpt><trkpt lat="45.72064911751857" lon="6.761424865111669"><ele>1795.062514468632</ele></trkpt><trkpt lat="45.720708863444166" lon="6.76146802231018"><ele>1795.3514531994163</ele></trkpt><trkpt lat="45.72076904964102" lon="6.7615099876790214"><ele>1795.596816280044</ele></trkpt><trkpt lat="45.720829487974235" lon="6.7615512773016695"><ele>1795.8086037982061</ele></trkpt><trkpt lat="45.72088999030963" lon="6.7615924072616105"><ele>1795.9968158415918</ele></trkpt><trkpt lat="45.72095036851392" lon="6.7616338936423235"><ele>1796.1714524978925</ele></trkpt><trkpt lat="45.72101043445461" lon="6.761676252527292"><ele>1796.3425138547984</ele></trkpt><trkpt lat="45.72107000000001" lon="6.76172"><ele>1796.52</ele></trkpt><trkpt lat="45.72113261158665" lon="6.761767554191426"><ele>1796.7262041396643</ele></trkpt><trkpt lat="45.72119495421665" lon="6.76181587524915"><ele>1796.938789989513</ele></trkpt><trkpt lat="45.72125694613121" lon="6.7618651217660215"><ele>1797.1331100250086</ele></trkpt><trkpt lat="45.72131850557194" lon="6.761915452334888"><ele>1797.2845167216135</ele></trkpt><trkpt lat="45.72137955078079" lon="6.761967025548599"><ele>1797.3683625547897</ele></trkpt><trkpt lat="45.72144" lon="6.76202"><ele>1797.36</ele></trkpt><trkpt lat="45.721492338084495" lon="6.762075821032129"><ele>1796.779951607253</ele></trkpt><trkpt lat="45.72154000000001" lon="6.7621400000000005"><ele>1796.03</ele></trkpt><trkpt lat="45.72158445516456" lon="6.762207379970959"><ele>1795.6105782424393</ele></trkpt><trkpt lat="45.72162735874046" lon="6.762276955286777"><ele>1795.1872424839053</ele></trkpt><trkpt lat="45.72167003473618" lon="6.762346840617115"><ele>1794.8306176041513</ele></trkpt><trkpt lat="45.721713807155965" lon="6.762415150631635"><ele>1794.6113284829316</ele></trkpt><trkpt lat="45.72176000000002" lon="6.762480000000001"><ele>1794.6</ele></trkpt><trkpt lat="45.72181250826116" lon="6.762542665702617"><ele>1794.8753306761641</ele></trkpt><trkpt lat="45.72186765916297" lon="6.762600760419211"><ele>1795.3834613105594</ele></trkpt><trkpt lat="45.72192355593048" lon="6.762657522284498"><ele>1796.0159266068722</ele></trkpt><trkpt lat="45.721978301796184" lon="6.762716189433189"><ele>1796.6642612687901</ele></trkpt><trkpt lat="45.72202999999999" lon="6.76278"><ele>1797.22</ele></trkpt><trkpt lat="45.722083427511535" lon="6.762860340560648"><ele>1797.7417802899943</ele></trkpt><trkpt lat="45.72213291280509" lon="6.762946010043263"><ele>1798.2300976193014</ele></trkpt><trkpt lat="45.7221809416983" lon="6.763033674504246"><ele>1798.680866138958</ele></trkpt><trkpt lat="45.722229999999996" lon="6.763120000000001"><ele>1799.09</ele></trkpt><trkpt lat="45.72228342963136" lon="6.763212111076253"><ele>1799.4394229638574</ele></trkpt><trkpt lat="45.722339999999996" lon="6.763300000000001"><ele>1799.6</ele></trkpt><trkpt lat="45.72239294348233" lon="6.763363763668746"><ele>1799.438177308667</ele></trkpt><trkpt lat="45.72245" lon="6.76342"><ele>1799.23</ele></trkpt><trkpt lat="45.722508605787475" lon="6.7634688624271115"><ele>1799.2403478370884</ele></trkpt><trkpt lat="45.72256999999999" lon="6.76351"><ele>1799.36</ele></trkpt><trkpt lat="45.722642491284425" lon="6.763547766487254"><ele>1799.6311886155595</ele></trkpt><trkpt lat="45.72271611834936" lon="6.763581439921874"><ele>1799.9779965613416</ele></trkpt><trkpt lat="45.72278918623742" lon="6.763616893395557"><ele>1800.2433062264527</ele></trkpt><trkpt lat="45.72285999999999" lon="6.76366"><ele>1800.27</ele></trkpt><trkpt lat="45.72292076039042" lon="6.763702980616106"><ele>1800.1005889742435</ele></trkpt><trkpt lat="45.72298150751537" lon="6.763746297884325"><ele>1799.8588895661192</ele></trkpt><trkpt lat="45.723042046540776" lon="6.763790321506783"><ele>1799.562724168449</ele></trkpt><trkpt lat="45.72310218263346" lon="6.763835421185623"><ele>1799.2299151740553</ele></trkpt><trkpt lat="45.72316172096102" lon="6.763881966622962"><ele>1798.8782849757595</ele></trkpt><trkpt lat="45.72322046669186" lon="6.76393032752094"><ele>1798.525655966384</ele></trkpt><trkpt lat="45.72327822499518" lon="6.763980873581685"><ele>1798.1898505387512</ele></trkpt><trkpt lat="45.723334801041" lon="6.764033974507328"><ele>1797.8886910856825</ele></trkpt><trkpt lat="45.72339" lon="6.76409"><ele>1797.64</ele></trkpt><trkpt lat="45.723442053440394" lon="6.764150420832369"><ele>1797.4652173673592</ele></trkpt><trkpt lat="45.72349081087678" lon="6.764216255036964"><ele>1797.3536099103385</ele></trkpt><trkpt lat="45.72353726779848" lon="6.764285884709694"><ele>1797.279657621522</ele></trkpt><trkpt lat="45.723582419691034" lon="6.764357691946456"><ele>1797.2178404934948</ele></trkpt><trkpt lat="45.723627262036686" lon="6.764430058843158"><ele>1797.1426385188422</ele></trkpt><trkpt lat="45.723672790314424" lon="6.764501367495705"><ele>1797.028531690149</ele></trkpt><trkpt lat="45.72372000000001" lon="6.76457"><ele>1796.85</ele></trkpt><trkpt lat="45.72376959503618" lon="6.764640367506307"><ele>1796.5973089343481</ele></trkpt><trkpt lat="45.7238183745506" lon="6.764712365922048"><ele>1796.3020426260048</ele></trkpt><trkpt lat="45.72386685049197" lon="6.764785018815118"><ele>1795.9763073645863</ele></trkpt><trkpt lat="45.723915534807105" lon="6.764857349753423"><ele>1795.632209439709</ele></trkpt><trkpt lat="45.723964939441025" lon="6.764928382304861"><ele>1795.2818551409887</ele></trkpt><trkpt lat="45.724015576337045" lon="6.764997140037337"><ele>1794.9373507580412</ele></trkpt><trkpt lat="45.724067957436404" lon="6.765062646518751"><ele>1794.6108025804836</ele></trkpt><trkpt lat="45.72412259467838" lon="6.765123925317005"><ele>1794.314316897931</ele></trkpt><trkpt lat="45.72418" lon="6.765180000000001"><ele>1794.06</ele></trkpt><trkpt lat="45.72423716648228" lon="6.7652122883471115"><ele>1793.9721372178997</ele></trkpt><trkpt lat="45.72430020541092" lon="6.765220762736493"><ele>1794.0345071883985</ele></trkpt><trkpt lat="45.72436564163021" lon="6.7652163557576275"><ele>1794.1171235646982</ele></trkpt><trkpt lat="45.72442999999999" lon="6.76521"><ele>1794.09</ele></trkpt><trkpt lat="45.72451999999999" lon="6.76516"><ele>1793.38</ele></trkpt><trkpt lat="45.724568426930844" lon="6.7650858728505145"><ele>1794.015050464485</ele></trkpt><trkpt lat="45.7246118423724" lon="6.765004609916522"><ele>1794.8932481112597</ele></trkpt><trkpt lat="45.72466000000001" lon="6.764929999999998"><ele>1795.4</ele></trkpt><trkpt lat="45.724769999999985" lon="6.764850000000001"><ele>1793.92</ele></trkpt><trkpt lat="45.72481636097178" lon="6.764772079981862"><ele>1793.996470120625</ele></trkpt><trkpt lat="45.724860000000014" lon="6.764690000000001"><ele>1794.07</ele></trkpt><trkpt lat="45.72490999999998" lon="6.76464"><ele>1792.87</ele></trkpt><trkpt lat="45.72498" lon="6.764630000000001"><ele>1792.6</ele></trkpt><trkpt lat="45.725040964537214" lon="6.764652577518172"><ele>1791.9511971892923</ele></trkpt><trkpt lat="45.72510108547776" lon="6.76467953901781"><ele>1791.2189884419192</ele></trkpt><trkpt lat="45.72516066367978" lon="6.764709231008541"><ele>1790.5347854735865</ele></trkpt><trkpt lat="45.72522000000001" lon="6.764739999999998"><ele>1790.03</ele></trkpt><trkpt lat="45.72525" lon="6.76477"><ele>1790.91</ele></trkpt><trkpt lat="45.725239999999985" lon="6.76492"><ele>1789.43</ele></trkpt><trkpt lat="45.725229999999996" lon="6.76505"><ele>1789.17</ele></trkpt><trkpt lat="45.72520035314376" lon="6.765140169456556"><ele>1789.1394530096072</ele></trkpt><trkpt lat="45.72516999999999" lon="6.76523"><ele>1789.18</ele></trkpt><trkpt lat="45.725149999999985" lon="6.76538"><ele>1789.4</ele></trkpt><trkpt lat="45.72516000000003" lon="6.76546"><ele>1789.34</ele></trkpt><trkpt lat="45.72519999999998" lon="6.765549999999999"><ele>1789.45</ele></trkpt><trkpt lat="45.72525168503258" lon="6.765613426556009"><ele>1789.2038905615102</ele></trkpt><trkpt lat="45.72530450742644" lon="6.765674928040777"><ele>1788.9495383615238</ele></trkpt><trkpt lat="45.72535801918515" lon="6.765735259900135"><ele>1788.6819680874942</ele></trkpt><trkpt lat="45.72541177231402" lon="6.765795177579908"><ele>1788.3962044268742</ele></trkpt><trkpt lat="45.725465318820035" lon="6.765855436525926"><ele>1788.0872720671166</ele></trkpt><trkpt lat="45.72551821071189" lon="6.765916792184012"><ele>1787.7501956956742</ele></trkpt><trkpt lat="45.72557" lon="6.76598"><ele>1787.38</ele></trkpt><trkpt lat="45.72562226923756" lon="6.7660487498320805"><ele>1786.9216635574696</ele></trkpt><trkpt lat="45.72567301384388" lon="6.766119907125761"><ele>1786.3835468167563</ele></trkpt><trkpt lat="45.72572298046724" lon="6.766192277437664"><ele>1785.805756673846</ele></trkpt><trkpt lat="45.7257729157531" lon="6.766264666324417"><ele>1785.228400024728</ele></trkpt><trkpt lat="45.725823566344275" lon="6.766335879342641"><ele>1784.6915837653892</ele></trkpt><trkpt lat="45.725875678880826" lon="6.766404722048961"><ele>1784.2354147918174</ele></trkpt><trkpt lat="45.72592999999999" lon="6.766470000000001"><ele>1783.9</ele></trkpt><trkpt lat="45.72598171756537" lon="6.766527432602046"><ele>1783.681238510717</ele></trkpt><trkpt lat="45.72603416743661" lon="6.766583494307559"><ele>1783.5047984437463</ele></trkpt><trkpt lat="45.72608726520134" lon="6.766638329819244"><ele>1783.3667893898273</ele></trkpt><trkpt lat="45.72614092644755" lon="6.766692083839788"><ele>1783.2633209397002</ele></trkpt><trkpt lat="45.72619506676345" lon="6.766744901071887"><ele>1783.190502684105</ele></trkpt><trkpt lat="45.72624960173767" lon="6.766796926218235"><ele>1783.1444442137818</ele></trkpt><trkpt lat="45.72630444695905" lon="6.766848303981528"><ele>1783.1212551194694</ele></trkpt><trkpt lat="45.72635951801682" lon="6.766899179064456"><ele>1783.1170449919084</ele></trkpt><trkpt lat="45.72641473050051" lon="6.766949696169715"><ele>1783.1279234218387</ele></trkpt><trkpt lat="45.72647000000001" lon="6.767000000000001"><ele>1783.15</ele></trkpt><trkpt lat="45.72652508159011" lon="6.767048924509065"><ele>1783.233898050582</ele></trkpt><trkpt lat="45.72658086349263" lon="6.767096237263799"><ele>1783.4096551501282</ele></trkpt><trkpt lat="45.72663729599607" lon="6.767141969727233"><ele>1783.6417075967415</ele></trkpt><trkpt lat="45.7266943293892" lon="6.767186153362392"><ele>1783.894491688523</ele></trkpt><trkpt lat="45.72675191396079" lon="6.767228819632305"><ele>1784.1324437235753</ele></trkpt><trkpt lat="45.726809999999986" lon="6.76727"><ele>1784.32</ele></trkpt><trkpt lat="45.72687847174208" lon="6.767315173996011"><ele>1784.457641298646</ele></trkpt><trkpt lat="45.72694809703287" lon="6.767356755566255"><ele>1784.5478377026475</ele></trkpt><trkpt lat="45.72701867380694" lon="6.7673949593533695"><ele>1784.6316152553254</ele></trkpt><trkpt lat="45.72709" lon="6.767430000000001"><ele>1784.75</ele></trkpt><trkpt lat="45.72715242244086" lon="6.767455166478949"><ele>1784.9226287670904</ele></trkpt><trkpt lat="45.727215966182754" lon="6.7674744275468885"><ele>1785.1317798952323</ele></trkpt><trkpt lat="45.727280000000015" lon="6.7674900000000004"><ele>1785.3</ele></trkpt><trkpt lat="45.7274" lon="6.767499999999999"><ele>1785.34</ele></trkpt><trkpt lat="45.72744000000001" lon="6.767449999999999"><ele>1785.8</ele></trkpt><trkpt lat="45.72744000000001" lon="6.767509999999999"><ele>1785.41</ele></trkpt><trkpt lat="45.727460000000015" lon="6.7676"><ele>1784.61</ele></trkpt><trkpt lat="45.72745355864986" lon="6.7676956351559605"><ele>1783.7939894752035</ele></trkpt><trkpt lat="45.72744000000001" lon="6.76779"><ele>1782.79</ele></trkpt><trkpt lat="45.72742575713089" lon="6.767880989634449"><ele>1781.3309566610799</ele></trkpt><trkpt lat="45.727409660658424" lon="6.767971144203839"><ele>1779.7122328200899</ele></trkpt><trkpt lat="45.727390000000014" lon="6.76806"><ele>1778.34</ele></trkpt><trkpt lat="45.72736119659339" lon="6.768163041779627"><ele>1777.1506288136075</ele></trkpt><trkpt lat="45.72732929304509" lon="6.768264536152924"><ele>1776.1429717837996</ele></trkpt><trkpt lat="45.72729774297234" lon="6.768366262449758"><ele>1775.1963288620918</ele></trkpt><trkpt lat="45.72727" lon="6.768470000000001"><ele>1774.19</ele></trkpt><trkpt lat="45.72725099048187" lon="6.768583669218679"><ele>1772.9573908042248</ele></trkpt><trkpt lat="45.72723999999998" lon="6.7687"><ele>1771.8</ele></trkpt><trkpt lat="45.72723999999998" lon="6.768820000000001"><ele>1771.23</ele></trkpt><trkpt lat="45.727242568091434" lon="6.768938021264062"><ele>1772.500033980703</ele></trkpt><trkpt lat="45.72725999999999" lon="6.76905"><ele>1773.9</ele></trkpt><trkpt lat="45.72730999999998" lon="6.769019999999999"><ele>1773.07</ele></trkpt><trkpt lat="45.7273766998928" lon="6.769036306902967"><ele>1773.1795042666893</ele></trkpt><trkpt lat="45.72744000000001" lon="6.769069999999999"><ele>1773.72</ele></trkpt><trkpt lat="45.72749616538307" lon="6.76911069309278"><ele>1774.540763487486</ele></trkpt><trkpt lat="45.727551458273496" lon="6.769153792825162"><ele>1775.4733275758344</ele></trkpt><trkpt lat="45.72760566847204" lon="6.769199546011154"><ele>1776.45750992044</ele></trkpt><trkpt lat="45.72765858578014" lon="6.769248199464762"><ele>1777.4331281766974</ele></trkpt><trkpt lat="45.72771000000001" lon="6.7693"><ele>1778.34</ele></trkpt><trkpt lat="45.72776285326304" lon="6.769364963628493"><ele>1779.2816157718116</ele></trkpt><trkpt lat="45.72781190578951" lon="6.769437241363542"><ele>1780.2074504746483</ele></trkpt><trkpt lat="45.72786053169057" lon="6.76951003728435"><ele>1781.0934772915798</ele></trkpt><trkpt lat="45.72791210506529" lon="6.769576555470104"><ele>1781.915669405674</ele></trkpt><trkpt lat="45.72796999999999" lon="6.76963"><ele>1782.65</ele></trkpt><trkpt lat="45.72803344179832" lon="6.769619922101532"><ele>1782.7483933604217</ele></trkpt><trkpt lat="45.728099999999976" lon="6.769580000000001"><ele>1782.62</ele></trkpt><trkpt lat="45.72817" lon="6.769580000000001"><ele>1783.27</ele></trkpt><trkpt lat="45.728231240106545" lon="6.769610445072982"><ele>1784.57358404233</ele></trkpt><trkpt lat="45.728290000000015" lon="6.7696499999999995"><ele>1786.01</ele></trkpt><trkpt lat="45.72838000000001" lon="6.769730000000001"><ele>1788.3</ele></trkpt><trkpt lat="45.72847000000001" lon="6.76977"><ele>1789.45</ele></trkpt><trkpt lat="45.72854057577541" lon="6.769771441189149"><ele>1789.4999403834515</ele></trkpt><trkpt lat="45.72861" lon="6.76978"><ele>1789.63</ele></trkpt><trkpt lat="45.7286732647482" lon="6.769813540172917"><ele>1790.3148729573606</ele></trkpt><trkpt lat="45.7287336116966" lon="6.769857192704325"><ele>1791.1958650311997</ele></trkpt><trkpt lat="45.728790000000004" lon="6.769910000000001"><ele>1792.13</ele></trkpt><trkpt lat="45.72885411541503" lon="6.769986629429545"><ele>1793.3356454580849</ele></trkpt><trkpt lat="45.728913361809425" lon="6.770071452668704"><ele>1794.5790585366426</ele></trkpt><trkpt lat="45.728970000000004" lon="6.77016"><ele>1795.71</ele></trkpt><trkpt lat="45.729016216426395" lon="6.770239875016323"><ele>1796.5768201274432</ele></trkpt><trkpt lat="45.729059678713575" lon="6.770323403454907"><ele>1797.4041838599856</ele></trkpt><trkpt lat="45.72910303279177" lon="6.770406994385328"><ele>1798.189137528806</ele></trkpt><trkpt lat="45.72914892458289" lon="6.770487056877165"><ele>1798.9287274650844</ele></trkpt><trkpt lat="45.7292" lon="6.77056"><ele>1799.62</ele></trkpt><trkpt lat="45.72925383656575" lon="6.770618045083095"><ele>1800.1767068291979</ele></trkpt><trkpt lat="45.729311942956784" lon="6.770667676870099"><ele>1800.6407809371156</ele></trkpt><trkpt lat="45.729372131060444" lon="6.770713286115557"><ele>1801.0705016304341</ele></trkpt><trkpt lat="45.729432212773" lon="6.77075926357401"><ele>1801.524148215835</ele></trkpt><trkpt lat="45.72949" lon="6.770810000000001"><ele>1802.06</ele></trkpt><trkpt lat="45.729557910769856" lon="6.770885081049666"><ele>1803.0814177458917</ele></trkpt><trkpt lat="45.729619999999976" lon="6.770970000000001"><ele>1804.1</ele></trkpt><trkpt lat="45.72966299559096" lon="6.771041938984046"><ele>1804.638065206911</ele></trkpt><trkpt lat="45.72970320656" lon="6.7711175814525095"><ele>1805.1037171766359</ele></trkpt><trkpt lat="45.72974431425179" lon="6.771191933194716"><ele>1805.5075105580427</ele></trkpt><trkpt lat="45.729790000000015" lon="6.77126"><ele>1805.86</ele></trkpt><trkpt lat="45.729899999999994" lon="6.77133"><ele>1805.98</ele></trkpt><trkpt lat="45.72995000000001" lon="6.771389999999999"><ele>1806.14</ele></trkpt><trkpt lat="45.729999048747445" lon="6.771464433541224"><ele>1806.4652472275657</ele></trkpt><trkpt lat="45.73003" lon="6.771550000000001"><ele>1807.09</ele></trkpt><trkpt lat="45.730035894482626" lon="6.77164828256585"><ele>1808.0931315162627</ele></trkpt><trkpt lat="45.73003781643732" lon="6.771746852800662"><ele>1809.1281121913119</ele></trkpt><trkpt lat="45.73003691005941" lon="6.771845633646267"><ele>1810.189105800574</ele></trkpt><trkpt lat="45.73003431954365" lon="6.771944548044484"><ele>1811.270276119475</ele></trkpt><trkpt lat="45.73003118908479" lon="6.772043518937141"><ele>1812.3657869234416</ele></trkpt><trkpt lat="45.730028662877814" lon="6.772142469266064"><ele>1813.4698019879006</ele></trkpt><trkpt lat="45.73002788511784" lon="6.772241321973075"><ele>1814.5764850882779</ele></trkpt><trkpt lat="45.73003" lon="6.77234"><ele>1815.68</ele></trkpt><trkpt lat="45.73004075397559" lon="6.772449218871078"><ele>1817.1007192080094</ele></trkpt><trkpt lat="45.730070000000026" lon="6.77255"><ele>1818.25</ele></trkpt><trkpt lat="45.7301129674144" lon="6.7726175008923155"><ele>1818.4850831003214</ele></trkpt><trkpt lat="45.730163859460085" lon="6.772675698557528"><ele>1818.4218081983263</ele></trkpt><trkpt lat="45.73020999999999" lon="6.772740000000001"><ele>1818.6</ele></trkpt><trkpt lat="45.73025000000003" lon="6.772879999999999"><ele>1820.43</ele></trkpt><trkpt lat="45.73030376401723" lon="6.772950797762626"><ele>1821.186715548059</ele></trkpt><trkpt lat="45.730362952248974" lon="6.773013658079216"><ele>1821.7971273723701</ele></trkpt><trkpt lat="45.73042000000001" lon="6.77308"><ele>1822.42</ele></trkpt><trkpt lat="45.73047842540386" lon="6.773177722571496"><ele>1823.23404327249</ele></trkpt><trkpt lat="45.730539999999976" lon="6.773269999999999"><ele>1824.13</ele></trkpt><trkpt lat="45.73061401046503" lon="6.7733221167449775"><ele>1825.116734462105</ele></trkpt><trkpt lat="45.73069000000001" lon="6.77337"><ele>1826.18</ele></trkpt><trkpt lat="45.73075836113814" lon="6.773439056832977"><ele>1827.3537956239904</ele></trkpt><trkpt lat="45.73081999999999" lon="6.773520000000001"><ele>1828.42</ele></trkpt><trkpt lat="45.73086700401088" lon="6.77359742468477"><ele>1829.1042809177363</ele></trkpt><trkpt lat="45.73091112205989" lon="6.773678505665748"><ele>1829.7034808442743</ele></trkpt><trkpt lat="45.730954679080774" lon="6.773760333813852"><ele>1830.2759403486752</ele></trkpt><trkpt lat="45.73099999999999" lon="6.773839999999999"><ele>1830.88</ele></trkpt><trkpt lat="45.731046007465395" lon="6.773914190687192"><ele>1831.4913982605078</ele></trkpt><trkpt lat="45.73109293600699" lon="6.773987214851987"><ele>1832.097456034281</ele></trkpt><trkpt lat="45.73114029257677" lon="6.774059690180028"><ele>1832.7087592082191</ele></trkpt><trkpt lat="45.7311875841284" lon="6.7741322343569506"><ele>1833.3358936692193</ele></trkpt><trkpt lat="45.73123431761716" lon="6.774205465068395"><ele>1833.9894453041802</ele></trkpt><trkpt lat="45.731280000000005" lon="6.77428"><ele>1834.68</ele></trkpt><trkpt lat="45.73132503781962" lon="6.774369956439855"><ele>1835.7065878154522</ele></trkpt><trkpt lat="45.731370000000005" lon="6.77446"><ele>1836.74</ele></trkpt><trkpt lat="45.73141742936036" lon="6.774533846620664"><ele>1837.2896088560606</ele></trkpt><trkpt lat="45.73146999999999" lon="6.774600000000001"><ele>1837.75</ele></trkpt><trkpt lat="45.73152295943736" lon="6.7746500981427955"><ele>1838.263969301218</ele></trkpt><trkpt lat="45.731580000000015" lon="6.77469"><ele>1838.83</ele></trkpt><trkpt lat="45.731638460477875" lon="6.774723790763868"><ele>1839.4303829235898</ele></trkpt><trkpt lat="45.731697288532644" lon="6.774756267369867"><ele>1840.0284519013474</ele></trkpt><trkpt lat="45.731756372531834" lon="6.774787824970475"><ele>1840.6268242634828</ele></trkpt><trkpt lat="45.731815600843454" lon="6.774818858718181"><ele>1841.2281173402062</ele></trkpt><trkpt lat="45.731874861835934" lon="6.774849763765463"><ele>1841.8349484617274</ele></trkpt><trkpt lat="45.73193404387821" lon="6.774880935264804"><ele>1842.4499349582575</ele></trkpt><trkpt lat="45.73199303533965" lon="6.774912768368684"><ele>1843.0756941600062</ele></trkpt><trkpt lat="45.73205172459015" lon="6.774945658229589"><ele>1843.7148433971836</ele></trkpt><trkpt lat="45.732110000000006" lon="6.7749799999999984"><ele>1844.37</ele></trkpt><trkpt lat="45.73218999999999" lon="6.77506"><ele>1845.81</ele></trkpt><trkpt lat="45.73223572653219" lon="6.775130853668849"><ele>1846.6231667373656</ele></trkpt><trkpt lat="45.73228163413929" lon="6.775201605967993"><ele>1847.414677259816</ele></trkpt><trkpt lat="45.73232751103939" lon="6.775272473772"><ele>1848.1914720864975</ele></trkpt><trkpt lat="45.73237314545111" lon="6.775343673955438"><ele>1848.9604917365557</ele></trkpt><trkpt lat="45.73241832559394" lon="6.775415423392877"><ele>1849.7286767291369</ele></trkpt><trkpt lat="45.73246283968798" lon="6.775487938958886"><ele>1850.5029675833873</ele></trkpt><trkpt lat="45.73250647595392" lon="6.775561437528035"><ele>1851.2903048184526</ele></trkpt><trkpt lat="45.73254902261316" lon="6.775636135974889"><ele>1852.0976289534792</ele></trkpt><trkpt lat="45.73259026788771" lon="6.775712251174022"><ele>1852.931880507613</ele></trkpt><trkpt lat="45.73263" lon="6.775789999999998"><ele>1853.8</ele></trkpt><trkpt lat="45.7326455428512" lon="6.775899421956354"><ele>1855.2235782770274</ele></trkpt><trkpt lat="45.73266000000002" lon="6.776010000000001"><ele>1856.53</ele></trkpt><trkpt lat="45.73272632363439" lon="6.776089300723345"><ele>1856.836857107758</ele></trkpt><trkpt lat="45.73280000000001" lon="6.776159999999999"><ele>1856.95</ele></trkpt><trkpt lat="45.73284705369544" lon="6.776228149822876"><ele>1857.3615217108588</ele></trkpt><trkpt lat="45.732892605342364" lon="6.776298397693483"><ele>1857.817341243447</ele></trkpt><trkpt lat="45.732937288290046" lon="6.776369854818611"><ele>1858.3017184196976</ele></trkpt><trkpt lat="45.73298173588559" lon="6.776441632405041"><ele>1858.798913061545</ele></trkpt><trkpt lat="45.73302658147406" lon="6.776512841659559"><ele>1859.293184990922</ele></trkpt><trkpt lat="45.73307245839855" lon="6.776582593788951"><ele>1859.7687940297626</ele></trkpt><trkpt lat="45.73311999999998" lon="6.776649999999999"><ele>1860.21</ele></trkpt><trkpt lat="45.73322000000002" lon="6.776730000000001"><ele>1860.57</ele></trkpt><trkpt lat="45.73331000000002" lon="6.776830000000001"><ele>1860.73</ele></trkpt><trkpt lat="45.73335423647532" lon="6.776908993726999"><ele>1861.5438366227</ele></trkpt><trkpt lat="45.73339527397386" lon="6.776991730461745"><ele>1862.5412947781106</ele></trkpt><trkpt lat="45.733439999999995" lon="6.777070000000001"><ele>1863.44</ele></trkpt><trkpt lat="45.733529999999995" lon="6.777160000000001"><ele>1864.13</ele></trkpt><trkpt lat="45.73359999999999" lon="6.7772"><ele>1864.5</ele></trkpt><trkpt lat="45.733666814986094" lon="6.77720973849871"><ele>1864.1371398823546</ele></trkpt><trkpt lat="45.7337340881057" lon="6.777214739819338"><ele>1863.662995566868</ele></trkpt><trkpt lat="45.733799999999995" lon="6.777229999999999"><ele>1863.64</ele></trkpt><trkpt lat="45.73386105724808" lon="6.777257214526825"><ele>1864.147874161624</ele></trkpt><trkpt lat="45.73392102009208" lon="6.777288951820984"><ele>1864.8623000924933</ele></trkpt><trkpt lat="45.73398039216226" lon="6.777323155448932"><ele>1865.6880017171866</ele></trkpt><trkpt lat="45.73403967708668" lon="6.777357768977116"><ele>1866.5297029602827</ele></trkpt><trkpt lat="45.73409937849136" lon="6.777390735971989"><ele>1867.2921277463608</ele></trkpt><trkpt lat="45.73416000000002" lon="6.77742"><ele>1867.88</ele></trkpt><trkpt lat="45.734223602833616" lon="6.7774363763733065"><ele>1867.9999458041725</ele></trkpt><trkpt lat="45.734288404991084" lon="6.777445962930845"><ele>1867.7992128493734</ele></trkpt><trkpt lat="45.734350000000006" lon="6.777470000000001"><ele>1867.85</ele></trkpt><trkpt lat="45.73440076019292" lon="6.777537903912172"><ele>1868.7536018388464</ele></trkpt><trkpt lat="45.73445000000002" lon="6.77761"><ele>1869.7</ele></trkpt><trkpt lat="45.7345082716829" lon="6.777654655292845"><ele>1870.130060353483</ele></trkpt><trkpt lat="45.734568068912594" lon="6.777695116984859"><ele>1870.5056574532587</ele></trkpt><trkpt lat="45.73462876602213" lon="6.7777331336888125"><ele>1870.830120633563</ele></trkpt><trkpt lat="45.734689737347175" lon="6.777770454017474"><ele>1871.106779228631</ele></trkpt><trkpt lat="45.7347503572261" lon="6.7778088265836125"><ele>1871.3389625726982</ele></trkpt><trkpt lat="45.73481000000002" lon="6.77785"><ele>1871.53</ele></trkpt><trkpt lat="45.73487862136556" lon="6.777901965024341"><ele>1871.5555146855909</ele></trkpt><trkpt lat="45.73494567521656" lon="6.777958020451737"><ele>1871.402657071127</ele></trkpt><trkpt lat="45.735009999999996" lon="6.77802"><ele>1871.33</ele></trkpt><trkpt lat="45.735019999999984" lon="6.77807"><ele>1871.71</ele></trkpt><trkpt lat="45.735025089196164" lon="6.778169347871096"><ele>1870.908386626535</ele></trkpt><trkpt lat="45.73502927667855" lon="6.778268808951433"><ele>1869.9530021241073</ele></trkpt><trkpt lat="45.73505" lon="6.77836"><ele>1869.23</ele></trkpt><trkpt lat="45.73509226308725" lon="6.77843485627058"><ele>1869.014793212831</ele></trkpt><trkpt lat="45.735147559428654" lon="6.778492962710937"><ele>1869.0800824430444</ele></trkpt><trkpt lat="45.735209999999995" lon="6.77853"><ele>1869.1</ele></trkpt><trkpt lat="45.735279999999996" lon="6.778450000000001"><ele>1868.83</ele></trkpt><trkpt lat="45.73537999999998" lon="6.778379999999999"><ele>1869.85</ele></trkpt><trkpt lat="45.73545999999997" lon="6.778260000000002"><ele>1869.78</ele></trkpt><trkpt lat="45.73556000000001" lon="6.7782100000000005"><ele>1870.84</ele></trkpt><trkpt lat="45.735634529939894" lon="6.778189879065941"><ele>1871.461408137363</ele></trkpt><trkpt lat="45.73570999999999" lon="6.77818"><ele>1871.84</ele></trkpt><trkpt lat="45.73579999999999" lon="6.7782"><ele>1871.23</ele></trkpt><trkpt lat="45.73581999999999" lon="6.77825"><ele>1871.81</ele></trkpt><trkpt lat="45.73581999999999" lon="6.77835"><ele>1874.46</ele></trkpt><trkpt lat="45.735859999999995" lon="6.77841"><ele>1874.82</ele></trkpt><trkpt lat="45.735859999999995" lon="6.77849"><ele>1876.42</ele></trkpt><trkpt lat="45.73592113793563" lon="6.778558862576207"><ele>1876.7363545576948</ele></trkpt><trkpt lat="45.735979999999984" lon="6.778630000000001"><ele>1877.15</ele></trkpt><trkpt lat="45.735995337787855" lon="6.778719701855041"><ele>1878.7168576892986</ele></trkpt><trkpt lat="45.73601" lon="6.77881"><ele>1880.32</ele></trkpt><trkpt lat="45.7361" lon="6.7789"><ele>1880.64</ele></trkpt><trkpt lat="45.73611999999998" lon="6.7790300000000006"><ele>1882.49</ele></trkpt><trkpt lat="45.73610999999999" lon="6.77909"><ele>1884.91</ele></trkpt><trkpt lat="45.73613940611503" lon="6.779200075530342"><ele>1886.0461485150668</ele></trkpt><trkpt lat="45.73617000000002" lon="6.77931"><ele>1886.89</ele></trkpt><trkpt lat="45.73617000000002" lon="6.779390000000001"><ele>1888.09</ele></trkpt><trkpt lat="45.736140000000006" lon="6.779399999999999"><ele>1889.14</ele></trkpt><trkpt lat="45.736040000000024" lon="6.779319999999999"><ele>1890.34</ele></trkpt><trkpt lat="45.73597074357244" lon="6.779297758188379"><ele>1891.3199630074178</ele></trkpt><trkpt lat="45.73590052083738" lon="6.779281909677916"><ele>1892.3467377764941</ele></trkpt><trkpt lat="45.73583003768278" lon="6.779267606328497"><ele>1893.3751436573236</ele></trkpt><trkpt lat="45.735760000000006" lon="6.77925"><ele>1894.36</ele></trkpt><trkpt lat="45.73563999999999" lon="6.7792"><ele>1895.79</ele></trkpt><trkpt lat="45.73554999999999" lon="6.7792"><ele>1897.16</ele></trkpt><trkpt lat="45.735490000000006" lon="6.779149999999999"><ele>1896.2</ele></trkpt><trkpt lat="45.73545000000003" lon="6.779149999999999"><ele>1896.27</ele></trkpt><trkpt lat="45.73542000000001" lon="6.77917"><ele>1897.78</ele></trkpt><trkpt lat="45.73542000000001" lon="6.7792"><ele>1897.78</ele></trkpt><trkpt lat="45.73547858895877" lon="6.779245323734254"><ele>1899.576244126629</ele></trkpt><trkpt lat="45.73552999999999" lon="6.779299999999999"><ele>1901.31</ele></trkpt><trkpt lat="45.73556426375019" lon="6.779384679515634"><ele>1902.8472672207893</ele></trkpt><trkpt lat="45.73559340392348" lon="6.77947361005069"><ele>1904.3370685236478</ele></trkpt><trkpt lat="45.73561998408154" lon="6.779564699485912"><ele>1905.7778231807863</ele></trkpt><trkpt lat="45.7356465677805" lon="6.77965585570204"><ele>1907.167950464417</ele></trkpt><trkpt lat="45.73567571857148" lon="6.779744986579822"><ele>1908.5058696467509</ele></trkpt><trkpt lat="45.73570999999999" lon="6.77983"><ele>1909.79</ele></trkpt><trkpt lat="45.7357532866721" lon="6.7799018469816135"><ele>1910.7924756253</ele></trkpt><trkpt lat="45.73580556843411" lon="6.7799628145567015"><ele>1911.5436763669104</ele></trkpt><trkpt lat="45.735859999999995" lon="6.78002"><ele>1912.31</ele></trkpt><trkpt lat="45.735949999999995" lon="6.78009"><ele>1913.68</ele></trkpt><trkpt lat="45.73599999999999" lon="6.7801800000000005"><ele>1914.75</ele></trkpt><trkpt lat="45.73601153382932" lon="6.7802762787179045"><ele>1915.9809272515345</ele></trkpt><trkpt lat="45.736016595021" lon="6.780374590165578"><ele>1917.2523848907754</ele></trkpt><trkpt lat="45.736030000000035" lon="6.780469999999999"><ele>1918.48</ele></trkpt><trkpt lat="45.7361" lon="6.78059"><ele>1919.98</ele></trkpt><trkpt lat="45.73617999999996" lon="6.78068"><ele>1920.81</ele></trkpt><trkpt lat="45.73622774006823" lon="6.780758725102616"><ele>1921.9965545130456</ele></trkpt><trkpt lat="45.736273823495964" lon="6.780839406180967"><ele>1923.287984616189</ele></trkpt><trkpt lat="45.73631917074544" lon="6.780920958722469"><ele>1924.617667262944</ele></trkpt><trkpt lat="45.736364702275715" lon="6.781002298214533"><ele>1925.918979406822</ele></trkpt><trkpt lat="45.73641133854291" lon="6.781082340144572"><ele>1927.1252980013367</ele></trkpt><trkpt lat="45.73646" lon="6.78116"><ele>1928.17</ele></trkpt><trkpt lat="45.73651133353994" lon="6.781226160256311"><ele>1928.6942993025941</ele></trkpt><trkpt lat="45.73656666764022" lon="6.7812864930371655"><ele>1928.830739908048</ele></trkpt><trkpt lat="45.73662000000002" lon="6.781350000000001"><ele>1929.1</ele></trkpt><trkpt lat="45.736629999999984" lon="6.78139"><ele>1929.89</ele></trkpt><trkpt lat="45.736609999999985" lon="6.781419999999999"><ele>1931.39</ele></trkpt><trkpt lat="45.73649000000002" lon="6.7814"><ele>1934.03</ele></trkpt><trkpt lat="45.736419999999995" lon="6.781419999999999"><ele>1935.27</ele></trkpt><trkpt lat="45.73634718953563" lon="6.7814057849714935"><ele>1936.3496293067585</ele></trkpt><trkpt lat="45.73627482305191" lon="6.781386419799037"><ele>1937.3696442450541</ele></trkpt><trkpt lat="45.7362025450427" lon="6.781366344727062"><ele>1938.4398370608228</ele></trkpt><trkpt lat="45.736129999999996" lon="6.781350000000001"><ele>1939.67</ele></trkpt><trkpt lat="45.73606254042612" lon="6.7813410701894705"><ele>1941.095068385229</ele></trkpt><trkpt lat="45.73599498226133" lon="6.781335718323074"><ele>1942.7204217677634</ele></trkpt><trkpt lat="45.73592743296573" lon="6.781330007295141"><ele>1944.310564266416</ele></trkpt><trkpt lat="45.735859999999995" lon="6.78132"><ele>1945.63</ele></trkpt><trkpt lat="45.73578980959174" lon="6.781302350955045"><ele>1946.5534863135892</ele></trkpt><trkpt lat="45.735719980021614" lon="6.781280366769985"><ele>1947.1911822711663</ele></trkpt><trkpt lat="45.735650160441125" lon="6.781258199199932"><ele>1947.8157870931605</ele></trkpt><trkpt lat="45.735580000000006" lon="6.78124"><ele>1948.7</ele></trkpt><trkpt lat="45.735479999999995" lon="6.78124"><ele>1951.59</ele></trkpt><trkpt lat="45.73541620526465" lon="6.781213144763722"><ele>1952.4877691319205</ele></trkpt><trkpt lat="45.73535350483764" lon="6.781179732599033"><ele>1953.1003043662467</ele></trkpt><trkpt lat="45.735290000000006" lon="6.78115"><ele>1953.6</ele></trkpt><trkpt lat="45.735189999999996" lon="6.78113"><ele>1953.84</ele></trkpt><trkpt lat="45.73512594435329" lon="6.781144282387079"><ele>1954.8999507161352</ele></trkpt><trkpt lat="45.73506283002169" lon="6.7811659445114065"><ele>1956.1751473904662</ele></trkpt><trkpt lat="45.73500000000001" lon="6.78119"><ele>1957.26</ele></trkpt><trkpt lat="45.734949999999984" lon="6.78122"><ele>1957.1</ele></trkpt><trkpt lat="45.73498" lon="6.781299999999999"><ele>1959.94</ele></trkpt><trkpt lat="45.73506435845747" lon="6.7813462825247575"><ele>1961.2232455206954</ele></trkpt><trkpt lat="45.73515000000001" lon="6.78139"><ele>1962.16</ele></trkpt><trkpt lat="45.7352106995804" lon="6.781453344019023"><ele>1963.296882804178</ele></trkpt><trkpt lat="45.73527000000001" lon="6.7815199999999995"><ele>1964.53</ele></trkpt><trkpt lat="45.73532943226556" lon="6.781571378602869"><ele>1965.6858335984996</ele></trkpt><trkpt lat="45.7353896982794" lon="6.781620768895514"><ele>1966.85072148577</ele></trkpt><trkpt lat="45.73545034304919" lon="6.781669248529746"><ele>1968.0216228656827</ele></trkpt><trkpt lat="45.73551091158454" lon="6.781717895157367"><ele>1969.1954969421106</ele></trkpt><trkpt lat="45.735570948896985" lon="6.781767786430183"><ele>1970.3693029189258</ele></trkpt><trkpt lat="45.73563000000003" lon="6.781820000000001"><ele>1971.54</ele></trkpt><trkpt lat="45.735702440915446" lon="6.781895469512348"><ele>1973.0522455089013</ele></trkpt><trkpt lat="45.735769999999995" lon="6.78198"><ele>1974.53</ele></trkpt><trkpt lat="45.73581671151003" lon="6.7820425476120265"><ele>1975.4269913474013</ele></trkpt><trkpt lat="45.73586129412011" lon="6.782108182615579"><ele>1976.2950000467595</ele></trkpt><trkpt lat="45.73590000000003" lon="6.782180000000001"><ele>1977.46</ele></trkpt><trkpt lat="45.735869999999984" lon="6.7822"><ele>1978.65</ele></trkpt><trkpt lat="45.73580928681094" lon="6.78215580677005"><ele>1979.703185755513</ele></trkpt><trkpt lat="45.73575074784768" lon="6.78210460201716"><ele>1980.5759988873633</ele></trkpt><trkpt lat="45.735689999999984" lon="6.78206"><ele>1981.39</ele></trkpt><trkpt lat="45.73562611473381" lon="6.782033422379998"><ele>1982.0030181842578</ele></trkpt><trkpt lat="45.73556000000001" lon="6.782020000000001"><ele>1982.69</ele></trkpt><trkpt lat="45.73548501125622" lon="6.782016052108495"><ele>1983.9635130551937</ele></trkpt><trkpt lat="45.735409999999995" lon="6.782020000000001"><ele>1985.42</ele></trkpt><trkpt lat="45.73533750956014" lon="6.782026836980137"><ele>1986.9248574292142</ele></trkpt><trkpt lat="45.7352651607039" lon="6.782035779540156"><ele>1988.512239467655</ele></trkpt><trkpt lat="45.735192731496" lon="6.782044332330097"><ele>1989.9910017722682</ele></trkpt><trkpt lat="45.735119999999995" lon="6.782050000000001"><ele>1991.17</ele></trkpt><trkpt lat="45.73504984325501" lon="6.782049765101275"><ele>1991.2908874864897</ele></trkpt><trkpt lat="45.73498" lon="6.782039999999999"><ele>1991.11</ele></trkpt><trkpt lat="45.73490967974962" lon="6.782018861109833"><ele>1991.5534596231469</ele></trkpt><trkpt lat="45.734840044452916" lon="6.781992989898189"><ele>1992.151082089613</ele></trkpt><trkpt lat="45.73476999999998" lon="6.781970000000001"><ele>1992.79</ele></trkpt><trkpt lat="45.73471999999999" lon="6.781970000000001"><ele>1993.4</ele></trkpt><trkpt lat="45.73468999999997" lon="6.7820100000000005"><ele>1994.65</ele></trkpt><trkpt lat="45.73478999999999" lon="6.782099999999999"><ele>1997.14</ele></trkpt><trkpt lat="45.7348" lon="6.78214"><ele>1998.34</ele></trkpt><trkpt lat="45.73478" lon="6.782180000000001"><ele>1999.99</ele></trkpt><trkpt lat="45.73471000000001" lon="6.78215"><ele>1998.81</ele></trkpt><trkpt lat="45.73470000000002" lon="6.7822"><ele>2000.13</ele></trkpt><trkpt lat="45.73471999999999" lon="6.782240000000001"><ele>2001.56</ele></trkpt><trkpt lat="45.73481000000002" lon="6.78231"><ele>2004.84</ele></trkpt><trkpt lat="45.7348" lon="6.782349999999999"><ele>2006.51</ele></trkpt><trkpt lat="45.734739999999995" lon="6.78236"><ele>2005.84</ele></trkpt><trkpt lat="45.73471999999999" lon="6.78238"><ele>2005.49</ele></trkpt><trkpt lat="45.734759999999994" lon="6.782439999999999"><ele>2008.72</ele></trkpt><trkpt lat="45.734829999999995" lon="6.78249"><ele>2011.73</ele></trkpt><trkpt lat="45.73490281864854" lon="6.782512284368234"><ele>2013.385798811145</ele></trkpt><trkpt lat="45.7349766230262" lon="6.782529731930618"><ele>2014.8010726651628</ele></trkpt><trkpt lat="45.73505" lon="6.78255"><ele>2016.23</ele></trkpt><trkpt lat="45.73512092076673" lon="6.782575806809985"><ele>2017.7763532634174</ele></trkpt><trkpt lat="45.735189999999996" lon="6.78261"><ele>2019.26</ele></trkpt><trkpt lat="45.735199999999985" lon="6.782640000000001"><ele>2019.26</ele></trkpt><trkpt lat="45.73518000000003" lon="6.7826699999999995"><ele>2021.29</ele></trkpt><trkpt lat="45.73513000000001" lon="6.7826499999999985"><ele>2021.59</ele></trkpt><trkpt lat="45.73505864810881" lon="6.782656402748974"><ele>2021.1267389254108</ele></trkpt><trkpt lat="45.73499000000002" lon="6.782679999999999"><ele>2021.16</ele></trkpt><trkpt lat="45.73493875974606" lon="6.782731763959162"><ele>2022.9797327672256</ele></trkpt><trkpt lat="45.73489" lon="6.782790000000002"><ele>2025.06</ele></trkpt><trkpt lat="45.734829999999995" lon="6.782820000000001"><ele>2025.22</ele></trkpt><trkpt lat="45.734749999999984" lon="6.78281"><ele>2021.86</ele></trkpt><trkpt lat="45.734749999999984" lon="6.78285"><ele>2022.93</ele></trkpt><trkpt lat="45.73481000000002" lon="6.782909999999999"><ele>2027.08</ele></trkpt><trkpt lat="45.73489" lon="6.782919999999999"><ele>2029.85</ele></trkpt><trkpt lat="45.735009999999996" lon="6.7828800000000005"><ele>2030.71</ele></trkpt><trkpt lat="45.73507609536853" lon="6.7828971563815985"><ele>2031.1333821025692</ele></trkpt><trkpt lat="45.73514" lon="6.7829299999999995"><ele>2031.65</ele></trkpt><trkpt lat="45.73525" lon="6.783010000000001"><ele>2033.27</ele></trkpt><trkpt lat="45.73530524300492" lon="6.783066577303636"><ele>2034.6982245984393</ele></trkpt><trkpt lat="45.73535841603161" lon="6.783126922627658"><ele>2036.2818909836874</ele></trkpt><trkpt lat="45.735409999999995" lon="6.78319"><ele>2037.87</ele></trkpt><trkpt lat="45.73546279231149" lon="6.783256216758752"><ele>2039.4169998189518</ele></trkpt><trkpt lat="45.735513896686015" lon="6.7833250411652095"><ele>2040.9654534644415</ele></trkpt><trkpt lat="45.73556000000001" lon="6.7834"><ele>2042.64</ele></trkpt><trkpt lat="45.735599213182766" lon="6.783496354519052"><ele>2044.9331512594772</ele></trkpt><trkpt lat="45.73563000000003" lon="6.7836"><ele>2047.08</ele></trkpt><trkpt lat="45.735656865642056" lon="6.783691357522162"><ele>2048.4032666484204</ele></trkpt><trkpt lat="45.73568285047254" lon="6.783783506320564"><ele>2049.5229777205654</ele></trkpt><trkpt lat="45.73570741006655" lon="6.7838764019586835"><ele>2050.6586999324277</ele></trkpt><trkpt lat="45.73572999999999" lon="6.78397"><ele>2052.03</ele></trkpt><trkpt lat="45.735745892369955" lon="6.78407007748094"><ele>2054.034224397961</ele></trkpt><trkpt lat="45.735760000000006" lon="6.78417"><ele>2056.56</ele></trkpt><trkpt lat="45.73578000000001" lon="6.784230000000001"><ele>2059.14</ele></trkpt><trkpt lat="45.735839389731346" lon="6.78429089924942"><ele>2059.6649243583306</ele></trkpt><trkpt lat="45.73590000000003" lon="6.78435"><ele>2060.01</ele></trkpt><trkpt lat="45.73596000000001" lon="6.784439999999999"><ele>2062.24</ele></trkpt><trkpt lat="45.736023574132695" lon="6.784429751263134"><ele>2062.7104771325944</ele></trkpt><trkpt lat="45.736086401351294" lon="6.78440101290244"><ele>2062.846002042483</ele></trkpt><trkpt lat="45.736149999999995" lon="6.7843800000000005"><ele>2063.2</ele></trkpt><trkpt lat="45.73619" lon="6.784409999999999"><ele>2064.55</ele></trkpt><trkpt lat="45.736219999999996" lon="6.78452"><ele>2066.94</ele></trkpt><trkpt lat="45.73628999999999" lon="6.7846"><ele>2069.21</ele></trkpt><trkpt lat="45.73641000000001" lon="6.7846400000000004"><ele>2070.2</ele></trkpt><trkpt lat="45.736519999999985" lon="6.784709999999999"><ele>2072.35</ele></trkpt><trkpt lat="45.73658" lon="6.7846400000000004"><ele>2070.64</ele></trkpt><trkpt lat="45.73665694349912" lon="6.784657600277923"><ele>2071.3191361439003</ele></trkpt><trkpt lat="45.73673" lon="6.7847"><ele>2072.84</ele></trkpt><trkpt lat="45.736809999999984" lon="6.78479"><ele>2076.74</ele></trkpt><trkpt lat="45.73682999999999" lon="6.78487"><ele>2077.85</ele></trkpt><trkpt lat="45.73689117855985" lon="6.784891803098215"><ele>2078.68465041884</ele></trkpt><trkpt lat="45.736954463407145" lon="6.784902283195942"><ele>2079.4074824712015</ele></trkpt><trkpt lat="45.7370180165488" lon="6.784911621695698"><ele>2080.1240732879623</ele></trkpt><trkpt lat="45.737079999999985" lon="6.78493"><ele>2080.94</ele></trkpt><trkpt lat="45.73715199888341" lon="6.784965155965833"><ele>2082.050244951041</ele></trkpt><trkpt lat="45.73722250421083" lon="6.785006312118426"><ele>2083.2170465266718</ele></trkpt><trkpt lat="45.73729175743315" lon="6.785051812211806"><ele>2084.4428248389668</ele></trkpt><trkpt lat="45.737359999999995" lon="6.785099999999999"><ele>2085.73</ele></trkpt><trkpt lat="45.73744000000001" lon="6.785190000000001"><ele>2087.94</ele></trkpt><trkpt lat="45.737474542419065" lon="6.785268904764096"><ele>2089.367240118018</ele></trkpt><trkpt lat="45.73750461467451" lon="6.785352206822561"><ele>2090.789097076434</ele></trkpt><trkpt lat="45.737539999999996" lon="6.785429999999999"><ele>2092.3</ele></trkpt><trkpt lat="45.737629999999996" lon="6.78552"><ele>2095.24</ele></trkpt><trkpt lat="45.737709999999986" lon="6.785639999999999"><ele>2097.31</ele></trkpt><trkpt lat="45.73779" lon="6.78568"><ele>2098.93</ele></trkpt><trkpt lat="45.737899999999996" lon="6.785709999999999"><ele>2101.39</ele></trkpt><trkpt lat="45.737958751327746" lon="6.785745380832649"><ele>2102.7879967585245</ele></trkpt><trkpt lat="45.738016417621914" lon="6.785784452561741"><ele>2104.1869961744214</ele></trkpt><trkpt lat="45.738073708253694" lon="6.785824833874507"><ele>2105.577997211056</ele></trkpt><trkpt lat="45.73813133259129" lon="6.785864143458183"><ele>2106.951998831794</ele></trkpt><trkpt lat="45.738189999999996" lon="6.7859"><ele>2108.3</ele></trkpt><trkpt lat="45.73831000000001" lon="6.78594"><ele>2110.58</ele></trkpt><trkpt lat="45.738380000000014" lon="6.78601"><ele>2112.8</ele></trkpt><trkpt lat="45.73842633743491" lon="6.786080845754771"><ele>2115.3888105570263</ele></trkpt><trkpt lat="45.73847064541038" lon="6.786154170771419"><ele>2118.1348294094237</ele></trkpt><trkpt lat="45.73852000000001" lon="6.786219999999999"><ele>2120.68</ele></trkpt><trkpt lat="45.73861999999999" lon="6.78627"><ele>2123.09</ele></trkpt><trkpt lat="45.73870999999999" lon="6.786370000000001"><ele>2126.39</ele></trkpt><trkpt lat="45.738759999999985" lon="6.7865"><ele>2129.38</ele></trkpt><trkpt lat="45.73881067929199" lon="6.786555510046626"><ele>2130.850466359484</ele></trkpt><trkpt lat="45.73886547469368" lon="6.786603842929181"><ele>2132.2506833770067</ele></trkpt><trkpt lat="45.738920032744325" lon="6.786652754347146"><ele>2133.5105587060257</ele></trkpt><trkpt lat="45.73896999999998" lon="6.786710000000001"><ele>2134.56</ele></trkpt><trkpt lat="45.73902" lon="6.786859999999999"><ele>2134.56</ele></trkpt><trkpt lat="45.73899000000001" lon="6.787029999999999"><ele>2140.41</ele></trkpt><trkpt lat="45.738963699999985" lon="6.787038500000001"><ele>2140.69</ele></trkpt><trkpt lat="45.738963699999985" lon="6.787038500000001"><ele>2140.69</ele></trkpt><trkpt lat="45.73899000000001" lon="6.787029999999999"><ele>2140.41</ele></trkpt><trkpt lat="45.738990654653094" lon="6.787161856280473"><ele>2142.132233622728</ele></trkpt><trkpt lat="45.739" lon="6.78729"><ele>2143.62</ele></trkpt><trkpt lat="45.73903697623455" lon="6.787365406349941"><ele>2143.9834314688096</ele></trkpt><trkpt lat="45.73908578831409" lon="6.787430229949589"><ele>2144.0331811136325</ele></trkpt><trkpt lat="45.739129999999975" lon="6.7875"><ele>2144.39</ele></trkpt><trkpt lat="45.73915999999999" lon="6.78763"><ele>2146.77</ele></trkpt><trkpt lat="45.739204564360435" lon="6.787710323364928"><ele>2146.927942863921</ele></trkpt><trkpt lat="45.73924999999999" lon="6.787789999999999"><ele>2146.73</ele></trkpt><trkpt lat="45.73926999999999" lon="6.787880000000001"><ele>2146.77</ele></trkpt><trkpt lat="45.73933999999999" lon="6.788"><ele>2145.56</ele></trkpt><trkpt lat="45.739372408742156" lon="6.788101845209753"><ele>2144.1328957186206</ele></trkpt><trkpt lat="45.739390000000036" lon="6.788210000000001"><ele>2143.22</ele></trkpt><trkpt lat="45.73936000000002" lon="6.788360000000001"><ele>2145.46</ele></trkpt><trkpt lat="45.73937999999997" lon="6.78847"><ele>2144.89</ele></trkpt><trkpt lat="45.73947" lon="6.78859"><ele>2144.41</ele></trkpt><trkpt lat="45.73953" lon="6.78874"><ele>2144.08</ele></trkpt><trkpt lat="45.739568391099404" lon="6.788848027117793"><ele>2143.0293138346838</ele></trkpt><trkpt lat="45.7396" lon="6.788959999999999"><ele>2142.21</ele></trkpt><trkpt lat="45.73960999999999" lon="6.78912"><ele>2143.49</ele></trkpt><trkpt lat="45.73965" lon="6.78928"><ele>2142.96</ele></trkpt><trkpt lat="45.73968663341608" lon="6.789353749521763"><ele>2143.5087703428408</ele></trkpt><trkpt lat="45.73973000000001" lon="6.789419999999999"><ele>2144.24</ele></trkpt><trkpt lat="45.739770000000014" lon="6.789450000000001"><ele>2144.46</ele></trkpt><trkpt lat="45.73982000000001" lon="6.789399999999998"><ele>2143.57</ele></trkpt><trkpt lat="45.73986865822248" lon="6.789324068562502"><ele>2143.0971983831287</ele></trkpt><trkpt lat="45.739915948278764" lon="6.789246095224901"><ele>2142.7398464368034</ele></trkpt><trkpt lat="45.739970000000014" lon="6.789179999999999"><ele>2142.77</ele></trkpt><trkpt lat="45.74008000000001" lon="6.789160000000001"><ele>2144.93</ele></trkpt><trkpt lat="45.740149997902044" lon="6.78918222781788"><ele>2147.866218887659</ele></trkpt><trkpt lat="45.74022000000001" lon="6.789199999999999"><ele>2150.83</ele></trkpt><trkpt lat="45.74030999999999" lon="6.78915"><ele>2152.52</ele></trkpt><trkpt lat="45.74036999999999" lon="6.789160000000001"><ele>2154.43</ele></trkpt><trkpt lat="45.74047999999999" lon="6.789199999999999"><ele>2158.04</ele></trkpt><trkpt lat="45.74054000000003" lon="6.789049999999999"><ele>2156.8</ele></trkpt><trkpt lat="45.740620000000014" lon="6.789089999999999"><ele>2159.21</ele></trkpt><trkpt lat="45.74068788412377" lon="6.789175567221897"><ele>2160.8897663573925</ele></trkpt><trkpt lat="45.74075999999996" lon="6.78925"><ele>2162.07</ele></trkpt><trkpt lat="45.74083404710279" lon="6.789254862345571"><ele>2162.0399967037642</ele></trkpt><trkpt lat="45.74090999999999" lon="6.78925"><ele>2162</ele></trkpt><trkpt lat="45.7409718225781" lon="6.789277910894198"><ele>2163.1091033958364</ele></trkpt><trkpt lat="45.74102999999998" lon="6.78932"><ele>2164.46</ele></trkpt><trkpt lat="45.74109319086529" lon="6.789373981656368"><ele>2165.4500701909365</ele></trkpt><trkpt lat="45.74115" lon="6.789439999999999"><ele>2166.44</ele></trkpt><trkpt lat="45.74119426724152" lon="6.789506663000756"><ele>2167.5085927648274</ele></trkpt><trkpt lat="45.74123719982914" lon="6.789575071562361"><ele>2168.6187601020483</ele></trkpt><trkpt lat="45.74127901858141" lon="6.789644917613951"><ele>2169.74724325292</ele></trkpt><trkpt lat="45.741319944316004" lon="6.789715893084663"><ele>2170.8707834586976</ele></trkpt><trkpt lat="45.74136019785008" lon="6.789787689903633"><ele>2171.966121960639</ele></trkpt><trkpt lat="45.74139999999999" lon="6.78986"><ele>2173.01</ele></trkpt><trkpt lat="45.741440000000026" lon="6.78997"><ele>2173.83</ele></trkpt><trkpt lat="45.741437407118035" lon="6.790080338234224"><ele>2175.5269821729007</ele></trkpt><trkpt lat="45.741427598074885" lon="6.790190765346752"><ele>2177.382420764419</ele></trkpt><trkpt lat="45.74143000000001" lon="6.7903"><ele>2179.12</ele></trkpt><trkpt lat="45.741456610489415" lon="6.790409533074353"><ele>2180.5919445227496</ele></trkpt><trkpt lat="45.74149488673448" lon="6.790513936224533"><ele>2181.8883003965784</ele></trkpt><trkpt lat="45.74153" lon="6.79062"><ele>2183.36</ele></trkpt><trkpt lat="45.741539999999986" lon="6.7907199999999985"><ele>2185.57</ele></trkpt><trkpt lat="45.7415794523884" lon="6.7907903693912"><ele>2186.4028462133765</ele></trkpt><trkpt lat="45.74162" lon="6.79086"><ele>2187.11</ele></trkpt><trkpt lat="45.74164720109714" lon="6.79094305244977"><ele>2188.248566472862</ele></trkpt><trkpt lat="45.7416705350532" lon="6.791028900957865"><ele>2189.4752709509307</ele></trkpt><trkpt lat="45.74170000000001" lon="6.79111"><ele>2190.52</ele></trkpt><trkpt lat="45.741747966019155" lon="6.791203016319569"><ele>2191.506357426483</ele></trkpt><trkpt lat="45.74180148196614" lon="6.7912900485039245"><ele>2192.296746505711</ele></trkpt><trkpt lat="45.74186" lon="6.791369999999998"><ele>2192.89</ele></trkpt><trkpt lat="45.74193999999999" lon="6.791409999999999"><ele>2192.47</ele></trkpt><trkpt lat="45.74194532251347" lon="6.791497766095359"><ele>2193.8748633550576</ele></trkpt><trkpt lat="45.74193999999999" lon="6.791590000000001"><ele>2195.55</ele></trkpt><trkpt lat="45.74195314525534" lon="6.791680231560419"><ele>2197.010646625277</ele></trkpt><trkpt lat="45.74196977339142" lon="6.791769645569128"><ele>2198.4503382638077</ele></trkpt><trkpt lat="45.74198000000002" lon="6.79186"><ele>2200.09</ele></trkpt><trkpt lat="45.74196545219123" lon="6.791971322301639"><ele>2202.5945243152737</ele></trkpt><trkpt lat="45.74195999999999" lon="6.792080000000001"><ele>2205.27</ele></trkpt><trkpt lat="45.74200463024385" lon="6.792189564525448"><ele>2207.817756483607</ele></trkpt><trkpt lat="45.74207000000002" lon="6.79228"><ele>2210.19</ele></trkpt><trkpt lat="45.742179999999976" lon="6.792349999999999"><ele>2213.62</ele></trkpt><trkpt lat="45.74224374598072" lon="6.7924225282860595"><ele>2216.2503204806117</ele></trkpt><trkpt lat="45.7423046696949" lon="6.792500402481119"><ele>2218.9227647543503</ele></trkpt><trkpt lat="45.74236999999999" lon="6.7925699999999996"><ele>2221.35</ele></trkpt><trkpt lat="45.74249000000003" lon="6.79262"><ele>2223.41</ele></trkpt><trkpt lat="45.742549784496696" lon="6.792698033412642"><ele>2225.065531650187</ele></trkpt><trkpt lat="45.74260342917099" lon="6.79278619039446"><ele>2226.7637161546927</ele></trkpt><trkpt lat="45.74265999999999" lon="6.792870000000001"><ele>2228.42</ele></trkpt><trkpt lat="45.742725432493216" lon="6.792952098808217"><ele>2230.02553010248</ele></trkpt><trkpt lat="45.74279999999998" lon="6.79301"><ele>2231.57</ele></trkpt><trkpt lat="45.74288999999998" lon="6.792959999999999"><ele>2232.79</ele></trkpt><trkpt lat="45.74292" lon="6.7928999999999995"><ele>2232.89</ele></trkpt><trkpt lat="45.74297000000002" lon="6.7928999999999995"><ele>2233.96</ele></trkpt><trkpt lat="45.743049999999975" lon="6.79302"><ele>2236.04</ele></trkpt><trkpt lat="45.743130000000015" lon="6.793040000000001"><ele>2238.45</ele></trkpt><trkpt lat="45.74319" lon="6.793100000000001"><ele>2240.25</ele></trkpt><trkpt lat="45.7433" lon="6.793040000000001"><ele>2243.81</ele></trkpt><trkpt lat="45.74337999999999" lon="6.793040000000001"><ele>2246</ele></trkpt><trkpt lat="45.743415314595936" lon="6.793134488147929"><ele>2247.58666903868</ele></trkpt><trkpt lat="45.74345000000001" lon="6.793230000000001"><ele>2249.16</ele></trkpt><trkpt lat="45.743499999999976" lon="6.793199999999999"><ele>2250.32</ele></trkpt><trkpt lat="45.743499999999976" lon="6.793130000000001"><ele>2250.8</ele></trkpt><trkpt lat="45.74348" lon="6.793040000000001"><ele>2250.24</ele></trkpt><trkpt lat="45.74351999999998" lon="6.79294"><ele>2248.48</ele></trkpt><trkpt lat="45.74358685589565" lon="6.792936283603361"><ele>2250.4225630420005</ele></trkpt><trkpt lat="45.74365490711686" lon="6.792950587645706"><ele>2252.955401720649</ele></trkpt><trkpt lat="45.74372" lon="6.79294"><ele>2254.98</ele></trkpt><trkpt lat="45.743778240749165" lon="6.792863818445514"><ele>2255.5909024032017</ele></trkpt><trkpt lat="45.74381999999999" lon="6.79276"><ele>2255.25</ele></trkpt><trkpt lat="45.74382999999998" lon="6.79267"><ele>2254.31</ele></trkpt><trkpt lat="45.743870000000015" lon="6.79262"><ele>2257.24</ele></trkpt><trkpt lat="45.74385999999998" lon="6.792559999999999"><ele>2255.54</ele></trkpt><trkpt lat="45.74390999999999" lon="6.79245"><ele>2259.24</ele></trkpt><trkpt lat="45.74392000000001" lon="6.79229"><ele>2258.87</ele></trkpt><trkpt lat="45.743990000000004" lon="6.7921499999999995"><ele>2261.29</ele></trkpt><trkpt lat="45.744044580984664" lon="6.792094295172675"><ele>2262.8816265091564</ele></trkpt><trkpt lat="45.74410000068894" lon="6.792040225887813"><ele>2264.499449484804</ele></trkpt><trkpt lat="45.744156268255665" lon="6.791987951785399"><ele>2266.130568602359</ele></trkpt><trkpt lat="45.74421339282753" lon="6.791937632505421"><ele>2267.762083537239</ele></trkpt><trkpt lat="45.74427138354718" lon="6.791889427687871"><ele>2269.381093964861</ele></trkpt><trkpt lat="45.74433024955719" lon="6.791843496972735"><ele>2270.9746995606424</ele></trkpt><trkpt lat="45.74439000000001" lon="6.7918"><ele>2272.53</ele></trkpt><trkpt lat="45.74445554967469" lon="6.791763504350919"><ele>2274.1053277092838</ele></trkpt><trkpt lat="45.744523946949755" lon="6.791737119401698"><ele>2275.6028675569055</ele></trkpt><trkpt lat="45.74459287074711" lon="6.79171217475163"><ele>2277.016473626075</ele></trkpt><trkpt lat="45.74466000000001" lon="6.79168"><ele>2278.34</ele></trkpt><trkpt lat="45.74471713360371" lon="6.791634530534874"><ele>2279.327163056487</ele></trkpt><trkpt lat="45.74477186145208" lon="6.791581694797225"><ele>2280.146301995156</ele></trkpt><trkpt lat="45.74482999999999" lon="6.79154"><ele>2281.11</ele></trkpt><trkpt lat="45.74490962856106" lon="6.79152823224173"><ele>2282.766746329613</ele></trkpt><trkpt lat="45.74498999999999" lon="6.791519999999999"><ele>2284.43</ele></trkpt><trkpt lat="45.745090000000005" lon="6.79144"><ele>2285.86</ele></trkpt><trkpt lat="45.74516" lon="6.791320000000001"><ele>2286.62</ele></trkpt><trkpt lat="45.74523999999999" lon="6.7913"><ele>2288.04</ele></trkpt><trkpt lat="45.74530511658836" lon="6.791260342076526"><ele>2289.6927071326945</ele></trkpt><trkpt lat="45.745370000000015" lon="6.79122"><ele>2291.42</ele></trkpt><trkpt lat="45.74539999999998" lon="6.79122"><ele>2292.08</ele></trkpt><trkpt lat="45.745466604644626" lon="6.791260538837515"><ele>2293.506106715867</ele></trkpt><trkpt lat="45.745533057080905" lon="6.791302000360097"><ele>2294.904187763822</ele></trkpt><trkpt lat="45.74559798097515" lon="6.791347461702628"><ele>2296.3176749298655</ele></trkpt><trkpt lat="45.745659999999994" lon="6.791400000000001"><ele>2297.79</ele></trkpt><trkpt lat="45.745709210230956" lon="6.791462104310201"><ele>2299.2188653755165</ele></trkpt><trkpt lat="45.74575288234246" lon="6.791533836253487"><ele>2300.696586119553</ele></trkpt><trkpt lat="45.74580000000001" lon="6.7916"><ele>2302.17</ele></trkpt><trkpt lat="45.7459" lon="6.79167"><ele>2304.52</ele></trkpt><trkpt lat="45.74595563393217" lon="6.791732958927778"><ele>2305.807835285903</ele></trkpt><trkpt lat="45.746000000000016" lon="6.791809999999999"><ele>2307.19</ele></trkpt><trkpt lat="45.746019999999994" lon="6.791979999999999"><ele>2310.21</ele></trkpt><trkpt lat="45.746000000000016" lon="6.792110000000001"><ele>2312.73</ele></trkpt><trkpt lat="45.746030000000005" lon="6.79218"><ele>2314.44</ele></trkpt><trkpt lat="45.74604549124414" lon="6.792304709097483"><ele>2316.5285093025723</ele></trkpt><trkpt lat="45.74606" lon="6.79243"><ele>2318.45</ele></trkpt><trkpt lat="45.74607725010603" lon="6.792524482576079"><ele>2319.795658831668</ele></trkpt><trkpt lat="45.7460971073887" lon="6.79261802224537"><ele>2321.069396283743</ele></trkpt><trkpt lat="45.74611999999998" lon="6.7927100000000005"><ele>2322.39</ele></trkpt><trkpt lat="45.74614712856142" lon="6.792797844544877"><ele>2323.776391818048</ele></trkpt><trkpt lat="45.746177342957836" lon="6.792883860485375"><ele>2325.195190049301</ele></trkpt><trkpt lat="45.74620638587318" lon="6.792970446183185"><ele>2326.6213932559035</ele></trkpt><trkpt lat="45.74623000000001" lon="6.79306"><ele>2328.03</ele></trkpt><trkpt lat="45.74624054164594" lon="6.793163575826773"><ele>2329.499172782656</ele></trkpt><trkpt lat="45.74624364402345" lon="6.79326954107651"><ele>2330.9296667886665</ele></trkpt><trkpt lat="45.74626" lon="6.793370000000001"><ele>2332.39</ele></trkpt><trkpt lat="45.74629172122855" lon="6.793453014898781"><ele>2333.741358911066</ele></trkpt><trkpt lat="45.74633006416873" lon="6.793530600940702"><ele>2335.0714444122414</ele></trkpt><trkpt lat="45.74637154648991" lon="6.793605679533235"><ele>2336.3928504578835</ele></trkpt><trkpt lat="45.74641268587078" lon="6.793681172083845"><ele>2337.7181710023506</ele></trkpt><trkpt lat="45.74645000000001" lon="6.79376"><ele>2339.06</ele></trkpt><trkpt lat="45.746485520907605" lon="6.793858267532331"><ele>2340.669776221907</ele></trkpt><trkpt lat="45.746516658158946" lon="6.793959898032007"><ele>2342.293909789829</ele></trkpt><trkpt lat="45.74655000000003" lon="6.79406"><ele>2343.86</ele></trkpt><trkpt lat="45.746585269362306" lon="6.794144940049381"><ele>2345.1330373240808</ele></trkpt><trkpt lat="45.74662314098657" lon="6.794227967337844"><ele>2346.3354286138074</ele></trkpt><trkpt lat="45.74665944211486" lon="6.794312010957384"><ele>2347.5776055966303</ele></trkpt><trkpt lat="45.746689999999994" lon="6.7944"><ele>2348.97</ele></trkpt><trkpt lat="45.74671369747845" lon="6.794496220483605"><ele>2350.621237443852</ele></trkpt><trkpt lat="45.74673229516617" lon="6.794594837511822"><ele>2352.3922344010166</ele></trkpt><trkpt lat="45.74674904411689" lon="6.794694344298236"><ele>2354.199612636257</ele></trkpt><trkpt lat="45.74676719537989" lon="6.794793234056434"><ele>2355.959993914331</ele></trkpt><trkpt lat="45.74679000000001" lon="6.794890000000001"><ele>2357.59</ele></trkpt><trkpt lat="45.746830040691066" lon="6.794993851104837"><ele>2358.9741508383695</ele></trkpt><trkpt lat="45.74688000000001" lon="6.79509"><ele>2360.11</ele></trkpt><trkpt lat="45.74692417635428" lon="6.7951709228208514"><ele>2361.2282758145298</ele></trkpt><trkpt lat="45.74696957651289" lon="6.795250465099463"><ele>2362.3601296036113</ele></trkpt><trkpt lat="45.747015529714695" lon="6.795329385396257"><ele>2363.493895141971</ele></trkpt><trkpt lat="45.747061365200665" lon="6.79540844227166"><ele>2364.617906204337</ele></trkpt><trkpt lat="45.747106412213995" lon="6.795488394286098"><ele>2365.7204965654373</ele></trkpt><trkpt lat="45.747150000000005" lon="6.79557"><ele>2366.79</ele></trkpt><trkpt lat="45.747180176883724" lon="6.795649784106583"><ele>2367.543308301636</ele></trkpt><trkpt lat="45.74720999999999" lon="6.79573"><ele>2368.23</ele></trkpt><trkpt lat="45.74725823441101" lon="6.795797451729079"><ele>2369.068774766178</ele></trkpt><trkpt lat="45.74729999999999" lon="6.79587"><ele>2370.01</ele></trkpt><trkpt lat="45.74732276742561" lon="6.79595772770113"><ele>2371.0442998776994</ele></trkpt><trkpt lat="45.74734141252161" lon="6.796047510529349"><ele>2372.0965859569455</ele></trkpt><trkpt lat="45.74735769680932" lon="6.796138488829002"><ele>2373.1560786232694</ele></trkpt><trkpt lat="45.74737338180755" lon="6.796229802944432"><ele>2374.2119982621994</ele></trkpt><trkpt lat="45.7473902290329" lon="6.796320593219984"><ele>2375.2535652592665</ele></trkpt><trkpt lat="45.747409999999995" lon="6.79641"><ele>2376.27</ele></trkpt><trkpt lat="45.74744435711102" lon="6.796529269877501"><ele>2377.464925438771</ele></trkpt><trkpt lat="45.747490000000006" lon="6.796640000000001"><ele>2378.72</ele></trkpt><trkpt lat="45.74752881420546" lon="6.796717290809473"><ele>2379.8236885080046</ele></trkpt><trkpt lat="45.74756754022759" lon="6.796794788802916"><ele>2380.9264411578692</ele></trkpt><trkpt lat="45.7476063146565" lon="6.796872306871894"><ele>2382.0307920611435</ele></trkpt><trkpt lat="45.74764527408196" lon="6.796949657907973"><ele>2383.1392753293785</ele></trkpt><trkpt lat="45.747684555093336" lon="6.797026654802717"><ele>2384.2544250741266</ele></trkpt><trkpt lat="45.747724294279585" lon="6.797103110447693"><ele>2385.378775406937</ele></trkpt><trkpt lat="45.747764628229284" lon="6.797178837734462"><ele>2386.514860439363</ele></trkpt><trkpt lat="45.74780569353059" lon="6.797253649554591"><ele>2387.6652142829544</ele></trkpt><trkpt lat="45.74784762677127" lon="6.797327358799644"><ele>2388.8323710492627</ele></trkpt><trkpt lat="45.747890564538594" lon="6.797399778361187"><ele>2390.018864849839</ele></trkpt><trkpt lat="45.7479346434194" lon="6.797470721130783"><ele>2391.2272297962345</ele></trkpt><trkpt lat="45.747979999999984" lon="6.79754"><ele>2392.46</ele></trkpt><trkpt lat="45.748038210674835" lon="6.79758703515445"><ele>2393.8675295952603</ele></trkpt><trkpt lat="45.74810692471406" lon="6.797611402811212"><ele>2395.4523377805044</ele></trkpt><trkpt lat="45.74817000000002" lon="6.79765"><ele>2397.12</ele></trkpt><trkpt lat="45.74822973411609" lon="6.79772721617367"><ele>2399.110715082916</ele></trkpt><trkpt lat="45.74828174928627" lon="6.797816462779473"><ele>2401.120688608592</ele></trkpt><trkpt lat="45.74833000000002" lon="6.797909999999999"><ele>2403.16</ele></trkpt><trkpt lat="45.74838000000001" lon="6.79806"><ele>2406.18</ele></trkpt><trkpt lat="45.74839" lon="6.798160000000001"><ele>2407.44</ele></trkpt><trkpt lat="45.748459999999994" lon="6.798279999999999"><ele>2410.16</ele></trkpt><trkpt lat="45.74849406992768" lon="6.798357195337619"><ele>2411.675390339229</ele></trkpt><trkpt lat="45.74851999999998" lon="6.798439999999999"><ele>2413.15</ele></trkpt><trkpt lat="45.74853616677326" lon="6.798527129088623"><ele>2414.6012072143844</ele></trkpt><trkpt lat="45.74854889792602" lon="6.7986155916051665"><ele>2416.048851282328</ele></trkpt><trkpt lat="45.74856054569322" lon="6.798704489577399"><ele>2417.480891743079</ele></trkpt><trkpt lat="45.748573462307675" lon="6.798792925033086"><ele>2418.885288135887</ele></trkpt><trkpt lat="45.74859" lon="6.79888"><ele>2420.25</ele></trkpt><trkpt lat="45.748639999999995" lon="6.798980000000001"><ele>2421.56</ele></trkpt><trkpt lat="45.748665289507414" lon="6.799078892138866"><ele>2422.0521762605654</ele></trkpt><trkpt lat="45.74868677555798" lon="6.799179920909251"><ele>2422.4158367587615</ele></trkpt><trkpt lat="45.74871000000002" lon="6.79928"><ele>2422.92</ele></trkpt><trkpt lat="45.74873410260005" lon="6.79937180765462"><ele>2423.5552345827537</ele></trkpt><trkpt lat="45.748759912022514" lon="6.799462545681318"><ele>2424.330163835877</ele></trkpt><trkpt lat="45.74879000000001" lon="6.79955"><ele>2425.4</ele></trkpt><trkpt lat="45.74885000000001" lon="6.79964"><ele>2428.29</ele></trkpt><trkpt lat="45.74887000000001" lon="6.79979"><ele>2431.01</ele></trkpt><trkpt lat="45.748905407123495" lon="6.799878022558419"><ele>2432.7494125394614</ele></trkpt><trkpt lat="45.74894459274227" lon="6.799962922114307"><ele>2434.4987359065353</ele></trkpt><trkpt lat="45.7489850747959" lon="6.800046810390986"><ele>2436.210353003878</ele></trkpt><trkpt lat="45.74902437123069" lon="6.800131799111775"><ele>2437.8366467341475</ele></trkpt><trkpt lat="45.74906" lon="6.80022"><ele>2439.33</ele></trkpt><trkpt lat="45.74908948910793" lon="6.800301690235947"><ele>2440.588542682676</ele></trkpt><trkpt lat="45.74911858515962" lon="6.800383697690279"><ele>2441.823909793304</ele></trkpt><trkpt lat="45.74914731367963" lon="6.800465998880125"><ele>2443.0384322400837</ele></trkpt><trkpt lat="45.749175700192474" lon="6.800548570322613"><ele>2444.2344409312136</ele></trkpt><trkpt lat="45.74920377022262" lon="6.800631388534869"><ele>2445.414266774893</ele></trkpt><trkpt lat="45.74923154929438" lon="6.800714430034024"><ele>2446.580240679321</ele></trkpt><trkpt lat="45.74925906293213" lon="6.800797671337203"><ele>2447.7346935526966</ele></trkpt><trkpt lat="45.74928633666014" lon="6.800881088961538"><ele>2448.8799563032194</ele></trkpt><trkpt lat="45.74931339600263" lon="6.800964659424155"><ele>2450.0183598390877</ele></trkpt><trkpt lat="45.749340266483784" lon="6.80104835924218"><ele>2451.152235068501</ele></trkpt><trkpt lat="45.74936697362767" lon="6.801132164932745"><ele>2452.283912899658</ele></trkpt><trkpt lat="45.74939354295839" lon="6.8012160530129755"><ele>2453.415724240758</ele></trkpt><trkpt lat="45.74941999999995" lon="6.801300000000001"><ele>2454.55</ele></trkpt><trkpt lat="45.74944999999999" lon="6.801459999999999"><ele>2456.11</ele></trkpt><trkpt lat="45.74943933426551" lon="6.801575074194019"><ele>2456.723715784816</ele></trkpt><trkpt lat="45.74942999999999" lon="6.80169"><ele>2457.41</ele></trkpt><trkpt lat="45.74944329754432" lon="6.801782859376971"><ele>2458.4500684009918</ele></trkpt><trkpt lat="45.749469999999995" lon="6.801870000000001"><ele>2459.64</ele></trkpt><trkpt lat="45.74952067930462" lon="6.801964474754805"><ele>2461.0247716935714</ele></trkpt><trkpt lat="45.749570000000006" lon="6.80206"><ele>2462.37</ele></trkpt><trkpt lat="45.74959587171432" lon="6.8021478906954504"><ele>2463.41717921049</ele></trkpt><trkpt lat="45.749616904398444" lon="6.802238729058361"><ele>2464.4412992220896</ele></trkpt><trkpt lat="45.74963698488485" lon="6.802330202892091"><ele>2465.4522696226445</ele></trkpt><trkpt lat="45.749660000000006" lon="6.80242"><ele>2466.46</ele></trkpt><trkpt lat="45.74969056829823" lon="6.80251857118823"><ele>2467.573324520027</ele></trkpt><trkpt lat="45.749723981630524" lon="6.802615296446418"><ele>2468.6723236596113</ele></trkpt><trkpt lat="45.749759999999974" lon="6.802709999999999"><ele>2469.81</ele></trkpt><trkpt lat="45.749794378126225" lon="6.802795422380823"><ele>2470.9054059002815</ele></trkpt><trkpt lat="45.74982930872735" lon="6.802880357156962"><ele>2472.030273158575</ele></trkpt><trkpt lat="45.749864727550126" lon="6.802964869557921"><ele>2473.1675580657306</ele></trkpt><trkpt lat="45.74990057034161" lon="6.803049024813201"><ele>2474.3002169126003</ele></trkpt><trkpt lat="45.74993677284886" lon="6.803132888152307"><ele>2475.411205990034</ele></trkpt><trkpt lat="45.74997327081917" lon="6.803216524804738"><ele>2476.4834815888835</ele></trkpt><trkpt lat="45.75001000000002" lon="6.8033"><ele>2477.5</ele></trkpt><trkpt lat="45.75004835086311" lon="6.803388204078613"><ele>2478.4923206367434</ele></trkpt><trkpt lat="45.750086421185046" lon="6.803476839715437"><ele>2479.4168676863974</ele></trkpt><trkpt lat="45.75012491611423" lon="6.80356512201823"><ele>2480.2962751482555</ele></trkpt><trkpt lat="45.750164540797236" lon="6.803652266094751"><ele>2481.153177021613</ele></trkpt><trkpt lat="45.75020600037841" lon="6.803737487052754"><ele>2482.010207305763</ele></trkpt><trkpt lat="45.75025" lon="6.80382"><ele>2482.89</ele></trkpt><trkpt lat="45.75030807052776" lon="6.803882527729321"><ele>2483.8079640346973</ele></trkpt><trkpt lat="45.75036999999999" lon="6.803940000000001"><ele>2484.61</ele></trkpt><trkpt lat="45.750433728420056" lon="6.804035331429797"><ele>2485.3353459201003</ele></trkpt><trkpt lat="45.750490000000006" lon="6.804139999999999"><ele>2485.91</ele></trkpt><trkpt lat="45.750526880385955" lon="6.804217447290747"><ele>2486.2355621531533</ele></trkpt><trkpt lat="45.75056278635228" lon="6.804295952661891"><ele>2486.4904607673448</ele></trkpt><trkpt lat="45.75059725212511" lon="6.804375734387659"><ele>2486.75457830496</ele></trkpt><trkpt lat="45.75062981193167" lon="6.804457010742285"><ele>2487.107797228383</ele></trkpt><trkpt lat="45.750659999999996" lon="6.804539999999999"><ele>2487.63</ele></trkpt><trkpt lat="45.75068929228415" lon="6.804657809731321"><ele>2489.0749863522506</ele></trkpt><trkpt lat="45.75071000000001" lon="6.804779999999999"><ele>2490.74</ele></trkpt><trkpt lat="45.750724454242004" lon="6.804885150994185"><ele>2491.658158425069</ele></trkpt><trkpt lat="45.75074" lon="6.80499"><ele>2492.41</ele></trkpt><trkpt lat="45.750779999999985" lon="6.805129999999999"><ele>2493.35</ele></trkpt><trkpt lat="45.75082182865647" lon="6.8052100003139975"><ele>2494.413286760286</ele></trkpt><trkpt lat="45.75086449293087" lon="6.805289087914163"><ele>2495.5108326902905</ele></trkpt><trkpt lat="45.75090798286402" lon="6.805367238937427"><ele>2496.6345677932686</ele></trkpt><trkpt lat="45.75095228849672" lon="6.805444429520715"><ele>2497.776422072474</ele></trkpt><trkpt lat="45.750997399869746" lon="6.805520635800955"><ele>2498.9283255311616</ele></trkpt><trkpt lat="45.75104330702391" lon="6.805595833915073"><ele>2500.0822081725855</ele></trkpt><trkpt lat="45.75108999999999" lon="6.805670000000001"><ele>2501.23</ele></trkpt><trkpt lat="45.75117" lon="6.80574"><ele>2502.81</ele></trkpt><trkpt lat="45.751219999999996" lon="6.805900000000001"><ele>2504.51</ele></trkpt><trkpt lat="45.75125500679499" lon="6.805975165010715"><ele>2505.559859954147</ele></trkpt><trkpt lat="45.75129293035672" lon="6.806047753936512"><ele>2506.663217972311</ele></trkpt><trkpt lat="45.751329388737254" lon="6.806121465894051"><ele>2507.7399670043196</ele></trkpt><trkpt lat="45.75136000000001" lon="6.8062"><ele>2508.71</ele></trkpt><trkpt lat="45.75137" lon="6.80637"><ele>2509.6</ele></trkpt><trkpt lat="45.751419999999996" lon="6.80659"><ele>2511.37</ele></trkpt><trkpt lat="45.751430000000006" lon="6.806759999999999"><ele>2512.04</ele></trkpt><trkpt lat="45.75141889582838" lon="6.806848673883053"><ele>2512.309804599904</ele></trkpt><trkpt lat="45.751402206003405" lon="6.80693572684365"><ele>2512.546758590792</ele></trkpt><trkpt lat="45.75137999999999" lon="6.80702"><ele>2512.75</ele></trkpt><trkpt lat="45.75134489173728" lon="6.807109513998029"><ele>2512.8900431911666</ele></trkpt><trkpt lat="45.75130000000003" lon="6.80719"><ele>2513.01</ele></trkpt><trkpt lat="45.75126" lon="6.80721"><ele>2513.18</ele></trkpt><trkpt lat="45.75130000000003" lon="6.807300000000001"><ele>2512.25</ele></trkpt><trkpt lat="45.75130000000003" lon="6.807349999999999"><ele>2511.76</ele></trkpt><trkpt lat="45.75126" lon="6.807410000000001"><ele>2510.73</ele></trkpt><trkpt lat="45.751229999999985" lon="6.807570000000001"><ele>2508.8</ele></trkpt><trkpt lat="45.75119" lon="6.807690000000001"><ele>2506.87</ele></trkpt><trkpt lat="45.75112165769493" lon="6.807701951245548"><ele>2506.25017750022</ele></trkpt><trkpt lat="45.751049999999985" lon="6.8077"><ele>2505.85</ele></trkpt><trkpt lat="45.75099" lon="6.807739999999999"><ele>2505.18</ele></trkpt><trkpt lat="45.75094000000001" lon="6.807820000000001"><ele>2504.07</ele></trkpt><trkpt lat="45.75091000000001" lon="6.807939999999999"><ele>2502.06</ele></trkpt><trkpt lat="45.75092999999999" lon="6.80809"><ele>2500.86</ele></trkpt><trkpt lat="45.750961358177946" lon="6.8081827793437055"><ele>2499.8335687379526</ele></trkpt><trkpt lat="45.75100000000001" lon="6.808270000000001"><ele>2498.78</ele></trkpt><trkpt lat="45.751049999999985" lon="6.80834"><ele>2497.89</ele></trkpt><trkpt lat="45.75109300543625" lon="6.808442801706875"><ele>2496.5081450838506</ele></trkpt><trkpt lat="45.751132407020926" lon="6.808548346848763"><ele>2495.0861810681126</ele></trkpt><trkpt lat="45.75116000000001" lon="6.80866"><ele>2493.71</ele></trkpt><trkpt lat="45.75115625744712" lon="6.808774297630015"><ele>2492.6133279603914</ele></trkpt><trkpt lat="45.75114000000001" lon="6.808890000000001"><ele>2491.6</ele></trkpt><trkpt lat="45.75114000000001" lon="6.80901"><ele>2490.31</ele></trkpt><trkpt lat="45.75117035723718" lon="6.809122871563367"><ele>2488.862690551991</ele></trkpt><trkpt lat="45.75121000000001" lon="6.809230000000001"><ele>2487.41</ele></trkpt><trkpt lat="45.75127000000001" lon="6.809329999999999"><ele>2485.9</ele></trkpt><trkpt lat="45.75128161482911" lon="6.809429410249722"><ele>2484.2474811262114</ele></trkpt><trkpt lat="45.75128999999999" lon="6.809529999999999"><ele>2482.37</ele></trkpt><trkpt lat="45.751329999999996" lon="6.80964"><ele>2479.38</ele></trkpt><trkpt lat="45.751329999999996" lon="6.809789999999999"><ele>2478.79</ele></trkpt><trkpt lat="45.75136950629812" lon="6.80986046469271"><ele>2477.580086692111</ele></trkpt><trkpt lat="45.751417932067845" lon="6.809921610097259"><ele>2476.203510335204</ele></trkpt><trkpt lat="45.75146000000003" lon="6.80999"><ele>2475.04</ele></trkpt><trkpt lat="45.75148457880784" lon="6.810082145582943"><ele>2474.598607741019</ele></trkpt><trkpt lat="45.75149999999998" lon="6.81018"><ele>2474.11</ele></trkpt><trkpt lat="45.75151917143351" lon="6.810272816319009"><ele>2472.798594371987</ele></trkpt><trkpt lat="45.75153753769015" lon="6.810365625367072"><ele>2471.2061379948036</ele></trkpt><trkpt lat="45.75155" lon="6.810460000000001"><ele>2469.61</ele></trkpt><trkpt lat="45.75154495811828" lon="6.810565030514313"><ele>2468.023037432564</ele></trkpt><trkpt lat="45.751539999999984" lon="6.81067"><ele>2466.4</ele></trkpt><trkpt lat="45.75157999999999" lon="6.8108200000000005"><ele>2463.69</ele></trkpt><trkpt lat="45.75158412423268" lon="6.8109103486037"><ele>2463.050421577068</ele></trkpt><trkpt lat="45.75159000000001" lon="6.811"><ele>2462.34</ele></trkpt><trkpt lat="45.75160949855549" lon="6.811091117421953"><ele>2460.9919129293967</ele></trkpt><trkpt lat="45.751631456684414" lon="6.811181034037119"><ele>2459.562502818069</ele></trkpt><trkpt lat="45.75165468013859" lon="6.811270315224003"><ele>2458.075688067741</ele></trkpt><trkpt lat="45.75167797467184" lon="6.811359526361107"><ele>2456.5553870801377</ele></trkpt><trkpt lat="45.75170014603978" lon="6.811449232826938"><ele>2455.0255182569827</ele></trkpt><trkpt lat="45.75172000000001" lon="6.811539999999999"><ele>2453.51</ele></trkpt><trkpt lat="45.75172000000001" lon="6.811649999999999"><ele>2451.68</ele></trkpt><trkpt lat="45.75170000000001" lon="6.811770000000001"><ele>2448.79</ele></trkpt><trkpt lat="45.75166999999999" lon="6.811859999999999"><ele>2447.38</ele></trkpt><trkpt lat="45.751599999999996" lon="6.81191"><ele>2446.76</ele></trkpt><trkpt lat="45.751529999999995" lon="6.812010000000001"><ele>2445.03</ele></trkpt><trkpt lat="45.751509999999996" lon="6.81214"><ele>2443.29</ele></trkpt><trkpt lat="45.75150921548114" lon="6.812230299660462"><ele>2441.7672130071323</ele></trkpt><trkpt lat="45.7515121565651" lon="6.812320464120503"><ele>2440.1767844031947</ele></trkpt><trkpt lat="45.751519999999985" lon="6.812410000000001"><ele>2438.71</ele></trkpt><trkpt lat="45.75154376715256" lon="6.812525291315283"><ele>2437.176228559481</ele></trkpt><trkpt lat="45.75157" lon="6.81264"><ele>2435.76</ele></trkpt><trkpt lat="45.751584566724674" lon="6.81277018257998"><ele>2434.0279499748503</ele></trkpt><trkpt lat="45.751599999999996" lon="6.8129"><ele>2432.24</ele></trkpt><trkpt lat="45.75162188742333" lon="6.812996610176606"><ele>2430.8292733014796</ele></trkpt><trkpt lat="45.75164999999999" lon="6.813089999999999"><ele>2429.39</ele></trkpt><trkpt lat="45.75168093922256" lon="6.81316967176293"><ele>2428.145393932553</ele></trkpt><trkpt lat="45.751714011530666" lon="6.81324779993774"><ele>2426.8927232003134</ele></trkpt><trkpt lat="45.75173999999999" lon="6.813329999999999"><ele>2425.46</ele></trkpt><trkpt lat="45.75173999999999" lon="6.813490000000001"><ele>2422.05</ele></trkpt><trkpt lat="45.751782214463" lon="6.813571883950486"><ele>2420.9186796080853</ele></trkpt><trkpt lat="45.75182999999999" lon="6.81365"><ele>2420.02</ele></trkpt><trkpt lat="45.75187" lon="6.81379"><ele>2418.11</ele></trkpt><trkpt lat="45.751889999999996" lon="6.813909999999999"><ele>2414.24</ele></trkpt><trkpt lat="45.75192457218408" lon="6.813991419571329"><ele>2412.59424518448</ele></trkpt><trkpt lat="45.75196326986725" lon="6.814069904679814"><ele>2411.263308908969</ele></trkpt><trkpt lat="45.751999999999995" lon="6.814150000000001"><ele>2409.84</ele></trkpt><trkpt lat="45.7520328574339" lon="6.814252013814078"><ele>2407.711528441406</ele></trkpt><trkpt lat="45.752069999999996" lon="6.81435"><ele>2405.67</ele></trkpt><trkpt lat="45.752112392816834" lon="6.814423642828791"><ele>2404.2932774874075</ele></trkpt><trkpt lat="45.75215712677628" lon="6.814494699552826"><ele>2403.028729135512</ele></trkpt><trkpt lat="45.75220317576904" lon="6.8145642789834895"><ele>2401.8178235218447</ele></trkpt><trkpt lat="45.75224951368891" lon="6.8146334899321594"><ele>2400.602029223931</ele></trkpt><trkpt lat="45.752295114433146" lon="6.814703441210213"><ele>2399.3228148193007</ele></trkpt><trkpt lat="45.752338951902296" lon="6.814775241629034"><ele>2397.921648885481</ele></trkpt><trkpt lat="45.752380000000024" lon="6.81485"><ele>2396.34</ele></trkpt><trkpt lat="45.7524136806871" lon="6.814932008532192"><ele>2394.256210963762</ele></trkpt><trkpt lat="45.75243865643155" lon="6.81502018737893"><ele>2391.6563048364433</ele></trkpt><trkpt lat="45.752459999999985" lon="6.81511"><ele>2388.89</ele></trkpt><trkpt lat="45.75247999999999" lon="6.81527"><ele>2383.46</ele></trkpt><trkpt lat="45.75251000000001" lon="6.815379999999998"><ele>2381.42</ele></trkpt><trkpt lat="45.75262000000001" lon="6.81545"><ele>2378.93</ele></trkpt><trkpt lat="45.752650000000024" lon="6.81551"><ele>2377.76</ele></trkpt><trkpt lat="45.75260000000001" lon="6.81567"><ele>2372.82</ele></trkpt><trkpt lat="45.75256" lon="6.81574"><ele>2369.58</ele></trkpt><trkpt lat="45.75249999999999" lon="6.815750000000002"><ele>2369.55</ele></trkpt><trkpt lat="45.75247999999999" lon="6.8158"><ele>2368.11</ele></trkpt><trkpt lat="45.75249" lon="6.815879999999999"><ele>2365.97</ele></trkpt><trkpt lat="45.752539999999996" lon="6.815989999999999"><ele>2362.34</ele></trkpt><trkpt lat="45.75251000000001" lon="6.816069999999999"><ele>2361.93</ele></trkpt><trkpt lat="45.75252" lon="6.816140000000001"><ele>2360.96</ele></trkpt><trkpt lat="45.75258" lon="6.816209999999999"><ele>2358.5</ele></trkpt><trkpt lat="45.75262000000001" lon="6.816290000000001"><ele>2355.55</ele></trkpt><trkpt lat="45.752630000000025" lon="6.816389999999999"><ele>2354.24</ele></trkpt><trkpt lat="45.752596398798545" lon="6.8164996481579125"><ele>2353.257508563058</ele></trkpt><trkpt lat="45.75256999999999" lon="6.81661"><ele>2351.76</ele></trkpt><trkpt lat="45.75257435970735" lon="6.816718219991772"><ele>2349.274739195778</ele></trkpt><trkpt lat="45.752588319742216" lon="6.816825203049705"><ele>2346.4699522045385</ele></trkpt><trkpt lat="45.75260311990405" lon="6.816932084582784"><ele>2343.59268911103</ele></trkpt><trkpt lat="45.75261000000002" lon="6.81704"><ele>2340.89</ele></trkpt><trkpt lat="45.7525909369424" lon="6.817164996281252"><ele>2338.3927532067532</ele></trkpt><trkpt lat="45.75256999999999" lon="6.817290000000001"><ele>2335.93</ele></trkpt><trkpt lat="45.75260000000001" lon="6.817379999999999"><ele>2333.16</ele></trkpt><trkpt lat="45.75256" lon="6.81752"><ele>2330.21</ele></trkpt><trkpt lat="45.75257996040657" lon="6.8176092052021575"><ele>2328.610639437308</ele></trkpt><trkpt lat="45.752611468785744" lon="6.81769389023587"><ele>2327.1596121988464</ele></trkpt><trkpt lat="45.752639999999985" lon="6.817779999999999"><ele>2325.53</ele></trkpt><trkpt lat="45.752650000000024" lon="6.81788"><ele>2322.8</ele></trkpt><trkpt lat="45.752650000000024" lon="6.818019999999999"><ele>2319.73</ele></trkpt><trkpt lat="45.75266999999995" lon="6.81809"><ele>2317.6</ele></trkpt><trkpt lat="45.75272" lon="6.818120000000001"><ele>2317.15</ele></trkpt><trkpt lat="45.75280000000001" lon="6.81809"><ele>2315.97</ele></trkpt><trkpt lat="45.752871649560845" lon="6.818111456921655"><ele>2314.865411333079</ele></trkpt><trkpt lat="45.75294" lon="6.81815"><ele>2313.67</ele></trkpt><trkpt lat="45.753009999999996" lon="6.81823"><ele>2311.74</ele></trkpt><trkpt lat="45.75308371545026" lon="6.818260531723876"><ele>2310.6353421537488</ele></trkpt><trkpt lat="45.75316000000001" lon="6.818270000000001"><ele>2309.7</ele></trkpt><trkpt lat="45.75323999999999" lon="6.81822"><ele>2308.89</ele></trkpt><trkpt lat="45.75332" lon="6.818120000000001"><ele>2308.62</ele></trkpt><trkpt lat="45.75335000000002" lon="6.818110000000001"><ele>2308.18</ele></trkpt><trkpt lat="45.75343" lon="6.8181699999999985"><ele>2307.16</ele></trkpt><trkpt lat="45.753470350484946" lon="6.818239364621364"><ele>2305.9857689332607</ele></trkpt><trkpt lat="45.75351000000001" lon="6.818310000000002"><ele>2304.96</ele></trkpt><trkpt lat="45.75356331543743" lon="6.818377081866485"><ele>2304.3013559415795</ele></trkpt><trkpt lat="45.75361865611684" lon="6.818441067483334"><ele>2303.7604430625242</ele></trkpt><trkpt lat="45.75367433907423" lon="6.81850451216694"><ele>2303.267852212679</ele></trkpt><trkpt lat="45.75372868135225" lon="6.818569971233697"><ele>2302.7541742418894</ele></trkpt><trkpt lat="45.75378000000001" lon="6.81864"><ele>2302.15</ele></trkpt><trkpt lat="45.75382120522427" lon="6.818733552840058"><ele>2301.2630009877194</ele></trkpt><trkpt lat="45.75386" lon="6.81883"><ele>2300.18</ele></trkpt><trkpt lat="45.753940000000014" lon="6.81892"><ele>2298.47</ele></trkpt><trkpt lat="45.75401000000001" lon="6.818930000000001"><ele>2297.3</ele></trkpt><trkpt lat="45.75408999999999" lon="6.81889"><ele>2297.21</ele></trkpt><trkpt lat="45.754139999999985" lon="6.81882"><ele>2296.58</ele></trkpt><trkpt lat="45.75417999999999" lon="6.81883"><ele>2296.86</ele></trkpt><trkpt lat="45.75421000000001" lon="6.818870000000001"><ele>2297.36</ele></trkpt><trkpt lat="45.75419254499597" lon="6.818985474218992"><ele>2296.979344419392</ele></trkpt><trkpt lat="45.75417" lon="6.819100000000001"><ele>2296.31</ele></trkpt><trkpt lat="45.75416000000001" lon="6.8192699999999995"><ele>2294.55</ele></trkpt><trkpt lat="45.75419770550698" lon="6.819351420954688"><ele>2295.383032393436</ele></trkpt><trkpt lat="45.75424609751339" lon="6.819423278489432"><ele>2296.7031047146256</ele></trkpt><trkpt lat="45.75429" lon="6.819500000000001"><ele>2297.67</ele></trkpt><trkpt lat="45.75433" lon="6.819660000000001"><ele>2296.92</ele></trkpt><trkpt lat="45.75434999999998" lon="6.819799999999999"><ele>2296.78</ele></trkpt><trkpt lat="45.754352177166574" lon="6.819899959325146"><ele>2296.689936298128</ele></trkpt><trkpt lat="45.75435336601853" lon="6.8199999693109286"><ele>2296.6290572727758</ele></trkpt><trkpt lat="45.7543536546419" lon="6.8201000041643285"><ele>2296.566993527115</ele></trkpt><trkpt lat="45.754353131122656" lon="6.82020003809232"><ele>2296.4733756643172</ele></trkpt><trkpt lat="45.7543518835467" lon="6.8203000453018845"><ele>2296.317834287555</ele></trkpt><trkpt lat="45.75434999999998" lon="6.8204"><ele>2296.07</ele></trkpt><trkpt lat="45.75434336868583" lon="6.8205067896471165"><ele>2295.494828989216</ele></trkpt><trkpt lat="45.754333846323426" lon="6.8206132341361885"><ele>2294.672689135763</ele></trkpt><trkpt lat="45.75433" lon="6.820720000000001"><ele>2293.98</ele></trkpt><trkpt lat="45.754344489516406" lon="6.820850033949547"><ele>2293.6842057387976</ele></trkpt><trkpt lat="45.75435999999999" lon="6.820979999999999"><ele>2293.35</ele></trkpt><trkpt lat="45.75435855844386" lon="6.8210967655962085"><ele>2292.6863956009033</ele></trkpt><trkpt lat="45.75435234249527" lon="6.821213467758755"><ele>2291.858135155832</ele></trkpt><trkpt lat="45.75434999999998" lon="6.821330000000001"><ele>2290.76</ele></trkpt><trkpt lat="45.75436999999998" lon="6.82145"><ele>2288.23</ele></trkpt><trkpt lat="45.754410000000014" lon="6.8215499999999984"><ele>2288.67</ele></trkpt><trkpt lat="45.754422184786904" lon="6.8216576138342475"><ele>2287.595408247919</ele></trkpt><trkpt lat="45.75442994924439" lon="6.821766465371481"><ele>2286.2554678237257</ele></trkpt><trkpt lat="45.75444999999999" lon="6.8218700000000005"><ele>2285.23</ele></trkpt><trkpt lat="45.75447838038783" lon="6.8219531948087955"><ele>2284.6918156872216</ele></trkpt><trkpt lat="45.75450921309553" lon="6.822034697281828"><ele>2284.2232880987785</ele></trkpt><trkpt lat="45.75454220779599" lon="6.822114598144512"><ele>2283.8185457769123</ele></trkpt><trkpt lat="45.75457707416253" lon="6.82219298812226"><ele>2283.471717263861</ele></trkpt><trkpt lat="45.754613521868976" lon="6.82226995794048"><ele>2283.176931101865</ele></trkpt><trkpt lat="45.75465126058976" lon="6.82234559832459"><ele>2282.9283158331646</ele></trkpt><trkpt lat="45.754689999999975" lon="6.82242"><ele>2282.72</ele></trkpt><trkpt lat="45.754744662280196" lon="6.82247537258199"><ele>2283.0707278939535</ele></trkpt><trkpt lat="45.754799999999975" lon="6.82253"><ele>2283.53</ele></trkpt><trkpt lat="45.75484152505941" lon="6.822643396039421"><ele>2283.1868592477376</ele></trkpt><trkpt lat="45.754880000000014" lon="6.82276"><ele>2282.81</ele></trkpt><trkpt lat="45.75492463641203" lon="6.82284216568956"><ele>2283.030414885886</ele></trkpt><trkpt lat="45.75497335843787" lon="6.822919928461042"><ele>2283.3929415276325</ele></trkpt><trkpt lat="45.75502000000001" lon="6.823000000000001"><ele>2283.35</ele></trkpt><trkpt lat="45.75506988358264" lon="6.823110162658826"><ele>2281.970585635695</ele></trkpt><trkpt lat="45.75512" lon="6.823219999999999"><ele>2280.45</ele></trkpt><trkpt lat="45.75520000000001" lon="6.82334"><ele>2280.68</ele></trkpt><trkpt lat="45.75523656565964" lon="6.82341779230896"><ele>2280.2203350453506</ele></trkpt><trkpt lat="45.75527195259636" lon="6.823496724686139"><ele>2279.7008101987412</ele></trkpt><trkpt lat="45.7553060567032" lon="6.823576760908838"><ele>2279.092117829457</ele></trkpt><trkpt lat="45.75533877387332" lon="6.823657864754357"><ele>2278.364950306782</ele></trkpt><trkpt lat="45.75536999999999" lon="6.82374"><ele>2277.49</ele></trkpt><trkpt lat="45.75540189313966" lon="6.823830488338757"><ele>2276.356327312244</ele></trkpt><trkpt lat="45.7554319692227" lon="6.823922115247873"><ele>2275.076415436307</ele></trkpt><trkpt lat="45.75546102310095" lon="6.824014380297951"><ele>2273.708545569651</ele></trkpt><trkpt lat="45.75548984962455" lon="6.824106783059596"><ele>2272.3109989097393</ele></trkpt><trkpt lat="45.755519243641984" lon="6.824198823103411"><ele>2270.9420566540343</ele></trkpt><trkpt lat="45.75554999999999" lon="6.82429"><ele>2269.66</ele></trkpt><trkpt lat="45.75558215137816" lon="6.824381361590518"><ele>2268.471058985986</ele></trkpt><trkpt lat="45.755614868513064" lon="6.82447241155623"><ele>2267.344178436179</ele></trkpt><trkpt lat="45.75564850995934" lon="6.824562780726685"><ele>2266.2487683933796</ele></trkpt><trkpt lat="45.75568343427071" lon="6.824652099931425"><ele>2265.1542389003866</ele></trkpt><trkpt lat="45.755720000000004" lon="6.82474"><ele>2264.03</ele></trkpt><trkpt lat="45.75577019660466" lon="6.824845677643678"><ele>2262.5128410109724</ele></trkpt><trkpt lat="45.75583" lon="6.82494"><ele>2261.08</ele></trkpt><trkpt lat="45.75592" lon="6.825"><ele>2260.2</ele></trkpt><trkpt lat="45.75596609043404" lon="6.825062538634009"><ele>2259.505909919176</ele></trkpt><trkpt lat="45.756009570802824" lon="6.825128976590945"><ele>2258.8000439633433</ele></trkpt><trkpt lat="45.7560507657705" lon="6.82519842625241"><ele>2258.064156025839</ele></trkpt><trkpt lat="45.756090000000015" lon="6.825270000000001"><ele>2257.28</ele></trkpt><trkpt lat="45.75612785513753" lon="6.825346121621012"><ele>2256.3953873513565</ele></trkpt><trkpt lat="45.756163360093616" lon="6.8254245719802995"><ele>2255.452109203667</ele></trkpt><trkpt lat="45.756197937482796" lon="6.82550396152908"><ele>2254.5001373802997</ele></trkpt><trkpt lat="45.756233009915846" lon="6.825582900718574"><ele>2253.5894437046218</ele></trkpt><trkpt lat="45.756270000000015" lon="6.825659999999999"><ele>2252.77</ele></trkpt><trkpt lat="45.75630797063367" lon="6.82573223459303"><ele>2252.141072401931</ele></trkpt><trkpt lat="45.75634749858885" lon="6.825802870242458"><ele>2251.641246461362</ele></trkpt><trkpt lat="45.75638827724941" lon="6.825872070770658"><ele>2251.1582972901115</ele></trkpt><trkpt lat="45.75642999999998" lon="6.825940000000001"><ele>2250.58</ele></trkpt><trkpt lat="45.75652000000001" lon="6.82606"><ele>2248.83</ele></trkpt><trkpt lat="45.756560535789134" lon="6.826129362954092"><ele>2248.0515914810258</ele></trkpt><trkpt lat="45.75659943791517" lon="6.826200779827091"><ele>2247.301583070541</ele></trkpt><trkpt lat="45.75663807214861" lon="6.826272515223046"><ele>2246.5617789195435</ele></trkpt><trkpt lat="45.75667780425599" lon="6.826342833746"><ele>2245.8139831790304</ele></trkpt><trkpt lat="45.75672000000001" lon="6.826410000000001"><ele>2245.04</ele></trkpt><trkpt lat="45.75679000000001" lon="6.826459999999999"><ele>2243.95</ele></trkpt><trkpt lat="45.75684003492216" lon="6.826520245049351"><ele>2242.6944346648024</ele></trkpt><trkpt lat="45.75688823440323" lon="6.826583722766604"><ele>2241.3649047709882</ele></trkpt><trkpt lat="45.75693999999999" lon="6.82664"><ele>2239.97</ele></trkpt><trkpt lat="45.756998980087864" lon="6.826672834287503"><ele>2238.507370841292</ele></trkpt><trkpt lat="45.75706000000001" lon="6.826699999999999"><ele>2237</ele></trkpt><trkpt lat="45.757129999999975" lon="6.826760000000001"><ele>2235.13</ele></trkpt><trkpt lat="45.75718213594656" lon="6.826816470347759"><ele>2234.188462032218</ele></trkpt><trkpt lat="45.757234227256035" lon="6.826873400328502"><ele>2233.3276134773596</ele></trkpt><trkpt lat="45.75728420493571" lon="6.826933630144995"><ele>2232.5479581838217</ele></trkpt><trkpt lat="45.75732999999998" lon="6.827000000000001"><ele>2231.85</ele></trkpt><trkpt lat="45.75737179984476" lon="6.827069924119787"><ele>2231.2401397825975</ele></trkpt><trkpt lat="45.75741262062851" lon="6.827141071565037"><ele>2230.6894289648476</ele></trkpt><trkpt lat="45.75745257006115" lon="6.827213283326293"><ele>2230.1769075892403</ele></trkpt><trkpt lat="45.75749175585239" lon="6.827286400394085"><ele>2229.681615698265</ele></trkpt><trkpt lat="45.7575302857114" lon="6.827360263758959"><ele>2229.1825933344107</ele></trkpt><trkpt lat="45.757568267347175" lon="6.82743471441145"><ele>2228.658880540168</ele></trkpt><trkpt lat="45.75760580846838" lon="6.827509593342094"><ele>2228.0895173580257</ele></trkpt><trkpt lat="45.75764301678328" lon="6.827584741541432"><ele>2227.453543830473</ele></trkpt><trkpt lat="45.75767999999999" lon="6.82766"><ele>2226.73</ele></trkpt><trkpt lat="45.757722314419745" lon="6.827753103299867"><ele>2225.608715267092</ele></trkpt><trkpt lat="45.75776149976064" lon="6.827848846078262"><ele>2224.212145634202</ele></trkpt><trkpt lat="45.75779993522292" lon="6.827945165817526"><ele>2222.679503184211</ele></trkpt><trkpt lat="45.75783999999999" lon="6.8280400000000006"><ele>2221.15</ele></trkpt><trkpt lat="45.75788134270491" lon="6.828131911280213"><ele>2219.476294264992</ele></trkpt><trkpt lat="45.757924141024205" lon="6.828222334168049"><ele>2217.7267779195145</ele></trkpt><trkpt lat="45.757970000000014" lon="6.82831"><ele>2216.42</ele></trkpt><trkpt lat="45.75802172881615" lon="6.828394670891671"><ele>2216.366770691244</ele></trkpt><trkpt lat="45.75807999999999" lon="6.82847"><ele>2216.58</ele></trkpt><trkpt lat="45.758159870918895" lon="6.8285403076594005"><ele>2215.7345909794276</ele></trkpt><trkpt lat="45.758240000000015" lon="6.828609999999999"><ele>2214.69</ele></trkpt><trkpt lat="45.75830999999999" lon="6.82872"><ele>2213.89</ele></trkpt><trkpt lat="45.7583451003739" lon="6.8288053752802895"><ele>2213.077512978151</ele></trkpt><trkpt lat="45.75837949137151" lon="6.828891349857917"><ele>2212.2447920018876</ele></trkpt><trkpt lat="45.75841314997238" lon="6.8289779176698495"><ele>2211.3956177053706</ele></trkpt><trkpt lat="45.75844605315604" lon="6.829065072653056"><ele>2210.5337707227623</ele></trkpt><trkpt lat="45.75847817790213" lon="6.829152808744505"><ele>2209.6630316882233</ele></trkpt><trkpt lat="45.75850950119024" lon="6.8292411198811624"><ele>2208.7871812359153</ele></trkpt><trkpt lat="45.75854" lon="6.829330000000001"><ele>2207.91</ele></trkpt><trkpt lat="45.758563546726045" lon="6.829441015790793"><ele>2206.6316067006974</ele></trkpt><trkpt lat="45.75859" lon="6.829550000000001"><ele>2205.73</ele></trkpt><trkpt lat="45.75863102943233" lon="6.829625653565781"><ele>2205.9626793639204</ele></trkpt><trkpt lat="45.75867833256034" lon="6.8296949144914905"><ele>2206.564870135717</ele></trkpt><trkpt lat="45.75871999999998" lon="6.82977"><ele>2206.72</ele></trkpt><trkpt lat="45.75873876130335" lon="6.829861467609513"><ele>2205.679127934326</ele></trkpt><trkpt lat="45.75875999999999" lon="6.829950000000001"><ele>2204.07</ele></trkpt><trkpt lat="45.758801565555565" lon="6.830026685251681"><ele>2202.553939546304</ele></trkpt><trkpt lat="45.75884464311364" lon="6.830101616956103"><ele>2201.0412256634863</ele></trkpt><trkpt lat="45.75888889312396" lon="6.830175187499411"><ele>2199.5289305840674</ele></trkpt><trkpt lat="45.758933976037284" lon="6.83024778926775"><ele>2198.014126540566</ele></trkpt><trkpt lat="45.75897955230539" lon="6.8303198146472655"><ele>2196.4938857655015</ele></trkpt><trkpt lat="45.75902528238116" lon="6.830391656024104"><ele>2194.9652804913935</ele></trkpt><trkpt lat="45.75907082671862" lon="6.830463705784409"><ele>2193.425382950761</ele></trkpt><trkpt lat="45.75911584577284" lon="6.830536356314325"><ele>2191.871265376123</ele></trkpt><trkpt lat="45.759160000000016" lon="6.83061"><ele>2190.3</ele></trkpt><trkpt lat="45.759201097814675" lon="6.830680457450004"><ele>2188.7669050912873</ele></trkpt><trkpt lat="45.75924181204544" lon="6.830751288977902"><ele>2187.179536782352</ele></trkpt><trkpt lat="45.75928210103575" lon="6.83082257679027"><ele>2185.5670285959745</ele></trkpt><trkpt lat="45.75932192312914" lon="6.830894403093689"><ele>2183.958514054936</ele></trkpt><trkpt lat="45.75936123666929" lon="6.83096685009474"><ele>2182.3831266820175</ele></trkpt><trkpt lat="45.75940000000002" lon="6.83104"><ele>2180.87</ele></trkpt><trkpt lat="45.75944370747323" lon="6.831124153981915"><ele>2179.235623769524</ele></trkpt><trkpt lat="45.75948686585892" lon="6.831209029381185"><ele>2177.67026289194</ele></trkpt><trkpt lat="45.75952917050758" lon="6.831294827789499"><ele>2176.143090129595</ele></trkpt><trkpt lat="45.759570316770535" lon="6.831381750798542"><ele>2174.623278244833</ele></trkpt><trkpt lat="45.759610000000016" lon="6.8314699999999995"><ele>2173.08</ele></trkpt><trkpt lat="45.75964358404046" lon="6.83156316882315"><ele>2171.4269907827265</ele></trkpt><trkpt lat="45.75967351795306" lon="6.831659303773436"><ele>2169.7719436388443</ele></trkpt><trkpt lat="45.75970999999998" lon="6.8317499999999995"><ele>2168.38</ele></trkpt><trkpt lat="45.75975329324897" lon="6.831831972030774"><ele>2167.2189907604925</ele></trkpt><trkpt lat="45.75979854832714" lon="6.831911809810757"><ele>2166.066486563277</ele></trkpt><trkpt lat="45.75984530588682" lon="6.831990022418811"><ele>2164.9834113984875</ele></trkpt><trkpt lat="45.75989310658177" lon="6.832067118933796"><ele>2164.0306892562567</ele></trkpt><trkpt lat="45.75994149106724" lon="6.8321436084345715"><ele>2163.2692441267163</ele></trkpt><trkpt lat="45.759990000000016" lon="6.8322199999999995"><ele>2162.76</ele></trkpt><trkpt lat="45.760033612689284" lon="6.832288184542976"><ele>2162.488410175542</ele></trkpt><trkpt lat="45.76007767159379" lon="6.832355803410168"><ele>2162.3127549236688</ele></trkpt><trkpt lat="45.760122073065155" lon="6.832422988965601"><ele>2162.2170224084857</ele></trkpt><trkpt lat="45.760166713455355" lon="6.832489873573309"><ele>2162.185200794096</ele></trkpt><trkpt lat="45.76021148911669" lon="6.8325565895973135"><ele>2162.201278244604</ele></trkpt><trkpt lat="45.76025629640179" lon="6.832623269401643"><ele>2162.249242924113</ele></trkpt><trkpt lat="45.760301031663616" lon="6.832690045350327"><ele>2162.3130829967267</ele></trkpt><trkpt lat="45.760345591255415" lon="6.83275704980739"><ele>2162.376786626549</ele></trkpt><trkpt lat="45.76038987153085" lon="6.832824415136862"><ele>2162.4243419776835</ele></trkpt><trkpt lat="45.76043376884389" lon="6.832892273702769"><ele>2162.439737214235</ele></trkpt><trkpt lat="45.76047717954873" lon="6.832960757869139"><ele>2162.4069605003056</ele></trkpt><trkpt lat="45.76051999999997" lon="6.833029999999999"><ele>2162.31</ele></trkpt><trkpt lat="45.76056261671671" lon="6.8331034507552"><ele>2162.1352540859434</ele></trkpt><trkpt lat="45.7606032618412" lon="6.833179308277066"><ele>2161.898712281909</ele></trkpt><trkpt lat="45.76064272592718" lon="6.833256590502953"><ele>2161.615700520608</ele></trkpt><trkpt lat="45.760681799526104" lon="6.833334315370209"><ele>2161.3015447347516</ele></trkpt><trkpt lat="45.76072127318708" lon="6.833411500816191"><ele>2160.9715708570516</ele></trkpt><trkpt lat="45.760761937457126" lon="6.833487164778247"><ele>2160.6411048202185</ele></trkpt><trkpt lat="45.760804582880795" lon="6.833560325193734"><ele>2160.3254725569645</ele></trkpt><trkpt lat="45.760850000000005" lon="6.833630000000001"><ele>2160.04</ele></trkpt><trkpt lat="45.76089988430455" lon="6.833686721049011"><ele>2159.79868584734</ele></trkpt><trkpt lat="45.76095600558044" lon="6.833731946631861"><ele>2159.5829526980365</ele></trkpt><trkpt lat="45.7610141240619" lon="6.83377369889878"><ele>2159.388243199715</ele></trkpt><trkpt lat="45.76106999999996" lon="6.83382"><ele>2159.21</ele></trkpt><trkpt lat="45.76112928217883" lon="6.833877425431749"><ele>2159.0374544123315</ele></trkpt><trkpt lat="45.761188151373965" lon="6.833935777064809"><ele>2158.8892259674294</ele></trkpt><trkpt lat="45.761246379479196" lon="6.833995415981998"><ele>2158.746270316362</ele></trkpt><trkpt lat="45.76130373838932" lon="6.834056703266122"><ele>2158.589543110196</ele></trkpt><trkpt lat="45.76135999999999" lon="6.8341199999999995"><ele>2158.4</ele></trkpt><trkpt lat="45.76140390396863" lon="6.834192180267913"><ele>2158.0451333372894</ele></trkpt><trkpt lat="45.76145000000001" lon="6.834259999999999"><ele>2157.76</ele></trkpt><trkpt lat="45.76151086619381" lon="6.834306714364001"><ele>2157.790903859166</ele></trkpt><trkpt lat="45.76157477396853" lon="6.834345519394222"><ele>2157.9266628236574</ele></trkpt><trkpt lat="45.7616387947557" lon="6.834384064727332"><ele>2158.05159037632</ele></trkpt><trkpt lat="45.76169999999998" lon="6.83443"><ele>2158.05</ele></trkpt><trkpt lat="45.761755400333996" lon="6.834479159394633"><ele>2157.9336102355146</ele></trkpt><trkpt lat="45.76181070195909" lon="6.834528954295029"><ele>2157.7821452622334</ele></trkpt><trkpt lat="45.76186545546062" lon="6.834580028661665"><ele>2157.6004995869016</ele></trkpt><trkpt lat="45.76191921142583" lon="6.834633026455009"><ele>2157.3935677162663</ele></trkpt><trkpt lat="45.76197152044359" lon="6.8346885916355316"><ele>2157.1662441570734</ele></trkpt><trkpt lat="45.76202193310432" lon="6.834747368163705"><ele>2156.923423416069</ele></trkpt><trkpt lat="45.762069999999994" lon="6.83481"><ele>2156.67</ele></trkpt><trkpt lat="45.76211559937003" lon="6.834878051738395"><ele>2156.395503271561</ele></trkpt><trkpt lat="45.76215815984123" lon="6.834950025969322"><ele>2156.098015009785</ele></trkpt><trkpt lat="45.7621985795279" lon="6.835024775483887"><ele>2155.7841376568304</ele></trkpt><trkpt lat="45.76223775654146" lon="6.835101153073193"><ele>2155.460473654859</ele></trkpt><trkpt lat="45.76227658899053" lon="6.835178011528353"><ele>2155.13362544603</ele></trkpt><trkpt lat="45.76231597498135" lon="6.835254203640468"><ele>2154.8101954725034</ele></trkpt><trkpt lat="45.76235681261753" lon="6.835328582200649"><ele>2154.4967861764403</ele></trkpt><trkpt lat="45.76239999999998" lon="6.8354"><ele>2154.2</ele></trkpt><trkpt lat="45.762443221247544" lon="6.835465149863773"><ele>2153.924514547506</ele></trkpt><trkpt lat="45.762487929622104" lon="6.835528331061363"><ele>2153.6492472316086</ele></trkpt><trkpt lat="45.76253404340404" lon="6.835589475133274"><ele>2153.384680085609</ele></trkpt><trkpt lat="45.76258148087382" lon="6.835648513620013"><ele>2153.1412951428074</ele></trkpt><trkpt lat="45.76263016031219" lon="6.8357053780620864"><ele>2152.9295744365045</ele></trkpt><trkpt lat="45.76267999999999" lon="6.835759999999999"><ele>2152.76</ele></trkpt><trkpt lat="45.762748684714445" lon="6.835816344182041"><ele>2152.7200056198762</ele></trkpt><trkpt lat="45.76282156497571" lon="6.835863172506505"><ele>2152.808890776655</ele></trkpt><trkpt lat="45.762890000000006" lon="6.835920000000001"><ele>2152.79</ele></trkpt><trkpt lat="45.762949516019816" lon="6.83599859422089"><ele>2152.531996959036</ele></trkpt><trkpt lat="45.76300355821805" lon="6.8360860777753825"><ele>2152.1686812779117</ele></trkpt><trkpt lat="45.76305999999999" lon="6.836169999999999"><ele>2151.85</ele></trkpt><trkpt lat="45.76311452934099" lon="6.836237158914086"><ele>2151.6913133532294</ele></trkpt><trkpt lat="45.763171282910136" lon="6.83630052957459"><ele>2151.577977982295</ele></trkpt><trkpt lat="45.76323" lon="6.836359999999999"><ele>2151.4</ele></trkpt><trkpt lat="45.76334000000001" lon="6.83644"><ele>2150.69</ele></trkpt><trkpt lat="45.763403630732974" lon="6.836476731468093"><ele>2150.722748245613</ele></trkpt><trkpt lat="45.76346774011899" lon="6.836511846746343"><ele>2150.805733826581</ele></trkpt><trkpt lat="45.76353210586843" lon="6.83654608514852"><ele>2150.9221954687114</ele></trkpt><trkpt lat="45.76359650569265" lon="6.836580185988383"><ele>2151.05537189781</ele></trkpt><trkpt lat="45.76366071730398" lon="6.836614888579698"><ele>2151.1885018396815</ele></trkpt><trkpt lat="45.76372451841588" lon="6.83665093223623"><ele>2151.3048240201333</ele></trkpt><trkpt lat="45.76378768674274" lon="6.836689056271742"><ele>2151.3875771649705</ele></trkpt><trkpt lat="45.763849999999984" lon="6.83673"><ele>2151.42</ele></trkpt><trkpt lat="45.76391115849205" lon="6.836776414248891"><ele>2151.3355870912537</ele></trkpt><trkpt lat="45.763969948245126" lon="6.836829162739475"><ele>2151.1340482463147</ele></trkpt><trkpt lat="45.76402626387561" lon="6.836887329860321"><ele>2150.897985278218</ele></trkpt><trkpt lat="45.76408000000001" lon="6.83695"><ele>2150.71</ele></trkpt><trkpt lat="45.76413192235837" lon="6.837014961282904"><ele>2150.5894966688293</ele></trkpt><trkpt lat="45.764183229354735" lon="6.837080920404423"><ele>2150.4938581663337</ele></trkpt><trkpt lat="45.76423399155382" lon="6.837147756401495"><ele>2150.4138854593575</ele></trkpt><trkpt lat="45.76428427951999" lon="6.837215348311071"><ele>2150.340379514745</ele></trkpt><trkpt lat="45.76433416381741" lon="6.837283575170095"><ele>2150.264141299341</ele></trkpt><trkpt lat="45.76438371500994" lon="6.837352316015513"><ele>2150.1759717799896</ele></trkpt><trkpt lat="45.76443300366125" lon="6.837421449884264"><ele>2150.0666719235355</ele></trkpt><trkpt lat="45.76448210033463" lon="6.837490855813301"><ele>2149.927042696823</ele></trkpt><trkpt lat="45.76453107559327" lon="6.837560412839563"><ele>2149.747885066696</ele></trkpt><trkpt lat="45.764579999999995" lon="6.83763"><ele>2149.52</ele></trkpt><trkpt lat="45.76462737568834" lon="6.837705806393117"><ele>2148.9568871458123</ele></trkpt><trkpt lat="45.76467220826214" lon="6.837784871636402"><ele>2148.09163008698</ele></trkpt><trkpt lat="45.76472000000002" lon="6.837860000000001"><ele>2147.37</ele></trkpt><trkpt lat="45.76477649468557" lon="6.8379322407769765"><ele>2147.0537556165227</ele></trkpt><trkpt lat="45.76483999999998" lon="6.837989999999999"><ele>2146.97</ele></trkpt><trkpt lat="45.76490654399972" lon="6.838030955003466"><ele>2146.938325495003</ele></trkpt><trkpt lat="45.76497451122244" lon="6.838067014157872"><ele>2146.9486744692394</ele></trkpt><trkpt lat="45.765043206443615" lon="6.838100595810545"><ele>2146.970860695975</ele></trkpt><trkpt lat="45.76511193444206" lon="6.838134118308812"><ele>2146.974697948473</ele></trkpt><trkpt lat="45.76517999999998" lon="6.83817"><ele>2146.93</ele></trkpt><trkpt lat="45.76525000000002" lon="6.838219999999999"><ele>2146.49</ele></trkpt><trkpt lat="45.765302682559096" lon="6.838288429556371"><ele>2146.2349949723643</ele></trkpt><trkpt lat="45.76535333400737" lon="6.838360448512518"><ele>2146.0230818220125</ele></trkpt><trkpt lat="45.765409999999996" lon="6.83842"><ele>2146</ele></trkpt><trkpt lat="45.76548852223621" lon="6.8384518941700945"><ele>2146.2920940560557</ele></trkpt><trkpt lat="45.76557107103255" lon="6.838469791712562"><ele>2146.769196543049</ele></trkpt><trkpt lat="45.76563999999999" lon="6.83852"><ele>2147.24</ele></trkpt><trkpt lat="45.76560417592562" lon="6.838553188090994"><ele>2147.1640633163743</ele></trkpt><trkpt lat="45.765519999999995" lon="6.83858"><ele>2146.79</ele></trkpt><trkpt lat="45.765462404344014" lon="6.8386398812344185"><ele>2146.4600291257225</ele></trkpt><trkpt lat="45.76540969111722" lon="6.8387082133579185"><ele>2146.1146825549467</ele></trkpt><trkpt lat="45.76536999999999" lon="6.838790000000001"><ele>2145.81</ele></trkpt><trkpt lat="45.76534531271081" lon="6.838874077730871"><ele>2145.5748274215566</ele></trkpt><trkpt lat="45.76532587314861" lon="6.838961026270893"><ele>2145.354246670905</ele></trkpt><trkpt lat="45.76531015170674" lon="6.839049969193943"><ele>2145.1478656507343</ele></trkpt><trkpt lat="45.76529661877577" lon="6.839140030073895"><ele>2144.955292263734</ele></trkpt><trkpt lat="45.765283744744465" lon="6.839230332484623"><ele>2144.7761344125934</ele></trkpt><trkpt lat="45.76526999999998" lon="6.83932"><ele>2144.61</ele></trkpt><trkpt lat="45.765254740914045" lon="6.8394299813988555"><ele>2144.4433697985037</ele></trkpt><trkpt lat="45.76524229957667" lon="6.839540883204913"><ele>2144.3162990992487</ele></trkpt><trkpt lat="45.76522870845196" lon="6.839651343408515"><ele>2144.2010788503694</ele></trkpt><trkpt lat="45.765209999999996" lon="6.83976"><ele>2144.07</ele></trkpt><trkpt lat="45.765182017226735" lon="6.839869699397481"><ele>2143.946469146261</ele></trkpt><trkpt lat="45.7651475171215" lon="6.839975911645661"><ele>2143.8126683452856</ele></trkpt><trkpt lat="45.76511000000001" lon="6.8400799999999995"><ele>2143.56</ele></trkpt><trkpt lat="45.76506000000001" lon="6.84017"><ele>2142.69</ele></trkpt><trkpt lat="45.76504291899506" lon="6.840287085044212"><ele>2142.2554837772386</ele></trkpt><trkpt lat="45.76501999999998" lon="6.8404"><ele>2141.82</ele></trkpt><trkpt lat="45.76493000000001" lon="6.84048"><ele>2140.86</ele></trkpt><trkpt lat="45.7649146152228" lon="6.840575803296516"><ele>2140.993916966835</ele></trkpt><trkpt lat="45.764914031465246" lon="6.840675202458287"><ele>2141.3053519732725</ele></trkpt><trkpt lat="45.76493000000001" lon="6.84077"><ele>2141.2</ele></trkpt><trkpt lat="45.764987933538094" lon="6.840866756339098"><ele>2140.0133525284264</ele></trkpt><trkpt lat="45.76506000000001" lon="6.840950000000001"><ele>2138.18</ele></trkpt><trkpt lat="45.76511502015871" lon="6.841029825086416"><ele>2135.707292769118</ele></trkpt><trkpt lat="45.76516" lon="6.841119999999999"><ele>2133.81</ele></trkpt><trkpt lat="45.765184363046316" lon="6.841212523296321"><ele>2133.816001432726</ele></trkpt><trkpt lat="45.76520225079209" lon="6.841308610993117"><ele>2134.434698594602</ele></trkpt><trkpt lat="45.76521901314366" lon="6.841405393193356"><ele>2135.0685464591775</ele></trkpt><trkpt lat="45.76524000000001" lon="6.8415"><ele>2135.12</ele></trkpt><trkpt lat="45.765267736054945" lon="6.841592397595762"><ele>2134.5276036896375</ele></trkpt><trkpt lat="45.76529890501598" lon="6.841682797969737"><ele>2133.6904205073906</ele></trkpt><trkpt lat="45.76533111138317" lon="6.84177247975954"><ele>2132.6837595002808</ele></trkpt><trkpt lat="45.765361959661824" lon="6.841862721602778"><ele>2131.5829297153305</ele></trkpt><trkpt lat="45.76538905436254" lon="6.841954802137062"><ele>2130.4632401995627</ele></trkpt><trkpt lat="45.765409999999996" lon="6.8420499999999995"><ele>2129.4</ele></trkpt><trkpt lat="45.76540513898113" lon="6.842149795159069"><ele>2128.406089837432</ele></trkpt><trkpt lat="45.76536999999999" lon="6.84224"><ele>2127.43</ele></trkpt><trkpt lat="45.76532391546148" lon="6.84231343260191"><ele>2126.4552027368713</ele></trkpt><trkpt lat="45.76527392082471" lon="6.842381639871645"><ele>2125.469939809317</ele></trkpt><trkpt lat="45.765221774020254" lon="6.842447011027766"><ele>2124.4974996445944</ele></trkpt><trkpt lat="45.765169232984775" lon="6.8425119352888295"><ele>2123.561170669962</ele></trkpt><trkpt lat="45.7651180556615" lon="6.842578801873388"><ele>2122.684241312678</ele></trkpt><trkpt lat="45.76507" lon="6.84265"><ele>2121.89</ele></trkpt><trkpt lat="45.76500373351859" lon="6.8427536124210535"><ele>2121.7296312124117</ele></trkpt><trkpt lat="45.76498" lon="6.842869999999999"><ele>2121.1</ele></trkpt><trkpt lat="45.765000459538705" lon="6.842961539019084"><ele>2119.6663479205195</ele></trkpt><trkpt lat="45.76502220346768" lon="6.84305276236"><ele>2118.237338287275</ele></trkpt><trkpt lat="45.76504528019142" lon="6.843143511336209"><ele>2116.8061017514096</ele></trkpt><trkpt lat="45.76506973811435" lon="6.843233627261163"><ele>2115.3657689640663</ele></trkpt><trkpt lat="45.765095625640626" lon="6.843322951448323"><ele>2113.9094705763873</ele></trkpt><trkpt lat="45.765122991174174" lon="6.843411325211148"><ele>2112.430337239515</ele></trkpt><trkpt lat="45.76515188311878" lon="6.843498589863096"><ele>2110.921499604593</ele></trkpt><trkpt lat="45.765182349878025" lon="6.843584586717623"><ele>2109.3760883227637</ele></trkpt><trkpt lat="45.76521443985518" lon="6.84366915708819"><ele>2107.787234045169</ele></trkpt><trkpt lat="45.765248201453296" lon="6.843752142288253"><ele>2106.148067422953</ele></trkpt><trkpt lat="45.76528368307519" lon="6.843833383631269"><ele>2104.4517191072578</ele></trkpt><trkpt lat="45.76532093312334" lon="6.8439127224307"><ele>2102.691319749226</ele></trkpt><trkpt lat="45.76536" lon="6.843990000000001"><ele>2100.86</ele></trkpt><trkpt lat="45.765403290716456" lon="6.844064738258082"><ele>2098.8895992619855</ele></trkpt><trkpt lat="45.76545067724268" lon="6.844133584126473"><ele>2096.8205591819324</ele></trkpt><trkpt lat="45.76550136280111" lon="6.844197701002712"><ele>2094.670695347296</ele></trkpt><trkpt lat="45.765554550616564" lon="6.844258252284344"><ele>2092.4578233455327</ele></trkpt><trkpt lat="45.76560944391635" lon="6.8443164013689035"><ele>2090.1997587641004</ele></trkpt><trkpt lat="45.76566524593073" lon="6.844373311653932"><ele>2087.9143171904543</ele></trkpt><trkpt lat="45.765721159893154" lon="6.844430146536969"><ele>2085.619314212051</ele></trkpt><trkpt lat="45.7657763890401" lon="6.844488069415555"><ele>2083.3325654163473</ele></trkpt><trkpt lat="45.76583013661134" lon="6.844548243687229"><ele>2081.0718863908</ele></trkpt><trkpt lat="45.765881605849486" lon="6.84461183274953"><ele>2078.8550927228653</ele></trkpt><trkpt lat="45.76592999999999" lon="6.84468"><ele>2076.7</ele></trkpt><trkpt lat="45.76597106927556" lon="6.844754287877577"><ele>2074.6978880631737</ele></trkpt><trkpt lat="45.766004899446514" lon="6.844836476605455"><ele>2072.8198312481336</ele></trkpt><trkpt lat="45.76603419498321" lon="6.844923521394549"><ele>2071.039830401507</ele></trkpt><trkpt lat="45.76606166034862" lon="6.8450123774557605"><ele>2069.33188636992</ele></trkpt><trkpt lat="45.766089999999984" lon="6.8451"><ele>2067.67</ele></trkpt><trkpt lat="45.76611879710336" lon="6.8451888164946695"><ele>2066.0561141774797</ele></trkpt><trkpt lat="45.766145444188304" lon="6.845279476624264"><ele>2064.54107660764</ele></trkpt><trkpt lat="45.76617100953757" lon="6.8453710490720825"><ele>2063.0806611387866</ele></trkpt><trkpt lat="45.76619656143187" lon="6.845462602521422"><ele>2061.6306416192247</ele></trkpt><trkpt lat="45.76622316814988" lon="6.845553205655586"><ele>2060.14679189726</ele></trkpt><trkpt lat="45.76625189796823" lon="6.845641927157869"><ele>2058.584885821197</ele></trkpt><trkpt lat="45.76628381916116" lon="6.8457278357115765"><ele>2056.900697239342</ele></trkpt><trkpt lat="45.76632000000001" lon="6.845809999999999"><ele>2055.05</ele></trkpt><trkpt lat="45.76636053039247" lon="6.845888666952688"><ele>2053.025647406552</ele></trkpt><trkpt lat="45.76640380982645" lon="6.845963974415932"><ele>2050.895372212994</ele></trkpt><trkpt lat="45.76644925022796" lon="6.846036646240881"><ele>2048.682953943775</ele></trkpt><trkpt lat="45.7664962635248" lon="6.846107406278685"><ele>2046.412172123342</ele></trkpt><trkpt lat="45.76654426164642" lon="6.846176978380498"><ele>2044.1068062761447</ele></trkpt><trkpt lat="45.76659265652436" lon="6.846246086397472"><ele>2041.7906359266303</ele></trkpt><trkpt lat="45.76664086009208" lon="6.846315454180752"><ele>2039.4874405992477</ele></trkpt><trkpt lat="45.76668828428509" lon="6.846385805581495"><ele>2037.2209998184449</ele></trkpt><trkpt lat="45.766734341040895" lon="6.8464578644508505"><ele>2035.0150931086707</ele></trkpt><trkpt lat="45.76677844229886" lon="6.846532354639969"><ele>2032.8934999943729</ele></trkpt><trkpt lat="45.766819999999996" lon="6.84661"><ele>2030.88</ele></trkpt><trkpt lat="45.76684662118757" lon="6.84670806547428"><ele>2029.5829633509247</ele></trkpt><trkpt lat="45.76685769947992" lon="6.846817782787348"><ele>2029.004919481892</ele></trkpt><trkpt lat="45.76688000000003" lon="6.846920000000001"><ele>2027.79</ele></trkpt><trkpt lat="45.76691621088179" lon="6.846997551671214"><ele>2025.856798089116</ele></trkpt><trkpt lat="45.766957803926424" lon="6.847069432742319"><ele>2023.652571083357</ele></trkpt><trkpt lat="45.76700187924086" lon="6.847138630662035"><ele>2021.3065483771445</ele></trkpt><trkpt lat="45.7670455369404" lon="6.847208132879075"><ele>2018.9479593648998</ele></trkpt><trkpt lat="45.76708587714938" lon="6.847280926842158"><ele>2016.7060334410446</ele></trkpt><trkpt lat="45.76712000000001" lon="6.84736"><ele>2014.71</ele></trkpt><trkpt lat="45.76714888604846" lon="6.8474486381184"><ele>2012.8552536519494</ele></trkpt><trkpt lat="45.76717367883168" lon="6.847540517187137"><ele>2011.0919614164081</ele></trkpt><trkpt lat="45.76719551400866" lon="6.847634708287599"><ele>2009.4006216790756</ele></trkpt><trkpt lat="45.76721552723588" lon="6.847730282501172"><ele>2007.7617328256533</ele></trkpt><trkpt lat="45.76723485416802" lon="6.847826310909247"><ele>2006.155793241841</ele></trkpt><trkpt lat="45.767254630458055" lon="6.8479218645932125"><ele>2004.5633013133393</ele></trkpt><trkpt lat="45.767275991757394" lon="6.848016014634457"><ele>2002.9647554258481</ele></trkpt><trkpt lat="45.76730007371555" lon="6.848107832114369"><ele>2001.3406539650682</ele></trkpt><trkpt lat="45.7673280119798" lon="6.848196388114338"><ele>1999.6714953167</ele></trkpt><trkpt lat="45.767360942194465" lon="6.848280753715753"><ele>1997.9377778664436</ele></trkpt><trkpt lat="45.7674" lon="6.8483600000000004"><ele>1996.12</ele></trkpt><trkpt lat="45.767445992429444" lon="6.848417731617714"><ele>1994.3824909478558</ele></trkpt><trkpt lat="45.7675025797424" lon="6.848454515519747"><ele>1992.6415736866388</ele></trkpt><trkpt lat="45.767565920793345" lon="6.848478231154824"><ele>1990.9122235236496</ele></trkpt><trkpt lat="45.767632174450505" lon="6.848496757971666"><ele>1989.2094157661902</ele></trkpt><trkpt lat="45.76769749959922" lon="6.848517975418994"><ele>1987.5481257215613</ele></trkpt><trkpt lat="45.76775805514272" lon="6.848549762945531"><ele>1985.9433286970643</ele></trkpt><trkpt lat="45.76781" lon="6.8486"><ele>1984.41</ele></trkpt><trkpt lat="45.76784877605035" lon="6.8486704242789544"><ele>1982.9920789787104</ele></trkpt><trkpt lat="45.767875067378576" lon="6.848753187270371"><ele>1981.7396385723544</ele></trkpt><trkpt lat="45.76789410471897" lon="6.848843407656222"><ele>1980.6379446261187</ele></trkpt><trkpt lat="45.76791111879401" lon="6.848936204118465"><ele>1979.6722629851897</ele></trkpt><trkpt lat="45.767931340318704" lon="6.849026695339069"><ele>1978.8278594947546</ele></trkpt><trkpt lat="45.76796" lon="6.8491100000000005"><ele>1978.09</ele></trkpt><trkpt lat="45.76800125534461" lon="6.849193115156915"><ele>1977.404864173707</ele></trkpt><trkpt lat="45.76804725971805" lon="6.849271366589133"><ele>1976.8524405735734</ele></trkpt><trkpt lat="45.76809605548483" lon="6.8493467637858085"><ele>1976.403271886305</ele></trkpt><trkpt lat="45.768145685015625" lon="6.849421316236081"><ele>1976.0279007986073</ele></trkpt><trkpt lat="45.76819419068793" lon="6.849497033429107"><ele>1975.6968699971872</ele></trkpt><trkpt lat="45.768239614885964" lon="6.849575924854031"><ele>1975.3807221687493</ele></trkpt><trkpt lat="45.76828000000002" lon="6.84966"><ele>1975.05</ele></trkpt><trkpt lat="45.76831020446716" lon="6.849741391992654"><ele>1974.7567693946644</ele></trkpt><trkpt lat="45.768334948501895" lon="6.849826708772507"><ele>1974.500695744624</ele></trkpt><trkpt lat="45.76835632461687" lon="6.84991445992585"><ele>1974.2741309977685</ele></trkpt><trkpt lat="45.76837642532056" lon="6.850003155038981"><ele>1974.0694271019884</ele></trkpt><trkpt lat="45.76839734311827" lon="6.8500913036981865"><ele>1973.8789360051733</ele></trkpt><trkpt lat="45.76842117051202" lon="6.850177415489761"><ele>1973.6950096552139</ele></trkpt><trkpt lat="45.76845000000001" lon="6.8502600000000005"><ele>1973.51</ele></trkpt><trkpt lat="45.76848181380835" lon="6.8503385923964935"><ele>1973.3305491463236</ele></trkpt><trkpt lat="45.76851432970353" lon="6.850416612397996"><ele>1973.160362578302</ele></trkpt><trkpt lat="45.76854751851658" lon="6.850494070303997"><ele>1972.997518082007</ele></trkpt><trkpt lat="45.768581351078595" lon="6.850570976413991"><ele>1972.8400934435115</ele></trkpt><trkpt lat="45.76861579822075" lon="6.850647341027472"><ele>1972.686166448888</ele></trkpt><trkpt lat="45.76865083077428" lon="6.85072317444393"><ele>1972.533814884209</ele></trkpt><trkpt lat="45.76868641957037" lon="6.850798486962862"><ele>1972.3811165355473</ele></trkpt><trkpt lat="45.76872253544042" lon="6.85087328888376"><ele>1972.2261491889751</ele></trkpt><trkpt lat="45.768759149215754" lon="6.8509475905061175"><ele>1972.0669906305652</ele></trkpt><trkpt lat="45.76879623172786" lon="6.851021402129427"><ele>1971.9017186463902</ele></trkpt><trkpt lat="45.768833753808195" lon="6.851094734053182"><ele>1971.7284110225226</ele></trkpt><trkpt lat="45.76887168628838" lon="6.851167596576875"><ele>1971.545145545035</ele></trkpt><trkpt lat="45.76891000000002" lon="6.851239999999999"><ele>1971.35</ele></trkpt><trkpt lat="45.76895000260803" lon="6.851311171524665"><ele>1971.1360190605276</ele></trkpt><trkpt lat="45.768992326407364" lon="6.851380023730467"><ele>1970.9021156922295</ele></trkpt><trkpt lat="45.76903644594059" lon="6.851447063915952"><ele>1970.6524620769062</ele></trkpt><trkpt lat="45.76908183575166" lon="6.851512799379666"><ele>1970.3912303963602</ele></trkpt><trkpt lat="45.7691279703862" lon="6.851577737420161"><ele>1970.122592832393</ele></trkpt><trkpt lat="45.76917432439146" lon="6.851642385335981"><ele>1969.850721566806</ele></trkpt><trkpt lat="45.76922037231644" lon="6.851707250425676"><ele>1969.5797887814015</ele></trkpt><trkpt lat="45.76926558871189" lon="6.851772839987792"><ele>1969.31396665798</ele></trkpt><trkpt lat="45.76930944813022" lon="6.851839661320876"><ele>1969.057427378344</ele></trkpt><trkpt lat="45.769351425125436" lon="6.851908221723478"><ele>1968.814343124295</ele></trkpt><trkpt lat="45.76939099425293" lon="6.851979028494141"><ele>1968.5888860776342</ele></trkpt><trkpt lat="45.76942763006934" lon="6.85205258893142"><ele>1968.385228420164</ele></trkpt><trkpt lat="45.76946080713227" lon="6.852129410333856"><ele>1968.2075423336853</ele></trkpt><trkpt lat="45.76949" lon="6.85221"><ele>1968.06</ele></trkpt><trkpt lat="45.76951656546163" lon="6.8522917071768115"><ele>1967.9310710524662</ele></trkpt><trkpt lat="45.769542879086025" lon="6.852373569629771"><ele>1967.803213920902</ele></trkpt><trkpt lat="45.76956894801417" lon="6.852455582983494"><ele>1967.676412780414</ele></trkpt><trkpt lat="45.76959477938711" lon="6.852537742862596"><ele>1967.5506518061088</ele></trkpt><trkpt lat="45.76962038034577" lon="6.852620044891693"><ele>1967.4259151730932</ele></trkpt><trkpt lat="45.76964575803119" lon="6.852702484695399"><ele>1967.3021870564744</ele></trkpt><trkpt lat="45.76967091958423" lon="6.852785057898331"><ele>1967.1794516313587</ele></trkpt><trkpt lat="45.769695872145896" lon="6.8528677601251005"><ele>1967.0576930728528</ele></trkpt><trkpt lat="45.76972062285707" lon="6.852950587000328"><ele>1966.9368955560635</ele></trkpt><trkpt lat="45.769745178858656" lon="6.853033534148626"><ele>1966.817043256098</ele></trkpt><trkpt lat="45.76976954729161" lon="6.853116597194609"><ele>1966.6981203480625</ele></trkpt><trkpt lat="45.76979373529671" lon="6.853199771762894"><ele>1966.580111007064</ele></trkpt><trkpt lat="45.76981775001486" lon="6.853283053478092"><ele>1966.462999408209</ele></trkpt><trkpt lat="45.769841598586915" lon="6.853366437964823"><ele>1966.3467697266049</ele></trkpt><trkpt lat="45.76986528815373" lon="6.853449920847701"><ele>1966.2314061373577</ele></trkpt><trkpt lat="45.76988882585608" lon="6.85353349775134"><ele>1966.1168928155744</ele></trkpt><trkpt lat="45.76991221883477" lon="6.853617164300357"><ele>1966.0032139363625</ele></trkpt><trkpt lat="45.76993547423063" lon="6.853700916119365"><ele>1965.8903536748273</ele></trkpt><trkpt lat="45.769958599184406" lon="6.853784748832982"><ele>1965.7782962060767</ele></trkpt><trkpt lat="45.76998160083691" lon="6.853868658065822"><ele>1965.6670257052172</ele></trkpt><trkpt lat="45.770004486328865" lon="6.853952639442496"><ele>1965.5565263473552</ele></trkpt><trkpt lat="45.770027262800994" lon="6.854036688587627"><ele>1965.446782307598</ele></trkpt><trkpt lat="45.77004993739406" lon="6.854120801125823"><ele>1965.3377777610517</ele></trkpt><trkpt lat="45.770072517248806" lon="6.854204972681704"><ele>1965.2294968828237</ele></trkpt><trkpt lat="45.77009500950586" lon="6.854289198879884"><ele>1965.1219238480203</ele></trkpt><trkpt lat="45.770117421305976" lon="6.854373475344978"><ele>1965.0150428317488</ele></trkpt><trkpt lat="45.77013975978985" lon="6.854457797701602"><ele>1964.9088380091148</ele></trkpt><trkpt lat="45.77016203209809" lon="6.854542161574368"><ele>1964.8032935552264</ele></trkpt><trkpt lat="45.77018424537142" lon="6.854626562587893"><ele>1964.6983936451895</ele></trkpt><trkpt lat="45.77020640675043" lon="6.854710996366796"><ele>1964.5941224541114</ele></trkpt><trkpt lat="45.770228523375785" lon="6.854795458535686"><ele>1964.4904641570984</ele></trkpt><trkpt lat="45.770250602388124" lon="6.854879944719182"><ele>1964.3874029292574</ele></trkpt><trkpt lat="45.77027265092803" lon="6.8549644505419"><ele>1964.2849229456951</ele></trkpt><trkpt lat="45.770294676136125" lon="6.855048971628451"><ele>1964.183008381519</ele></trkpt><trkpt lat="45.770316685152984" lon="6.855133503603454"><ele>1964.0816434118346</ele></trkpt><trkpt lat="45.77033868511918" lon="6.855218042091524"><ele>1963.9808122117495</ele></trkpt><trkpt lat="45.77036068317531" lon="6.855302582717273"><ele>1963.88049895637</ele></trkpt><trkpt lat="45.77038268646193" lon="6.855387121105319"><ele>1963.7806878208035</ele></trkpt><trkpt lat="45.77040470211953" lon="6.8554716528802775"><ele>1963.6813629801557</ele></trkpt><trkpt lat="45.77042673728874" lon="6.855556173666762"><ele>1963.5825086095342</ele></trkpt><trkpt lat="45.77044879910998" lon="6.855640679089389"><ele>1963.4841088840453</ele></trkpt><trkpt lat="45.77047089472383" lon="6.855725164772774"><ele>1963.3861479787965</ele></trkpt><trkpt lat="45.770493031270746" lon="6.85580962634153"><ele>1963.2886100688938</ele></trkpt><trkpt lat="45.77051521589127" lon="6.855894059420275"><ele>1963.191479329444</ele></trkpt><trkpt lat="45.770537455725815" lon="6.855978459633621"><ele>1963.0947399355546</ele></trkpt><trkpt lat="45.77055975791491" lon="6.856062822606187"><ele>1962.9983760623313</ele></trkpt><trkpt lat="45.770582129598964" lon="6.856147143962586"><ele>1962.9023718848814</ele></trkpt><trkpt lat="45.77060457791844" lon="6.856231419327433"><ele>1962.8067115783115</ele></trkpt><trkpt lat="45.77062711001375" lon="6.856315644325345"><ele>1962.7113793177286</ele></trkpt><trkpt lat="45.77064973302531" lon="6.856399814580934"><ele>1962.6163592782395</ele></trkpt><trkpt lat="45.77067245409356" lon="6.856483925718817"><ele>1962.5216356349504</ele></trkpt><trkpt lat="45.77069528035887" lon="6.856567973363612"><ele>1962.4271925629687</ele></trkpt><trkpt lat="45.77071821896164" lon="6.856651953139927"><ele>1962.3330142374007</ele></trkpt><trkpt lat="45.7707412770422" lon="6.856735860672387"><ele>1962.2390848333534</ele></trkpt><trkpt lat="45.77076446174097" lon="6.856819691585599"><ele>1962.1453885259334</ele></trkpt><trkpt lat="45.77078778019824" lon="6.856903441504183"><ele>1962.0519094902477</ele></trkpt><trkpt lat="45.77081123955434" lon="6.856987106052752"><ele>1961.9586319014027</ele></trkpt><trkpt lat="45.77083484694962" lon="6.85707068085592"><ele>1961.8655399345053</ele></trkpt><trkpt lat="45.77085860952439" lon="6.857154161538305"><ele>1961.7726177646623</ele></trkpt><trkpt lat="45.77088253441892" lon="6.857237543724522"><ele>1961.6798495669807</ele></trkpt><trkpt lat="45.77090662877347" lon="6.857320823039184"><ele>1961.5872195165666</ele></trkpt><trkpt lat="45.77093089972835" lon="6.857403995106908"><ele>1961.4947117885274</ele></trkpt><trkpt lat="45.770955354423776" lon="6.857487055552308"><ele>1961.4023105579697</ele></trkpt><trkpt lat="45.77098000000001" lon="6.85757"><ele>1961.31</ele></trkpt><trkpt lat="45.77100542312212" lon="6.857653162449853"><ele>1961.2226588533626</ele></trkpt><trkpt lat="45.77103178824265" lon="6.857735684020956"><ele>1961.145843756948</ele></trkpt><trkpt lat="45.77105901969699" lon="6.857817615118149"><ele>1961.0785028173186</ele></trkpt><trkpt lat="45.77108704182058" lon="6.857899006146277"><ele>1961.0195841410377</ele></trkpt><trkpt lat="45.771115778948946" lon="6.857979907510184"><ele>1960.9680358346682</ele></trkpt><trkpt lat="45.771145155417805" lon="6.858060369614706"><ele>1960.9228060047735</ele></trkpt><trkpt lat="45.77117509556302" lon="6.858140442864692"><ele>1960.8828427579165</ele></trkpt><trkpt lat="45.771205523720525" lon="6.858220177664983"><ele>1960.84709420066</ele></trkpt><trkpt lat="45.77123636422644" lon="6.85829962442042"><ele>1960.8145084395674</ele></trkpt><trkpt lat="45.771267541417096" lon="6.8583788335358475"><ele>1960.7840335812014</ele></trkpt><trkpt lat="45.77129897962885" lon="6.858457855416108"><ele>1960.7546177321249</ele></trkpt><trkpt lat="45.7713306031984" lon="6.858536740466042"><ele>1960.7252089989015</ele></trkpt><trkpt lat="45.771362336462474" lon="6.8586155390904935"><ele>1960.694755488094</ele></trkpt><trkpt lat="45.771394103758006" lon="6.858694301694305"><ele>1960.6622053062652</ele></trkpt><trkpt lat="45.771425829422164" lon="6.85877307868232"><ele>1960.6265065599785</ele></trkpt><trkpt lat="45.77145743779219" lon="6.858851920459378"><ele>1960.5866073557966</ele></trkpt><trkpt lat="45.77148885320561" lon="6.858930877430324"><ele>1960.5414558002828</ele></trkpt><trkpt lat="45.77152000000001" lon="6.85901"><ele>1960.49</ele></trkpt><trkpt lat="45.771551484984826" lon="6.859090212417497"><ele>1960.4340918821067</ele></trkpt><trkpt lat="45.77158313389599" lon="6.85917029282427"><ele>1960.3776337410377</ele></trkpt><trkpt lat="45.77161494060688" lon="6.859250245582117"><ele>1960.3204479565568</ele></trkpt><trkpt lat="45.77164689899075" lon="6.859330075052834"><ele>1960.262356908426</ele></trkpt><trkpt lat="45.771679002921" lon="6.859409785598222"><ele>1960.2031829764092</ele></trkpt><trkpt lat="45.77171124627091" lon="6.85948938158008"><ele>1960.1427485402694</ele></trkpt><trkpt lat="45.771743622913924" lon="6.859568867360204"><ele>1960.0808759797696</ele></trkpt><trkpt lat="45.771776126723324" lon="6.8596482473003935"><ele>1960.0173876746735</ele></trkpt><trkpt lat="45.77180875157258" lon="6.859727525762442"><ele>1959.9521060047437</ele></trkpt><trkpt lat="45.77184149133507" lon="6.859806707108153"><ele>1959.8848533497435</ele></trkpt><trkpt lat="45.771874339884185" lon="6.859885795699324"><ele>1959.815452089436</ele></trkpt><trkpt lat="45.771907291093385" lon="6.859964795897753"><ele>1959.7437246035843</ele></trkpt><trkpt lat="45.77194033883608" lon="6.860043712065237"><ele>1959.6694932719518</ele></trkpt><trkpt lat="45.77197347698579" lon="6.860122548563574"><ele>1959.5925804743015</ele></trkpt><trkpt lat="45.77200669941593" lon="6.860201309754563"><ele>1959.5128085903964</ele></trkpt><trkpt lat="45.772040000000004" lon="6.86028"><ele>1959.43</ele></trkpt><trkpt lat="45.77207728922819" lon="6.860362691130202"><ele>1959.2770326457573</ele></trkpt><trkpt lat="45.77211747390509" lon="6.860442630175668"><ele>1959.059791957849</ele></trkpt><trkpt lat="45.77215999999999" lon="6.86052"><ele>1958.87</ele></trkpt><trkpt lat="45.772209561514394" lon="6.8606005918845865"><ele>1958.7320100831344</ele></trkpt><trkpt lat="45.77226135015722" lon="6.860678487465804"><ele>1958.6182898448035</ele></trkpt><trkpt lat="45.7723124637188" lon="6.860757139314118"><ele>1958.5029246840709</ele></trkpt><trkpt lat="45.77236" lon="6.86084"><ele>1958.36</ele></trkpt><trkpt lat="45.772395405232466" lon="6.8609261039344585"><ele>1958.1340508109624</ele></trkpt><trkpt lat="45.772420000000004" lon="6.861019999999999"><ele>1957.91</ele></trkpt><trkpt lat="45.7724389594434" lon="6.861116886566471"><ele>1957.7497730817272</ele></trkpt><trkpt lat="45.77245590333286" lon="6.861214565088204"><ele>1957.5866316955803</ele></trkpt><trkpt lat="45.772471367500984" lon="6.861312800326702"><ele>1957.4436037685705</ele></trkpt><trkpt lat="45.77248588777961" lon="6.861411357043468"><ele>1957.3437172277067</ele></trkpt><trkpt lat="45.772500000000015" lon="6.86151"><ele>1957.31</ele></trkpt><trkpt lat="45.772514072220694" lon="6.8616144663787555"><ele>1957.6497407528516</ele></trkpt><trkpt lat="45.77251999999999" lon="6.861720000000001"><ele>1957.96</ele></trkpt><trkpt lat="45.77251825254397" lon="6.8618162206254665"><ele>1957.9057356682326</ele></trkpt><trkpt lat="45.772515744831" lon="6.861912406592005"><ele>1957.837551196939</ele></trkpt><trkpt lat="45.7725126237735" lon="6.86200856431663"><ele>1957.756954303588</ele></trkpt><trkpt lat="45.77250903628389" lon="6.862104700216351"><ele>1957.6654527056476</ele></trkpt><trkpt lat="45.77250512927467" lon="6.862200820708179"><ele>1957.5645541205872</ele></trkpt><trkpt lat="45.772501049658274" lon="6.862296932209125"><ele>1957.4557662658751</ele></trkpt><trkpt lat="45.77249694434722" lon="6.862393041136201"><ele>1957.3405968589796</ele></trkpt><trkpt lat="45.77249296025412" lon="6.8624891539064174"><ele>1957.2205536173697</ele></trkpt><trkpt lat="45.772489244291556" lon="6.862585276936786"><ele>1957.0971442585133</ele></trkpt><trkpt lat="45.772485943372196" lon="6.862681416644317"><ele>1956.9718764998797</ele></trkpt><trkpt lat="45.77248320440868" lon="6.862777579446022"><ele>1956.8462580589373</ele></trkpt><trkpt lat="45.772481174313725" lon="6.862873771758913"><ele>1956.7217966531543</ele></trkpt><trkpt lat="45.772480000000016" lon="6.86297"><ele>1956.6</ele></trkpt><trkpt lat="45.772510000000004" lon="6.863100000000001"><ele>1956.24</ele></trkpt><trkpt lat="45.77254058878034" lon="6.863180680757273"><ele>1956.378294260462</ele></trkpt><trkpt lat="45.77257277862833" lon="6.863260146117988"><ele>1956.591102648033</ele></trkpt><trkpt lat="45.77260577685974" lon="6.863338989168625"><ele>1956.8374864057832</ele></trkpt><trkpt lat="45.77263879079225" lon="6.863417802995665"><ele>1957.0765067767843</ele></trkpt><trkpt lat="45.772671027745304" lon="6.863497180685587"><ele>1957.2672250041069</ele></trkpt><trkpt lat="45.772701695040226" lon="6.863577715324873"><ele>1957.3687023308216</ele></trkpt><trkpt lat="45.77272999999998" lon="6.86366"><ele>1957.34</ele></trkpt><trkpt lat="45.77275648565366" lon="6.863771619410558"><ele>1956.6604119068127</ele></trkpt><trkpt lat="45.772775446410655" lon="6.863887165278756"><ele>1955.5709235398317</ele></trkpt><trkpt lat="45.77279999999998" lon="6.864"><ele>1955.08</ele></trkpt><trkpt lat="45.77283126434244" lon="6.864097661288505"><ele>1955.9045220821822</ele></trkpt><trkpt lat="45.77286776256258" lon="6.864191375091378"><ele>1957.325973833905</ele></trkpt><trkpt lat="45.77291000000001" lon="6.864280000000001"><ele>1958.16</ele></trkpt><trkpt lat="45.77296081679642" lon="6.86437192282344"><ele>1957.8480347618047</ele></trkpt><trkpt lat="45.77301668725909" lon="6.864457459164147"><ele>1956.9464404858493</ele></trkpt><trkpt lat="45.77307999999999" lon="6.864529999999999"><ele>1955.98</ele></trkpt><trkpt lat="45.77316262541408" lon="6.864571715206199"><ele>1954.8669202275282</ele></trkpt><trkpt lat="45.773249999999976" lon="6.8646"><ele>1954.03</ele></trkpt><trkpt lat="45.77331081872756" lon="6.864632014248606"><ele>1953.9271531311156</ele></trkpt><trkpt lat="45.773371199914244" lon="6.864665802636855"><ele>1954.0294326878375</ele></trkpt><trkpt lat="45.77343098114364" lon="6.864701689706679"><ele>1954.194495900641</ele></trkpt><trkpt lat="45.77349000000001" lon="6.86474"><ele>1954.28</ele></trkpt><trkpt lat="45.77359000000003" lon="6.86483"><ele>1954.02</ele></trkpt><trkpt lat="45.773644117771596" lon="6.864894474109744"><ele>1953.9073946959327</ele></trkpt><trkpt lat="45.773695842789266" lon="6.864962743604392"><ele>1953.8129081948086</ele></trkpt><trkpt lat="45.77373999999998" lon="6.86504"><ele>1953.78</ele></trkpt><trkpt lat="45.77377138179771" lon="6.865117738179081"><ele>1953.837498904966</ele></trkpt><trkpt lat="45.77379732107382" lon="6.865199856138639"><ele>1953.9488940173546</ele></trkpt><trkpt lat="45.773819599814004" lon="6.865284546028875"><ele>1954.0558421210658</ele></trkpt><trkpt lat="45.77384000000002" lon="6.8653699999999995"><ele>1954.1</ele></trkpt><trkpt lat="45.77385508042003" lon="6.8654588058557025"><ele>1953.8907966639485</ele></trkpt><trkpt lat="45.77386000000003" lon="6.865549999999999"><ele>1953.74</ele></trkpt><trkpt lat="45.7738590338926" lon="6.8656415000175"><ele>1953.8507476276943</ele></trkpt><trkpt lat="45.773856507533054" lon="6.865732948537387"><ele>1953.9696585279846</ele></trkpt><trkpt lat="45.77385297886549" lon="6.86582436216901"><ele>1954.1082566403459</ele></trkpt><trkpt lat="45.77384900583406" lon="6.865915757521728"><ele>1954.2780659042533</ele></trkpt><trkpt lat="45.77384514638303" lon="6.866007151204895"><ele>1954.4906102591813</ele></trkpt><trkpt lat="45.77384195845684" lon="6.866098559827867"><ele>1954.7574136446053</ele></trkpt><trkpt lat="45.77384000000002" lon="6.86619"><ele>1955.09</ele></trkpt><trkpt lat="45.77385000000001" lon="6.866339999999999"><ele>1956.93</ele></trkpt><trkpt lat="45.773879368557736" lon="6.866425401263675"><ele>1957.4670303663897</ele></trkpt><trkpt lat="45.773910025944055" lon="6.866509871995315"><ele>1957.9627091859525</ele></trkpt><trkpt lat="45.77394172555283" lon="6.866593589430395"><ele>1958.4251957728345</ele></trkpt><trkpt lat="45.77397422077842" lon="6.866676730804396"><ele>1958.8626494411815</ele></trkpt><trkpt lat="45.77400726501572" lon="6.866759473352797"><ele>1959.2832295051396</ele></trkpt><trkpt lat="45.774040611660205" lon="6.866841994311078"><ele>1959.6950952788545</ele></trkpt><trkpt lat="45.774074014107875" lon="6.86692447091472"><ele>1960.1064060764722</ele></trkpt><trkpt lat="45.7741072257554" lon="6.8670070803992"><ele>1960.5253212121388</ele></trkpt><trkpt lat="45.77413999999999" lon="6.867089999999999"><ele>1960.96</ele></trkpt><trkpt lat="45.774143900000006" lon="6.8670924"><ele>1960.96</ele></trkpt><trkpt lat="45.774143900000006" lon="6.8670924"><ele>1960.96</ele></trkpt><trkpt lat="45.77413999999999" lon="6.867089999999999"><ele>1960.96</ele></trkpt><trkpt lat="45.77418323248499" lon="6.867172281951556"><ele>1961.234685880598</ele></trkpt><trkpt lat="45.77422999999999" lon="6.867249999999999"><ele>1961.27</ele></trkpt><trkpt lat="45.77428246242327" lon="6.867315342563328"><ele>1960.7689623215335</ele></trkpt><trkpt lat="45.77433772960309" lon="6.867376375315164"><ele>1960.0618433568852</ele></trkpt><trkpt lat="45.77439163197737" lon="6.867439220409416"><ele>1959.4138027137942</ele></trkpt><trkpt lat="45.77444" lon="6.867510000000001"><ele>1959.09</ele></trkpt><trkpt lat="45.774478390994034" lon="6.867585498410758"><ele>1959.1840013845217</ele></trkpt><trkpt lat="45.774512036244666" lon="6.867665762966951"><ele>1959.5167940431895</ele></trkpt><trkpt lat="45.774543486001406" lon="6.867748278317765"><ele>1959.957586009597</ele></trkpt><trkpt lat="45.774575290507414" lon="6.867830529112386"><ele>1960.3755853173363</ele></trkpt><trkpt lat="45.77460999999999" lon="6.867909999999999"><ele>1960.64</ele></trkpt><trkpt lat="45.77465013915669" lon="6.867991312339602"><ele>1960.7758298171004</ele></trkpt><trkpt lat="45.774691530193735" lon="6.868071347111479"><ele>1960.8772913714695</ele></trkpt><trkpt lat="45.77473367986444" lon="6.868150608388345"><ele>1960.944696800184</ele></trkpt><trkpt lat="45.77477609492346" lon="6.868229600242915"><ele>1960.9783582403181</ele></trkpt><trkpt lat="45.77481828212703" lon="6.868308826747905"><ele>1960.9785878289488</ele></trkpt><trkpt lat="45.77485974823282" lon="6.868388791976027"><ele>1960.945697703151</ele></trkpt><trkpt lat="45.77489999999999" lon="6.8684699999999985"><ele>1960.88</ele></trkpt><trkpt lat="45.774936839493954" lon="6.868550428267932"><ele>1960.5974253635318</ele></trkpt><trkpt lat="45.77497051192474" lon="6.868633680409452"><ele>1960.134249075699</ele></trkpt><trkpt lat="45.775000000000006" lon="6.868719999999999"><ele>1959.83</ele></trkpt><trkpt lat="45.77502591232618" lon="6.86880689178957"><ele>1959.7500909347038</ele></trkpt><trkpt lat="45.775050663469834" lon="6.8688944879355205"><ele>1959.7193756720692</ele></trkpt><trkpt lat="45.77507459380848" lon="6.868982581498142"><ele>1959.7221185536655</ele></trkpt><trkpt lat="45.77509804371905" lon="6.869070965537722"><ele>1959.7425839210628</ele></trkpt><trkpt lat="45.77512135357776" lon="6.869159433114541"><ele>1959.76503611583</ele></trkpt><trkpt lat="45.775144863760374" lon="6.8692477772888925"><ele>1959.7737394795379</ele></trkpt><trkpt lat="45.775168914642016" lon="6.869335791121062"><ele>1959.7529583537557</ele></trkpt><trkpt lat="45.77519384659725" lon="6.869423267671335"><ele>1959.6869570800532</ele></trkpt><trkpt lat="45.77521999999998" lon="6.86951"><ele>1959.56</ele></trkpt><trkpt lat="45.77525133632231" lon="6.869596973798688"><ele>1958.9448333533244</ele></trkpt><trkpt lat="45.77528712362059" lon="6.869681257873547"><ele>1957.8347640778309</ele></trkpt><trkpt lat="45.77532324275271" lon="6.869765055049062"><ele>1956.829278125676</ele></trkpt><trkpt lat="45.775355574586776" lon="6.869850568149718"><ele>1956.5278614490137</ele></trkpt><trkpt lat="45.77537999999998" lon="6.86994"><ele>1957.53</ele></trkpt><trkpt lat="45.77539067947937" lon="6.870037979113392"><ele>1961.2229803308087</ele></trkpt><trkpt lat="45.77538854275177" lon="6.870133596676087"><ele>1966.9062778327711</ele></trkpt><trkpt lat="45.77538463464828" lon="6.870229915900737"><ele>1972.5339364183478</ele></trkpt><trkpt lat="45.775390000000016" lon="6.87033"><ele>1976.06</ele></trkpt><trkpt lat="45.775403405945966" lon="6.870424643736112"><ele>1977.5037866562072</ele></trkpt><trkpt lat="45.77541826318594" lon="6.870519164321829"><ele>1978.5798929581708</ele></trkpt><trkpt lat="45.77543428513402" lon="6.870613596255177"><ele>1979.3532326408313</ele></trkpt><trkpt lat="45.77545118520457" lon="6.870707974034181"><ele>1979.8887194391282</ele></trkpt><trkpt lat="45.77546867681221" lon="6.87080233215687"><ele>1980.2512670880017</ele></trkpt><trkpt lat="45.77548647337189" lon="6.8708967051212735"><ele>1980.5057893223923</ele></trkpt><trkpt lat="45.775504288298976" lon="6.870991127425421"><ele>1980.7171998772396</ele></trkpt><trkpt lat="45.775521835009116" lon="6.871085633567339"><ele>1980.9504124874843</ele></trkpt><trkpt lat="45.77553882691836" lon="6.871180258045057"><ele>1981.2703408880657</ele></trkpt><trkpt lat="45.77555497744311" lon="6.871275035356601"><ele>1981.7418988139243</ele></trkpt><trkpt lat="45.775570000000016" lon="6.871370000000001"><ele>1982.43</ele></trkpt><trkpt lat="45.775586140998776" lon="6.871486041150972"><ele>1983.922733047423</ele></trkpt><trkpt lat="45.7755972944914" lon="6.871602720452768"><ele>1985.9939545484428</ele></trkpt><trkpt lat="45.77559999999998" lon="6.87172"><ele>1988.02</ele></trkpt><trkpt lat="45.77555999999998" lon="6.87181"><ele>1989.15</ele></trkpt><trkpt lat="45.775489999999984" lon="6.87185"><ele>1990.09</ele></trkpt><trkpt lat="45.77541936813781" lon="6.871862108282294"><ele>1991.2561006458916</ele></trkpt><trkpt lat="45.77534999999999" lon="6.871879999999999"><ele>1992.52</ele></trkpt><trkpt lat="45.77529189304165" lon="6.871922573667659"><ele>1993.7101946346356</ele></trkpt><trkpt lat="45.77524000000001" lon="6.87198"><ele>1994.99</ele></trkpt><trkpt lat="45.77517548129487" lon="6.872069317431383"><ele>1997.044565629483</ele></trkpt><trkpt lat="45.775119999999994" lon="6.872170000000001"><ele>1999.02</ele></trkpt><trkpt lat="45.77507999999999" lon="6.87233"><ele>2000.66</ele></trkpt><trkpt lat="45.77503525671785" lon="6.8724254880540805"><ele>2003.191745171366</ele></trkpt><trkpt lat="45.77499000000002" lon="6.872520000000001"><ele>2006.03</ele></trkpt><trkpt lat="45.774960675840795" lon="6.872602361491659"><ele>2008.2925667873865</ele></trkpt><trkpt lat="45.77494000000002" lon="6.8726899999999995"><ele>2010.21</ele></trkpt><trkpt lat="45.774925465030385" lon="6.872790698366721"><ele>2011.7393766074922</ele></trkpt><trkpt lat="45.774912518918526" lon="6.872891978857256"><ele>2013.1623991340896</ele></trkpt><trkpt lat="45.77490083051228" lon="6.872993695368725"><ele>2014.5100201582159</ele></trkpt><trkpt lat="45.77489006865904" lon="6.873095701798255"><ele>2015.813192258294</ele></trkpt><trkpt lat="45.774879902205996" lon="6.8731978520429715"><ele>2017.1028680127479</ele></trkpt><trkpt lat="45.77487" lon="6.8733"><ele>2018.41</ele></trkpt><trkpt lat="45.77486447038819" lon="6.873407126156136"><ele>2019.6752208138414</ele></trkpt><trkpt lat="45.77486133470161" lon="6.873514700308526"><ele>2020.8848031752345</ele></trkpt><trkpt lat="45.77485000000002" lon="6.873619999999999"><ele>2022.29</ele></trkpt><trkpt lat="45.77481790179543" lon="6.873706498019297"><ele>2024.119303040744</ele></trkpt><trkpt lat="45.77478" lon="6.8737900000000005"><ele>2025.94</ele></trkpt><trkpt lat="45.77474853441652" lon="6.873904052333292"><ele>2027.4072699282829</ele></trkpt><trkpt lat="45.774720000000016" lon="6.87402"><ele>2028.77</ele></trkpt><trkpt lat="45.7746969091327" lon="6.874104730902613"><ele>2030.0170013932736</ele></trkpt><trkpt lat="45.77467333224932" lon="6.874189132378575"><ele>2031.3383480592383</ele></trkpt><trkpt lat="45.77465058924072" lon="6.874273967665251"><ele>2032.6405206955842</ele></trkpt><trkpt lat="45.77462999999999" lon="6.874359999999999"><ele>2033.83</ele></trkpt><trkpt lat="45.77462999999999" lon="6.874429999999999"><ele>2033.97</ele></trkpt><trkpt lat="45.77458000000002" lon="6.874490000000001"><ele>2037.5</ele></trkpt><trkpt lat="45.7745492436685" lon="6.874573531799119"><ele>2039.0294761832365</ele></trkpt><trkpt lat="45.77452269207093" lon="6.874660730564047"><ele>2040.1671085803114</ele></trkpt><trkpt lat="45.77449999999998" lon="6.874750000000001"><ele>2041.36</ele></trkpt><trkpt lat="45.77447999999998" lon="6.874920000000001"><ele>2044.06</ele></trkpt><trkpt lat="45.77448111802793" lon="6.875010394363224"><ele>2045.4204389041226</ele></trkpt><trkpt lat="45.774484648074626" lon="6.875100787538636"><ele>2046.744412980488</ele></trkpt><trkpt lat="45.77449085408414" lon="6.875190786944727"><ele>2048.1161805666093</ele></trkpt><trkpt lat="45.77449999999998" lon="6.87528"><ele>2049.62</ele></trkpt><trkpt lat="45.774520620075634" lon="6.875391999874757"><ele>2051.967474246766</ele></trkpt><trkpt lat="45.774550000000005" lon="6.8755"><ele>2054.51</ele></trkpt><trkpt lat="45.77459999999997" lon="6.87562"><ele>2057.45</ele></trkpt><trkpt lat="45.7746577826256" lon="6.875674144286726"><ele>2059.2435759181653</ele></trkpt><trkpt lat="45.774719862169256" lon="6.875719709647182"><ele>2060.914392221205</ele></trkpt><trkpt lat="45.77478" lon="6.87577"><ele>2062.43</ele></trkpt><trkpt lat="45.77485999999998" lon="6.87588"><ele>2063.95</ele></trkpt><trkpt lat="45.77489" lon="6.875979999999999"><ele>2065.97</ele></trkpt><trkpt lat="45.774903067741796" lon="6.876093380203703"><ele>2067.992674008384</ele></trkpt><trkpt lat="45.77491314858774" lon="6.876207668170803"><ele>2069.972810920696</ele></trkpt><trkpt lat="45.77492999999998" lon="6.87632"><ele>2071.68</ele></trkpt><trkpt lat="45.77499000000002" lon="6.87645"><ele>2072.33</ele></trkpt><trkpt lat="45.775010000000016" lon="6.87646"><ele>2072.39</ele></trkpt><trkpt lat="45.775047493290174" lon="6.876553045991384"><ele>2073.0946079719643</ele></trkpt><trkpt lat="45.77507999999999" lon="6.876649999999999"><ele>2073.74</ele></trkpt><trkpt lat="45.77510999999998" lon="6.87678"><ele>2074.08</ele></trkpt><trkpt lat="45.77503000000002" lon="6.87685"><ele>2077.53</ele></trkpt><trkpt lat="45.775000000000006" lon="6.876900000000001"><ele>2079.15</ele></trkpt><trkpt lat="45.77501999999998" lon="6.876949999999998"><ele>2078.62</ele></trkpt><trkpt lat="45.77499000000002" lon="6.876969999999999"><ele>2080.14</ele></trkpt><trkpt lat="45.77492999999998" lon="6.87696"><ele>2082.14</ele></trkpt><trkpt lat="45.77487" lon="6.876989999999999"><ele>2085.64</ele></trkpt><trkpt lat="45.77480999999999" lon="6.876949999999998"><ele>2088.4</ele></trkpt><trkpt lat="45.774745374901634" lon="6.876859315198761"><ele>2090.414760784729</ele></trkpt><trkpt lat="45.77467999999998" lon="6.87677"><ele>2092.43</ele></trkpt><trkpt lat="45.77459999999997" lon="6.876720000000001"><ele>2095.75</ele></trkpt><trkpt lat="45.77452420398292" lon="6.87667293533736"><ele>2098.88791043816</ele></trkpt><trkpt lat="45.77444821722464" lon="6.876626548490898"><ele>2102.0247496462835</ele></trkpt><trkpt lat="45.774370000000005" lon="6.87659"><ele>2105.14</ele></trkpt><trkpt lat="45.77431999999999" lon="6.87662"><ele>2106.59</ele></trkpt><trkpt lat="45.77432999999997" lon="6.876729999999999"><ele>2108.96</ele></trkpt><trkpt lat="45.77432143684701" lon="6.876820777046224"><ele>2110.4031263261913</ele></trkpt><trkpt lat="45.774312196072216" lon="6.876911654526508"><ele>2111.7396630160447</ele></trkpt><trkpt lat="45.77430185483818" lon="6.87700232400144"><ele>2113.043614398956</ele></trkpt><trkpt lat="45.77428999030706" lon="6.877092477031606"><ele>2114.388984804322</ele></trkpt><trkpt lat="45.774276179640616" lon="6.877181805177598"><ele>2115.8497785615373</ele></trkpt><trkpt lat="45.774260000000005" lon="6.87727"><ele>2117.5</ele></trkpt><trkpt lat="45.77422" lon="6.877280000000001"><ele>2120.08</ele></trkpt><trkpt lat="45.774190000000004" lon="6.87727"><ele>2121.32</ele></trkpt><trkpt lat="45.77411000000002" lon="6.87736"><ele>2123.76</ele></trkpt><trkpt lat="45.774010000000004" lon="6.877300000000001"><ele>2128.37</ele></trkpt><trkpt lat="45.773899999999976" lon="6.87727"><ele>2131.99</ele></trkpt><trkpt lat="45.773833515284835" lon="6.877333810682058"><ele>2135.0392302712135</ele></trkpt><trkpt lat="45.77379" lon="6.87743"><ele>2137.55</ele></trkpt><trkpt lat="45.77378980637475" lon="6.877553141028368"><ele>2138.690169178461</ele></trkpt><trkpt lat="45.77379999999999" lon="6.87768"><ele>2139.37</ele></trkpt><trkpt lat="45.77377" lon="6.87775"><ele>2140.6</ele></trkpt><trkpt lat="45.77371111488382" lon="6.877812110217027"><ele>2142.4836033052934</ele></trkpt><trkpt lat="45.773650094485355" lon="6.877870043217935"><ele>2144.402293589766</ele></trkpt><trkpt lat="45.77358902684192" lon="6.877927954609874"><ele>2146.2923370793555</ele></trkpt><trkpt lat="45.773529999999965" lon="6.87799"><ele>2148.09</ele></trkpt><trkpt lat="45.77346650286989" lon="6.87806451702261"><ele>2149.9354181826993</ele></trkpt><trkpt lat="45.773405628149504" lon="6.878143656077294"><ele>2151.6473794904196</ele></trkpt><trkpt lat="45.77334999999999" lon="6.87823"><ele>2153.28</ele></trkpt><trkpt lat="45.773299892402115" lon="6.878323691846421"><ele>2154.9701726873536</ele></trkpt><trkpt lat="45.77325563851653" lon="6.878423531014869"><ele>2156.562242927257</ele></trkpt><trkpt lat="45.77322000000001" lon="6.8785300000000005"><ele>2157.67</ele></trkpt><trkpt lat="45.77322000000001" lon="6.8787"><ele>2156.43</ele></trkpt><trkpt lat="45.773186814128394" lon="6.878780940486902"><ele>2157.9219674712494</ele></trkpt><trkpt lat="45.77314999999999" lon="6.878860000000001"><ele>2159.28</ele></trkpt><trkpt lat="45.77312568207679" lon="6.878959532934051"><ele>2158.940367832319</ele></trkpt><trkpt lat="45.7731054445865" lon="6.8790612142953"><ele>2158.0436299486064</ele></trkpt><trkpt lat="45.77307999999999" lon="6.879159999999998"><ele>2157.36</ele></trkpt><trkpt lat="45.77301" lon="6.879290000000001"><ele>2157.84</ele></trkpt><trkpt lat="45.77295391289255" lon="6.879347746444824"><ele>2159.211118685922</ele></trkpt><trkpt lat="45.77289538288815" lon="6.879400862734579"><ele>2160.895794578138</ele></trkpt><trkpt lat="45.77285" lon="6.8794699999999995"><ele>2162.73</ele></trkpt><trkpt lat="45.77288999999998" lon="6.87959"><ele>2164.46</ele></trkpt><trkpt lat="45.77298999999999" lon="6.87958"><ele>2161.62</ele></trkpt><trkpt lat="45.77301999999999" lon="6.879620000000001"><ele>2162.23</ele></trkpt><trkpt lat="45.77301999999999" lon="6.879660000000001"><ele>2163.65</ele></trkpt><trkpt lat="45.772960974529944" lon="6.879708429966189"><ele>2166.121827469644</ele></trkpt><trkpt lat="45.772899062639816" lon="6.879750857399616"><ele>2168.4132770623455</ele></trkpt><trkpt lat="45.77284000000001" lon="6.8798"><ele>2170.66</ele></trkpt><trkpt lat="45.772785561182054" lon="6.879856945001753"><ele>2172.8709503286495</ele></trkpt><trkpt lat="45.772731970159086" lon="6.87991563725265"><ele>2175.0434739609327</ele></trkpt><trkpt lat="45.77267903458986" lon="6.879975639402854"><ele>2177.1981511346535</ele></trkpt><trkpt lat="45.77262656213246" lon="6.880036514102526"><ele>2179.355562087617</ele></trkpt><trkpt lat="45.772574360444096" lon="6.880097824001834"><ele>2181.5362870576264</ele></trkpt><trkpt lat="45.77252223718134" lon="6.880159131750937"><ele>2183.7609062824863</ele></trkpt><trkpt lat="45.77247" lon="6.88022"><ele>2186.05</ele></trkpt><trkpt lat="45.772390000000016" lon="6.88032"><ele>2190.67</ele></trkpt><trkpt lat="45.77237000000001" lon="6.8804300000000005"><ele>2193.01</ele></trkpt><trkpt lat="45.77232768615037" lon="6.88049633051994"><ele>2194.7583644883525</ele></trkpt><trkpt lat="45.77228014592358" lon="6.880555744906837"><ele>2196.4497181674906</ele></trkpt><trkpt lat="45.772230000000015" lon="6.880609999999999"><ele>2198.33</ele></trkpt><trkpt lat="45.772149808345354" lon="6.880674973019803"><ele>2201.6661148662142</ele></trkpt><trkpt lat="45.77206999999999" lon="6.88074"><ele>2205.21</ele></trkpt><trkpt lat="45.77200999999999" lon="6.880839999999999"><ele>2208.6</ele></trkpt><trkpt lat="45.771940000000015" lon="6.880850000000001"><ele>2209.96</ele></trkpt><trkpt lat="45.77188" lon="6.880820000000001"><ele>2210.21</ele></trkpt><trkpt lat="45.771824262705536" lon="6.880903331415741"><ele>2212.8133476401345</ele></trkpt><trkpt lat="45.771770000000004" lon="6.88099"><ele>2215.44</ele></trkpt><trkpt lat="45.77170187704366" lon="6.881014849060045"><ele>2217.010313594881</ele></trkpt><trkpt lat="45.77164" lon="6.881050000000002"><ele>2218.45</ele></trkpt><trkpt lat="45.771611558436966" lon="6.881138881783432"><ele>2220.0507189475093</ele></trkpt><trkpt lat="45.77159722193758" lon="6.881239562776989"><ele>2221.5465528490427</ele></trkpt><trkpt lat="45.771569999999976" lon="6.88133"><ele>2223.07</ele></trkpt><trkpt lat="45.771520657526914" lon="6.88140029679378"><ele>2224.6540971087697</ele></trkpt><trkpt lat="45.77146336458323" lon="6.88145919733767"><ele>2226.200824915736</ele></trkpt><trkpt lat="45.771404389341626" lon="6.881515999212725"><ele>2227.714640264834</ele></trkpt><trkpt lat="45.77134999999997" lon="6.8815800000000005"><ele>2229.2</ele></trkpt><trkpt lat="45.771313826435666" lon="6.8816584120558835"><ele>2230.431995686405</ele></trkpt><trkpt lat="45.771279999999976" lon="6.881739999999999"><ele>2231.61</ele></trkpt><trkpt lat="45.771229833400746" lon="6.881823714427007"><ele>2233.131961571439</ele></trkpt><trkpt lat="45.77117" lon="6.88189"><ele>2234.63</ele></trkpt><trkpt lat="45.77110159424339" lon="6.881922161033919"><ele>2235.953004450995</ele></trkpt><trkpt lat="45.771029632906846" lon="6.881941113720776"><ele>2237.18939739215</ele></trkpt><trkpt lat="45.77096000000001" lon="6.88197"><ele>2238.29</ele></trkpt><trkpt lat="45.7709055018545" lon="6.882031905494845"><ele>2238.8830753585416</ele></trkpt><trkpt lat="45.77084999999998" lon="6.882089999999999"><ele>2239.52</ele></trkpt><trkpt lat="45.77078285574721" lon="6.882115107617931"><ele>2240.632870280577</ele></trkpt><trkpt lat="45.770713914099964" lon="6.882130726530775"><ele>2241.8247778037994</ele></trkpt><trkpt lat="45.770644544575724" lon="6.882143791634658"><ele>2243.064250186734</ele></trkpt><trkpt lat="45.77057611669876" lon="6.882161237825692"><ele>2244.3198150464455</ele></trkpt><trkpt lat="45.77051000000001" lon="6.88219"><ele>2245.56</ele></trkpt><trkpt lat="45.770443806868556" lon="6.88223300659164"><ele>2246.854427470149</ele></trkpt><trkpt lat="45.77038002026861" lon="6.882283098964253"><ele>2248.1607000034282</ele></trkpt><trkpt lat="45.770317693244294" lon="6.8823375608046184"><ele>2249.461605561446</ele></trkpt><trkpt lat="45.770255878835165" lon="6.882393675799514"><ele>2250.739932105809</ele></trkpt><trkpt lat="45.77019363007669" lon="6.8824487276357145"><ele>2251.9784675981246</ele></trkpt><trkpt lat="45.77012999999998" lon="6.882499999999999"><ele>2253.16</ele></trkpt><trkpt lat="45.77005653598661" lon="6.882533346354821"><ele>2253.9362064846887</ele></trkpt><trkpt lat="45.769989999999986" lon="6.882579999999999"><ele>2254.79</ele></trkpt><trkpt lat="45.76994363625707" lon="6.882668444610562"><ele>2256.2013704748197</ele></trkpt><trkpt lat="45.76990658066803" lon="6.882767741131612"><ele>2257.6939240596544</ele></trkpt><trkpt lat="45.769868734752215" lon="6.882865667086854"><ele>2259.292015614662</ele></trkpt><trkpt lat="45.76982" lon="6.88295"><ele>2261.02</ele></trkpt><trkpt lat="45.76976621130531" lon="6.883009318494008"><ele>2262.633256376504</ele></trkpt><trkpt lat="45.76970769870734" lon="6.883059200334473"><ele>2264.287768762047</ele></trkpt><trkpt lat="45.769646080453484" lon="6.883102422927932"><ele>2265.983652959338</ele></trkpt><trkpt lat="45.76958297479742" lon="6.8831417636809284"><ele>2267.721024771086</ele></trkpt><trkpt lat="45.769519999999986" lon="6.88318"><ele>2269.5</ele></trkpt><trkpt lat="45.7694" lon="6.88321"><ele>2273.14</ele></trkpt><trkpt lat="45.76933487928692" lon="6.883181788698851"><ele>2274.5065311648827</ele></trkpt><trkpt lat="45.76926999999999" lon="6.883149999999999"><ele>2275.81</ele></trkpt><trkpt lat="45.76918000000002" lon="6.883159999999999"><ele>2278.32</ele></trkpt><trkpt lat="45.769140000000014" lon="6.8833"><ele>2282.6</ele></trkpt><trkpt lat="45.76907517285776" lon="6.883339800654335"><ele>2284.955259729877</ele></trkpt><trkpt lat="45.76900684902985" lon="6.88336821803634"><ele>2287.127358722356</ele></trkpt><trkpt lat="45.76893693876842" lon="6.88339173509118"><ele>2289.199827849897</ele></trkpt><trkpt lat="45.7688673523348" lon="6.883416834764015"><ele>2291.2561979849584</ele></trkpt><trkpt lat="45.76879999999999" lon="6.883450000000001"><ele>2293.38</ele></trkpt><trkpt lat="45.76879" lon="6.883509999999999"><ele>2294.26</ele></trkpt><trkpt lat="45.76881" lon="6.883570000000001"><ele>2295.23</ele></trkpt><trkpt lat="45.768849999999986" lon="6.883640000000001"><ele>2296.77</ele></trkpt><trkpt lat="45.76884" lon="6.88379"><ele>2299.69</ele></trkpt><trkpt lat="45.768799665921065" lon="6.8838676816220685"><ele>2301.2086190682485</ele></trkpt><trkpt lat="45.76875369217417" lon="6.883939509478278"><ele>2302.6678133553714</ele></trkpt><trkpt lat="45.76870588546057" lon="6.884009496523453"><ele>2304.055698108371</ele></trkpt><trkpt lat="45.76866005249386" lon="6.884081655712419"><ele>2305.360388574247</ele></trkpt><trkpt lat="45.76861999999999" lon="6.88416"><ele>2306.57</ele></trkpt><trkpt lat="45.76858566964597" lon="6.884240932517249"><ele>2307.6441598443</ele></trkpt><trkpt lat="45.768552396598075" lon="6.884322918297667"><ele>2308.6352732425794</ele></trkpt><trkpt lat="45.76852019169163" lon="6.884405882220666"><ele>2309.5701524979113</ele></trkpt><trkpt lat="45.768489065762" lon="6.8844897491656605"><ele>2310.4756099133665</ele></trkpt><trkpt lat="45.76845902964447" lon="6.8845744440120615"><ele>2311.378457792017</ele></trkpt><trkpt lat="45.76843009417432" lon="6.884659891639282"><ele>2312.3055084369344</ele></trkpt><trkpt lat="45.76840227018674" lon="6.884746016926735"><ele>2313.2835741511894</ele></trkpt><trkpt lat="45.768375568516916" lon="6.884832744753838"><ele>2314.339467237854</ele></trkpt><trkpt lat="45.76834999999999" lon="6.88492"><ele>2315.5</ele></trkpt><trkpt lat="45.76838000000001" lon="6.885000000000002"><ele>2318.3</ele></trkpt><trkpt lat="45.76836653494172" lon="6.885111653465154"><ele>2320.0369076328743</ele></trkpt><trkpt lat="45.76834522095982" lon="6.885221686597494"><ele>2321.442032968852</ele></trkpt><trkpt lat="45.768320000000024" lon="6.88533"><ele>2322.87</ele></trkpt><trkpt lat="45.768293419633345" lon="6.885442654288766"><ele>2324.818874986761</ele></trkpt><trkpt lat="45.76825" lon="6.885540000000001"><ele>2326.13</ele></trkpt><trkpt lat="45.76819040718692" lon="6.885582842508745"><ele>2325.513162648838</ele></trkpt><trkpt lat="45.76812331671351" lon="6.885609448532828"><ele>2324.294523707985</ele></trkpt><trkpt lat="45.76806999999998" lon="6.88566"><ele>2324.2</ele></trkpt><trkpt lat="45.768031735713215" lon="6.885736667589867"><ele>2325.309214538067</ele></trkpt><trkpt lat="45.76799533281577" lon="6.88581493841859"><ele>2326.541256347278</ele></trkpt><trkpt lat="45.76796054730797" lon="6.88589460419143"><ele>2327.876229180577</ele></trkpt><trkpt lat="45.767927135189474" lon="6.885975456613643"><ele>2329.2942367909077</ele></trkpt><trkpt lat="45.76789485245916" lon="6.886057287390494"><ele>2330.775382931215</ele></trkpt><trkpt lat="45.76786345511534" lon="6.886139888227237"><ele>2332.299771354443</ele></trkpt><trkpt lat="45.76783269915569" lon="6.886223050829133"><ele>2333.847505813534</ele></trkpt><trkpt lat="45.76780234057735" lon="6.886306566901445"><ele>2335.398690061434</ele></trkpt><trkpt lat="45.76777213537682" lon="6.886390228149425"><ele>2336.933427851087</ele></trkpt><trkpt lat="45.767741839550155" lon="6.886473826278339"><ele>2338.431822935436</ele></trkpt><trkpt lat="45.76771120909291" lon="6.8865571529934435"><ele>2339.8739790674254</ele></trkpt><trkpt lat="45.76767999999999" lon="6.886639999999999"><ele>2341.24</ele></trkpt><trkpt lat="45.76763231193985" lon="6.886738440947817"><ele>2341.6612092532805</ele></trkpt><trkpt lat="45.76763" lon="6.88681"><ele>2342.61</ele></trkpt><trkpt lat="45.767705397707665" lon="6.886805890258567"><ele>2345.0252423031416</ele></trkpt><trkpt lat="45.76778208779767" lon="6.886759638915484"><ele>2346.7525691388796</ele></trkpt><trkpt lat="45.76785999999999" lon="6.886720000000001"><ele>2348.27</ele></trkpt><trkpt lat="45.76792649118957" lon="6.88670326920705"><ele>2349.3015046329133</ele></trkpt><trkpt lat="45.76799371331944" lon="6.886693276496639"><ele>2350.113277936613</ele></trkpt><trkpt lat="45.76805999999999" lon="6.886699999999999"><ele>2351.22</ele></trkpt><trkpt lat="45.76812655704504" lon="6.88673124674789"><ele>2352.862301906571</ele></trkpt><trkpt lat="45.76818921912573" lon="6.886778374971437"><ele>2354.734898311325</ele></trkpt><trkpt lat="45.76825" lon="6.88683"><ele>2356.79</ele></trkpt><trkpt lat="45.76829785559261" lon="6.8868958154774065"><ele>2359.1286451262777</ele></trkpt><trkpt lat="45.76834999999999" lon="6.886940000000001"><ele>2361.43</ele></trkpt><trkpt lat="45.76841194993502" lon="6.886923601311641"><ele>2362.941526543195</ele></trkpt><trkpt lat="45.768471437739116" lon="6.8868834638974326"><ele>2364.0006312208543</ele></trkpt><trkpt lat="45.76852999999999" lon="6.88684"><ele>2364.99</ele></trkpt><trkpt lat="45.76861" lon="6.886770000000001"><ele>2366.23</ele></trkpt><trkpt lat="45.768668701223" lon="6.8867315677918555"><ele>2367.3225050396336</ele></trkpt><trkpt lat="45.76872769805963" lon="6.886693454810697"><ele>2368.461926673639</ele></trkpt><trkpt lat="45.768787845867365" lon="6.88666111442419"><ele>2369.6128849708257</ele></trkpt><trkpt lat="45.768849999999986" lon="6.886639999999999"><ele>2370.74</ele></trkpt><trkpt lat="45.76891708040134" lon="6.886636530821649"><ele>2371.9708441652115</ele></trkpt><trkpt lat="45.76898458945699" lon="6.886646821554681"><ele>2373.2239345443422</ele></trkpt><trkpt lat="45.76905230378391" lon="6.886658701510371"><ele>2374.3250576513014</ele></trkpt><trkpt lat="45.76911999999999" lon="6.88666"><ele>2375.1</ele></trkpt><trkpt lat="45.76919500368726" lon="6.886620101078572"><ele>2374.9271910452017</ele></trkpt><trkpt lat="45.76926999999999" lon="6.886590000000001"><ele>2374.18</ele></trkpt><trkpt lat="45.76935" lon="6.886689999999999"><ele>2373.62</ele></trkpt><trkpt lat="45.76937121450112" lon="6.886794035419833"><ele>2375.700212110601</ele></trkpt><trkpt lat="45.76938999999998" lon="6.8869"><ele>2377.54</ele></trkpt><trkpt lat="45.76941657011024" lon="6.88698271797489"><ele>2377.9236779239395</ele></trkpt><trkpt lat="45.7694430432009" lon="6.8870656736948295"><ele>2378.1717585101424</ele></trkpt><trkpt lat="45.769469658146036" lon="6.8871486348408455"><ele>2378.3181175999316</ele></trkpt><trkpt lat="45.76949665381906" lon="6.887231369093974"><ele>2378.3966310346304</ele></trkpt><trkpt lat="45.76952426909315" lon="6.8873136441352525"><ele>2378.4411746555616</ele></trkpt><trkpt lat="45.76955274284085" lon="6.887395227645709"><ele>2378.4856243040476</ele></trkpt><trkpt lat="45.76958231393419" lon="6.887475887306378"><ele>2378.5638558214114</ele></trkpt><trkpt lat="45.769613221244676" lon="6.887555390798294"><ele>2378.7097450489764</ele></trkpt><trkpt lat="45.76964570364322" lon="6.887633505802492"><ele>2378.957167828065</ele></trkpt><trkpt lat="45.76967999999999" lon="6.88771"><ele>2379.34</ele></trkpt><trkpt lat="45.76971785253774" lon="6.887783869942303"><ele>2379.9655492347015</ele></trkpt><trkpt lat="45.76975962310653" lon="6.887853254007266"><ele>2380.842839639899</ele></trkpt><trkpt lat="45.76980451742021" lon="6.887918855620205"><ele>2381.87190056731</ele></trkpt><trkpt lat="45.7698517411945" lon="6.887981378206432"><ele>2382.952761368652</ele></trkpt><trkpt lat="45.76990050014753" lon="6.88804152519126"><ele>2383.9854513956425</ele></trkpt><trkpt lat="45.76994999999998" lon="6.8881000000000006"><ele>2384.87</ele></trkpt><trkpt lat="45.770024379303635" lon="6.888151215557176"><ele>2385.34371294592</ele></trkpt><trkpt lat="45.77010000000001" lon="6.888199999999999"><ele>2385.92</ele></trkpt><trkpt lat="45.77015212964268" lon="6.888255218803949"><ele>2386.885887591092</ele></trkpt><trkpt lat="45.7702039108322" lon="6.88831115091909"><ele>2387.884087059474</ele></trkpt><trkpt lat="45.770255264729236" lon="6.88836788386401"><ele>2388.914524406311</ele></trkpt><trkpt lat="45.77030611249474" lon="6.888425505157301"><ele>2389.977125632765</ele></trkpt><trkpt lat="45.77035637528984" lon="6.8884841023175545"><ele>2391.0718167399987</ele></trkpt><trkpt lat="45.77040597427606" lon="6.8885437628633595"><ele>2392.198523729176</ele></trkpt><trkpt lat="45.77045483061515" lon="6.888604574313311"><ele>2393.35717260146</ele></trkpt><trkpt lat="45.770502865469055" lon="6.888666624185992"><ele>2394.5476893580135</ele></trkpt><trkpt lat="45.770550000000014" lon="6.888730000000001"><ele>2395.77</ele></trkpt><trkpt lat="45.770596667966295" lon="6.8888049369537665"><ele>2397.18157766501</ele></trkpt><trkpt lat="45.77063799293383" lon="6.888886909056531"><ele>2398.708169855065</ele></trkpt><trkpt lat="45.770677983924315" lon="6.888970412682414"><ele>2400.321973212615</ele></trkpt><trkpt lat="45.77072064994734" lon="6.88904994420553"><ele>2401.9951843801095</ele></trkpt><trkpt lat="45.77076999999999" lon="6.88912"><ele>2403.7</ele></trkpt><trkpt lat="45.77082456575331" lon="6.889162211883879"><ele>2405.280380877825</ele></trkpt><trkpt lat="45.7708867219427" lon="6.889184120299187"><ele>2406.8875219161614</ele></trkpt><trkpt lat="45.77094999999999" lon="6.889199999999999"><ele>2408.44</ele></trkpt><trkpt lat="45.77101530553878" lon="6.8892173994060535"><ele>2410.0142712651386</ele></trkpt><trkpt lat="45.77108088514315" lon="6.889232811877304"><ele>2411.5753517467115</ele></trkpt><trkpt lat="45.77114664814329" lon="6.8892468914018234"><ele>2413.1264131926</ele></trkpt><trkpt lat="45.77121250386985" lon="6.889260291967694"><ele>2414.6706273506875</ele></trkpt><trkpt lat="45.77127836165384" lon="6.88927366756299"><ele>2416.211165968857</ele></trkpt><trkpt lat="45.77134413082672" lon="6.889287672175792"><ele>2417.7512007949904</ele></trkpt><trkpt lat="45.771409720720435" lon="6.889302959794174"><ele>2419.2939035769705</ele></trkpt><trkpt lat="45.77147504066729" lon="6.889320184406218"><ele>2420.8424460626793</ele></trkpt><trkpt lat="45.77154000000001" lon="6.889340000000001"><ele>2422.4</ele></trkpt><trkpt lat="45.77160628152516" lon="6.889368686749261"><ele>2424.058544452834</ele></trkpt><trkpt lat="45.771670741544995" lon="6.889405871375024"><ele>2425.7356722164413</ele></trkpt><trkpt lat="45.771734830794" lon="6.889445120313273"><ele>2427.384963871828</ele></trkpt><trkpt lat="45.77179999999997" lon="6.88948"><ele>2428.96</ele></trkpt><trkpt lat="45.77186562851562" lon="6.889497341014277"><ele>2430.2845311001092</ele></trkpt><trkpt lat="45.77193" lon="6.88952"><ele>2431.37</ele></trkpt><trkpt lat="45.77199619612067" lon="6.889569333704407"><ele>2432.4834774842375</ele></trkpt><trkpt lat="45.772059417067126" lon="6.889626784410912"><ele>2433.477638839934</ele></trkpt><trkpt lat="45.77211999999999" lon="6.88969"><ele>2434.1</ele></trkpt><trkpt lat="45.772180239899136" lon="6.88976326922279"><ele>2433.92848250655</ele></trkpt><trkpt lat="45.772230000000015" lon="6.88985"><ele>2433.15</ele></trkpt><trkpt lat="45.77226521616317" lon="6.889950898297109"><ele>2432.0790623294038</ele></trkpt><trkpt lat="45.77227999999999" lon="6.89006"><ele>2430.82</ele></trkpt><trkpt lat="45.772230000000015" lon="6.89022"><ele>2429.1</ele></trkpt><trkpt lat="45.77219301650232" lon="6.890310587252752"><ele>2427.5966720059932</ele></trkpt><trkpt lat="45.772155207491295" lon="6.8904004784109025"><ele>2425.993845101782</ele></trkpt><trkpt lat="45.77211479473598" lon="6.890487630363602"><ele>2424.34659564668</ele></trkpt><trkpt lat="45.77206999999999" lon="6.89057"><ele>2422.71</ele></trkpt><trkpt lat="45.771988525892404" lon="6.890639680621502"><ele>2421.650221960722</ele></trkpt><trkpt lat="45.77193" lon="6.890720000000001"><ele>2418.93</ele></trkpt><trkpt lat="45.771971670681616" lon="6.890772628407101"><ele>2415.5341647966725</ele></trkpt><trkpt lat="45.772050000000014" lon="6.89078"><ele>2413.22</ele></trkpt><trkpt lat="45.77211301276393" lon="6.890763810743776"><ele>2411.9793214875817</ele></trkpt><trkpt lat="45.77217542625883" lon="6.890733591228719"><ele>2411.273934359013</ele></trkpt><trkpt lat="45.77223762662476" lon="6.890706576099302"><ele>2410.454080050937</ele></trkpt><trkpt lat="45.77229999999999" lon="6.890700000000001"><ele>2408.87</ele></trkpt><trkpt lat="45.77238816814644" lon="6.890745104639168"><ele>2404.614499352946</ele></trkpt><trkpt lat="45.77245" lon="6.890839999999999"><ele>2399.27</ele></trkpt><trkpt lat="45.772400000000005" lon="6.8909899999999995"><ele>2395.11</ele></trkpt><trkpt lat="45.772339593816675" lon="6.891028612744941"><ele>2394.256710443922</ele></trkpt><trkpt lat="45.77227351990116" lon="6.8910520599208445"><ele>2393.8630054263817</ele></trkpt><trkpt lat="45.7722081860277" lon="6.8910769771363265"><ele>2393.452797695651</ele></trkpt><trkpt lat="45.77215" lon="6.89112"><ele>2392.55</ele></trkpt><trkpt lat="45.77210146285708" lon="6.891184121153166"><ele>2391.054317367462</ele></trkpt><trkpt lat="45.77205928618858" lon="6.89125746014619"><ele>2389.2923103678904</ele></trkpt><trkpt lat="45.77202026078889" lon="6.891335367253228"><ele>2387.4049270663227</ele></trkpt><trkpt lat="45.771981177442505" lon="6.891413192748436"><ele>2385.533115527794</ele></trkpt><trkpt lat="45.771938826924504" lon="6.891486286905975"><ele>2383.8178238173414</ele></trkpt><trkpt lat="45.77188999999999" lon="6.8915500000000005"><ele>2382.4</ele></trkpt><trkpt lat="45.77183766707767" lon="6.891604543614911"><ele>2381.242219504057</ele></trkpt><trkpt lat="45.77178414222436" lon="6.891656646989255"><ele>2380.1417189657136</ele></trkpt><trkpt lat="45.77172961179704" lon="6.891706699185163"><ele>2379.092181286208</ele></trkpt><trkpt lat="45.77167426215336" lon="6.891755089264774"><ele>2378.087289366781</ele></trkpt><trkpt lat="45.77161827965173" lon="6.8918022062902216"><ele>2377.120726108672</ele></trkpt><trkpt lat="45.771561850651224" lon="6.891848439323638"><ele>2376.1861744131197</ele></trkpt><trkpt lat="45.77150516151167" lon="6.891894177427157"><ele>2375.277317181365</ele></trkpt><trkpt lat="45.771448398593684" lon="6.891939809662918"><ele>2374.387837314647</ele></trkpt><trkpt lat="45.77139174825855" lon="6.8919857250930505"><ele>2373.5114177142063</ele></trkpt><trkpt lat="45.77133539686841" lon="6.892032312779689"><ele>2372.6417412812807</ele></trkpt><trkpt lat="45.771279530786074" lon="6.892079961784973"><ele>2371.772490917112</ele></trkpt><trkpt lat="45.77122433637519" lon="6.89212906117103"><ele>2370.8973495229384</ele></trkpt><trkpt lat="45.77117" lon="6.89218"><ele>2370.01</ele></trkpt><trkpt lat="45.77111504634112" lon="6.892241900934158"><ele>2369.2750488720676</ele></trkpt><trkpt lat="45.771065334099625" lon="6.892313224139163"><ele>2368.7194545785014</ele></trkpt><trkpt lat="45.77101999999999" lon="6.892389999999999"><ele>2367.93</ele></trkpt><trkpt lat="45.77098431258089" lon="6.892467671763985"><ele>2366.6691963213</ele></trkpt><trkpt lat="45.77095349528244" lon="6.89254991067157"><ele>2365.1863588655115</ele></trkpt><trkpt lat="45.770920000000004" lon="6.8926300000000005"><ele>2364</ele></trkpt><trkpt lat="45.77083999999999" lon="6.89276"><ele>2363.76</ele></trkpt><trkpt lat="45.770803752606" lon="6.892834211543987"><ele>2362.6606420033113</ele></trkpt><trkpt lat="45.77076985672069" lon="6.892910386727311"><ele>2361.286380720262</ele></trkpt><trkpt lat="45.77074" lon="6.89299"><ele>2360.17</ele></trkpt><trkpt lat="45.770710018204156" lon="6.893079651563646"><ele>2359.4038654108863</ele></trkpt><trkpt lat="45.77068027987751" lon="6.893169775619044"><ele>2358.807668466363</ele></trkpt><trkpt lat="45.77065159695582" lon="6.893260622328287"><ele>2358.2772963097214</ele></trkpt><trkpt lat="45.77062478137631" lon="6.893352441853467"><ele>2357.7086360842522</ele></trkpt><trkpt lat="45.77060064507777" lon="6.893445484356672"><ele>2356.997574933248</ele></trkpt><trkpt lat="45.77058000000001" lon="6.893539999999999"><ele>2356.04</ele></trkpt><trkpt lat="45.77057367833491" lon="6.8936463654256865"><ele>2354.2065455432357</ele></trkpt><trkpt lat="45.770578650428135" lon="6.8937546720422525"><ele>2351.838014214428</ele></trkpt><trkpt lat="45.77056999999999" lon="6.893860000000001"><ele>2349.99</ele></trkpt><trkpt lat="45.77047999999999" lon="6.893970000000001"><ele>2350.84</ele></trkpt><trkpt lat="45.77045684464395" lon="6.894064129043921"><ele>2350.3667645939368</ele></trkpt><trkpt lat="45.77044081467424" lon="6.894161636513101"><ele>2349.7271148894188</ele></trkpt><trkpt lat="45.77042937736833" lon="6.894260825725734"><ele>2348.8839077401917</ele></trkpt><trkpt lat="45.77041999999999" lon="6.894359999999999"><ele>2347.8</ele></trkpt><trkpt lat="45.77041229304354" lon="6.894458695648424"><ele>2346.4902725531097</ele></trkpt><trkpt lat="45.77040690608708" lon="6.894557655831324"><ele>2345.0301384698764</ele></trkpt><trkpt lat="45.77040288726773" lon="6.894656756045969"><ele>2343.476190703741</ele></trkpt><trkpt lat="45.77039928472217" lon="6.894755871789636"><ele>2341.8850222081455</ele></trkpt><trkpt lat="45.770395146586765" lon="6.8948548785596"><ele>2340.3132259365316</ele></trkpt><trkpt lat="45.77038952099767" lon="6.894953651853132"><ele>2338.8173948423414</ele></trkpt><trkpt lat="45.770381456090455" lon="6.895052067167508"><ele>2337.4541218790173</ele></trkpt><trkpt lat="45.770370000000014" lon="6.895149999999999"><ele>2336.28</ele></trkpt><trkpt lat="45.77034819316766" lon="6.895244701214022"><ele>2335.5314312817773</ele></trkpt><trkpt lat="45.77031622947817" lon="6.895335149002384"><ele>2335.2606989592646</ele></trkpt><trkpt lat="45.77028365104451" lon="6.895425522289553"><ele>2335.2296171571197</ele></trkpt><trkpt lat="45.770260000000015" lon="6.895519999999999"><ele>2335.2</ele></trkpt><trkpt lat="45.77024500968199" lon="6.895614335704351"><ele>2335.1038683877773</ele></trkpt><trkpt lat="45.77023115487434" lon="6.895709353436686"><ele>2335.0270192395406</ele></trkpt><trkpt lat="45.770219038048474" lon="6.89580491969649"><ele>2334.9751093993436</ele></trkpt><trkpt lat="45.77020926167618" lon="6.895900900983242"><ele>2334.9537957112384</ele></trkpt><trkpt lat="45.77020242822951" lon="6.895997163796424"><ele>2334.9687350192776</ele></trkpt><trkpt lat="45.7701991401803" lon="6.896093574635516"><ele>2335.0255841675144</ele></trkpt><trkpt lat="45.77019999999998" lon="6.896189999999999"><ele>2335.13</ele></trkpt><trkpt lat="45.77020520827234" lon="6.896286509382128"><ele>2335.318244421177</ele></trkpt><trkpt lat="45.770214714536095" lon="6.896382919277579"><ele>2335.5975992630533</ele></trkpt><trkpt lat="45.77022873281699" lon="6.896478351486722"><ele>2335.9297583837506</ele></trkpt><trkpt lat="45.77024747713952" lon="6.896571927809926"><ele>2336.2764156413923</ele></trkpt><trkpt lat="45.770271161526715" lon="6.896662770047564"><ele>2336.599264894101</ele></trkpt><trkpt lat="45.77029999999999" lon="6.896750000000001"><ele>2336.86</ele></trkpt><trkpt lat="45.77034880225093" lon="6.896815845220231"><ele>2337.0186710222424</ele></trkpt><trkpt lat="45.77041380902707" lon="6.896861140614782"><ele>2337.057615395798</ele></trkpt><trkpt lat="45.77047" lon="6.896919999999999"><ele>2336.99</ele></trkpt><trkpt lat="45.770495729149644" lon="6.897029203708028"><ele>2336.6803248676215</ele></trkpt><trkpt lat="45.77052" lon="6.89714"><ele>2336.27</ele></trkpt><trkpt lat="45.770592803131635" lon="6.897212482720577"><ele>2335.7949192027177</ele></trkpt><trkpt lat="45.770659999999964" lon="6.89729"><ele>2335.65</ele></trkpt><trkpt lat="45.7706651903258" lon="6.897419915320559"><ele>2336.365678167056</ele></trkpt><trkpt lat="45.77066999999998" lon="6.89755"><ele>2337.36</ele></trkpt><trkpt lat="45.77070862129589" lon="6.897638810116287"><ele>2337.9842152081164</ele></trkpt><trkpt lat="45.77075483494108" lon="6.8977205247761395"><ele>2338.526144335408</ele></trkpt><trkpt lat="45.77080473793197" lon="6.8977988343778485"><ele>2339.0849658586408</ele></trkpt><trkpt lat="45.77085442727741" lon="6.897877429319706"><ele>2339.7598582545825</ele></trkpt><trkpt lat="45.770899999999976" lon="6.89796"><ele>2340.65</ele></trkpt><trkpt lat="45.77094468271766" lon="6.898066423730786"><ele>2342.7632642197823</ele></trkpt><trkpt lat="45.77098000000001" lon="6.89818"><ele>2344.93</ele></trkpt><trkpt lat="45.77103" lon="6.89844"><ele>2346.15</ele></trkpt><trkpt lat="45.771072453172266" lon="6.898548882761278"><ele>2347.9282444906694</ele></trkpt><trkpt lat="45.77110999999999" lon="6.89866"><ele>2349.74</ele></trkpt><trkpt lat="45.77112369774998" lon="6.898752123718351"><ele>2350.6296173471974</ele></trkpt><trkpt lat="45.77113331440455" lon="6.898845494969061"><ele>2351.441459470968</ele></trkpt><trkpt lat="45.771140801461364" lon="6.898939540987354"><ele>2352.1854725847224</ele></trkpt><trkpt lat="45.771148110416455" lon="6.899033689008456"><ele>2352.871602901872</ele></trkpt><trkpt lat="45.77115719276482" lon="6.899127366267596"><ele>2353.5097966358276</ele></trkpt><trkpt lat="45.77117" lon="6.899219999999999"><ele>2354.11</ele></trkpt><trkpt lat="45.771198256399735" lon="6.899334146772238"><ele>2354.5868520852246</ele></trkpt><trkpt lat="45.77123999999999" lon="6.899439999999999"><ele>2354.7</ele></trkpt><trkpt lat="45.771289999999986" lon="6.899479999999999"><ele>2354.16</ele></trkpt><trkpt lat="45.771289999999986" lon="6.899640000000001"><ele>2353.93</ele></trkpt><trkpt lat="45.77137" lon="6.89976"><ele>2350.61</ele></trkpt><trkpt lat="45.771417134534545" lon="6.899847547439329"><ele>2348.7221325807377</ele></trkpt><trkpt lat="45.77146339683418" lon="6.899936145595668"><ele>2346.845952642046</ele></trkpt><trkpt lat="45.771507960716065" lon="6.900026670954172"><ele>2345.1617963823314</ele></trkpt><trkpt lat="45.771549999999976" lon="6.90012"><ele>2343.85</ele></trkpt><trkpt lat="45.77157835426268" lon="6.900201852062759"><ele>2343.438600459155</ele></trkpt><trkpt lat="45.771602337401305" lon="6.900287294897074"><ele>2343.5921102266784</ele></trkpt><trkpt lat="45.77163000000001" lon="6.900370000000001"><ele>2343.77</ele></trkpt><trkpt lat="45.77168" lon="6.90044"><ele>2343.89</ele></trkpt><trkpt lat="45.771745723675636" lon="6.900473894624168"><ele>2343.4521297407973</ele></trkpt><trkpt lat="45.771812308284645" lon="6.9005041871904105"><ele>2342.9680306833716</ele></trkpt><trkpt lat="45.77187939102302" lon="6.900532410854922"><ele>2342.456735504151</ele></trkpt><trkpt lat="45.771946609088445" lon="6.9005600987738935"><ele>2341.937276879563</ele></trkpt><trkpt lat="45.77201359968038" lon="6.900588784103522"><ele>2341.428687486037</ele></trkpt><trkpt lat="45.77208000000001" lon="6.90062"><ele>2340.95</ele></trkpt><trkpt lat="45.77211999999999" lon="6.90066"><ele>2340.84</ele></trkpt><trkpt lat="45.772140000000014" lon="6.90076"><ele>2340.91</ele></trkpt><trkpt lat="45.772230000000015" lon="6.900879999999999"><ele>2339.15</ele></trkpt><trkpt lat="45.77226999999997" lon="6.901049999999999"><ele>2338.03</ele></trkpt><trkpt lat="45.77230764187282" lon="6.901127191817923"><ele>2337.739067021549</ele></trkpt><trkpt lat="45.77235068598767" lon="6.901198550779595"><ele>2337.541501603493</ele></trkpt><trkpt lat="45.772400000000005" lon="6.90126"><ele>2337.3</ele></trkpt><trkpt lat="45.772490000000005" lon="6.901280000000001"><ele>2336.74</ele></trkpt><trkpt lat="45.77251999999999" lon="6.901309999999999"><ele>2337.06</ele></trkpt><trkpt lat="45.77256999999999" lon="6.901449999999999"><ele>2336.94</ele></trkpt><trkpt lat="45.77262999999999" lon="6.9015200000000005"><ele>2335.92</ele></trkpt><trkpt lat="45.77266830295839" lon="6.9016197909778265"><ele>2334.792784318388</ele></trkpt><trkpt lat="45.77270147122759" lon="6.901723498202143"><ele>2333.673946154184</ele></trkpt><trkpt lat="45.77272999999998" lon="6.90183"><ele>2332.68</ele></trkpt><trkpt lat="45.772749024462314" lon="6.9019386271012255"><ele>2332.084228667671</ele></trkpt><trkpt lat="45.77276" lon="6.902049999999999"><ele>2331.52</ele></trkpt><trkpt lat="45.77276" lon="6.90217"><ele>2330.19</ele></trkpt><trkpt lat="45.77279716383261" lon="6.902243581818347"><ele>2329.2238534318453</ele></trkpt><trkpt lat="45.77284191109461" lon="6.902309163938536"><ele>2328.3380089386133</ele></trkpt><trkpt lat="45.77288999999998" lon="6.9023699999999995"><ele>2327.83</ele></trkpt><trkpt lat="45.772938156872044" lon="6.902429840131028"><ele>2327.629848465174</ele></trkpt><trkpt lat="45.77298607876326" lon="6.902490217135484"><ele>2327.465531009881</ele></trkpt><trkpt lat="45.773033867836794" lon="6.902550920526227"><ele>2327.3320235139286</ele></trkpt><trkpt lat="45.77308162625557" lon="6.902611739816133"><ele>2327.2243018571253</ele></trkpt><trkpt lat="45.77312945618198" lon="6.9026724645180675"><ele>2327.1373419192787</ele></trkpt><trkpt lat="45.77317745977823" lon="6.902732884144898"><ele>2327.0661195801968</ele></trkpt><trkpt lat="45.773225739206104" lon="6.902792788209494"><ele>2327.0056107196865</ele></trkpt><trkpt lat="45.77327439662702" lon="6.9028519662247225"><ele>2326.950791217557</ele></trkpt><trkpt lat="45.773323534202056" lon="6.902910207703452"><ele>2326.8966369536147</ele></trkpt><trkpt lat="45.77337325409192" lon="6.902967302158552"><ele>2326.838123807669</ele></trkpt><trkpt lat="45.773423658456906" lon="6.903023039102887"><ele>2326.7702276595264</ele></trkpt><trkpt lat="45.773474849456996" lon="6.9030772080493294"><ele>2326.6879243889953</ele></trkpt><trkpt lat="45.773526929251645" lon="6.903129598510745"><ele>2326.5861898758844</ele></trkpt><trkpt lat="45.77358000000001" lon="6.903180000000001"><ele>2326.46</ele></trkpt><trkpt lat="45.773639087438575" lon="6.903205277684568"><ele>2326.2104456254083</ele></trkpt><trkpt lat="45.77370485368845" lon="6.903197839133135"><ele>2325.8471225382154</ele></trkpt><trkpt lat="45.77377" lon="6.903180000000001"><ele>2325.53</ele></trkpt><trkpt lat="45.77386000000003" lon="6.903110000000001"><ele>2325.38</ele></trkpt><trkpt lat="45.77394621617269" lon="6.903093000325436"><ele>2325.515069221438</ele></trkpt><trkpt lat="45.77403000000001" lon="6.903110000000001"><ele>2325.27</ele></trkpt><trkpt lat="45.77408829625705" lon="6.903144242354858"><ele>2324.637529922994</ele></trkpt><trkpt lat="45.77414634119101" lon="6.903179359368638"><ele>2323.993206022583</ele></trkpt><trkpt lat="45.774204139076836" lon="6.903215317031426"><ele>2323.336812260553</ele></trkpt><trkpt lat="45.77426169418948" lon="6.903252081333312"><ele>2322.66813259869</ele></trkpt><trkpt lat="45.774319010803765" lon="6.903289618264387"><ele>2321.986950998781</ele></trkpt><trkpt lat="45.774376093194604" lon="6.903327893814738"><ele>2321.2930514226105</ele></trkpt><trkpt lat="45.77443294563684" lon="6.903366873974454"><ele>2320.586217831965</ele></trkpt><trkpt lat="45.77448957240529" lon="6.903406524733625"><ele>2319.8662341886293</ele></trkpt><trkpt lat="45.77454597777476" lon="6.903446812082337"><ele>2319.1328844543914</ele></trkpt><trkpt lat="45.77460216602005" lon="6.903487702010682"><ele>2318.3859525910357</ele></trkpt><trkpt lat="45.774658141415934" lon="6.903529160508749"><ele>2317.625222560348</ele></trkpt><trkpt lat="45.774713908237146" lon="6.903571153566625"><ele>2316.8504783241146</ele></trkpt><trkpt lat="45.77476947075841" lon="6.9036136471744"><ele>2316.061503844122</ele></trkpt><trkpt lat="45.774824833254485" lon="6.903656607322161"><ele>2315.258083082155</ele></trkpt><trkpt lat="45.77487999999999" lon="6.9037"><ele>2314.44</ele></trkpt><trkpt lat="45.774945748510454" lon="6.903771952763606"><ele>2312.8523661469503</ele></trkpt><trkpt lat="45.77499000000002" lon="6.903870000000001"><ele>2310.88</ele></trkpt><trkpt lat="45.77500457123802" lon="6.903977216376142"><ele>2309.19526822402</ele></trkpt><trkpt lat="45.77500567697129" lon="6.904088881600795"><ele>2307.5871730422846</ele></trkpt><trkpt lat="45.775010000000016" lon="6.9042"><ele>2305.98</ele></trkpt><trkpt lat="45.77502657016616" lon="6.904321169249009"><ele>2304.1767524912293</ele></trkpt><trkpt lat="45.77504999999999" lon="6.904440000000001"><ele>2302.36</ele></trkpt><trkpt lat="45.77507710477719" lon="6.9045364162120135"><ele>2300.5362624548407</ele></trkpt><trkpt lat="45.77510705946914" lon="6.904631345511523"><ele>2298.699165433151</ele></trkpt><trkpt lat="45.77512999999998" lon="6.90473"><ele>2297.62</ele></trkpt><trkpt lat="45.77513499807592" lon="6.9048231649966745"><ele>2298.03396934631</ele></trkpt><trkpt lat="45.77513260531054" lon="6.904917669437941"><ele>2299.216208506811</ele></trkpt><trkpt lat="45.77513999999999" lon="6.905010000000001"><ele>2299.89</ele></trkpt><trkpt lat="45.7751711851959" lon="6.905103416581752"><ele>2299.0291985833537</ele></trkpt><trkpt lat="45.77521999999998" lon="6.905179999999999"><ele>2297.59</ele></trkpt><trkpt lat="45.775299999999994" lon="6.9052"><ele>2296.51</ele></trkpt><trkpt lat="45.77537010155131" lon="6.905185753215313"><ele>2295.467606804379</ele></trkpt><trkpt lat="45.775439862086785" lon="6.905165859447142"><ele>2294.4577756237427</ele></trkpt><trkpt lat="45.77550999999998" lon="6.90516"><ele>2294.14</ele></trkpt><trkpt lat="45.77558248352679" lon="6.905170473370471"><ele>2294.590937697543</ele></trkpt><trkpt lat="45.77565453014617" lon="6.905185352862316"><ele>2295.34474833907</ele></trkpt><trkpt lat="45.77572622248102" lon="6.905203691873364"><ele>2296.2699959073316</ele></trkpt><trkpt lat="45.7757976431537" lon="6.905224543801443"><ele>2297.2352443850746</ele></trkpt><trkpt lat="45.77586887478617" lon="6.905246962044378"><ele>2298.1090577550476</ele></trkpt><trkpt lat="45.77593999999998" lon="6.905269999999999"><ele>2298.76</ele></trkpt><trkpt lat="45.776011063336426" lon="6.905294494846154"><ele>2299.0901014946207</ele></trkpt><trkpt lat="45.776081634212225" lon="6.9053222543322965"><ele>2299.17136619862</ele></trkpt><trkpt lat="45.776151387981464" lon="6.905353886652292"><ele>2299.1294478033096</ele></trkpt><trkpt lat="45.776219999999995" lon="6.90539"><ele>2299.09</ele></trkpt><trkpt lat="45.77630999999999" lon="6.905480000000001"><ele>2298.78</ele></trkpt><trkpt lat="45.77636582686863" lon="6.905568458793707"><ele>2299.441769468203</ele></trkpt><trkpt lat="45.776419137664675" lon="6.905660453673482"><ele>2300.265227250368</ele></trkpt><trkpt lat="45.77647999999998" lon="6.905740000000001"><ele>2300.47</ele></trkpt><trkpt lat="45.7765398015406" lon="6.905797431503942"><ele>2300.0894744289935</ele></trkpt><trkpt lat="45.7766011977261" lon="6.90585161375705"><ele>2299.57085056172</ele></trkpt><trkpt lat="45.77666405211023" lon="6.905902254246265"><ele>2298.8998597916825</ele></trkpt><trkpt lat="45.77672822824728" lon="6.905949060458534"><ele>2298.062233512382</ele></trkpt><trkpt lat="45.77679358969208" lon="6.905991739880798"><ele>2297.0437031173205</ele></trkpt><trkpt lat="45.776860000000006" lon="6.90603"><ele>2295.83</ele></trkpt><trkpt lat="45.77692822693987" lon="6.90606505104319"><ele>2294.397259693869</ele></trkpt><trkpt lat="45.77699737436906" lon="6.906096746187124"><ele>2292.7749244627566</ele></trkpt><trkpt lat="45.77706728383802" lon="6.906124087043288"><ele>2290.9800125922375</ele></trkpt><trkpt lat="45.77713779689805" lon="6.906146075223168"><ele>2289.0295423678886</ele></trkpt><trkpt lat="45.77720875510109" lon="6.906161712338244"><ele>2286.940532075284</ele></trkpt><trkpt lat="45.77727999999998" lon="6.906170000000001"><ele>2284.73</ele></trkpt><trkpt lat="45.77735999999997" lon="6.906060000000001"><ele>2279.95</ele></trkpt><trkpt lat="45.77742740087819" lon="6.9060581552206495"><ele>2278.795841656017</ele></trkpt><trkpt lat="45.77749535472591" lon="6.906061450528548"><ele>2277.9404623286923</ele></trkpt><trkpt lat="45.777563226550306" lon="6.906070584292068"><ele>2277.263025258728</ele></trkpt><trkpt lat="45.777630381361476" lon="6.906086254879571"><ele>2276.6426936868243</ele></trkpt><trkpt lat="45.77769618417264" lon="6.906109160659427"><ele>2275.9586308536814</ele></trkpt><trkpt lat="45.77776" lon="6.906140000000001"><ele>2275.09</ele></trkpt><trkpt lat="45.77782058318445" lon="6.906174933599263"><ele>2274.0997105196884</ele></trkpt><trkpt lat="45.77788069587986" lon="6.906211651535116"><ele>2273.077855428452</ele></trkpt><trkpt lat="45.777940311059034" lon="6.906250122128442"><ele>2272.0307838357676</ele></trkpt><trkpt lat="45.77799940169482" lon="6.906290313700121"><ele>2270.9648448511102</ele></trkpt><trkpt lat="45.77805794076027" lon="6.906332194571035"><ele>2269.886387583958</ele></trkpt><trkpt lat="45.77811590122844" lon="6.906375733062063"><ele>2268.8017611437854</ele></trkpt><trkpt lat="45.77817325607254" lon="6.9064208974940895"><ele>2267.717314640069</ele></trkpt><trkpt lat="45.77822997826587" lon="6.906467656187994"><ele>2266.6393971822854</ele></trkpt><trkpt lat="45.77828604078178" lon="6.906515977464654"><ele>2265.57435787991</ele></trkpt><trkpt lat="45.77834141659372" lon="6.906565829644956"><ele>2264.5285458424205</ele></trkpt><trkpt lat="45.778396078675236" lon="6.9066171810497785"><ele>2263.5083101792916</ele></trkpt><trkpt lat="45.77844999999998" lon="6.90667"><ele>2262.52</ele></trkpt><trkpt lat="45.7785012883953" lon="6.906734310091875"><ele>2261.599542641987</ele></trkpt><trkpt lat="45.77854498215699" lon="6.906810446954239"><ele>2260.8283092112097</ele></trkpt><trkpt lat="45.77858503172734" lon="6.90689242877067"><ele>2260.125304459439</ele></trkpt><trkpt lat="45.77862538753576" lon="6.906974273724733"><ele>2259.409533138446</ele></trkpt><trkpt lat="45.77867000000001" lon="6.907049999999999"><ele>2258.6</ele></trkpt><trkpt lat="45.77872932892975" lon="6.907111020828807"><ele>2257.463340501484</ele></trkpt><trkpt lat="45.77879000000003" lon="6.907169999999999"><ele>2256.27</ele></trkpt><trkpt lat="45.778847269265555" lon="6.907248210940911"><ele>2255.1985056247177</ele></trkpt><trkpt lat="45.778901446646394" lon="6.907330907625953"><ele>2254.183396564619</ele></trkpt><trkpt lat="45.77895000000002" lon="6.90742"><ele>2253.12</ele></trkpt><trkpt lat="45.7789856900256" lon="6.907498246866045"><ele>2252.18614665454</ele></trkpt><trkpt lat="45.77901906639153" lon="6.907578682361721"><ele>2251.2431117594583</ele></trkpt><trkpt lat="45.77905100878372" lon="6.907660462619917"><ele>2250.2931794246324</ele></trkpt><trkpt lat="45.77908239688601" lon="6.90774274377353"><ele>2249.3386337599377</ele></trkpt><trkpt lat="45.77911411038014" lon="6.907824681955451"><ele>2248.381758875251</ele></trkpt><trkpt lat="45.77914702894586" lon="6.907905433298573"><ele>2247.424838880448</ele></trkpt><trkpt lat="45.77918203226072" lon="6.907984153935792"><ele>2246.4701578854056</ele></trkpt><trkpt lat="45.779220000000024" lon="6.908060000000001"><ele>2245.52</ele></trkpt><trkpt lat="45.77925885862951" lon="6.90813089868295"><ele>2244.6084738062077</ele></trkpt><trkpt lat="45.77929866461581" lon="6.90820068430684"><ele>2243.7007572312705</ele></trkpt><trkpt lat="45.77933928092057" lon="6.908269518170483"><ele>2242.7961093585445</ele></trkpt><trkpt lat="45.77938057050583" lon="6.908337561572678"><ele>2241.8937892713857</ele></trkpt><trkpt lat="45.77942239633401" lon="6.908404975812233"><ele>2240.9930560531507</ele></trkpt><trkpt lat="45.77946462136799" lon="6.908471922187958"><ele>2240.093168787196</ele></trkpt><trkpt lat="45.77950710857092" lon="6.908538561998653"><ele>2239.1933865568776</ele></trkpt><trkpt lat="45.77954972090643" lon="6.908605056543129"><ele>2238.292968445552</ele></trkpt><trkpt lat="45.77959232133858" lon="6.90867156712019"><ele>2237.391173536575</ele></trkpt><trkpt lat="45.77963477283187" lon="6.908738255028644"><ele>2236.487260913304</ele></trkpt><trkpt lat="45.77967693835113" lon="6.908805281567294"><ele>2235.5804896590944</ele></trkpt><trkpt lat="45.779718680861706" lon="6.90887280803495"><ele>2234.670118857303</ele></trkpt><trkpt lat="45.77975986332925" lon="6.908940995730415"><ele>2233.755407591286</ele></trkpt><trkpt lat="45.77980034871986" lon="6.909010005952497"><ele>2232.8356149443994</ele></trkpt><trkpt lat="45.77984000000001" lon="6.90908"><ele>2231.91</ele></trkpt><trkpt lat="45.77988766379921" lon="6.909194313089409"><ele>2230.522816772158</ele></trkpt><trkpt lat="45.77992000000002" lon="6.90932"><ele>2228.93</ele></trkpt><trkpt lat="45.779927231089" lon="6.909409378786536"><ele>2227.5595109074675</ele></trkpt><trkpt lat="45.77993000000001" lon="6.9095"><ele>2226.01</ele></trkpt><trkpt lat="45.779941192410476" lon="6.909596655604942"><ele>2224.285436692373</ele></trkpt><trkpt lat="45.779960000000024" lon="6.9096899999999986"><ele>2222.39</ele></trkpt><trkpt lat="45.78000999999999" lon="6.9097800000000005"><ele>2219.63</ele></trkpt><trkpt lat="45.7800209330275" lon="6.909872047730771"><ele>2218.511046312474</ele></trkpt><trkpt lat="45.78002494079662" lon="6.9099662206617545"><ele>2217.6585984955054</ele></trkpt><trkpt lat="45.78003" lon="6.91006"><ele>2216.59</ele></trkpt><trkpt lat="45.780049999999996" lon="6.91023"><ele>2213.14</ele></trkpt><trkpt lat="45.780036345273274" lon="6.910332145484027"><ele>2211.478870011388</ele></trkpt><trkpt lat="45.78000999999999" lon="6.910429999999999"><ele>2210.35</ele></trkpt><trkpt lat="45.77997883852308" lon="6.910511005372011"><ele>2209.9409020527723</ele></trkpt><trkpt lat="45.779943435909786" lon="6.910588971573063"><ele>2209.780416445633</ele></trkpt><trkpt lat="45.779908815338544" lon="6.910667451987582"><ele>2209.672222615677</ele></trkpt><trkpt lat="45.779879999999984" lon="6.91075"><ele>2209.42</ele></trkpt><trkpt lat="45.779879999999984" lon="6.910889999999999"><ele>2208.26</ele></trkpt><trkpt lat="45.77994000000002" lon="6.91099"><ele>2206.48</ele></trkpt><trkpt lat="45.78001983457536" lon="6.911035075954258"><ele>2204.4796395384583</ele></trkpt><trkpt lat="45.78010000000002" lon="6.911079999999998"><ele>2202.82</ele></trkpt><trkpt lat="45.780161031188264" lon="6.911141054781543"><ele>2202.4196104481057</ele></trkpt><trkpt lat="45.78021000000002" lon="6.911220000000002"><ele>2202.34</ele></trkpt><trkpt lat="45.78024257967982" lon="6.911324824832808"><ele>2201.9637296237247</ele></trkpt><trkpt lat="45.78026686659005" lon="6.911435687380765"><ele>2201.559259523134</ele></trkpt><trkpt lat="45.78030000000002" lon="6.911539999999999"><ele>2201.15</ele></trkpt><trkpt lat="45.78035129961888" lon="6.9116329932824465"><ele>2200.820289961578</ele></trkpt><trkpt lat="45.780419999999985" lon="6.911689999999999"><ele>2200.38</ele></trkpt><trkpt lat="45.78048479192011" lon="6.911704340467963"><ele>2199.8585087082297</ele></trkpt><trkpt lat="45.7805503661959" lon="6.911709699866567"><ele>2199.323963380035</ele></trkpt><trkpt lat="45.78061643788571" lon="6.911709455886694"><ele>2198.7779232670528</ele></trkpt><trkpt lat="45.7806827220493" lon="6.9117069862192215"><ele>2198.2219476209207</ele></trkpt><trkpt lat="45.78074893374768" lon="6.91170566855503"><ele>2197.6575956932766</ele></trkpt><trkpt lat="45.78081478804335" lon="6.911708880584996"><ele>2197.0864267357574</ele></trkpt><trkpt lat="45.780879999999996" lon="6.91172"><ele>2196.51</ele></trkpt><trkpt lat="45.780945213789884" lon="6.911756430842315"><ele>2196.1164040092854</ele></trkpt><trkpt lat="45.78098000000001" lon="6.911830000000001"><ele>2195.38</ele></trkpt><trkpt lat="45.78097778703459" lon="6.911920051120229"><ele>2194.1044438607278</ele></trkpt><trkpt lat="45.78096962821588" lon="6.912009341307187"><ele>2192.7912895972554</ele></trkpt><trkpt lat="45.78095696221987" lon="6.912098031182503"><ele>2191.4624930262444</ele></trkpt><trkpt lat="45.780941227722586" lon="6.912186281367813"><ele>2190.1400099643533</ele></trkpt><trkpt lat="45.78092386340094" lon="6.912274252484744"><ele>2188.845796228242</ele></trkpt><trkpt lat="45.780906307933336" lon="6.912362105154929"><ele>2187.601807634571</ele></trkpt><trkpt lat="45.780889999999985" lon="6.91245"><ele>2186.43</ele></trkpt><trkpt lat="45.78085949209256" lon="6.912544194136201"><ele>2185.530428552392</ele></trkpt><trkpt lat="45.78084000000002" lon="6.91264"><ele>2184.99</ele></trkpt><trkpt lat="45.78085009466802" lon="6.912745363757051"><ele>2184.5047665303914</ele></trkpt><trkpt lat="45.78086827998596" lon="6.912849020900659"><ele>2184.1153282666937</ele></trkpt><trkpt lat="45.78089232531056" lon="6.912950667593937"><ele>2183.7232258696495</ele></trkpt><trkpt lat="45.78092" lon="6.91305"><ele>2183.23</ele></trkpt><trkpt lat="45.78096375935073" lon="6.9131358164592775"><ele>2182.3845900315114</ele></trkpt><trkpt lat="45.78101" lon="6.91322"><ele>2181.58</ele></trkpt><trkpt lat="45.78103760896755" lon="6.913302990039266"><ele>2181.18106339479</ele></trkpt><trkpt lat="45.781062889807" lon="6.913387595250295"><ele>2180.830159501301</ele></trkpt><trkpt lat="45.7810868604607" lon="6.913473105665033"><ele>2180.511970299257</ele></trkpt><trkpt lat="45.78111053886908" lon="6.913558811315425"><ele>2180.2111777683813</ele></trkpt><trkpt lat="45.78113494297086" lon="6.913644002233419"><ele>2179.9124638883973</ele></trkpt><trkpt lat="45.781161090702895" lon="6.913727968450962"><ele>2179.600510639029</ele></trkpt><trkpt lat="45.78119" lon="6.913810000000001"><ele>2179.26</ele></trkpt><trkpt lat="45.78122929602082" lon="6.913905414625292"><ele>2178.814523856792</ele></trkpt><trkpt lat="45.78127291141911" lon="6.913997122137538"><ele>2178.3462130898815</ele></trkpt><trkpt lat="45.78132007110741" lon="6.914085268581016"><ele>2177.8572957780298</ele></trkpt><trkpt lat="45.781370000000024" lon="6.914170000000001"><ele>2177.35</ele></trkpt><trkpt lat="45.781413174638956" lon="6.914239921828146"><ele>2176.904603717837</ele></trkpt><trkpt lat="45.78145669311183" lon="6.914309496378593"><ele>2176.4424098799036</ele></trkpt><trkpt lat="45.78150066315998" lon="6.914378523717339"><ele>2175.9701241831904</ele></trkpt><trkpt lat="45.78154519252445" lon="6.914446803910385"><ele>2175.494452324688</ele></trkpt><trkpt lat="45.781590388945816" lon="6.914514137023725"><ele>2175.022100001386</ele></trkpt><trkpt lat="45.78163636016436" lon="6.914580323123358"><ele>2174.5597729102765</ele></trkpt><trkpt lat="45.781683213920005" lon="6.914645162275283"><ele>2174.1141767483487</ele></trkpt><trkpt lat="45.7817310579522" lon="6.914708454545498"><ele>2173.6920172125933</ele></trkpt><trkpt lat="45.78177999999997" lon="6.91477"><ele>2173.3</ele></trkpt><trkpt lat="45.78183420709302" lon="6.914833118475072"><ele>2172.9673448898748</ele></trkpt><trkpt lat="45.78189045651946" lon="6.914892695198432"><ele>2172.7332626622842</ele></trkpt><trkpt lat="45.78194845440053" lon="6.914948950941344"><ele>2172.5386201883657</ele></trkpt><trkpt lat="45.7820079068585" lon="6.915002106475068"><ele>2172.3242843392545</ele></trkpt><trkpt lat="45.78206852001681" lon="6.915052382570868"><ele>2172.031121986087</ele></trkpt><trkpt lat="45.78213" lon="6.9151"><ele>2171.6</ele></trkpt><trkpt lat="45.78222" lon="6.9151"><ele>2169.6</ele></trkpt><trkpt lat="45.78229339040768" lon="6.915129897248155"><ele>2169.3399439438817</ele></trkpt><trkpt lat="45.78236" lon="6.915179999999999"><ele>2169.73</ele></trkpt><trkpt lat="45.78240999999999" lon="6.915309999999999"><ele>2171.85</ele></trkpt><trkpt lat="45.78249882367059" lon="6.915329531757143"><ele>2170.8953035331024</ele></trkpt><trkpt lat="45.78258999999999" lon="6.91534"><ele>2169.42</ele></trkpt><trkpt lat="45.782647172753826" lon="6.915383606429617"><ele>2168.677499509117</ele></trkpt><trkpt lat="45.78270000000002" lon="6.91544"><ele>2167.99</ele></trkpt><trkpt lat="45.78276794310291" lon="6.915505099554286"><ele>2166.95651131457</ele></trkpt><trkpt lat="45.78283" lon="6.915579999999999"><ele>2166.2</ele></trkpt><trkpt lat="45.782872379747296" lon="6.91564708334565"><ele>2165.955603603586</ele></trkpt><trkpt lat="45.78291439349896" lon="6.91571471849547"><ele>2165.7473443472227</ele></trkpt><trkpt lat="45.78295594313693" lon="6.915782981460638"><ele>2165.5710392609794</ele></trkpt><trkpt lat="45.782996930543426" lon="6.915851948252333"><ele>2165.4225053749274</ele></trkpt><trkpt lat="45.78303725760094" lon="6.915921694881735"><ele>2165.297559719136</ele></trkpt><trkpt lat="45.783076826192236" lon="6.915992297360022"><ele>2165.1920193236774</ele></trkpt><trkpt lat="45.783115538200285" lon="6.916063831698376"><ele>2165.1017012186217</ele></trkpt><trkpt lat="45.78315329550839" lon="6.9161363739079755"><ele>2165.0224224340386</ele></trkpt><trkpt lat="45.78319" lon="6.91621"><ele>2164.95</ele></trkpt><trkpt lat="45.78321" lon="6.91636"><ele>2165.46</ele></trkpt><trkpt lat="45.783272919455754" lon="6.916432545075216"><ele>2165.0949866418387</ele></trkpt><trkpt lat="45.78334" lon="6.9165"><ele>2164.67</ele></trkpt><trkpt lat="45.78338598443562" lon="6.91656735058446"><ele>2164.431809560409</ele></trkpt><trkpt lat="45.783431517766346" lon="6.916635811314036"><ele>2164.1398425883726</ele></trkpt><trkpt lat="45.78347505887701" lon="6.916706596751383"><ele>2163.919970836132</ele></trkpt><trkpt lat="45.7835150666571" lon="6.916780921459154"><ele>2163.8980660559278</ele></trkpt><trkpt lat="45.78354999999999" lon="6.916859999999999"><ele>2164.2</ele></trkpt><trkpt lat="45.7835781286511" lon="6.916940869988285"><ele>2164.8561020026405</ele></trkpt><trkpt lat="45.78360188331982" lon="6.917024477739884"><ele>2165.774326758966</ele></trkpt><trkpt lat="45.783622834096676" lon="6.917109863742002"><ele>2166.847323073379</ele></trkpt><trkpt lat="45.783642551069164" lon="6.9171960684818625"><ele>2167.967739750285</ele></trkpt><trkpt lat="45.783662604322444" lon="6.9172821324466724"><ele>2169.0282255940883</ele></trkpt><trkpt lat="45.7836845639393" lon="6.917367096123647"><ele>2169.921429409191</ele></trkpt><trkpt lat="45.78370999999999" lon="6.9174500000000005"><ele>2170.54</ele></trkpt><trkpt lat="45.783740727471006" lon="6.917530370517088"><ele>2170.8789316345747</ele></trkpt><trkpt lat="45.78377544794224" lon="6.917607730498092"><ele>2171.012058357469</ele></trkpt><trkpt lat="45.783811948418084" lon="6.917683726689946"><ele>2170.964554362071</ele></trkpt><trkpt lat="45.783848015908426" lon="6.917760005839591"><ele>2170.7615938417684</ele></trkpt><trkpt lat="45.78388143742889" lon="6.9178382146939645"><ele>2170.4283509899487</ele></trkpt><trkpt lat="45.78390999999999" lon="6.9179200000000005"><ele>2169.99</ele></trkpt><trkpt lat="45.78393393303826" lon="6.918016617204788"><ele>2169.356186364272</ele></trkpt><trkpt lat="45.783951334727966" lon="6.918116683810698"><ele>2168.5593436304116</ele></trkpt><trkpt lat="45.78396592367273" lon="6.9182181276054555"><ele>2167.635387712736</ele></trkpt><trkpt lat="45.78398141847114" lon="6.91831887637678"><ele>2166.6202345255633</ele></trkpt><trkpt lat="45.78400153771752" lon="6.918416857912387"><ele>2165.549799983212</ele></trkpt><trkpt lat="45.78403000000001" lon="6.918510000000001"><ele>2164.46</ele></trkpt><trkpt lat="45.784064394047" lon="6.918589196024186"><ele>2163.431511654494</ele></trkpt><trkpt lat="45.7841044678488" lon="6.918662801312537"><ele>2162.3488362978505</ele></trkpt><trkpt lat="45.784148643372085" lon="6.91873225010967"><ele>2161.227660692074</ele></trkpt><trkpt lat="45.78419534258734" lon="6.918798976660212"><ele>2160.0836715991704</ele></trkpt><trkpt lat="45.784242987469824" lon="6.918864415208782"><ele>2158.932555781144</ele></trkpt><trkpt lat="45.78428999999999" lon="6.9189300000000005"><ele>2157.79</ele></trkpt><trkpt lat="45.78434564209769" lon="6.9189841093864315"><ele>2156.57229414195</ele></trkpt><trkpt lat="45.7844" lon="6.91904"><ele>2155.38</ele></trkpt><trkpt lat="45.7844439507505" lon="6.919117795660866"><ele>2154.303863964052</ele></trkpt><trkpt lat="45.78448422998596" lon="6.9192001015703175"><ele>2153.3204432127654</ele></trkpt><trkpt lat="45.78452353385012" lon="6.919283509649337"><ele>2152.3220904794525</ele></trkpt><trkpt lat="45.78456455847885" lon="6.919364611818904"><ele>2151.2011584974266</ele></trkpt><trkpt lat="45.78460999999999" lon="6.91944"><ele>2149.85</ele></trkpt><trkpt lat="45.784673758770666" lon="6.9194918661596345"><ele>2147.328892940791</ele></trkpt><trkpt lat="45.78473999999999" lon="6.91954"><ele>2144.86</ele></trkpt><trkpt lat="45.784794084589066" lon="6.919608747163468"><ele>2143.6020586056175</ele></trkpt><trkpt lat="45.78484589037028" lon="6.919681656881994"><ele>2142.6480380238027</ele></trkpt><trkpt lat="45.78489475096587" lon="6.919758738159524"><ele>2141.867498430087</ele></trkpt><trkpt lat="45.78493999999999" lon="6.919839999999999"><ele>2141.13</ele></trkpt><trkpt lat="45.78498008391972" lon="6.9199599037485875"><ele>2140.524954645298</ele></trkpt><trkpt lat="45.78502" lon="6.920079999999999"><ele>2139.94</ele></trkpt><trkpt lat="45.78507353672347" lon="6.920146680367051"><ele>2138.85374992977</ele></trkpt><trkpt lat="45.78513000000001" lon="6.92021"><ele>2137.91</ele></trkpt><trkpt lat="45.78517572905647" lon="6.920283859080011"><ele>2137.549544577674</ele></trkpt><trkpt lat="45.78522031831315" lon="6.920359175833868"><ele>2137.2801941821317</ele></trkpt><trkpt lat="45.78526416298274" lon="6.920435446698408"><ele>2137.069662596053</ele></trkpt><trkpt lat="45.78530765827667" lon="6.920512168110459"><ele>2136.8856636021196</ele></trkpt><trkpt lat="45.78535119940512" lon="6.920588836506854"><ele>2136.6959109830123</ele></trkpt><trkpt lat="45.78539518157699" lon="6.920664948324425"><ele>2136.4681185214117</ele></trkpt><trkpt lat="45.78544000000001" lon="6.92074"><ele>2136.17</ele></trkpt><trkpt lat="45.78549" lon="6.9208"><ele>2135.18</ele></trkpt><trkpt lat="45.78559000000002" lon="6.92085"><ele>2132.54</ele></trkpt><trkpt lat="45.78566309558959" lon="6.920906869959168"><ele>2129.9272855841796</ele></trkpt><trkpt lat="45.785734189217536" lon="6.920968283241828"><ele>2127.208529103839</ele></trkpt><trkpt lat="45.78579999999999" lon="6.92104"><ele>2124.56</ele></trkpt><trkpt lat="45.78585" lon="6.92118"><ele>2121.84</ele></trkpt><trkpt lat="45.785866605095684" lon="6.921273571788336"><ele>2121.096490998628</ele></trkpt><trkpt lat="45.78587988616596" lon="6.921368738217517"><ele>2120.5657361266562</ele></trkpt><trkpt lat="45.7859" lon="6.92146"><ele>2119.53</ele></trkpt><trkpt lat="45.78596999999999" lon="6.921569999999999"><ele>2115.03</ele></trkpt><trkpt lat="45.7860881" lon="6.921523"><ele>2108.58</ele></trkpt><trkpt lat="45.7860881" lon="6.921523"><ele>2108.58</ele></trkpt><trkpt lat="45.78596999999999" lon="6.921569999999999"><ele>2115.03</ele></trkpt><trkpt lat="45.78597575328925" lon="6.921659636749824"><ele>2115.1958780742398</ele></trkpt><trkpt lat="45.78601" lon="6.921749999999999"><ele>2113.83</ele></trkpt><trkpt lat="45.78606999999998" lon="6.92187"><ele>2111.02</ele></trkpt><trkpt lat="45.78608993279418" lon="6.92195710965358"><ele>2110.5730375749094</ele></trkpt><trkpt lat="45.786105930024256" lon="6.922046380442917"><ele>2110.461325337972</ele></trkpt><trkpt lat="45.78612096085901" lon="6.922136096405464"><ele>2110.3860943135805</ele></trkpt><trkpt lat="45.78613799446374" lon="6.922224541578673"><ele>2110.0485755261257</ele></trkpt><trkpt lat="45.78616000000001" lon="6.92231"><ele>2109.15</ele></trkpt><trkpt lat="45.78619928094314" lon="6.922407289147006"><ele>2106.588540410725</ele></trkpt><trkpt lat="45.78624608137782" lon="6.922496864348582"><ele>2103.0616576143802</ele></trkpt><trkpt lat="45.786290000000015" lon="6.92259"><ele>2099.98</ele></trkpt><trkpt lat="45.78632999999999" lon="6.922739999999999"><ele>2098.74</ele></trkpt><trkpt lat="45.7863679649744" lon="6.922818065705714"><ele>2096.8062412219656</ele></trkpt><trkpt lat="45.786406385171574" lon="6.922895595343661"><ele>2094.8198790175447</ele></trkpt><trkpt lat="45.78644528353463" lon="6.922972549712511"><ele>2092.78493186712</ele></trkpt><trkpt lat="45.78648468300658" lon="6.923048889610931"><ele>2090.7054182510765</ele></trkpt><trkpt lat="45.78652460653035" lon="6.9231245758375906"><ele>2088.585356649797</ele></trkpt><trkpt lat="45.78656507704887" lon="6.923199569191159"><ele>2086.428765543666</ele></trkpt><trkpt lat="45.786606117504874" lon="6.923273830470304"><ele>2084.239663413067</ele></trkpt><trkpt lat="45.78664775084103" lon="6.923347320473695"><ele>2082.0220687383835</ele></trkpt><trkpt lat="45.78668999999999" lon="6.92342"><ele>2079.78</ele></trkpt><trkpt lat="45.786760000000015" lon="6.923470000000001"><ele>2075.98</ele></trkpt><trkpt lat="45.7868008804331" lon="6.923552060884318"><ele>2074.304291724353</ele></trkpt><trkpt lat="45.78683883486847" lon="6.923637353537757"><ele>2072.804978968927</ele></trkpt><trkpt lat="45.78687529367745" lon="6.92372433586818"><ele>2071.416977576251</ele></trkpt><trkpt lat="45.78691168722731" lon="6.923811465783453"><ele>2070.075203388853</ele></trkpt><trkpt lat="45.78694944588165" lon="6.923897201191439"><ele>2068.71457224926</ele></trkpt><trkpt lat="45.78698999999998" lon="6.92398"><ele>2067.27</ele></trkpt><trkpt lat="45.78703508852533" lon="6.9240554181655725"><ele>2065.734669815123</ele></trkpt><trkpt lat="45.787084309105616" lon="6.924125738334608"><ele>2064.141932293954</ele></trkpt><trkpt lat="45.78713387512979" lon="6.924195689336339"><ele>2062.5582286258077</ele></trkpt><trkpt lat="45.78718000000002" lon="6.92427"><ele>2061.05</ele></trkpt><trkpt lat="45.78719999999997" lon="6.924360000000001"><ele>2060.22</ele></trkpt><trkpt lat="45.78725750285495" lon="6.9244118386534135"><ele>2056.985110270516</ele></trkpt><trkpt lat="45.78731" lon="6.9244699999999995"><ele>2054.14</ele></trkpt><trkpt lat="45.78734430888981" lon="6.924559520006798"><ele>2052.5551534019955</ele></trkpt><trkpt lat="45.787373690876855" lon="6.924653165866977"><ele>2051.2266973212036</ele></trkpt><trkpt lat="45.78740054847513" lon="6.92474898718846"><ele>2050.0697928491163</ele></trkpt><trkpt lat="45.78742728419328" lon="6.924845033579175"><ele>2048.9996010772247</ele></trkpt><trkpt lat="45.78745630053531" lon="6.924939354647046"><ele>2047.9312830970223</ele></trkpt><trkpt lat="45.78749" lon="6.9250300000000005"><ele>2046.78</ele></trkpt><trkpt lat="45.78753768235664" lon="6.925087259379151"><ele>2045.5585889566164</ele></trkpt><trkpt lat="45.78758999999999" lon="6.92514"><ele>2044.86</ele></trkpt><trkpt lat="45.78763000000002" lon="6.925260000000001"><ele>2046.69</ele></trkpt><trkpt lat="45.787699102709155" lon="6.925312515722191"><ele>2043.2593945330977</ele></trkpt><trkpt lat="45.78776999999999" lon="6.92536"><ele>2039.24</ele></trkpt><trkpt lat="45.78781872864579" lon="6.925418975023232"><ele>2037.1904263190027</ele></trkpt><trkpt lat="45.78785999999999" lon="6.92549"><ele>2035.74</ele></trkpt><trkpt lat="45.787895328979474" lon="6.925589652229623"><ele>2034.7241208720584</ele></trkpt><trkpt lat="45.78793000000001" lon="6.9256899999999995"><ele>2033.75</ele></trkpt><trkpt lat="45.78796704900678" lon="6.9257634462501345"><ele>2032.4121418427276</ele></trkpt><trkpt lat="45.788007393542635" lon="6.925833126735606"><ele>2030.886482452547</ele></trkpt><trkpt lat="45.78805" lon="6.9258999999999995"><ele>2029.39</ele></trkpt><trkpt lat="45.78809577868197" lon="6.925967489501497"><ele>2027.9497539008341</ele></trkpt><trkpt lat="45.78814281520421" lon="6.926033269459752"><ele>2026.5383571125342</ele></trkpt><trkpt lat="45.78819094412422" lon="6.926097414688132"><ele>2025.1252817679672</ele></trkpt><trkpt lat="45.788240000000016" lon="6.92616"><ele>2023.68</ele></trkpt><trkpt lat="45.788305642897214" lon="6.926228850219152"><ele>2021.689533879236</ele></trkpt><trkpt lat="45.78836999999999" lon="6.9263"><ele>2019.87</ele></trkpt><trkpt lat="45.788420753314895" lon="6.926369730100647"><ele>2018.5909635799007</ele></trkpt><trkpt lat="45.78847161407293" lon="6.9264395361004985"><ele>2017.3186507458602</ele></trkpt><trkpt lat="45.78852208142918" lon="6.926509997868475"><ele>2016.0748346302635</ele></trkpt><trkpt lat="45.78857165454055" lon="6.926581695273494"><ele>2014.8812883654944</ele></trkpt><trkpt lat="45.78861983256569" lon="6.926655208184475"><ele>2013.759785083938</ele></trkpt><trkpt lat="45.78866611466489" lon="6.926731116470338"><ele>2012.732097917978</ele></trkpt><trkpt lat="45.788710000000016" lon="6.92681"><ele>2011.82</ele></trkpt><trkpt lat="45.788733759612896" lon="6.926911739889824"><ele>2011.83311261761</ele></trkpt><trkpt lat="45.78874999999999" lon="6.92702"><ele>2012.3</ele></trkpt><trkpt lat="45.78878592311252" lon="6.927113676884481"><ele>2012.3239823050908</ele></trkpt><trkpt lat="45.78882999999998" lon="6.9272"><ele>2011.81</ele></trkpt><trkpt lat="45.78888466703778" lon="6.92728043299003"><ele>2009.8816363062444</ele></trkpt><trkpt lat="45.78893999999998" lon="6.92736"><ele>2007.88</ele></trkpt><trkpt lat="45.78898389773438" lon="6.927442601826719"><ele>2007.0413142691195</ele></trkpt><trkpt lat="45.78902571481474" lon="6.927527852912018"><ele>2006.5047533090378</ele></trkpt><trkpt lat="45.78907000000002" lon="6.92761"><ele>2005.68</ele></trkpt><trkpt lat="45.78911145615294" lon="6.9276778430019785"><ele>2004.6455176390725</ele></trkpt><trkpt lat="45.78915375229521" lon="6.927744610528747"><ele>2003.5745929318743</ele></trkpt><trkpt lat="45.78919661875" lon="6.927810635633347"><ele>2002.4718486216668</ele></trkpt><trkpt lat="45.78923978584124" lon="6.927876251368812"><ele>2001.3419074517128</ele></trkpt><trkpt lat="45.78928298389376" lon="6.927941790788184"><ele>2000.189392165274</ele></trkpt><trkpt lat="45.78932594323311" lon="6.928007586944502"><ele>1999.0189255056139</ele></trkpt><trkpt lat="45.78936839418578" lon="6.928073972890803"><ele>1997.8351302159938</ele></trkpt><trkpt lat="45.789410067079004" lon="6.928141281680126"><ele>1996.6426290396766</ele></trkpt><trkpt lat="45.78945069224082" lon="6.928209846365513"><ele>1995.4460447199249</ele></trkpt><trkpt lat="45.789489999999994" lon="6.92828"><ele>1994.25</ele></trkpt><trkpt lat="45.789528972386194" lon="6.928353565675879"><ele>1992.993065136908</ele></trkpt><trkpt lat="45.78956676790403" lon="6.92842838403612"><ele>1991.6872006134777</ele></trkpt><trkpt lat="45.789603407504046" lon="6.928504390784848"><ele>1990.3533976688916</ele></trkpt><trkpt lat="45.789638912136795" lon="6.9285815216261835"><ele>1989.0126475423317</ele></trkpt><trkpt lat="45.789673302752576" lon="6.9286597122642455"><ele>1987.6859414729804</ele></trkpt><trkpt lat="45.78970660030164" lon="6.928738898403155"><ele>1986.39427070002</ele></trkpt><trkpt lat="45.78973882573411" lon="6.928819015747032"><ele>1985.1586264626324</ele></trkpt><trkpt lat="45.78977000000001" lon="6.928899999999999"><ele>1984</ele></trkpt><trkpt lat="45.78977999999999" lon="6.92905"><ele>1983.72</ele></trkpt><trkpt lat="45.78980951187655" lon="6.929132189475807"><ele>1983.1220558027776</ele></trkpt><trkpt lat="45.78984414858816" lon="6.9292106240709455"><ele>1982.4495962062783</ele></trkpt><trkpt lat="45.78987921100284" lon="6.929288746630611"><ele>1981.7148385066403</ele></trkpt><trkpt lat="45.78991" lon="6.92937"><ele>1980.93</ele></trkpt><trkpt lat="45.789937924618165" lon="6.92946759655133"><ele>1979.9079527389652</ele></trkpt><trkpt lat="45.78996080331534" lon="6.929567995155653"><ele>1978.7965775321</ele></trkpt><trkpt lat="45.78998000000002" lon="6.92967"><ele>1977.77</ele></trkpt><trkpt lat="45.78998999999999" lon="6.929829999999999"><ele>1976.77</ele></trkpt><trkpt lat="45.79002508820558" lon="6.929914943987578"><ele>1974.973664414942</ele></trkpt><trkpt lat="45.79005999999998" lon="6.93"><ele>1973.2</ele></trkpt><trkpt lat="45.79007174989739" lon="6.930127089791654"><ele>1972.2388214565474</ele></trkpt><trkpt lat="45.79009" lon="6.93025"><ele>1971.17</ele></trkpt><trkpt lat="45.79013147728318" lon="6.930340818020759"><ele>1969.405074499042</ele></trkpt><trkpt lat="45.790180485444324" lon="6.930424092844078"><ele>1967.4015970170676</ele></trkpt><trkpt lat="45.79023175087876" lon="6.93050532124536"><ele>1965.3898210265597</ele></trkpt><trkpt lat="45.79027999999999" lon="6.93059"><ele>1963.6</ele></trkpt><trkpt lat="45.790312918734024" lon="6.930677500842052"><ele>1962.7081595759728</ele></trkpt><trkpt lat="45.79034999999999" lon="6.930760000000002"><ele>1961.91</ele></trkpt><trkpt lat="45.79040670760915" lon="6.930816861931747"><ele>1960.3904952096882</ele></trkpt><trkpt lat="45.79047" lon="6.93086"><ele>1958.72</ele></trkpt><trkpt lat="45.79054" lon="6.930889999999999"><ele>1957.14</ele></trkpt><trkpt lat="45.79058965961637" lon="6.9309591292665305"><ele>1956.461686853179</ele></trkpt><trkpt lat="45.79063567895038" lon="6.931033797563388"><ele>1955.9110745633266</ele></trkpt><trkpt lat="45.79068135881193" lon="6.931109067078552"><ele>1955.4274249918112</ele></trkpt><trkpt lat="45.79072999999999" lon="6.93118"><ele>1954.95</ele></trkpt><trkpt lat="45.79083" lon="6.93127"><ele>1954.34</ele></trkpt><trkpt lat="45.790860000000016" lon="6.93133"><ele>1953.96</ele></trkpt><trkpt lat="45.79088000000002" lon="6.931399999999999"><ele>1952.85</ele></trkpt><trkpt lat="45.790869999999984" lon="6.931479999999999"><ele>1951.52</ele></trkpt><trkpt lat="45.790840872608904" lon="6.931573777404612"><ele>1950.3457591800966</ele></trkpt><trkpt lat="45.7908094055616" lon="6.9316661997425895"><ele>1949.2590529079498</ele></trkpt><trkpt lat="45.790779999999984" lon="6.931760000000001"><ele>1948.29</ele></trkpt><trkpt lat="45.790760000000006" lon="6.931869999999999"><ele>1947.84</ele></trkpt><trkpt lat="45.790760000000006" lon="6.932"><ele>1947.92</ele></trkpt><trkpt lat="45.790789999999994" lon="6.932169999999999"><ele>1948.28</ele></trkpt><trkpt lat="45.790860000000016" lon="6.93231"><ele>1948.79</ele></trkpt><trkpt lat="45.790951899179774" lon="6.932324261578991"><ele>1949.4871270196827</ele></trkpt><trkpt lat="45.791030000000006" lon="6.932359999999999"><ele>1950.36</ele></trkpt><trkpt lat="45.79105954004986" lon="6.932460917508183"><ele>1951.4057944625026</ele></trkpt><trkpt lat="45.791070154949686" lon="6.932572853505948"><ele>1952.5076513363397</ele></trkpt><trkpt lat="45.7910756923779" lon="6.9326883627507385"><ele>1953.343182542007</ele></trkpt><trkpt lat="45.79109000000001" lon="6.932799999999999"><ele>1953.59</ele></trkpt><trkpt lat="45.791114993265225" lon="6.932897847608099"><ele>1953.2372217582747</ele></trkpt><trkpt lat="45.79114458576545" lon="6.932993170384348"><ele>1952.5221254325688</ele></trkpt><trkpt lat="45.79117568162985" lon="6.933087569356551"><ele>1951.5274182277253</ele></trkpt><trkpt lat="45.79120518499402" lon="6.933182645552502"><ele>1950.3358073485879</ele></trkpt><trkpt lat="45.79122999999998" lon="6.933280000000001"><ele>1949.03</ele></trkpt><trkpt lat="45.79124880793399" lon="6.933376642236107"><ele>1947.6146482008332</ele></trkpt><trkpt lat="45.791264281450935" lon="6.933474316725125"><ele>1945.9966977778954</ele></trkpt><trkpt lat="45.791277351001476" lon="6.933572670096091"><ele>1944.2344232545406</ele></trkpt><trkpt lat="45.79128894703499" lon="6.933671348978038"><ele>1942.3860991541242</ele></trkpt><trkpt lat="45.7913" lon="6.933769999999999"><ele>1940.51</ele></trkpt><trkpt lat="45.79130995131186" lon="6.9338626240551955"><ele>1938.7285075701373</ele></trkpt><trkpt lat="45.791319104078234" lon="6.933955363558047"><ele>1936.905653544637</ele></trkpt><trkpt lat="45.791327667121074" lon="6.934048186907174"><ele>1935.0518700719153</ele></trkpt><trkpt lat="45.79133584926213" lon="6.934141062501194"><ele>1933.1775893003864</ele></trkpt><trkpt lat="45.79134385932302" lon="6.934233958738718"><ele>1931.293243378467</ele></trkpt><trkpt lat="45.79135190612524" lon="6.934326844018364"><ele>1929.4092644545713</ele></trkpt><trkpt lat="45.79136019849018" lon="6.9344196867387495"><ele>1927.5360846771157</ele></trkpt><trkpt lat="45.791368945239086" lon="6.934512455298489"><ele>1925.6841361945153</ele></trkpt><trkpt lat="45.7913783551931" lon="6.934605118096201"><ele>1923.8638511551858</ele></trkpt><trkpt lat="45.791388637173156" lon="6.934697643530499"><ele>1922.085661707542</ele></trkpt><trkpt lat="45.79140000000002" lon="6.93479"><ele>1920.36</ele></trkpt><trkpt lat="45.79141763578696" lon="6.934888807820845"><ele>1918.8848332092468</ele></trkpt><trkpt lat="45.791442182370666" lon="6.934985444578406"><ele>1917.7608379906353</ele></trkpt><trkpt lat="45.79147000000001" lon="6.935080000000001"><ele>1916.43</ele></trkpt><trkpt lat="45.791492681906746" lon="6.935168366118334"><ele>1914.7030149460943</ele></trkpt><trkpt lat="45.7915185088459" lon="6.9352542334855825"><ele>1912.7764170650928</ele></trkpt><trkpt lat="45.79156000000001" lon="6.935320000000001"><ele>1911.18</ele></trkpt><trkpt lat="45.79162552880649" lon="6.935366557563385"><ele>1909.9751827006644</ele></trkpt><trkpt lat="45.79169650410442" lon="6.9353974416101405"><ele>1909.100310896375</ele></trkpt><trkpt lat="45.791769714990984" lon="6.935422046875207"><ele>1908.3208477417538</ele></trkpt><trkpt lat="45.79184195057956" lon="6.935449768093514"><ele>1907.4022563914218</ele></trkpt><trkpt lat="45.791909999999994" lon="6.935490000000001"><ele>1906.11</ele></trkpt><trkpt lat="45.791969457693575" lon="6.9355522684825415"><ele>1904.019269766308</ele></trkpt><trkpt lat="45.79202050865685" lon="6.935629807574324"><ele>1901.3903029759422</ele></trkpt><trkpt lat="45.792069999999995" lon="6.935709999999999"><ele>1898.94</ele></trkpt><trkpt lat="45.79211706487197" lon="6.935798714296512"><ele>1896.7978614491603</ele></trkpt><trkpt lat="45.79216247582958" lon="6.935889938949875"><ele>1894.8383109762813</ele></trkpt><trkpt lat="45.79222" lon="6.93596"><ele>1893.21</ele></trkpt><trkpt lat="45.79229033011338" lon="6.935981993946195"><ele>1892.1301529363761</ele></trkpt><trkpt lat="45.7923663336932" lon="6.935977951021829"><ele>1891.5150380849745</ele></trkpt><trkpt lat="45.792440000000006" lon="6.935990000000001"><ele>1891.27</ele></trkpt><trkpt lat="45.792500991406335" lon="6.936026926623959"><ele>1891.421290171737</ele></trkpt><trkpt lat="45.79255897282462" lon="6.936073583731876"><ele>1891.8683275180615</ele></trkpt><trkpt lat="45.7926149678317" lon="6.936125948973855"><ele>1892.3537011053552</ele></trkpt><trkpt lat="45.79267" lon="6.93618"><ele>1892.62</ele></trkpt><trkpt lat="45.79273070594661" lon="6.936248689704038"><ele>1892.4666411105964</ele></trkpt><trkpt lat="45.79278876836342" lon="6.936322442608301"><ele>1892.0759354059383</ele></trkpt><trkpt lat="45.79285" lon="6.93639"><ele>1891.8</ele></trkpt><trkpt lat="45.792919394201625" lon="6.936436419789777"><ele>1891.9429939972852</ele></trkpt><trkpt lat="45.79299000000002" lon="6.936479999999999"><ele>1892.12</ele></trkpt><trkpt lat="45.79305404843875" lon="6.9365383270342615"><ele>1892.0372090669637</ele></trkpt><trkpt lat="45.79311636246788" lon="6.936600689565785"><ele>1891.8690637651807</ele></trkpt><trkpt lat="45.79318000000001" lon="6.936660000000001"><ele>1891.64</ele></trkpt><trkpt lat="45.79325141833679" lon="6.936707018664055"><ele>1891.2474253662806</ele></trkpt><trkpt lat="45.79332" lon="6.93676"><ele>1890.85</ele></trkpt><trkpt lat="45.793378908130904" lon="6.936844489290551"><ele>1890.6370602504753</ele></trkpt><trkpt lat="45.79343" lon="6.936939999999999"><ele>1890.55</ele></trkpt><trkpt lat="45.79346822235156" lon="6.937013416774952"><ele>1890.5095472592614</ele></trkpt><trkpt lat="45.79350605187123" lon="6.937087286558952"><ele>1890.45775573409</ele></trkpt><trkpt lat="45.79354331647711" lon="6.93716174456273"><ele>1890.4187653350314</ele></trkpt><trkpt lat="45.793579844087795" lon="6.937236925997012"><ele>1890.416715972633</ele></trkpt><trkpt lat="45.793615462622284" lon="6.937312966072527"><ele>1890.4757475574402</ele></trkpt><trkpt lat="45.79365000000001" lon="6.937389999999999"><ele>1890.62</ele></trkpt><trkpt lat="45.79368565814998" lon="6.937475009350108"><ele>1890.988532654715</ele></trkpt><trkpt lat="45.793719152618024" lon="6.9375618145067515"><ele>1891.5532604650598</ele></trkpt><trkpt lat="45.79375057077715" lon="6.937650212410017"><ele>1892.1363580428745</ele></trkpt><trkpt lat="45.793779999999984" lon="6.937739999999999"><ele>1892.56</ele></trkpt><trkpt lat="45.79380581468876" lon="6.937832873400901"><ele>1892.5840562741203</ele></trkpt><trkpt lat="45.79381999999999" lon="6.93793"><ele>1892.32</ele></trkpt><trkpt lat="45.79381541815416" lon="6.938025683983105"><ele>1891.883366205795</ele></trkpt><trkpt lat="45.79379999999999" lon="6.9381200000000005"><ele>1891.44</ele></trkpt><trkpt lat="45.793769999999995" lon="6.938210000000001"><ele>1891.43</ele></trkpt><trkpt lat="45.79372" lon="6.938329999999999"><ele>1891.31</ele></trkpt><trkpt lat="45.79364000000002" lon="6.938460000000001"><ele>1890.49</ele></trkpt><trkpt lat="45.79359" lon="6.93843"><ele>1889.22</ele></trkpt><trkpt lat="45.7935" lon="6.938479999999999"><ele>1887.99</ele></trkpt><trkpt lat="45.79341970744229" lon="6.938508957625284"><ele>1886.2864941347066</ele></trkpt><trkpt lat="45.79334" lon="6.938539999999999"><ele>1884.45</ele></trkpt><trkpt lat="45.79328000000002" lon="6.93859"><ele>1882.98</ele></trkpt><trkpt lat="45.79323256419048" lon="6.938662263146257"><ele>1881.4647366221711</ele></trkpt><trkpt lat="45.793187622331054" lon="6.93873804832009"><ele>1879.9493331470376</ele></trkpt><trkpt lat="45.79314" lon="6.938810000000001"><ele>1878.42</ele></trkpt><trkpt lat="45.793129999999984" lon="6.938790000000001"><ele>1878.42</ele></trkpt><trkpt lat="45.793065381591944" lon="6.938765599666702"><ele>1875.9751826727727</ele></trkpt><trkpt lat="45.793000000000006" lon="6.93875"><ele>1873.24</ele></trkpt><trkpt lat="45.79293000000001" lon="6.93876"><ele>1869.42</ele></trkpt><trkpt lat="45.792910000000006" lon="6.938680000000001"><ele>1868.72</ele></trkpt><trkpt lat="45.792920000000024" lon="6.938570000000001"><ele>1868.18</ele></trkpt><trkpt lat="45.79287" lon="6.938570000000001"><ele>1865.58</ele></trkpt><trkpt lat="45.79279999999998" lon="6.93865"><ele>1863.38</ele></trkpt><trkpt lat="45.79279999999998" lon="6.938539999999999"><ele>1862.75</ele></trkpt><trkpt lat="45.792820000000006" lon="6.9384"><ele>1863.43</ele></trkpt><trkpt lat="45.79281977951085" lon="6.938279446777006"><ele>1862.8495545595465</ele></trkpt><trkpt lat="45.792809999999996" lon="6.93816"><ele>1862.08</ele></trkpt><trkpt lat="45.79276999999999" lon="6.93803"><ele>1861.58</ele></trkpt><trkpt lat="45.792730000000006" lon="6.938"><ele>1860.71</ele></trkpt><trkpt lat="45.79269" lon="6.937990000000001"><ele>1859.37</ele></trkpt><trkpt lat="45.79258999999996" lon="6.93807"><ele>1855.77</ele></trkpt><trkpt lat="45.792525451470716" lon="6.938148929857206"><ele>1852.6719367873625</ele></trkpt><trkpt lat="45.792469999999994" lon="6.938240000000001"><ele>1849.54</ele></trkpt><trkpt lat="45.792449999999995" lon="6.93836"><ele>1846.95</ele></trkpt><trkpt lat="45.792359999999995" lon="6.938460000000001"><ele>1842.97</ele></trkpt><trkpt lat="45.79233171966096" lon="6.938566119667636"><ele>1841.0111617475504</ele></trkpt><trkpt lat="45.79231999999999" lon="6.938680000000001"><ele>1839.23</ele></trkpt><trkpt lat="45.79231823881712" lon="6.938779914485857"><ele>1837.3243940196091</ele></trkpt><trkpt lat="45.7923225401696" lon="6.938879930244146"><ele>1835.3840922608686</ele></trkpt><trkpt lat="45.79232999999998" lon="6.93898"><ele>1833.78</ele></trkpt><trkpt lat="45.79234203970844" lon="6.939086705514727"><ele>1832.6103193381246</ele></trkpt><trkpt lat="45.792357204174365" lon="6.939193046940807"><ele>1831.7823304981682</ele></trkpt><trkpt lat="45.79237000000001" lon="6.939299999999999"><ele>1831.1</ele></trkpt><trkpt lat="45.79237920113451" lon="6.939393054538316"><ele>1830.5889479216826</ele></trkpt><trkpt lat="45.79238906163076" lon="6.939486239198593"><ele>1830.1792135131761</ele></trkpt><trkpt lat="45.792398326626575" lon="6.939579540027866"><ele>1829.8061241456178</ele></trkpt><trkpt lat="45.7924057412606" lon="6.939672943073168"><ele>1829.4050071901443</ele></trkpt><trkpt lat="45.792410050672004" lon="6.939766434381535"><ele>1828.9111900178927</ele></trkpt><trkpt lat="45.79241000000001" lon="6.93986"><ele>1828.26</ele></trkpt><trkpt lat="45.79240180455609" lon="6.9399611115401765"><ele>1827.3236306061392</ele></trkpt><trkpt lat="45.792386083046495" lon="6.940060749747697"><ele>1826.2082401842836</ele></trkpt><trkpt lat="45.7923674592564" lon="6.94015983218513"><ele>1824.9940344593579</ele></trkpt><trkpt lat="45.79235055697576" lon="6.94025927641504"><ele>1823.7612191562885</ele></trkpt><trkpt lat="45.79233999999999" lon="6.940359999999999"><ele>1822.59</ele></trkpt><trkpt lat="45.79234189001693" lon="6.940452710398504"><ele>1821.7089522576975</ele></trkpt><trkpt lat="45.79235201840153" lon="6.940545637720184"><ele>1820.9312801055178</ele></trkpt><trkpt lat="45.79236113758418" lon="6.940638246181774"><ele>1820.0179679005792</ele></trkpt><trkpt lat="45.792359999999995" lon="6.94073"><ele>1818.73</ele></trkpt><trkpt lat="45.79234768459426" lon="6.940820243768763"><ele>1817.089528961885</ele></trkpt><trkpt lat="45.79233055249609" lon="6.940909215256644"><ele>1815.3042345175593</ele></trkpt><trkpt lat="45.79231032084024" lon="6.9409973145611765"><ele>1813.4202819285297</ele></trkpt><trkpt lat="45.79228870676321" lon="6.941084941779897"><ele>1811.4838364563038</ele></trkpt><trkpt lat="45.792267427403786" lon="6.94117249701034"><ele>1809.54106336239</ele></trkpt><trkpt lat="45.79224819990357" lon="6.941260380350036"><ele>1807.6381279082952</ele></trkpt><trkpt lat="45.7922327414062" lon="6.941348991896521"><ele>1805.8211953555267</ele></trkpt><trkpt lat="45.79222276905671" lon="6.941438731747332"><ele>1804.1364309655926</ele></trkpt><trkpt lat="45.79222" lon="6.941529999999999"><ele>1802.63</ele></trkpt><trkpt lat="45.79222187953479" lon="6.9416221756703695"><ele>1801.2410753200877</ele></trkpt><trkpt lat="45.792224666104474" lon="6.941714290683344"><ele>1799.87808943963</ele></trkpt><trkpt lat="45.792228298472466" lon="6.94180634932872"><ele>1798.5391984091386</ele></trkpt><trkpt lat="45.79223271540234" lon="6.9418983558962895"><ele>1797.2225582791264</ele></trkpt><trkpt lat="45.79223785565747" lon="6.941990314675845"><ele>1795.9263251001062</ele></trkpt><trkpt lat="45.79224365800133" lon="6.94208222995718"><ele>1794.6486549225901</ele></trkpt><trkpt lat="45.79225006119743" lon="6.9421741060300866"><ele>1793.3877037970913</ele></trkpt><trkpt lat="45.79225700400912" lon="6.942265947184361"><ele>1792.1416277741214</ele></trkpt><trkpt lat="45.79226442519995" lon="6.942357757709791"><ele>1790.9085829041937</ele></trkpt><trkpt lat="45.79227226353341" lon="6.942449541896177"><ele>1789.686725237821</ele></trkpt><trkpt lat="45.79228045777297" lon="6.9425413040333055"><ele>1788.474210825515</ele></trkpt><trkpt lat="45.79228894668219" lon="6.942633048410974"><ele>1787.269195717789</ele></trkpt><trkpt lat="45.79229766902466" lon="6.942724779318975"><ele>1786.069835965155</ele></trkpt><trkpt lat="45.79230656356397" lon="6.9428165010471"><ele>1784.874287618126</ele></trkpt><trkpt lat="45.792315569063796" lon="6.942908217885142"><ele>1783.6807067272143</ele></trkpt><trkpt lat="45.7923246242878" lon="6.942999934122898"><ele>1782.4872493429325</ele></trkpt><trkpt lat="45.79233366799973" lon="6.943091654050156"><ele>1781.2920715157932</ele></trkpt><trkpt lat="45.79234263896331" lon="6.943183381956714"><ele>1780.093329296309</ele></trkpt><trkpt lat="45.79235147594238" lon="6.943275122132361"><ele>1778.8891787349924</ele></trkpt><trkpt lat="45.792360117700774" lon="6.943366878866893"><ele>1777.677775882356</ele></trkpt><trkpt lat="45.79236850300233" lon="6.943458656450104"><ele>1776.4572767889122</ele></trkpt><trkpt lat="45.79237657061103" lon="6.943550459171783"><ele>1775.2258375051736</ele></trkpt><trkpt lat="45.79238425929079" lon="6.943642291321725"><ele>1773.9816140816529</ele></trkpt><trkpt lat="45.79239150780555" lon="6.943734157189726"><ele>1772.722762568863</ele></trkpt><trkpt lat="45.79239825491934" lon="6.943826061065576"><ele>1771.4474390173154</ele></trkpt><trkpt lat="45.79240443939614" lon="6.94391800723907"><ele>1770.1537994775235</ele></trkpt><trkpt lat="45.79241000000001" lon="6.94401"><ele>1768.84</ele></trkpt><trkpt lat="45.79237000000001" lon="6.94417"><ele>1764.63</ele></trkpt><trkpt lat="45.79242" lon="6.944330000000001"><ele>1765.88</ele></trkpt><trkpt lat="45.79236964093281" lon="6.944408261134663"><ele>1762.76407708741</ele></trkpt><trkpt lat="45.79230999999997" lon="6.94448"><ele>1759.2</ele></trkpt><trkpt lat="45.79228094752221" lon="6.944580535858587"><ele>1756.6606361509425</ele></trkpt><trkpt lat="45.79227000000002" lon="6.94469"><ele>1755.29</ele></trkpt><trkpt lat="45.79227779396741" lon="6.9447836506074525"><ele>1755.8309528910454</ele></trkpt><trkpt lat="45.792293541393036" lon="6.944876470588269"><ele>1757.0836425337313</ele></trkpt><trkpt lat="45.79230000000001" lon="6.9449700000000005"><ele>1757.52</ele></trkpt><trkpt lat="45.79228976900855" lon="6.945081161424035"><ele>1756.5161395894754</ele></trkpt><trkpt lat="45.79227240676229" lon="6.945190551253305"><ele>1754.925043586171</ele></trkpt><trkpt lat="45.79225384113316" lon="6.945299665455924"><ele>1753.1564257897812</ele></trkpt><trkpt lat="45.79224000000001" lon="6.94541"><ele>1751.62</ele></trkpt><trkpt lat="45.79223280186666" lon="6.945504158620742"><ele>1750.5735875018459</ele></trkpt><trkpt lat="45.79222696676374" lon="6.945598576234448"><ele>1749.5866787437265</ele></trkpt><trkpt lat="45.79222208652611" lon="6.945693172468099"><ele>1748.6392210809056</ele></trkpt><trkpt lat="45.79221775298837" lon="6.945787866948684"><ele>1747.7111618686467</ele></trkpt><trkpt lat="45.79221355798501" lon="6.945882579303181"><ele>1746.7824484622129</ele></trkpt><trkpt lat="45.79220909335038" lon="6.945977229158578"><ele>1745.8330282168677</ele></trkpt><trkpt lat="45.79220395091868" lon="6.946071736141857"><ele>1744.842848487875</ele></trkpt><trkpt lat="45.79219772252392" lon="6.946166019880002"><ele>1743.791856630498</ele></trkpt><trkpt lat="45.79219000000001" lon="6.94626"><ele>1742.66</ele></trkpt><trkpt lat="45.79216296219237" lon="6.946379635493004"><ele>1740.1471683247364</ele></trkpt><trkpt lat="45.79214000000002" lon="6.9465"><ele>1737.92</ele></trkpt><trkpt lat="45.79213831109197" lon="6.946589886531445"><ele>1737.2804349170506</ele></trkpt><trkpt lat="45.792137866508085" lon="6.946679856875491"><ele>1736.764277296056</ele></trkpt><trkpt lat="45.792138507035894" lon="6.946769889058126"><ele>1736.3428797623633</ele></trkpt><trkpt lat="45.79214007346281" lon="6.94685996110534"><ele>1735.987594941317</ele></trkpt><trkpt lat="45.79214240657623" lon="6.946950051043115"><ele>1735.6697754582638</ele></trkpt><trkpt lat="45.79214534716356" lon="6.947040136897443"><ele>1735.3607739385498</ele></trkpt><trkpt lat="45.79214873601215" lon="6.947130196694308"><ele>1735.0319430075203</ele></trkpt><trkpt lat="45.79215241390946" lon="6.947220208459698"><ele>1734.6546352905216</ele></trkpt><trkpt lat="45.792156221642884" lon="6.947310150219599"><ele>1734.2002034128996</ele></trkpt><trkpt lat="45.792159999999996" lon="6.9474"><ele>1733.64</ele></trkpt><trkpt lat="45.79216331801326" lon="6.94750542000107"><ele>1732.3180472727154</ele></trkpt><trkpt lat="45.792170419467055" lon="6.9476099547998995"><ele>1730.5665666869668</ele></trkpt><trkpt lat="45.79219000000001" lon="6.947710000000001"><ele>1729.53</ele></trkpt><trkpt lat="45.79227000000002" lon="6.94777"><ele>1732.5</ele></trkpt><trkpt lat="45.79230000000001" lon="6.94783"><ele>1732.41</ele></trkpt><trkpt lat="45.79231362644183" lon="6.947925259344806"><ele>1731.6218318231556</ele></trkpt><trkpt lat="45.79232777783515" lon="6.948020895914389"><ele>1730.9835857305022</ele></trkpt><trkpt lat="45.79234141391982" lon="6.948116774362063"><ele>1730.366656392609</ele></trkpt><trkpt lat="45.79235349443681" lon="6.948212759341146"><ele>1729.6424384800434</ele></trkpt><trkpt lat="45.79236297912776" lon="6.948308715504953"><ele>1728.6823266633746</ele></trkpt><trkpt lat="45.792368827734826" lon="6.948404507506798"><ele>1727.3577156131705</ele></trkpt><trkpt lat="45.79237000000001" lon="6.9485"><ele>1725.54</ele></trkpt><trkpt lat="45.79229000000002" lon="6.94846"><ele>1718.48</ele></trkpt><trkpt lat="45.79229000000002" lon="6.9485600000000005"><ele>1715.36</ele></trkpt><trkpt lat="45.79222070603441" lon="6.94850733213687"><ele>1711.4328506660252</ele></trkpt><trkpt lat="45.792159999999996" lon="6.94848"><ele>1707.27</ele></trkpt><trkpt lat="45.79218432819267" lon="6.948567689968558"><ele>1706.0715901511362</ele></trkpt><trkpt lat="45.79221000000001" lon="6.94866"><ele>1705.25</ele></trkpt><trkpt lat="45.79213894865657" lon="6.948638464429055"><ele>1700.9787931685764</ele></trkpt><trkpt lat="45.792069999999995" lon="6.948619999999999"><ele>1696.8</ele></trkpt><trkpt lat="45.79209440691107" lon="6.948698777382493"><ele>1696.1970136834677</ele></trkpt><trkpt lat="45.79214000000002" lon="6.94879"><ele>1696.6</ele></trkpt><trkpt lat="45.792079999999984" lon="6.948839999999999"><ele>1690.61</ele></trkpt><trkpt lat="45.792020153976964" lon="6.948788790612959"><ele>1687.1892042484615</ele></trkpt><trkpt lat="45.791962641122396" lon="6.94873008544824"><ele>1684.1810057278497</ele></trkpt><trkpt lat="45.79190705128025" lon="6.948665984977043"><ele>1681.4382050830077</ele></trkpt><trkpt lat="45.791852974292674" lon="6.948598589670565"><ele>1678.8136029587772</ele></trkpt><trkpt lat="45.791799999999995" lon="6.948530000000001"><ele>1676.16</ele></trkpt><trkpt lat="45.79175" lon="6.94841"><ele>1673.55</ele></trkpt><trkpt lat="45.79167999999998" lon="6.948359999999999"><ele>1669.74</ele></trkpt><trkpt lat="45.79169000000002" lon="6.94847"><ele>1666.09</ele></trkpt><trkpt lat="45.79158999999998" lon="6.948450000000001"><ele>1660.96</ele></trkpt><trkpt lat="45.791610939494916" lon="6.948548201701559"><ele>1659.0314158369742</ele></trkpt><trkpt lat="45.79164999999999" lon="6.94865"><ele>1657.89</ele></trkpt><trkpt lat="45.791650765938364" lon="6.9487644890231905"><ele>1653.3806928174697</ele></trkpt><trkpt lat="45.79164999999999" lon="6.94888"><ele>1649.19</ele></trkpt><trkpt lat="45.79167399326654" lon="6.948989942715576"><ele>1648.473394422711</ele></trkpt><trkpt lat="45.791700000000006" lon="6.9491000000000005"><ele>1648.22</ele></trkpt><trkpt lat="45.79171534664399" lon="6.949205720966945"><ele>1646.802459708574</ele></trkpt><trkpt lat="45.79172986353977" lon="6.949311705695421"><ele>1645.283342999899</ele></trkpt><trkpt lat="45.7917427071133" lon="6.9494178299404235"><ele>1643.5789964369378</ele></trkpt><trkpt lat="45.79175303379107" lon="6.949523969456952"><ele>1641.6057665826509</ele></trkpt><trkpt lat="45.79176000000002" lon="6.94963"><ele>1639.28</ele></trkpt><trkpt lat="45.79176284037135" lon="6.949722911420029"><ele>1636.8553278428556</ele></trkpt><trkpt lat="45.79176313107399" lon="6.949815305096671"><ele>1634.1158694816809</ele></trkpt><trkpt lat="45.79176174117495" lon="6.949907381127335"><ele>1631.183435469512</ele></trkpt><trkpt lat="45.791759539741186" lon="6.94999933960942"><ele>1628.179836359384</ele></trkpt><trkpt lat="45.7917573958397" lon="6.950091380640326"><ele>1625.226882704333</ele></trkpt><trkpt lat="45.79175617853758" lon="6.950183704317458"><ele>1622.446385057395</ele></trkpt><trkpt lat="45.79175675690202" lon="6.950276510738215"><ele>1619.9601539716055</ele></trkpt><trkpt lat="45.79176000000002" lon="6.9503699999999995"><ele>1617.89</ele></trkpt><trkpt lat="45.79176539466669" lon="6.950461273290263"><ele>1616.2145221131377</ele></trkpt><trkpt lat="45.79177197712943" lon="6.950552605324935"><ele>1614.7103288595526</ele></trkpt><trkpt lat="45.791779527881815" lon="6.950643992136055"><ele>1613.3507454529986</ele></trkpt><trkpt lat="45.7917878274175" lon="6.950735429755658"><ele>1612.1090971072294</ele></trkpt><trkpt lat="45.79179665623029" lon="6.950826914215783"><ele>1610.9587090359992</ele></trkpt><trkpt lat="45.79180579481396" lon="6.950918441548464"><ele>1609.8729064530612</ele></trkpt><trkpt lat="45.791815023662615" lon="6.951010007785744"><ele>1608.8250145721695</ele></trkpt><trkpt lat="45.791824123270345" lon="6.951101608959655"><ele>1607.788358607078</ele></trkpt><trkpt lat="45.79183287413145" lon="6.951193241102236"><ele>1606.7362637715396</ele></trkpt><trkpt lat="45.79184105674041" lon="6.951284900245524"><ele>1605.6420552793088</ele></trkpt><trkpt lat="45.7918484515917" lon="6.951376582421555"><ele>1604.4790583441395</ele></trkpt><trkpt lat="45.79185483917999" lon="6.9514682836623685"><ele>1603.2205981797854</ele></trkpt><trkpt lat="45.79185999999998" lon="6.951559999999999"><ele>1601.84</ele></trkpt><trkpt lat="45.791864605605234" lon="6.951655892762556"><ele>1600.3136163567729</ele></trkpt><trkpt lat="45.7918688540925" lon="6.951751989897139"><ele>1598.7520934634547</ele></trkpt><trkpt lat="45.79187240505463" lon="6.951848167686418"><ele>1597.1391511509069</ele></trkpt><trkpt lat="45.791874918084595" lon="6.9519443024130565"><ele>1595.4585092499901</ele></trkpt><trkpt lat="45.79187605277524" lon="6.952040270359722"><ele>1593.6938875915648</ele></trkpt><trkpt lat="45.791875468719525" lon="6.952135947809083"><ele>1591.8290060064924</ele></trkpt><trkpt lat="45.7918728255102" lon="6.952231211043806"><ele>1589.8475843256335</ele></trkpt><trkpt lat="45.79186778273965" lon="6.952325936346557"><ele>1587.733342379849</ele></trkpt><trkpt lat="45.79185999999998" lon="6.95242"><ele>1585.47</ele></trkpt><trkpt lat="45.79176999999998" lon="6.952470000000001"><ele>1579.08</ele></trkpt><trkpt lat="45.79176000000002" lon="6.95254"><ele>1576.16</ele></trkpt><trkpt lat="45.79177676426917" lon="6.952631770707536"><ele>1573.5263892457128</ele></trkpt><trkpt lat="45.79178000000002" lon="6.95272"><ele>1570.77</ele></trkpt><trkpt lat="45.791744662568036" lon="6.952796551898415"><ele>1567.3692986643487</ele></trkpt><trkpt lat="45.79169670333643" lon="6.952862096138681"><ele>1564.0349303809344</ele></trkpt><trkpt lat="45.79164999999999" lon="6.95293"><ele>1560.94</ele></trkpt><trkpt lat="45.79160503824267" lon="6.953014748028212"><ele>1557.8255007885916</ele></trkpt><trkpt lat="45.79156159627217" lon="6.953101838170257"><ele>1554.9081016055961</ele></trkpt><trkpt lat="45.79151735616744" lon="6.953188009227176"><ele>1552.0091516198027</ele></trkpt><trkpt lat="45.79147000000001" lon="6.95327"><ele>1548.95</ele></trkpt><trkpt lat="45.791416195553786" lon="6.953332076574439"><ele>1545.70498300506</ele></trkpt><trkpt lat="45.79135999999998" lon="6.953389999999999"><ele>1542.27</ele></trkpt><trkpt lat="45.79129000000001" lon="6.953499999999999"><ele>1537.11</ele></trkpt><trkpt lat="45.79127876117787" lon="6.953397009499764"><ele>1539.7824630885668</ele></trkpt><trkpt lat="45.79127000000001" lon="6.95329"><ele>1542.68</ele></trkpt><trkpt lat="45.791150000000016" lon="6.953309999999999"><ele>1538.95</ele></trkpt><trkpt lat="45.79108477184023" lon="6.953403383605163"><ele>1535.1732868435993</ele></trkpt><trkpt lat="45.79104000000002" lon="6.95352"><ele>1531.34</ele></trkpt><trkpt lat="45.791031662630054" lon="6.953609088400027"><ele>1529.1794914806715</ele></trkpt><trkpt lat="45.79104000000002" lon="6.9537"><ele>1526.7</ele></trkpt><trkpt lat="45.79107163982721" lon="6.953819028401761"><ele>1522.0992393816925</ele></trkpt><trkpt lat="45.791107604992774" lon="6.953935543248706"><ele>1517.1252899664332</ele></trkpt><trkpt lat="45.7911" lon="6.954040000000001"><ele>1511.86</ele></trkpt><trkpt lat="45.79103024195546" lon="6.954008889891939"><ele>1512.141260404501</ele></trkpt><trkpt lat="45.790940000000006" lon="6.953909999999999"><ele>1514.83</ele></trkpt><trkpt lat="45.79092" lon="6.953969999999999"><ele>1510.06</ele></trkpt><trkpt lat="45.790940000000006" lon="6.954040000000001"><ele>1509.4</ele></trkpt><trkpt lat="45.79095000000002" lon="6.95418"><ele>1501.43</ele></trkpt><trkpt lat="45.790869999999984" lon="6.95425"><ele>1497.92</ele></trkpt><trkpt lat="45.790869999999984" lon="6.9544"><ele>1489.39</ele></trkpt><trkpt lat="45.790789999999994" lon="6.954459999999999"><ele>1485.72</ele></trkpt><trkpt lat="45.790760000000006" lon="6.95458"><ele>1479.13</ele></trkpt><trkpt lat="45.79064999999998" lon="6.95453"><ele>1477.11</ele></trkpt><trkpt lat="45.790590000000016" lon="6.954620000000001"><ele>1471.01</ele></trkpt><trkpt lat="45.79056999999999" lon="6.95474"><ele>1465.15</ele></trkpt><trkpt lat="45.79063999999999" lon="6.95482"><ele>1462.73</ele></trkpt><trkpt lat="45.7905646698387" lon="6.954857269361627"><ele>1459.5101046786174</ele></trkpt><trkpt lat="45.79047999999999" lon="6.954879999999999"><ele>1456.89</ele></trkpt><trkpt lat="45.79043999999998" lon="6.954970000000001"><ele>1452.45</ele></trkpt><trkpt lat="45.79050551071486" lon="6.955024615149386"><ele>1451.4512814499412</ele></trkpt><trkpt lat="45.79057813867524" lon="6.955063264467932"><ele>1451.22047629149</ele></trkpt><trkpt lat="45.79065169729006" lon="6.955100281552512"><ele>1451.1144329872936</ele></trkpt><trkpt lat="45.79072" lon="6.95515"><ele>1450.49</ele></trkpt><trkpt lat="45.790670000000006" lon="6.955190000000001"><ele>1448.48</ele></trkpt><trkpt lat="45.79071736594258" lon="6.9552519151786845"><ele>1445.3868669512053</ele></trkpt><trkpt lat="45.790779999999984" lon="6.955289999999999"><ele>1443.51</ele></trkpt><trkpt lat="45.79088999999998" lon="6.955289999999999"><ele>1443.69</ele></trkpt><trkpt lat="45.79096017118596" lon="6.955339753516462"><ele>1441.3726405326893</ele></trkpt><trkpt lat="45.791030000000006" lon="6.955390000000001"><ele>1438.78</ele></trkpt><trkpt lat="45.79113000000002" lon="6.955390000000001"><ele>1437.36</ele></trkpt><trkpt lat="45.79120007453079" lon="6.955429784707466"><ele>1433.3848103947807</ele></trkpt><trkpt lat="45.79127000000001" lon="6.955469999999999"><ele>1429.36</ele></trkpt><trkpt lat="45.79139" lon="6.955479999999999"><ele>1426.77</ele></trkpt><trkpt lat="45.791439999999994" lon="6.95556"><ele>1421.64</ele></trkpt><trkpt lat="45.79135999999998" lon="6.9556700000000005"><ele>1417.66</ele></trkpt><trkpt lat="45.791439999999994" lon="6.9557199999999995"><ele>1411.6</ele></trkpt><trkpt lat="45.79139" lon="6.95581"><ele>1406.98</ele></trkpt><trkpt lat="45.791439999999994" lon="6.955869999999999"><ele>1404.29</ele></trkpt><trkpt lat="45.79144999999998" lon="6.955939999999999"><ele>1399.75</ele></trkpt><trkpt lat="45.79137" lon="6.956010000000001"><ele>1397.63</ele></trkpt><trkpt lat="45.79140578711165" lon="6.9561036280652555"><ele>1392.7141038229493</ele></trkpt><trkpt lat="45.791459975533215" lon="6.956188767678935"><ele>1387.9138849980395</ele></trkpt><trkpt lat="45.79148" lon="6.956279999999999"><ele>1382.65</ele></trkpt><trkpt lat="45.791416545447724" lon="6.95633475528741"><ele>1379.3357144483416</ele></trkpt><trkpt lat="45.79131999999998" lon="6.9563500000000005"><ele>1378.12</ele></trkpt><trkpt lat="45.791240000000016" lon="6.956360000000001"><ele>1377.07</ele></trkpt><trkpt lat="45.7911690406072" lon="6.956402193345351"><ele>1373.3910473275887</ele></trkpt><trkpt lat="45.79110026938082" lon="6.95644907864646"><ele>1369.2539902409835</ele></trkpt><trkpt lat="45.79103136346695" lon="6.95649642462434"><ele>1365.2799380338868</ele></trkpt><trkpt lat="45.790959999999984" lon="6.956540000000001"><ele>1362.09</ele></trkpt><trkpt lat="45.79088265089095" lon="6.9565709518795105"><ele>1360.7589366222642</ele></trkpt><trkpt lat="45.79080318960871" lon="6.956597224611349"><ele>1360.4848744533356</ele></trkpt><trkpt lat="45.79072999999999" lon="6.956639999999999"><ele>1359.06</ele></trkpt><trkpt lat="45.79074" lon="6.95673"><ele>1353.14</ele></trkpt><trkpt lat="45.790789999999994" lon="6.956799999999999"><ele>1347.4</ele></trkpt><trkpt lat="45.790695226106216" lon="6.956817479098085"><ele>1346.3151462601868</ele></trkpt><trkpt lat="45.79064999999998" lon="6.956840000000001"><ele>1345.99</ele></trkpt><trkpt lat="45.79071524690082" lon="6.956883137315963"><ele>1344.5023347976414</ele></trkpt><trkpt lat="45.790795290948864" lon="6.956892914987128"><ele>1344.182440155837</ele></trkpt><trkpt lat="45.790869999999984" lon="6.95692"><ele>1343.21</ele></trkpt><trkpt lat="45.790920517356405" lon="6.956983073857719"><ele>1340.8334018681048</ele></trkpt><trkpt lat="45.79096229438661" lon="6.957060711805528"><ele>1337.9035828499486</ele></trkpt><trkpt lat="45.79101" lon="6.95713"><ele>1335.49</ele></trkpt><trkpt lat="45.79109474775505" lon="6.957165655946721"><ele>1335.1115781545293</ele></trkpt><trkpt lat="45.791159999999984" lon="6.9572199999999995"><ele>1333.82</ele></trkpt><trkpt lat="45.79104999999998" lon="6.95729"><ele>1329.48</ele></trkpt><trkpt lat="45.79097990872862" lon="6.957314368193392"><ele>1328.1043515757588</ele></trkpt><trkpt lat="45.79090999999999" lon="6.95734"><ele>1326.85</ele></trkpt><trkpt lat="45.79080000000001" lon="6.957420000000001"><ele>1323.37</ele></trkpt><trkpt lat="45.79083347143877" lon="6.957498140388891"><ele>1321.0345839185923</ele></trkpt><trkpt lat="45.7909" lon="6.95755"><ele>1319.65</ele></trkpt><trkpt lat="45.790976327149046" lon="6.957582245540766"><ele>1318.5775256103884</ele></trkpt><trkpt lat="45.79105589092947" lon="6.95760257480428"><ele>1317.7909087620474</ele></trkpt><trkpt lat="45.79113000000002" lon="6.9576400000000005"><ele>1316.36</ele></trkpt><trkpt lat="45.79106000000002" lon="6.957679999999999"><ele>1314.83</ele></trkpt><trkpt lat="45.79102264322851" lon="6.957752998225343"><ele>1312.3143068736192</ele></trkpt><trkpt lat="45.790990590328555" lon="6.957831915542966"><ele>1309.6157781045504</ele></trkpt><trkpt lat="45.79095000000002" lon="6.957900000000001"><ele>1307.18</ele></trkpt><trkpt lat="45.79087539148443" lon="6.9579406243771365"><ele>1305.308687765854</ele></trkpt><trkpt lat="45.79080000000001" lon="6.957980000000001"><ele>1303.5</ele></trkpt><trkpt lat="45.7907462714779" lon="6.958049135575001"><ele>1300.9519529344875</ele></trkpt><trkpt lat="45.790698039354595" lon="6.958126409538494"><ele>1298.1793112117202</ele></trkpt><trkpt lat="45.79065078755796" lon="6.958205478732741"><ele>1295.4420138830928</ele></trkpt><trkpt lat="45.79059999999998" lon="6.958279999999999"><ele>1293</ele></trkpt><trkpt lat="45.79054713607711" lon="6.958346891550418"><ele>1291.0822750838913</ele></trkpt><trkpt lat="45.79049102652189" lon="6.9584089846555255"><ele>1289.5503234497078</ele></trkpt><trkpt lat="45.79043000000002" lon="6.958459999999998"><ele>1288.39</ele></trkpt><trkpt lat="45.790361016496675" lon="6.9584786043416"><ele>1288.1850685739992</ele></trkpt><trkpt lat="45.790290000000006" lon="6.958490000000001"><ele>1288.26</ele></trkpt><trkpt lat="45.79022507104894" lon="6.958520887763041"><ele>1287.767590901025</ele></trkpt><trkpt lat="45.79016162558862" lon="6.958557678144496"><ele>1287.1227138633408</ele></trkpt><trkpt lat="45.79009999999999" lon="6.9586000000000015"><ele>1286.37</ele></trkpt><trkpt lat="45.790034441586975" lon="6.958651364447724"><ele>1285.6772090081458</ele></trkpt><trkpt lat="45.78998000000002" lon="6.95872"><ele>1284.21</ele></trkpt><trkpt lat="45.789950000000005" lon="6.95889"><ele>1277.97</ele></trkpt><trkpt lat="45.789870965135854" lon="6.958950813039401"><ele>1275.0100890988447</ele></trkpt><trkpt lat="45.78977999999999" lon="6.95898"><ele>1272.92</ele></trkpt><trkpt lat="45.789669999999994" lon="6.958960000000001"><ele>1271.79</ele></trkpt><trkpt lat="45.78953999999997" lon="6.959009999999999"><ele>1269.31</ele></trkpt><trkpt lat="45.78947642427963" lon="6.959015701596037"><ele>1268.649070011909</ele></trkpt><trkpt lat="45.78941264196012" lon="6.959013929014016"><ele>1268.1982886611945</ele></trkpt><trkpt lat="45.78935" lon="6.959"><ele>1268.04</ele></trkpt><trkpt lat="45.78927945868654" lon="6.958957508691486"><ele>1268.4304525895614</ele></trkpt><trkpt lat="45.789211664789676" lon="6.958903423424404"><ele>1269.1129961019099</ele></trkpt><trkpt lat="45.78914000000001" lon="6.95887"><ele>1269.41</ele></trkpt><trkpt lat="45.7890665241463" lon="6.9588788362766385"><ele>1268.9161453572692</ele></trkpt><trkpt lat="45.78899368639155" lon="6.958909068420025"><ele>1268.0439864803982</ele></trkpt><trkpt lat="45.788920000000005" lon="6.95893"><ele>1267.35</ele></trkpt><trkpt lat="45.78884301805815" lon="6.9589044547107"><ele>1267.436701491148</ele></trkpt><trkpt lat="45.78877" lon="6.958899999999999"><ele>1267.33</ele></trkpt><trkpt lat="45.78872683968379" lon="6.958976477808598"><ele>1266.2053444296398</ele></trkpt><trkpt lat="45.788710000000016" lon="6.959079999999999"><ele>1264.83</ele></trkpt><trkpt lat="45.78872017307686" lon="6.959190018641413"><ele>1263.5268465978083</ele></trkpt><trkpt lat="45.788729999999994" lon="6.9593"><ele>1262.26</ele></trkpt><trkpt lat="45.78869385027865" lon="6.959424812230567"><ele>1260.7424601381813</ele></trkpt><trkpt lat="45.78865999999999" lon="6.959550000000001"><ele>1259.18</ele></trkpt><trkpt lat="45.788663122354905" lon="6.95965338106581"><ele>1257.8365132373192</ele></trkpt><trkpt lat="45.788677854260435" lon="6.959756450694657"><ele>1256.4800139218796</ele></trkpt><trkpt lat="45.78869000000001" lon="6.95986"><ele>1255.19</ele></trkpt><trkpt lat="45.78869252691832" lon="6.959959883042783"><ele>1254.0758179671866</ele></trkpt><trkpt lat="45.78869000000001" lon="6.96006"><ele>1253.15</ele></trkpt><trkpt lat="45.788686365898435" lon="6.960150564321001"><ele>1252.5354870193007</ele></trkpt><trkpt lat="45.78868084770909" lon="6.9602409602558115"><ele>1252.0200989059094</ele></trkpt><trkpt lat="45.78866999999998" lon="6.96033"><ele>1251.43</ele></trkpt><trkpt lat="45.788640845994486" lon="6.960435372570109"><ele>1250.4926949082392</ele></trkpt><trkpt lat="45.78861" lon="6.960540000000001"><ele>1249.41</ele></trkpt><trkpt lat="45.78861" lon="6.96063"><ele>1248.26</ele></trkpt><trkpt lat="45.78863123332932" lon="6.960717704684827"><ele>1247.2127963173953</ele></trkpt><trkpt lat="45.78865114053524" lon="6.9608067226425705"><ele>1246.1732242847072</ele></trkpt><trkpt lat="45.788670634006515" lon="6.960896260778128"><ele>1245.139856446536</ele></trkpt><trkpt lat="45.7886906261307" lon="6.960985525996398"><ele>1244.1112653474822</ele></trkpt><trkpt lat="45.78871202929385" lon="6.961073725202287"><ele>1243.0860235321466</ele></trkpt><trkpt lat="45.788735755880666" lon="6.96116006530069"><ele>1242.0627035451298</ele></trkpt><trkpt lat="45.78876271827399" lon="6.96124375319651"><ele>1241.0398779310328</ele></trkpt><trkpt lat="45.788793828854494" lon="6.961323995794646"><ele>1240.0161192344558</ele></trkpt><trkpt lat="45.78882999999998" lon="6.961399999999999"><ele>1238.99</ele></trkpt><trkpt lat="45.78890706723502" lon="6.9614124233871975"><ele>1238.261742154874</ele></trkpt><trkpt lat="45.7890009" lon="6.9613678"><ele>1237.96</ele></trkpt><trkpt lat="45.7890009" lon="6.9613678"><ele>1237.96</ele></trkpt><trkpt lat="45.788908448619566" lon="6.961364874988184"><ele>1238.6922574772416</ele></trkpt><trkpt lat="45.78882999999998" lon="6.961399999999999"><ele>1238.99</ele></trkpt><trkpt lat="45.788822628070065" lon="6.961499335943962"><ele>1238.1951827462904</ele></trkpt><trkpt lat="45.78884999999998" lon="6.96161"><ele>1237.03</ele></trkpt><trkpt lat="45.78887054843649" lon="6.961711659207409"><ele>1235.9688836870878</ele></trkpt><trkpt lat="45.78889236153856" lon="6.961812838605366"><ele>1234.8862060510137</ele></trkpt><trkpt lat="45.78891590042283" lon="6.961913188399618"><ele>1233.8020865713952</ele></trkpt><trkpt lat="45.78894162620507" lon="6.9620123587959135"><ele>1232.7366447278514</ele></trkpt><trkpt lat="45.78896999999998" lon="6.96211"><ele>1231.71</ele></trkpt><trkpt lat="45.78899950970479" lon="6.96220132560086"><ele>1230.7963219220896</ele></trkpt><trkpt lat="45.789031286028056" lon="6.962291230296055"><ele>1229.9339955996631</ele></trkpt><trkpt lat="45.78906530749902" lon="6.962379472190821"><ele>1229.088508316192</ele></trkpt><trkpt lat="45.789101552646756" lon="6.962465809390392"><ele>1228.2253473551473</ele></trkpt><trkpt lat="45.78914000000001" lon="6.962549999999999"><ele>1227.31</ele></trkpt><trkpt lat="45.78918167666708" lon="6.96263494470585"><ele>1226.2978991045002</ele></trkpt><trkpt lat="45.78922527483383" lon="6.962718028320293"><ele>1225.2439162248922</ele></trkpt><trkpt lat="45.789271034667586" lon="6.962798639581812"><ele>1224.171983793034</ele></trkpt><trkpt lat="45.7893191963346" lon="6.9628761672288855"><ele>1223.106034240784</ele></trkpt><trkpt lat="45.789370000000005" lon="6.962949999999999"><ele>1222.07</ele></trkpt><trkpt lat="45.789460000000005" lon="6.962989999999998"><ele>1221.1</ele></trkpt><trkpt lat="45.789491308912034" lon="6.963077694158554"><ele>1220.3719889927947</ele></trkpt><trkpt lat="45.78951887068349" lon="6.963167954171047"><ele>1219.6295943836574</ele></trkpt><trkpt lat="45.78954383618579" lon="6.963260005087861"><ele>1218.887045260298</ele></trkpt><trkpt lat="45.78956735628789" lon="6.963353071959374"><ele>1218.1585707104257</ele></trkpt><trkpt lat="45.78959058185659" lon="6.963446379835963"><ele>1217.4583998217502</ele></trkpt><trkpt lat="45.78961466375667" lon="6.9635391537680125"><ele>1216.8007616819812</ele></trkpt><trkpt lat="45.789640752850985" lon="6.963630618805897"><ele>1216.199885378828</ele></trkpt><trkpt lat="45.789669999999994" lon="6.9637199999999995"><ele>1215.67</ele></trkpt><trkpt lat="45.78969964148267" lon="6.963801023923972"><ele>1215.2578521729</ele></trkpt><trkpt lat="45.78973081823309" lon="6.963881004362134"><ele>1214.9211951506518</ele></trkpt><trkpt lat="45.78976353793709" lon="6.963959791192609"><ele>1214.6505925871934</ele></trkpt><trkpt lat="45.789797808280326" lon="6.964037234293513"><ele>1214.4366081364615</ele></trkpt><trkpt lat="45.789833636948316" lon="6.964113183542964"><ele>1214.2698054523937</ele></trkpt><trkpt lat="45.7898710316265" lon="6.964187488819088"><ele>1214.1407481889273</ele></trkpt><trkpt lat="45.78991" lon="6.964260000000001"><ele>1214.04</ele></trkpt><trkpt lat="45.78995985784694" lon="6.964315522167762"><ele>1214.4045802325643</ele></trkpt><trkpt lat="45.790020000000005" lon="6.9643500000000005"><ele>1214.88</ele></trkpt><trkpt lat="45.79010907368712" lon="6.964380452793848"><ele>1214.8858040937412</ele></trkpt><trkpt lat="45.790200000000006" lon="6.9644"><ele>1214.68</ele></trkpt><trkpt lat="45.790290000000006" lon="6.96441"><ele>1214.19</ele></trkpt><trkpt lat="45.790400000000005" lon="6.96437"><ele>1213.08</ele></trkpt><trkpt lat="45.79048490770077" lon="6.96436542743962"><ele>1212.6347356008264</ele></trkpt><trkpt lat="45.79056999999999" lon="6.96437"><ele>1212.37</ele></trkpt><trkpt lat="45.79065703988622" lon="6.964360037492762"><ele>1212.2373105449544</ele></trkpt><trkpt lat="45.79074395140967" lon="6.964352829824742"><ele>1212.178835411534</ele></trkpt><trkpt lat="45.79081" lon="6.9644"><ele>1212.17</ele></trkpt><trkpt lat="45.79084250434325" lon="6.964498498758415"><ele>1212.1870231971786</ele></trkpt><trkpt lat="45.79085096621934" lon="6.964611824540772"><ele>1212.2279479174404</ele></trkpt><trkpt lat="45.79084144499026" lon="6.964729238052744"><ele>1212.2998986789823</ele></trkpt><trkpt lat="45.79082000000001" lon="6.964840000000001"><ele>1212.41</ele></trkpt><trkpt lat="45.79070000000002" lon="6.964850000000001"><ele>1212.74</ele></trkpt><trkpt lat="45.79071102348953" lon="6.964962148158424"><ele>1209.7474472875308</ele></trkpt><trkpt lat="45.79074" lon="6.96508"><ele>1206.68</ele></trkpt><trkpt lat="45.79070000000002" lon="6.965109999999999"><ele>1206.8</ele></trkpt><trkpt lat="45.79070000000002" lon="6.96516"><ele>1205.71</ele></trkpt><trkpt lat="45.79072" lon="6.96524"><ele>1203.42</ele></trkpt><trkpt lat="45.79072" lon="6.9653"><ele>1201.31</ele></trkpt><trkpt lat="45.790689999999984" lon="6.965339999999999"><ele>1200.48</ele></trkpt><trkpt lat="45.79063222844841" lon="6.965381274206404"><ele>1199.7902076526057</ele></trkpt><trkpt lat="45.79057347992746" lon="6.965420156571591"><ele>1199.1759386563008</ele></trkpt><trkpt lat="45.79052000000002" lon="6.965470000000001"><ele>1198.46</ele></trkpt><trkpt lat="45.79044969383217" lon="6.965545735333746"><ele>1197.553511671815</ele></trkpt><trkpt lat="45.790386076186245" lon="6.96563069116084"><ele>1196.5694010305754</ele></trkpt><trkpt lat="45.790380000000006" lon="6.965719999999999"><ele>1195.23</ele></trkpt><trkpt lat="45.790433764435896" lon="6.9657807492049075"><ele>1194.0093451116745</ele></trkpt><trkpt lat="45.790508167275675" lon="6.965800256826803"><ele>1193.3350517070085</ele></trkpt><trkpt lat="45.79059098646206" lon="6.965802136035299"><ele>1192.8932324488383</ele></trkpt><trkpt lat="45.790670000000006" lon="6.965810000000001"><ele>1192.37</ele></trkpt><trkpt lat="45.790769999999995" lon="6.96582"><ele>1191.66</ele></trkpt><trkpt lat="45.790835865299385" lon="6.965815486334833"><ele>1191.0114749039556</ele></trkpt><trkpt lat="45.790901759919294" lon="6.965810991982921"><ele>1190.3367137190294</ele></trkpt><trkpt lat="45.79096763606446" lon="6.965805979517913"><ele>1189.6480202606165</ele></trkpt><trkpt lat="45.79103344593979" lon="6.965799911513466"><ele>1188.9576983441118</ele></trkpt><trkpt lat="45.79109914175052" lon="6.965792250543229"><ele>1188.278051784911</ele></trkpt><trkpt lat="45.79116467570205" lon="6.965782459180858"><ele>1187.6213843984085</ele></trkpt><trkpt lat="45.79122999999998" lon="6.96577"><ele>1187</ele></trkpt><trkpt lat="45.791330000000016" lon="6.965700000000002"><ele>1186.51</ele></trkpt><trkpt lat="45.79139035407006" lon="6.965647495673491"><ele>1186.1626298490044</ele></trkpt><trkpt lat="45.79145010976032" lon="6.965593568521433"><ele>1185.8094831437286</ele></trkpt><trkpt lat="45.79150960963568" lon="6.965539036960938"><ele>1185.4536033451818</ele></trkpt><trkpt lat="45.79156919625969" lon="6.965484719409123"><ele>1185.0980339143723</ele></trkpt><trkpt lat="45.79162921219427" lon="6.965431434283106"><ele>1184.7458183123088</ele></trkpt><trkpt lat="45.79169000000002" lon="6.96538"><ele>1184.4</ele></trkpt><trkpt lat="45.791751106408235" lon="6.965331070729681"><ele>1184.1026764318226</ele></trkpt><trkpt lat="45.7918130691592" lon="6.9652842880574335"><ele>1183.838046710528</ele></trkpt><trkpt lat="45.79187599733069" lon="6.965240361356471"><ele>1183.5318936339695</ele></trkpt><trkpt lat="45.79194000000001" lon="6.9652"><ele>1183.11</ele></trkpt><trkpt lat="45.79201000000001" lon="6.96519"><ele>1181.9</ele></trkpt><trkpt lat="45.792069999999995" lon="6.96522"><ele>1180.99</ele></trkpt><trkpt lat="45.79211" lon="6.965270000000001"><ele>1180.51</ele></trkpt><trkpt lat="45.79215000000001" lon="6.965339999999999"><ele>1179.85</ele></trkpt><trkpt lat="45.79217008369653" lon="6.96543312927847"><ele>1179.4155543805923</ele></trkpt><trkpt lat="45.79218978412266" lon="6.9655264460070745"><ele>1178.9900606779793</ele></trkpt><trkpt lat="45.79220907136336" lon="6.965619952452141"><ele>1178.5721157249802</ele></trkpt><trkpt lat="45.79222791550364" lon="6.965713650879992"><ele>1178.160316354414</ele></trkpt><trkpt lat="45.79224628662851" lon="6.965807543556963"><ele>1177.7532593991004</ele></trkpt><trkpt lat="45.79226415482304" lon="6.965901632749373"><ele>1177.3495416918586</ele></trkpt><trkpt lat="45.79228149017237" lon="6.965995920723555"><ele>1176.9477600655084</ele></trkpt><trkpt lat="45.79229826276153" lon="6.966090409745836"><ele>1176.546511352869</ele></trkpt><trkpt lat="45.792314442675675" lon="6.966185102082541"><ele>1176.1443923867596</ele></trkpt><trkpt lat="45.79232999999998" lon="6.966279999999999"><ele>1175.74</ele></trkpt><trkpt lat="45.79231999999999" lon="6.966400000000001"><ele>1175.32</ele></trkpt><trkpt lat="45.792359999999995" lon="6.966529999999999"><ele>1174.63</ele></trkpt><trkpt lat="45.79241000000001" lon="6.966660000000001"><ele>1173.8</ele></trkpt><trkpt lat="45.79246095547237" lon="6.966737068505695"><ele>1173.4133282547812</ele></trkpt><trkpt lat="45.79251484171738" lon="6.966810239200878"><ele>1173.0871322200446</ele></trkpt><trkpt lat="45.79256880710097" lon="6.966883290295624"><ele>1172.7223700752857</ele></trkpt><trkpt lat="45.79262000000001" lon="6.96696"><ele>1172.22</ele></trkpt><trkpt lat="45.792671630007554" lon="6.9670494132641005"><ele>1170.9897379314812</ele></trkpt><trkpt lat="45.79271000000001" lon="6.96715"><ele>1170.09</ele></trkpt><trkpt lat="45.7927327522356" lon="6.967249636991547"><ele>1170.1732720439575</ele></trkpt><trkpt lat="45.79275266341993" lon="6.967350750371402"><ele>1170.4198412402598</ele></trkpt><trkpt lat="45.79276919848644" lon="6.967453045255489"><ele>1170.8417744145831</ele></trkpt><trkpt lat="45.792781822368674" lon="6.967556226759717"><ele>1171.4511383926042</ele></trkpt><trkpt lat="45.79278999999999" lon="6.9676599999999995"><ele>1172.26</ele></trkpt><trkpt lat="45.79277995433411" lon="6.967767912194123"><ele>1174.150491123758</ele></trkpt><trkpt lat="45.79275000000001" lon="6.9678700000000005"><ele>1176.41</ele></trkpt><trkpt lat="45.79267999999999" lon="6.967980000000001"><ele>1177.81</ele></trkpt><trkpt lat="45.79263300263966" lon="6.96804080350057"><ele>1178.788642427894</ele></trkpt><trkpt lat="45.792585562128025" lon="6.968100860408864"><ele>1179.799121419161</ele></trkpt><trkpt lat="45.79253782823446" lon="6.968160429235228"><ele>1180.8253554881296</ele></trkpt><trkpt lat="45.79248995072881" lon="6.96821976849"><ele>1181.8512631491285</ele></trkpt><trkpt lat="45.79244207938137" lon="6.968279136683521"><ele>1182.8607629164862</ele></trkpt><trkpt lat="45.79239436396309" lon="6.968338792326136"><ele>1183.8377733045318</ele></trkpt><trkpt lat="45.792346954245346" lon="6.968398993928181"><ele>1184.7662128275936</ele></trkpt><trkpt lat="45.79230000000001" lon="6.96846"><ele>1185.63</ele></trkpt><trkpt lat="45.79224971174373" lon="6.968529450099718"><ele>1186.471082710943</ele></trkpt><trkpt lat="45.79220078878499" lon="6.9686011242862245"><ele>1187.1952794049482</ele></trkpt><trkpt lat="45.792152009956524" lon="6.968673073422873"><ele>1187.8319347434824</ele></trkpt><trkpt lat="45.79210215408683" lon="6.968743348373015"><ele>1188.410393388011</ele></trkpt><trkpt lat="45.79205000000002" lon="6.968810000000001"><ele>1188.96</ele></trkpt><trkpt lat="45.79197337727627" lon="6.968887670958756"><ele>1189.4988317932448</ele></trkpt><trkpt lat="45.791889999999995" lon="6.96895"><ele>1189.79</ele></trkpt><trkpt lat="45.791820853108575" lon="6.968990977762178"><ele>1189.884735995767</ele></trkpt><trkpt lat="45.79175042208447" lon="6.9690275631745076"><ele>1189.8722862999393</ele></trkpt><trkpt lat="45.7916795645039" lon="6.96906265970575"><ele>1189.8694686062283</ele></trkpt><trkpt lat="45.791609137947454" lon="6.969099170824662"><ele>1189.993100608345</ele></trkpt><trkpt lat="45.79154000000001" lon="6.9691399999999994"><ele>1190.36</ele></trkpt><trkpt lat="45.791439999999994" lon="6.96924"><ele>1193.27</ele></trkpt><trkpt lat="45.79140000000002" lon="6.96934"><ele>1195.02</ele></trkpt><trkpt lat="45.791439999999994" lon="6.9693700000000005"><ele>1197.3</ele></trkpt><trkpt lat="45.791439999999994" lon="6.9694199999999995"><ele>1198.43</ele></trkpt><trkpt lat="45.79140403307902" lon="6.9695395572799566"><ele>1198.7141680904078</ele></trkpt><trkpt lat="45.79137" lon="6.969659999999999"><ele>1199.01</ele></trkpt><trkpt lat="45.79138000000001" lon="6.969709999999999"><ele>1200.17</ele></trkpt><trkpt lat="45.79129000000001" lon="6.96975"><ele>1198.04</ele></trkpt><trkpt lat="45.791259999999994" lon="6.969800000000001"><ele>1198.66</ele></trkpt><trkpt lat="45.79119693233762" lon="6.969831086009599"><ele>1199.262242214496</ele></trkpt><trkpt lat="45.791132269656586" lon="6.969856318305134"><ele>1199.8093228905627</ele></trkpt><trkpt lat="45.79107000000001" lon="6.969890000000001"><ele>1200.24</ele></trkpt><trkpt lat="45.79097999999998" lon="6.970000000000001"><ele>1200.31</ele></trkpt><trkpt lat="45.79094853654259" lon="6.970081059999255"><ele>1200.2318300260295</ele></trkpt><trkpt lat="45.79092999999999" lon="6.97017"><ele>1200.13</ele></trkpt><trkpt lat="45.79092450686153" lon="6.97027970007527"><ele>1200.0473069938355</ele></trkpt><trkpt lat="45.79092999999999" lon="6.97039"><ele>1199.98</ele></trkpt><trkpt lat="45.79095000000002" lon="6.97044"><ele>1199.98</ele></trkpt><trkpt lat="45.79104000000002" lon="6.970479999999999"><ele>1199.83</ele></trkpt><trkpt lat="45.79101" lon="6.97057"><ele>1199.97</ele></trkpt><trkpt lat="45.79107000000001" lon="6.970609999999999"><ele>1199.93</ele></trkpt><trkpt lat="45.791159999999984" lon="6.97073"><ele>1200.59</ele></trkpt><trkpt lat="45.7912174681403" lon="6.9708189912446965"><ele>1201.620221486168</ele></trkpt><trkpt lat="45.791259999999994" lon="6.97092"><ele>1202.74</ele></trkpt><trkpt lat="45.79127887387871" lon="6.971006194184895"><ele>1203.4866705293323</ele></trkpt><trkpt lat="45.79129754702097" lon="6.971092536894144"><ele>1204.2250675037988</ele></trkpt><trkpt lat="45.79131596961643" lon="6.971179033610098"><ele>1204.9565589557476</ele></trkpt><trkpt lat="45.791334091854864" lon="6.971265689815119"><ele>1205.6825129175254</ele></trkpt><trkpt lat="45.791351863925975" lon="6.971352510991558"><ele>1206.4042974214801</ele></trkpt><trkpt lat="45.79136923601975" lon="6.971439502621773"><ele>1207.123280499959</ele></trkpt><trkpt lat="45.791386158325984" lon="6.971526670188121"><ele>1207.8408301853092</ele></trkpt><trkpt lat="45.79140258103467" lon="6.971614019172958"><ele>1208.558314509878</ele></trkpt><trkpt lat="45.79141845433583" lon="6.97170155505864"><ele>1209.2771015060139</ele></trkpt><trkpt lat="45.791433728419484" lon="6.9717892833275235"><ele>1209.998559206063</ele></trkpt><trkpt lat="45.7914483534757" lon="6.971877209461964"><ele>1210.724055642373</ele></trkpt><trkpt lat="45.7914622796946" lon="6.971965338944319"><ele>1211.454958847292</ele></trkpt><trkpt lat="45.791475457266316" lon="6.972053677256945"><ele>1212.1926368531667</ele></trkpt><trkpt lat="45.79148783638103" lon="6.972142229882195"><ele>1212.9384576923446</ele></trkpt><trkpt lat="45.79149936722885" lon="6.972231002302428"><ele>1213.6937893971733</ele></trkpt><trkpt lat="45.79151000000002" lon="6.97232"><ele>1214.46</ele></trkpt><trkpt lat="45.791429999999984" lon="6.97241"><ele>1215.65</ele></trkpt><trkpt lat="45.791386739254094" lon="6.972492021916297"><ele>1217.42428641013</ele></trkpt><trkpt lat="45.791349999999994" lon="6.972579999999999"><ele>1219.56</ele></trkpt><trkpt lat="45.79131000000002" lon="6.97272"><ele>1223.43</ele></trkpt><trkpt lat="45.791349999999994" lon="6.972799999999999"><ele>1225.45</ele></trkpt><trkpt lat="45.79142124860686" lon="6.972741950442199"><ele>1224.67304122545</ele></trkpt><trkpt lat="45.791485260043416" lon="6.972665228389163"><ele>1223.4385905095216</ele></trkpt><trkpt lat="45.79155" lon="6.97259"><ele>1222.18</ele></trkpt><trkpt lat="45.79164" lon="6.972509999999999"><ele>1220.63</ele></trkpt><trkpt lat="45.79167999999998" lon="6.972619999999999"><ele>1223.14</ele></trkpt><trkpt lat="45.791729999999994" lon="6.972680000000001"><ele>1225.25</ele></trkpt><trkpt lat="45.791799999999995" lon="6.97271"><ele>1225.58</ele></trkpt><trkpt lat="45.79188732847775" lon="6.9726756074068375"><ele>1225.0087241769056</ele></trkpt><trkpt lat="45.791970000000006" lon="6.972670000000001"><ele>1225.26</ele></trkpt><trkpt lat="45.79199190000002" lon="6.9728449"><ele>1229.7</ele></trkpt></trkseg></trk></gpx>