<?xml version='1.0' encoding='utf-8'?>
<gpx xmlns="http://www.topografix.com/GPX/1/1" xmlns:ns2="http://www.garmin.com/xmlschemas/TrackPointExtension/v1" xmlns:xsi="http://www.w3.org/2001/XMLSchema-instance" creator="StravaGPX" version="1.1" xsi:schemaLocation="http://www.topografix.com/GPX/1/1 http://www.topografix.com/GPX/1/1/gpx.xsd http://www.garmin.com/xmlschemas/GpxExtensions/v3 http://www.garmin.com/xmlschemas/GpxExtensionsv3.xsd http://www.garmin.com/xmlschemas/TrackPointExtension/v1 http://www.garmin.com/xmlschemas/TrackPointExtensionv1.xsd"><metadata><time>2026-07-14T08:00:00Z</time><extensions><race_plan start_time="08:00" target_duration_hrs="1.25" /><execution_plan><sector start_dist_m="0.0" end_dist_m="5789.5" name="Bear Canyon Ascent" target_pace_min="6.8"><strategy>Uphill climb. Keep heart rate low, walk steep sections.</strategy><nutrition>Drink water, take 1 gel at 30 mins.</nutrition></sector><sector start_dist_m="5789.5" end_dist_m="11571.4" name="Bear Canyon Descent" target_pace_min="5.2"><strategy>Downhill descent. Relax shoulders, step lightly.</strategy><nutrition>Hydrate at AS, take 1 gel at 60 mins.</nutrition></sector></execution_plan></extensions></metadata><wpt lat="39.974601" lon="-105.266902"><ele>1726.0</ele><name>Bear Canyon Trailhead</name><sym>icons/start.svg</sym><desc>Start Line</desc><extensions><station id="station-start" type="start" subtype="start"><passes><pass num="1" dist_m="0.0" label="Start" target_arrival="00:00" /></passes></station></extensions></wpt><wpt lat="39.97342" lon="-105.306601"><ele>2199.6</ele><name>Bear Canyon Junction</name><sym>↩️</sym><desc>Midpoint AS</desc><extensions><station id="station-mid" type="aid_station" subtype="aid_station"><passes><pass num="1" dist_m="5789.5" label="Midpoint" target_arrival="00:45" cutoff_elapsed="01:30" /></passes><accessibility crew_allowed="true" pacer_allowed="false" vehicle_tier="high" drop_bag_allowed="false" /><services water="true" unmanaged_water="false" food="true" hot_food="false" toilets="true" medical="false" sleep_area="false" /></station></extensions></wpt><wpt lat="39.974546" lon="-105.266999"><ele>1736.8</ele><name>Trailhead Finish</name><sym>icons/finish.svg</sym><desc>Finish Line</desc><extensions><station id="station-finish" type="finish" subtype="finish"><passes><pass num="1" dist_m="11571.4" label="Finish" target_arrival="01:15" /></passes></station></extensions></wpt><trk>
  <name>Bear Canyon</name>
  <type>running</type>
  <trkseg>
   <trkpt lat="39.9746010" lon="-105.2669020">
    <ele>1726.0</ele>
    <time>2024-04-17T11:32:09Z</time>
    <extensions>
     <ns2:TrackPointExtension>
      <ns2:atemp>26</ns2:atemp>
      <ns2:hr>87</ns2:hr>
      <ns2:cad>0</ns2:cad>
     </ns2:TrackPointExtension>
    </extensions>
   </trkpt>
   <trkpt lat="39.9746010" lon="-105.2669020">
    <ele>1726.2</ele>
    <time>2024-04-17T11:32:10Z</time>
    <extensions>
     <ns2:TrackPointExtension>
      <ns2:atemp>26</ns2:atemp>
      <ns2:hr>87</ns2:hr>
      <ns2:cad>0</ns2:cad>
     </ns2:TrackPointExtension>
    </extensions>
   </trkpt>
   <trkpt lat="39.9746010" lon="-105.2669020">
    <ele>1726.2</ele>
    <time>2024-04-17T11:32:11Z</time>
    <extensions>
     <ns2:TrackPointExtension>
      <ns2:atemp>26</ns2:atemp>
      <ns2:hr>90</ns2:hr>
      <ns2:cad>0</ns2:cad>
     </ns2:TrackPointExtension>
    </extensions>
   </trkpt>
   <trkpt lat="39.9746010" lon="-105.2669020">
    <ele>1726.2</ele>
    <time>2024-04-17T11:32:12Z</time>
    <extensions>
     <ns2:TrackPointExtension>
      <ns2:atemp>26</ns2:atemp>
      <ns2:hr>93</ns2:hr>
      <ns2:cad>0</ns2:cad>
     </ns2:TrackPointExtension>
    </extensions>
   </trkpt>
   <trkpt lat="39.9746010" lon="-105.2669020">
    <ele>1726.8</ele>
    <time>2024-04-17T11:32:16Z</time>
    <extensions>
     <ns2:TrackPointExtension>
      <ns2:atemp>26</ns2:atemp>
      <ns2:hr>90</ns2:hr>
      <ns2:cad>0</ns2:cad>
     </ns2:TrackPointExtension>
    </extensions>
   </trkpt>
   <trkpt lat="39.9746070" lon="-105.2668870">
    <ele>1726.8</ele>
    <time>2024-04-17T11:32:19Z</time>
    <extensions>
     <ns2:TrackPointExtension>
      <ns2:atemp>26</ns2:atemp>
      <ns2:hr>87</ns2:hr>
      <ns2:cad>0</ns2:cad>
     </ns2:TrackPointExtension>
    </extensions>
   </trkpt>
   <trkpt lat="39.9745070" lon="-105.2669890">
    <ele>1727.0</ele>
    <time>2024-04-17T11:32:26Z</time>
    <extensions>
     <ns2:TrackPointExtension>
      <ns2:atemp>25</ns2:atemp>
      <ns2:hr>91</ns2:hr>
      <ns2:cad>88</ns2:cad>
     </ns2:TrackPointExtension>
    </extensions>
   </trkpt>
   <trkpt lat="39.9744880" lon="-105.2670360">
    <ele>1727.2</ele>
    <time>2024-04-17T11:32:28Z</time>
    <extensions>
     <ns2:TrackPointExtension>
      <ns2:atemp>25</ns2:atemp>
      <ns2:hr>94</ns2:hr>
      <ns2:cad>88</ns2:cad>
     </ns2:TrackPointExtension>
    </extensions>
   </trkpt>
   <trkpt lat="39.9744300" lon="-105.2671720">
    <ele>1728.0</ele>
    <time>2024-04-17T11:32:34Z</time>
    <extensions>
     <ns2:TrackPointExtension>
      <ns2:atemp>25</ns2:atemp>
      <ns2:hr>96</ns2:hr>
      <ns2:cad>93</ns2:cad>
     </ns2:TrackPointExtension>
    </extensions>
   </trkpt>
   <trkpt lat="39.9743900" lon="-105.2672120">
    <ele>1728.4</ele>
    <time>2024-04-17T11:32:36Z</time>
    <extensions>
     <ns2:TrackPointExtension>
      <ns2:atemp>25</ns2:atemp>
      <ns2:hr>99</ns2:hr>
      <ns2:cad>93</ns2:cad>
     </ns2:TrackPointExtension>
    </extensions>
   </trkpt>
   <trkpt lat="39.9743580" lon="-105.2672980">
    <ele>1728.6</ele>
    <time>2024-04-17T11:32:39Z</time>
    <extensions>
     <ns2:TrackPointExtension>
      <ns2:atemp>25</ns2:atemp>
      <ns2:hr>102</ns2:hr>
      <ns2:cad>93</ns2:cad>
     </ns2:TrackPointExtension>
    </extensions>
   </trkpt>
   <trkpt lat="39.9743550" lon="-105.2673310">
    <ele>1728.6</ele>
    <time>2024-04-17T11:32:40Z</time>
    <extensions>
     <ns2:TrackPointExtension>
      <ns2:atemp>25</ns2:atemp>
      <ns2:hr>105</ns2:hr>
      <ns2:cad>93</ns2:cad>
     </ns2:TrackPointExtension>
    </extensions>
   </trkpt>
   <trkpt lat="39.9743580" lon="-105.2673660">
    <ele>1728.6</ele>
    <time>2024-04-17T11:32:41Z</time>
    <extensions>
     <ns2:TrackPointExtension>
      <ns2:atemp>25</ns2:atemp>
      <ns2:hr>105</ns2:hr>
      <ns2:cad>93</ns2:cad>
     </ns2:TrackPointExtension>
    </extensions>
   </trkpt>
   <trkpt lat="39.9743870" lon="-105.2674520">
    <ele>1728.6</ele>
    <time>2024-04-17T11:32:44Z</time>
    <extensions>
     <ns2:TrackPointExtension>
      <ns2:atemp>25</ns2:atemp>
      <ns2:hr>108</ns2:hr>
      <ns2:cad>92</ns2:cad>
     </ns2:TrackPointExtension>
    </extensions>
   </trkpt>
   <trkpt lat="39.9744270" lon="-105.2674970">
    <ele>1728.6</ele>
    <time>2024-04-17T11:32:46Z</time>
    <extensions>
     <ns2:TrackPointExtension>
      <ns2:atemp>25</ns2:atemp>
      <ns2:hr>109</ns2:hr>
      <ns2:cad>90</ns2:cad>
     </ns2:TrackPointExtension>
    </extensions>
   </trkpt>
   <trkpt lat="39.9744450" lon="-105.2675170">
    <ele>1728.4</ele>
    <time>2024-04-17T11:32:47Z</time>
    <extensions>
     <ns2:TrackPointExtension>
      <ns2:atemp>24</ns2:atemp>
      <ns2:hr>110</ns2:hr>
      <ns2:cad>90</ns2:cad>
     </ns2:TrackPointExtension>
    </extensions>
   </trkpt>
   <trkpt lat="39.9745230" lon="-105.2676590">
    <ele>1728.0</ele>
    <time>2024-04-17T11:32:54Z</time>
    <extensions>
     <ns2:TrackPointExtension>
      <ns2:atemp>24</ns2:atemp>
      <ns2:hr>111</ns2:hr>
      <ns2:cad>92</ns2:cad>
     </ns2:TrackPointExtension>
    </extensions>
   </trkpt>
   <trkpt lat="39.9745500" lon="-105.2677250">
    <ele>1728.2</ele>
    <time>2024-04-17T11:32:57Z</time>
    <extensions>
     <ns2:TrackPointExtension>
      <ns2:atemp>24</ns2:atemp>
      <ns2:hr>112</ns2:hr>
      <ns2:cad>92</ns2:cad>
     </ns2:TrackPointExtension>
    </extensions>
   </trkpt>
   <trkpt lat="39.9745770" lon="-105.2678000">
    <ele>1728.4</ele>
    <time>2024-04-17T11:33:00Z</time>
    <extensions>
     <ns2:TrackPointExtension>
      <ns2:atemp>24</ns2:atemp>
      <ns2:hr>115</ns2:hr>
      <ns2:cad>90</ns2:cad>
     </ns2:TrackPointExtension>
    </extensions>
   </trkpt>
   <trkpt lat="39.9745830" lon="-105.2678260">
    <ele>1728.4</ele>
    <time>2024-04-17T11:33:01Z</time>
    <extensions>
     <ns2:TrackPointExtension>
      <ns2:atemp>24</ns2:atemp>
      <ns2:hr>116</ns2:hr>
      <ns2:cad>90</ns2:cad>
     </ns2:TrackPointExtension>
    </extensions>
   </trkpt>
   <trkpt lat="39.9745990" lon="-105.2678750">
    <ele>1728.8</ele>
    <time>2024-04-17T11:33:03Z</time>
    <extensions>
     <ns2:TrackPointExtension>
      <ns2:atemp>24</ns2:atemp>
      <ns2:hr>118</ns2:hr>
      <ns2:cad>90</ns2:cad>
     </ns2:TrackPointExtension>
    </extensions>
   </trkpt>
   <trkpt lat="39.9746340" lon="-105.2679250">
    <ele>1730.0</ele>
    <time>2024-04-17T11:33:06Z</time>
    <extensions>
     <ns2:TrackPointExtension>
      <ns2:atemp>24</ns2:atemp>
      <ns2:hr>117</ns2:hr>
      <ns2:cad>0</ns2:cad>
     </ns2:TrackPointExtension>
    </extensions>
   </trkpt>
   <trkpt lat="39.9746540" lon="-105.2679350">
    <ele>1730.4</ele>
    <time>2024-04-17T11:33:07Z</time>
    <extensions>
     <ns2:TrackPointExtension>
      <ns2:atemp>24</ns2:atemp>
      <ns2:hr>119</ns2:hr>
      <ns2:cad>88</ns2:cad>
     </ns2:TrackPointExtension>
    </extensions>
   </trkpt>
   <trkpt lat="39.9747230" lon="-105.2679590">
    <ele>1730.8</ele>
    <time>2024-04-17T11:33:10Z</time>
    <extensions>
     <ns2:TrackPointExtension>
      <ns2:atemp>23</ns2:atemp>
      <ns2:hr>121</ns2:hr>
      <ns2:cad>90</ns2:cad>
     </ns2:TrackPointExtension>
    </extensions>
   </trkpt>
   <trkpt lat="39.9747750" lon="-105.2679700">
    <ele>1731.2</ele>
    <time>2024-04-17T11:33:12Z</time>
    <extensions>
     <ns2:TrackPointExtension>
      <ns2:atemp>23</ns2:atemp>
      <ns2:hr>122</ns2:hr>
      <ns2:cad>91</ns2:cad>
     </ns2:TrackPointExtension>
    </extensions>
   </trkpt>
   <trkpt lat="39.9748060" lon="-105.2679880">
    <ele>1731.8</ele>
    <time>2024-04-17T11:33:14Z</time>
    <extensions>
     <ns2:TrackPointExtension>
      <ns2:atemp>23</ns2:atemp>
      <ns2:hr>119</ns2:hr>
      <ns2:cad>92</ns2:cad>
     </ns2:TrackPointExtension>
    </extensions>
   </trkpt>
   <trkpt lat="39.9748140" lon="-105.2680030">
    <ele>1732.0</ele>
    <time>2024-04-17T11:33:15Z</time>
    <extensions>
     <ns2:TrackPointExtension>
      <ns2:atemp>23</ns2:atemp>
      <ns2:hr>120</ns2:hr>
      <ns2:cad>90</ns2:cad>
     </ns2:TrackPointExtension>
    </extensions>
   </trkpt>
   <trkpt lat="39.9748180" lon="-105.2680140">
    <ele>1732.2</ele>
    <time>2024-04-17T11:33:16Z</time>
    <extensions>
     <ns2:TrackPointExtension>
      <ns2:atemp>23</ns2:atemp>
      <ns2:hr>121</ns2:hr>
      <ns2:cad>88</ns2:cad>
     </ns2:TrackPointExtension>
    </extensions>
   </trkpt>
   <trkpt lat="39.9748110" lon="-105.2680280">
    <ele>1732.2</ele>
    <time>2024-04-17T11:33:17Z</time>
    <extensions>
     <ns2:TrackPointExtension>
      <ns2:atemp>23</ns2:atemp>
      <ns2:hr>121</ns2:hr>
      <ns2:cad>0</ns2:cad>
     </ns2:TrackPointExtension>
    </extensions>
   </trkpt>
   <trkpt lat="39.9747900" lon="-105.2680690">
    <ele>1732.4</ele>
    <time>2024-04-17T11:33:19Z</time>
    <extensions>
     <ns2:TrackPointExtension>
      <ns2:atemp>23</ns2:atemp>
      <ns2:hr>122</ns2:hr>
      <ns2:cad>84</ns2:cad>
     </ns2:TrackPointExtension>
    </extensions>
   </trkpt>
   <trkpt lat="39.9747170" lon="-105.2682610">
    <ele>1733.4</ele>
    <time>2024-04-17T11:33:27Z</time>
    <extensions>
     <ns2:TrackPointExtension>
      <ns2:atemp>23</ns2:atemp>
      <ns2:hr>125</ns2:hr>
      <ns2:cad>89</ns2:cad>
     </ns2:TrackPointExtension>
    </extensions>
   </trkpt>
   <trkpt lat="39.9747080" lon="-105.2682820">
    <ele>1733.4</ele>
    <time>2024-04-17T11:33:28Z</time>
    <extensions>
     <ns2:TrackPointExtension>
      <ns2:atemp>23</ns2:atemp>
      <ns2:hr>125</ns2:hr>
      <ns2:cad>90</ns2:cad>
     </ns2:TrackPointExtension>
    </extensions>
   </trkpt>
   <trkpt lat="39.9746620" lon="-105.2683920">
    <ele>1734.4</ele>
    <time>2024-04-17T11:33:34Z</time>
    <extensions>
     <ns2:TrackPointExtension>
      <ns2:atemp>23</ns2:atemp>
      <ns2:hr>128</ns2:hr>
      <ns2:cad>88</ns2:cad>
     </ns2:TrackPointExtension>
    </extensions>
   </trkpt>
   <trkpt lat="39.9746290" lon="-105.2684530">
    <ele>1735.4</ele>
    <time>2024-04-17T11:33:39Z</time>
    <extensions>
     <ns2:TrackPointExtension>
      <ns2:atemp>23</ns2:atemp>
      <ns2:hr>130</ns2:hr>
      <ns2:cad>89</ns2:cad>
     </ns2:TrackPointExtension>
    </extensions>
   </trkpt>
   <trkpt lat="39.9746130" lon="-105.2684900">
    <ele>1735.6</ele>
    <time>2024-04-17T11:33:41Z</time>
    <extensions>
     <ns2:TrackPointExtension>
      <ns2:atemp>23</ns2:atemp>
      <ns2:hr>130</ns2:hr>
      <ns2:cad>88</ns2:cad>
     </ns2:TrackPointExtension>
    </extensions>
   </trkpt>
   <trkpt lat="39.9745660" lon="-105.2685840">
    <ele>1736.2</ele>
    <time>2024-04-17T11:33:46Z</time>
    <extensions>
     <ns2:TrackPointExtension>
      <ns2:atemp>22</ns2:atemp>
      <ns2:hr>133</ns2:hr>
      <ns2:cad>89</ns2:cad>
     </ns2:TrackPointExtension>
    </extensions>
   </trkpt>
   <trkpt lat="39.9745470" lon="-105.2686230">
    <ele>1736.4</ele>
    <time>2024-04-17T11:33:48Z</time>
    <extensions>
     <ns2:TrackPointExtension>
      <ns2:atemp>22</ns2:atemp>
      <ns2:hr>131</ns2:hr>
      <ns2:cad>91</ns2:cad>
     </ns2:TrackPointExtension>
    </extensions>
   </trkpt>
   <trkpt lat="39.9745270" lon="-105.2686560">
    <ele>1736.6</ele>
    <time>2024-04-17T11:33:50Z</time>
    <extensions>
     <ns2:TrackPointExtension>
      <ns2:atemp>22</ns2:atemp>
      <ns2:hr>130</ns2:hr>
      <ns2:cad>89</ns2:cad>
     </ns2:TrackPointExtension>
    </extensions>
   </trkpt>
   <trkpt lat="39.9745150" lon="-105.2686750">
    <ele>1736.6</ele>
    <time>2024-04-17T11:33:51Z</time>
    <extensions>
     <ns2:TrackPointExtension>
      <ns2:atemp>22</ns2:atemp>
      <ns2:hr>131</ns2:hr>
      <ns2:cad>88</ns2:cad>
     </ns2:TrackPointExtension>
    </extensions>
   </trkpt>
   <trkpt lat="39.9744440" lon="-105.2687370">
    <ele>1737.0</ele>
    <time>2024-04-17T11:33:56Z</time>
    <extensions>
     <ns2:TrackPointExtension>
      <ns2:atemp>22</ns2:atemp>
      <ns2:hr>134</ns2:hr>
      <ns2:cad>88</ns2:cad>
     </ns2:TrackPointExtension>
    </extensions>
   </trkpt>
   <trkpt lat="39.9743610" lon="-105.2687980">
    <ele>1737.4</ele>
    <time>2024-04-17T11:34:01Z</time>
    <extensions>
     <ns2:TrackPointExtension>
      <ns2:atemp>22</ns2:atemp>
      <ns2:hr>131</ns2:hr>
      <ns2:cad>88</ns2:cad>
     </ns2:TrackPointExtension>
    </extensions>
   </trkpt>
   <trkpt lat="39.9743280" lon="-105.2688230">
    <ele>1737.6</ele>
    <time>2024-04-17T11:34:03Z</time>
    <extensions>
     <ns2:TrackPointExtension>
      <ns2:atemp>22</ns2:atemp>
      <ns2:hr>130</ns2:hr>
      <ns2:cad>88</ns2:cad>
     </ns2:TrackPointExtension>
    </extensions>
   </trkpt>
   <trkpt lat="39.9742240" lon="-105.2689400">
    <ele>1738.4</ele>
    <time>2024-04-17T11:34:10Z</time>
    <extensions>
     <ns2:TrackPointExtension>
      <ns2:atemp>22</ns2:atemp>
      <ns2:hr>132</ns2:hr>
      <ns2:cad>89</ns2:cad>
     </ns2:TrackPointExtension>
    </extensions>
   </trkpt>
   <trkpt lat="39.9742060" lon="-105.2689570">
    <ele>1738.4</ele>
    <time>2024-04-17T11:34:11Z</time>
    <extensions>
     <ns2:TrackPointExtension>
      <ns2:atemp>22</ns2:atemp>
      <ns2:hr>132</ns2:hr>
      <ns2:cad>89</ns2:cad>
     </ns2:TrackPointExtension>
    </extensions>
   </trkpt>
   <trkpt lat="39.9741910" lon="-105.2689710">
    <ele>1738.6</ele>
    <time>2024-04-17T11:34:12Z</time>
    <extensions>
     <ns2:TrackPointExtension>
      <ns2:atemp>22</ns2:atemp>
      <ns2:hr>134</ns2:hr>
      <ns2:cad>89</ns2:cad>
     </ns2:TrackPointExtension>
    </extensions>
   </trkpt>
   <trkpt lat="39.9741640" lon="-105.2690050">
    <ele>1739.0</ele>
    <time>2024-04-17T11:34:14Z</time>
    <extensions>
     <ns2:TrackPointExtension>
      <ns2:atemp>22</ns2:atemp>
      <ns2:hr>137</ns2:hr>
      <ns2:cad>89</ns2:cad>
     </ns2:TrackPointExtension>
    </extensions>
   </trkpt>
   <trkpt lat="39.9741530" lon="-105.2690220">
    <ele>1739.0</ele>
    <time>2024-04-17T11:34:15Z</time>
    <extensions>
     <ns2:TrackPointExtension>
      <ns2:atemp>22</ns2:atemp>
      <ns2:hr>133</ns2:hr>
      <ns2:cad>89</ns2:cad>
     </ns2:TrackPointExtension>
    </extensions>
   </trkpt>
   <trkpt lat="39.9740900" lon="-105.2691110">
    <ele>1739.8</ele>
    <time>2024-04-17T11:34:20Z</time>
    <extensions>
     <ns2:TrackPointExtension>
      <ns2:atemp>22</ns2:atemp>
      <ns2:hr>137</ns2:hr>
      <ns2:cad>89</ns2:cad>
     </ns2:TrackPointExtension>
    </extensions>
   </trkpt>
   <trkpt lat="39.9740010" lon="-105.2692300">
    <ele>1740.6</ele>
    <time>2024-04-17T11:34:27Z</time>
    <extensions>
     <ns2:TrackPointExtension>
      <ns2:atemp>21</ns2:atemp>
      <ns2:hr>140</ns2:hr>
      <ns2:cad>90</ns2:cad>
     </ns2:TrackPointExtension>
    </extensions>
   </trkpt>
   <trkpt lat="39.9739880" lon="-105.2692500">
    <ele>1740.8</ele>
    <time>2024-04-17T11:34:28Z</time>
    <extensions>
     <ns2:TrackPointExtension>
      <ns2:atemp>21</ns2:atemp>
      <ns2:hr>143</ns2:hr>
      <ns2:cad>91</ns2:cad>
     </ns2:TrackPointExtension>
    </extensions>
   </trkpt>
   <trkpt lat="39.9739600" lon="-105.2692840">
    <ele>1741.0</ele>
    <time>2024-04-17T11:34:30Z</time>
    <extensions>
     <ns2:TrackPointExtension>
      <ns2:atemp>21</ns2:atemp>
      <ns2:hr>141</ns2:hr>
      <ns2:cad>91</ns2:cad>
     </ns2:TrackPointExtension>
    </extensions>
   </trkpt>
   <trkpt lat="39.9739460" lon="-105.2693010">
    <ele>1741.2</ele>
    <time>2024-04-17T11:34:31Z</time>
    <extensions>
     <ns2:TrackPointExtension>
      <ns2:atemp>21</ns2:atemp>
      <ns2:hr>142</ns2:hr>
      <ns2:cad>91</ns2:cad>
     </ns2:TrackPointExtension>
    </extensions>
   </trkpt>
   <trkpt lat="39.9738350" lon="-105.2694620">
    <ele>1742.2</ele>
    <time>2024-04-17T11:34:39Z</time>
    <extensions>
     <ns2:TrackPointExtension>
      <ns2:atemp>21</ns2:atemp>
      <ns2:hr>142</ns2:hr>
      <ns2:cad>90</ns2:cad>
     </ns2:TrackPointExtension>
    </extensions>
   </trkpt>
   <trkpt lat="39.9738180" lon="-105.2694770">
    <ele>1742.2</ele>
    <time>2024-04-17T11:34:40Z</time>
    <extensions>
     <ns2:TrackPointExtension>
      <ns2:atemp>21</ns2:atemp>
      <ns2:hr>141</ns2:hr>
      <ns2:cad>91</ns2:cad>
     </ns2:TrackPointExtension>
    </extensions>
   </trkpt>
   <trkpt lat="39.9736540" lon="-105.2696190">
    <ele>1742.8</ele>
    <time>2024-04-17T11:34:50Z</time>
    <extensions>
     <ns2:TrackPointExtension>
      <ns2:atemp>21</ns2:atemp>
      <ns2:hr>140</ns2:hr>
      <ns2:cad>90</ns2:cad>
     </ns2:TrackPointExtension>
    </extensions>
   </trkpt>
   <trkpt lat="39.9736000" lon="-105.2696580">
    <ele>1743.2</ele>
    <time>2024-04-17T11:34:54Z</time>
    <extensions>
     <ns2:TrackPointExtension>
      <ns2:atemp>21</ns2:atemp>
      <ns2:hr>141</ns2:hr>
      <ns2:cad>90</ns2:cad>
     </ns2:TrackPointExtension>
    </extensions>
   </trkpt>
   <trkpt lat="39.9735680" lon="-105.2697030">
    <ele>1743.4</ele>
    <time>2024-04-17T11:34:58Z</time>
    <extensions>
     <ns2:TrackPointExtension>
      <ns2:atemp>21</ns2:atemp>
      <ns2:hr>141</ns2:hr>
      <ns2:cad>62</ns2:cad>
     </ns2:TrackPointExtension>
    </extensions>
   </trkpt>
   <trkpt lat="39.9735500" lon="-105.2697790">
    <ele>1743.6</ele>
    <time>2024-04-17T11:35:05Z</time>
    <extensions>
     <ns2:TrackPointExtension>
      <ns2:atemp>21</ns2:atemp>
      <ns2:hr>139</ns2:hr>
      <ns2:cad>0</ns2:cad>
     </ns2:TrackPointExtension>
    </extensions>
   </trkpt>
   <trkpt lat="39.9735400" lon="-105.2697870">
    <ele>1743.6</ele>
    <time>2024-04-17T11:35:11Z</time>
    <extensions>
     <ns2:TrackPointExtension>
      <ns2:atemp>21</ns2:atemp>
      <ns2:hr>137</ns2:hr>
      <ns2:cad>0</ns2:cad>
     </ns2:TrackPointExtension>
    </extensions>
   </trkpt>
   <trkpt lat="39.9735360" lon="-105.2697970">
    <ele>1743.4</ele>
    <time>2024-04-17T11:35:17Z</time>
    <extensions>
     <ns2:TrackPointExtension>
      <ns2:atemp>21</ns2:atemp>
      <ns2:hr>133</ns2:hr>
      <ns2:cad>0</ns2:cad>
     </ns2:TrackPointExtension>
    </extensions>
   </trkpt>
   <trkpt lat="39.9735360" lon="-105.2697970">
    <ele>1743.4</ele>
    <time>2024-04-17T11:35:20Z</time>
    <extensions>
     <ns2:TrackPointExtension>
      <ns2:atemp>21</ns2:atemp>
      <ns2:hr>134</ns2:hr>
      <ns2:cad>0</ns2:cad>
     </ns2:TrackPointExtension>
    </extensions>
   </trkpt>
   <trkpt lat="39.9735360" lon="-105.2697970">
    <ele>1743.2</ele>
    <time>2024-04-17T11:35:24Z</time>
    <extensions>
     <ns2:TrackPointExtension>
      <ns2:atemp>21</ns2:atemp>
      <ns2:hr>131</ns2:hr>
      <ns2:cad>0</ns2:cad>
     </ns2:TrackPointExtension>
    </extensions>
   </trkpt>
   <trkpt lat="39.9735360" lon="-105.2697950">
    <ele>1743.2</ele>
    <time>2024-04-17T11:35:30Z</time>
    <extensions>
     <ns2:TrackPointExtension>
      <ns2:atemp>21</ns2:atemp>
      <ns2:hr>128</ns2:hr>
      <ns2:cad>0</ns2:cad>
     </ns2:TrackPointExtension>
    </extensions>
   </trkpt>
   <trkpt lat="39.9735340" lon="-105.2697890">
    <ele>1743.0</ele>
    <time>2024-04-17T11:35:35Z</time>
    <extensions>
     <ns2:TrackPointExtension>
      <ns2:atemp>21</ns2:atemp>
      <ns2:hr>124</ns2:hr>
      <ns2:cad>0</ns2:cad>
     </ns2:TrackPointExtension>
    </extensions>
   </trkpt>
   <trkpt lat="39.9735310" lon="-105.2697940">
    <ele>1742.8</ele>
    <time>2024-04-17T11:35:42Z</time>
    <extensions>
     <ns2:TrackPointExtension>
      <ns2:atemp>21</ns2:atemp>
      <ns2:hr>121</ns2:hr>
      <ns2:cad>0</ns2:cad>
     </ns2:TrackPointExtension>
    </extensions>
   </trkpt>
   <trkpt lat="39.9735290" lon="-105.2697920">
    <ele>1742.6</ele>
    <time>2024-04-17T11:35:47Z</time>
    <extensions>
     <ns2:TrackPointExtension>
      <ns2:atemp>21</ns2:atemp>
      <ns2:hr>118</ns2:hr>
      <ns2:cad>0</ns2:cad>
     </ns2:TrackPointExtension>
    </extensions>
   </trkpt>
   <trkpt lat="39.9735270" lon="-105.2697900">
    <ele>1742.6</ele>
    <time>2024-04-17T11:35:52Z</time>
    <extensions>
     <ns2:TrackPointExtension>
      <ns2:atemp>21</ns2:atemp>
      <ns2:hr>115</ns2:hr>
      <ns2:cad>0</ns2:cad>
     </ns2:TrackPointExtension>
    </extensions>
   </trkpt>
   <trkpt lat="39.9735260" lon="-105.2697950">
    <ele>1742.4</ele>
    <time>2024-04-17T11:35:56Z</time>
    <extensions>
     <ns2:TrackPointExtension>
      <ns2:atemp>21</ns2:atemp>
      <ns2:hr>112</ns2:hr>
      <ns2:cad>0</ns2:cad>
     </ns2:TrackPointExtension>
    </extensions>
   </trkpt>
   <trkpt lat="39.9734840" lon="-105.2698560">
    <ele>1742.6</ele>
    <time>2024-04-17T11:36:02Z</time>
    <extensions>
     <ns2:TrackPointExtension>
      <ns2:atemp>21</ns2:atemp>
      <ns2:hr>109</ns2:hr>
      <ns2:cad>91</ns2:cad>
     </ns2:TrackPointExtension>
    </extensions>
   </trkpt>
   <trkpt lat="39.9734220" lon="-105.2699580">
    <ele>1742.8</ele>
    <time>2024-04-17T11:36:06Z</time>
    <extensions>
     <ns2:TrackPointExtension>
      <ns2:atemp>21</ns2:atemp>
      <ns2:hr>106</ns2:hr>
      <ns2:cad>91</ns2:cad>
     </ns2:TrackPointExtension>
    </extensions>
   </trkpt>
   <trkpt lat="39.9733610" lon="-105.2700920">
    <ele>1743.2</ele>
    <time>2024-04-17T11:36:11Z</time>
    <extensions>
     <ns2:TrackPointExtension>
      <ns2:atemp>21</ns2:atemp>
      <ns2:hr>107</ns2:hr>
      <ns2:cad>93</ns2:cad>
     </ns2:TrackPointExtension>
    </extensions>
   </trkpt>
   <trkpt lat="39.9733340" lon="-105.2702290">
    <ele>1744.2</ele>
    <time>2024-04-17T11:36:17Z</time>
    <extensions>
     <ns2:TrackPointExtension>
      <ns2:atemp>21</ns2:atemp>
      <ns2:hr>107</ns2:hr>
      <ns2:cad>92</ns2:cad>
     </ns2:TrackPointExtension>
    </extensions>
   </trkpt>
   <trkpt lat="39.9733280" lon="-105.2702820">
    <ele>1744.8</ele>
    <time>2024-04-17T11:36:19Z</time>
    <extensions>
     <ns2:TrackPointExtension>
      <ns2:atemp>21</ns2:atemp>
      <ns2:hr>109</ns2:hr>
      <ns2:cad>92</ns2:cad>
     </ns2:TrackPointExtension>
    </extensions>
   </trkpt>
   <trkpt lat="39.9733250" lon="-105.2703950">
    <ele>1745.4</ele>
    <time>2024-04-17T11:36:23Z</time>
    <extensions>
     <ns2:TrackPointExtension>
      <ns2:atemp>21</ns2:atemp>
      <ns2:hr>111</ns2:hr>
      <ns2:cad>91</ns2:cad>
     </ns2:TrackPointExtension>
    </extensions>
   </trkpt>
   <trkpt lat="39.9733270" lon="-105.2704790">
    <ele>1745.6</ele>
    <time>2024-04-17T11:36:26Z</time>
    <extensions>
     <ns2:TrackPointExtension>
      <ns2:atemp>20</ns2:atemp>
      <ns2:hr>114</ns2:hr>
      <ns2:cad>90</ns2:cad>
     </ns2:TrackPointExtension>
    </extensions>
   </trkpt>
   <trkpt lat="39.9733430" lon="-105.2705600">
    <ele>1746.0</ele>
    <time>2024-04-17T11:36:29Z</time>
    <extensions>
     <ns2:TrackPointExtension>
      <ns2:atemp>20</ns2:atemp>
      <ns2:hr>115</ns2:hr>
      <ns2:cad>90</ns2:cad>
     </ns2:TrackPointExtension>
    </extensions>
   </trkpt>
   <trkpt lat="39.9733790" lon="-105.2706720">
    <ele>1746.2</ele>
    <time>2024-04-17T11:36:33Z</time>
    <extensions>
     <ns2:TrackPointExtension>
      <ns2:atemp>20</ns2:atemp>
      <ns2:hr>115</ns2:hr>
      <ns2:cad>91</ns2:cad>
     </ns2:TrackPointExtension>
    </extensions>
   </trkpt>
   <trkpt lat="39.9734270" lon="-105.2708020">
    <ele>1746.4</ele>
    <time>2024-04-17T11:36:38Z</time>
    <extensions>
     <ns2:TrackPointExtension>
      <ns2:atemp>20</ns2:atemp>
      <ns2:hr>118</ns2:hr>
      <ns2:cad>91</ns2:cad>
     </ns2:TrackPointExtension>
    </extensions>
   </trkpt>
   <trkpt lat="39.9734410" lon="-105.2708570">
    <ele>1746.4</ele>
    <time>2024-04-17T11:36:40Z</time>
    <extensions>
     <ns2:TrackPointExtension>
      <ns2:atemp>20</ns2:atemp>
      <ns2:hr>119</ns2:hr>
      <ns2:cad>90</ns2:cad>
     </ns2:TrackPointExtension>
    </extensions>
   </trkpt>
   <trkpt lat="39.9734630" lon="-105.2709650">
    <ele>1746.8</ele>
    <time>2024-04-17T11:36:44Z</time>
    <extensions>
     <ns2:TrackPointExtension>
      <ns2:atemp>20</ns2:atemp>
      <ns2:hr>122</ns2:hr>
      <ns2:cad>91</ns2:cad>
     </ns2:TrackPointExtension>
    </extensions>
   </trkpt>
   <trkpt lat="39.9734800" lon="-105.2710500">
    <ele>1747.0</ele>
    <time>2024-04-17T11:36:47Z</time>
    <extensions>
     <ns2:TrackPointExtension>
      <ns2:atemp>20</ns2:atemp>
      <ns2:hr>123</ns2:hr>
      <ns2:cad>91</ns2:cad>
     </ns2:TrackPointExtension>
    </extensions>
   </trkpt>
   <trkpt lat="39.9735060" lon="-105.2712070">
    <ele>1747.4</ele>
    <time>2024-04-17T11:36:53Z</time>
    <extensions>
     <ns2:TrackPointExtension>
      <ns2:atemp>20</ns2:atemp>
      <ns2:hr>125</ns2:hr>
      <ns2:cad>92</ns2:cad>
     </ns2:TrackPointExtension>
    </extensions>
   </trkpt>
   <trkpt lat="39.9735090" lon="-105.2712620">
    <ele>1747.8</ele>
    <time>2024-04-17T11:36:55Z</time>
    <extensions>
     <ns2:TrackPointExtension>
      <ns2:atemp>20</ns2:atemp>
      <ns2:hr>125</ns2:hr>
      <ns2:cad>91</ns2:cad>
     </ns2:TrackPointExtension>
    </extensions>
   </trkpt>
   <trkpt lat="39.9735080" lon="-105.2713380">
    <ele>1748.2</ele>
    <time>2024-04-17T11:36:58Z</time>
    <extensions>
     <ns2:TrackPointExtension>
      <ns2:atemp>20</ns2:atemp>
      <ns2:hr>128</ns2:hr>
      <ns2:cad>91</ns2:cad>
     </ns2:TrackPointExtension>
    </extensions>
   </trkpt>
   <trkpt lat="39.9735020" lon="-105.2713800">
    <ele>1748.4</ele>
    <time>2024-04-17T11:37:00Z</time>
    <extensions>
     <ns2:TrackPointExtension>
      <ns2:atemp>20</ns2:atemp>
      <ns2:hr>126</ns2:hr>
      <ns2:cad>91</ns2:cad>
     </ns2:TrackPointExtension>
    </extensions>
   </trkpt>
   <trkpt lat="39.9734960" lon="-105.2714020">
    <ele>1748.6</ele>
    <time>2024-04-17T11:37:01Z</time>
    <extensions>
     <ns2:TrackPointExtension>
      <ns2:atemp>20</ns2:atemp>
      <ns2:hr>126</ns2:hr>
      <ns2:cad>91</ns2:cad>
     </ns2:TrackPointExtension>
    </extensions>
   </trkpt>
   <trkpt lat="39.9734900" lon="-105.2714420">
    <ele>1749.6</ele>
    <time>2024-04-17T11:37:03Z</time>
    <extensions>
     <ns2:TrackPointExtension>
      <ns2:atemp>20</ns2:atemp>
      <ns2:hr>127</ns2:hr>
      <ns2:cad>91</ns2:cad>
     </ns2:TrackPointExtension>
    </extensions>
   </trkpt>
   <trkpt lat="39.9734860" lon="-105.2714620">
    <ele>1749.6</ele>
    <time>2024-04-17T11:37:04Z</time>
    <extensions>
     <ns2:TrackPointExtension>
      <ns2:atemp>20</ns2:atemp>
      <ns2:hr>127</ns2:hr>
      <ns2:cad>91</ns2:cad>
     </ns2:TrackPointExtension>
    </extensions>
   </trkpt>
   <trkpt lat="39.9734400" lon="-105.2715540">
    <ele>1751.0</ele>
    <time>2024-04-17T11:37:09Z</time>
    <extensions>
     <ns2:TrackPointExtension>
      <ns2:atemp>20</ns2:atemp>
      <ns2:hr>127</ns2:hr>
      <ns2:cad>90</ns2:cad>
     </ns2:TrackPointExtension>
    </extensions>
   </trkpt>
   <trkpt lat="39.9734250" lon="-105.2716020">
    <ele>1751.4</ele>
    <time>2024-04-17T11:37:11Z</time>
    <extensions>
     <ns2:TrackPointExtension>
      <ns2:atemp>20</ns2:atemp>
      <ns2:hr>127</ns2:hr>
      <ns2:cad>91</ns2:cad>
     </ns2:TrackPointExtension>
    </extensions>
   </trkpt>
   <trkpt lat="39.9734170" lon="-105.2716240">
    <ele>1751.8</ele>
    <time>2024-04-17T11:37:12Z</time>
    <extensions>
     <ns2:TrackPointExtension>
      <ns2:atemp>20</ns2:atemp>
      <ns2:hr>130</ns2:hr>
      <ns2:cad>91</ns2:cad>
     </ns2:TrackPointExtension>
    </extensions>
   </trkpt>
   <trkpt lat="39.9734070" lon="-105.2716450">
    <ele>1751.8</ele>
    <time>2024-04-17T11:37:13Z</time>
    <extensions>
     <ns2:TrackPointExtension>
      <ns2:atemp>20</ns2:atemp>
      <ns2:hr>133</ns2:hr>
      <ns2:cad>91</ns2:cad>
     </ns2:TrackPointExtension>
    </extensions>
   </trkpt>
   <trkpt lat="39.9733970" lon="-105.2716660">
    <ele>1752.0</ele>
    <time>2024-04-17T11:37:14Z</time>
    <extensions>
     <ns2:TrackPointExtension>
      <ns2:atemp>20</ns2:atemp>
      <ns2:hr>132</ns2:hr>
      <ns2:cad>91</ns2:cad>
     </ns2:TrackPointExtension>
    </extensions>
   </trkpt>
   <trkpt lat="39.9733100" lon="-105.2718480">
    <ele>1752.8</ele>
    <time>2024-04-17T11:37:22Z</time>
    <extensions>
     <ns2:TrackPointExtension>
      <ns2:atemp>20</ns2:atemp>
      <ns2:hr>136</ns2:hr>
      <ns2:cad>90</ns2:cad>
     </ns2:TrackPointExtension>
    </extensions>
   </trkpt>
   <trkpt lat="39.9732910" lon="-105.2718950">
    <ele>1753.0</ele>
    <time>2024-04-17T11:37:24Z</time>
    <extensions>
     <ns2:TrackPointExtension>
      <ns2:atemp>19</ns2:atemp>
      <ns2:hr>137</ns2:hr>
      <ns2:cad>90</ns2:cad>
     </ns2:TrackPointExtension>
    </extensions>
   </trkpt>
   <trkpt lat="39.9732810" lon="-105.2719200">
    <ele>1753.0</ele>
    <time>2024-04-17T11:37:25Z</time>
    <extensions>
     <ns2:TrackPointExtension>
      <ns2:atemp>19</ns2:atemp>
      <ns2:hr>136</ns2:hr>
      <ns2:cad>90</ns2:cad>
     </ns2:TrackPointExtension>
    </extensions>
   </trkpt>
   <trkpt lat="39.9732380" lon="-105.2720660">
    <ele>1754.2</ele>
    <time>2024-04-17T11:37:31Z</time>
    <extensions>
     <ns2:TrackPointExtension>
      <ns2:atemp>19</ns2:atemp>
      <ns2:hr>137</ns2:hr>
      <ns2:cad>90</ns2:cad>
     </ns2:TrackPointExtension>
    </extensions>
   </trkpt>
   <trkpt lat="39.9731870" lon="-105.2721810">
    <ele>1755.0</ele>
    <time>2024-04-17T11:37:36Z</time>
    <extensions>
     <ns2:TrackPointExtension>
      <ns2:atemp>19</ns2:atemp>
      <ns2:hr>137</ns2:hr>
      <ns2:cad>90</ns2:cad>
     </ns2:TrackPointExtension>
    </extensions>
   </trkpt>
   <trkpt lat="39.9731770" lon="-105.2722050">
    <ele>1755.4</ele>
    <time>2024-04-17T11:37:37Z</time>
    <extensions>
     <ns2:TrackPointExtension>
      <ns2:atemp>19</ns2:atemp>
      <ns2:hr>137</ns2:hr>
      <ns2:cad>90</ns2:cad>
     </ns2:TrackPointExtension>
    </extensions>
   </trkpt>
   <trkpt lat="39.9731410" lon="-105.2723250">
    <ele>1756.4</ele>
    <time>2024-04-17T11:37:42Z</time>
    <extensions>
     <ns2:TrackPointExtension>
      <ns2:atemp>19</ns2:atemp>
      <ns2:hr>139</ns2:hr>
      <ns2:cad>90</ns2:cad>
     </ns2:TrackPointExtension>
    </extensions>
   </trkpt>
   <trkpt lat="39.9731080" lon="-105.2724000">
    <ele>1757.2</ele>
    <time>2024-04-17T11:37:46Z</time>
    <extensions>
     <ns2:TrackPointExtension>
      <ns2:atemp>19</ns2:atemp>
      <ns2:hr>139</ns2:hr>
      <ns2:cad>90</ns2:cad>
     </ns2:TrackPointExtension>
    </extensions>
   </trkpt>
   <trkpt lat="39.9730950" lon="-105.2724440">
    <ele>1757.6</ele>
    <time>2024-04-17T11:37:48Z</time>
    <extensions>
     <ns2:TrackPointExtension>
      <ns2:atemp>19</ns2:atemp>
      <ns2:hr>139</ns2:hr>
      <ns2:cad>90</ns2:cad>
     </ns2:TrackPointExtension>
    </extensions>
   </trkpt>
   <trkpt lat="39.9730540" lon="-105.2725490">
    <ele>1758.8</ele>
    <time>2024-04-17T11:37:53Z</time>
    <extensions>
     <ns2:TrackPointExtension>
      <ns2:atemp>19</ns2:atemp>
      <ns2:hr>140</ns2:hr>
      <ns2:cad>91</ns2:cad>
     </ns2:TrackPointExtension>
    </extensions>
   </trkpt>
   <trkpt lat="39.9730310" lon="-105.2726730">
    <ele>1759.8</ele>
    <time>2024-04-17T11:37:58Z</time>
    <extensions>
     <ns2:TrackPointExtension>
      <ns2:atemp>19</ns2:atemp>
      <ns2:hr>141</ns2:hr>
      <ns2:cad>91</ns2:cad>
     </ns2:TrackPointExtension>
    </extensions>
   </trkpt>
   <trkpt lat="39.9730310" lon="-105.2728050">
    <ele>1761.0</ele>
    <time>2024-04-17T11:38:03Z</time>
    <extensions>
     <ns2:TrackPointExtension>
      <ns2:atemp>19</ns2:atemp>
      <ns2:hr>141</ns2:hr>
      <ns2:cad>92</ns2:cad>
     </ns2:TrackPointExtension>
    </extensions>
   </trkpt>
   <trkpt lat="39.9730400" lon="-105.2729170">
    <ele>1761.4</ele>
    <time>2024-04-17T11:38:07Z</time>
    <extensions>
     <ns2:TrackPointExtension>
      <ns2:atemp>19</ns2:atemp>
      <ns2:hr>141</ns2:hr>
      <ns2:cad>92</ns2:cad>
     </ns2:TrackPointExtension>
    </extensions>
   </trkpt>
   <trkpt lat="39.9730570" lon="-105.2730090">
    <ele>1762.2</ele>
    <time>2024-04-17T11:38:11Z</time>
    <extensions>
     <ns2:TrackPointExtension>
      <ns2:atemp>19</ns2:atemp>
      <ns2:hr>141</ns2:hr>
      <ns2:cad>92</ns2:cad>
     </ns2:TrackPointExtension>
    </extensions>
   </trkpt>
   <trkpt lat="39.9730640" lon="-105.2731070">
    <ele>1763.4</ele>
    <time>2024-04-17T11:38:15Z</time>
    <extensions>
     <ns2:TrackPointExtension>
      <ns2:atemp>19</ns2:atemp>
      <ns2:hr>142</ns2:hr>
      <ns2:cad>91</ns2:cad>
     </ns2:TrackPointExtension>
    </extensions>
   </trkpt>
   <trkpt lat="39.9730690" lon="-105.2731270">
    <ele>1763.6</ele>
    <time>2024-04-17T11:38:16Z</time>
    <extensions>
     <ns2:TrackPointExtension>
      <ns2:atemp>19</ns2:atemp>
      <ns2:hr>142</ns2:hr>
      <ns2:cad>91</ns2:cad>
     </ns2:TrackPointExtension>
    </extensions>
   </trkpt>
   <trkpt lat="39.9730920" lon="-105.2732400">
    <ele>1764.6</ele>
    <time>2024-04-17T11:38:21Z</time>
    <extensions>
     <ns2:TrackPointExtension>
      <ns2:atemp>19</ns2:atemp>
      <ns2:hr>139</ns2:hr>
      <ns2:cad>89</ns2:cad>
     </ns2:TrackPointExtension>
    </extensions>
   </trkpt>
   <trkpt lat="39.9731260" lon="-105.2733900">
    <ele>1765.6</ele>
    <time>2024-04-17T11:38:27Z</time>
    <extensions>
     <ns2:TrackPointExtension>
      <ns2:atemp>19</ns2:atemp>
      <ns2:hr>141</ns2:hr>
      <ns2:cad>90</ns2:cad>
     </ns2:TrackPointExtension>
    </extensions>
   </trkpt>
   <trkpt lat="39.9731540" lon="-105.2735430">
    <ele>1766.8</ele>
    <time>2024-04-17T11:38:33Z</time>
    <extensions>
     <ns2:TrackPointExtension>
      <ns2:atemp>19</ns2:atemp>
      <ns2:hr>142</ns2:hr>
      <ns2:cad>90</ns2:cad>
     </ns2:TrackPointExtension>
    </extensions>
   </trkpt>
   <trkpt lat="39.9731990" lon="-105.2736400">
    <ele>1767.2</ele>
    <time>2024-04-17T11:38:37Z</time>
    <extensions>
     <ns2:TrackPointExtension>
      <ns2:atemp>19</ns2:atemp>
      <ns2:hr>142</ns2:hr>
      <ns2:cad>89</ns2:cad>
     </ns2:TrackPointExtension>
    </extensions>
   </trkpt>
   <trkpt lat="39.9732790" lon="-105.2737350">
    <ele>1767.8</ele>
    <time>2024-04-17T11:38:42Z</time>
    <extensions>
     <ns2:TrackPointExtension>
      <ns2:atemp>19</ns2:atemp>
      <ns2:hr>143</ns2:hr>
      <ns2:cad>91</ns2:cad>
     </ns2:TrackPointExtension>
    </extensions>
   </trkpt>
   <trkpt lat="39.9732960" lon="-105.2737480">
    <ele>1768.0</ele>
    <time>2024-04-17T11:38:43Z</time>
    <extensions>
     <ns2:TrackPointExtension>
      <ns2:atemp>19</ns2:atemp>
      <ns2:hr>146</ns2:hr>
      <ns2:cad>91</ns2:cad>
     </ns2:TrackPointExtension>
    </extensions>
   </trkpt>
   <trkpt lat="39.9733300" lon="-105.2737820">
    <ele>1768.4</ele>
    <time>2024-04-17T11:38:45Z</time>
    <extensions>
     <ns2:TrackPointExtension>
      <ns2:atemp>18</ns2:atemp>
      <ns2:hr>143</ns2:hr>
      <ns2:cad>91</ns2:cad>
     </ns2:TrackPointExtension>
    </extensions>
   </trkpt>
   <trkpt lat="39.9733910" lon="-105.2738580">
    <ele>1768.8</ele>
    <time>2024-04-17T11:38:49Z</time>
    <extensions>
     <ns2:TrackPointExtension>
      <ns2:atemp>18</ns2:atemp>
      <ns2:hr>144</ns2:hr>
      <ns2:cad>93</ns2:cad>
     </ns2:TrackPointExtension>
    </extensions>
   </trkpt>
   <trkpt lat="39.9734090" lon="-105.2738750">
    <ele>1769.0</ele>
    <time>2024-04-17T11:38:50Z</time>
    <extensions>
     <ns2:TrackPointExtension>
      <ns2:atemp>18</ns2:atemp>
      <ns2:hr>144</ns2:hr>
      <ns2:cad>92</ns2:cad>
     </ns2:TrackPointExtension>
    </extensions>
   </trkpt>
   <trkpt lat="39.9734730" lon="-105.2739450">
    <ele>1769.8</ele>
    <time>2024-04-17T11:38:54Z</time>
    <extensions>
     <ns2:TrackPointExtension>
      <ns2:atemp>18</ns2:atemp>
      <ns2:hr>144</ns2:hr>
      <ns2:cad>90</ns2:cad>
     </ns2:TrackPointExtension>
    </extensions>
   </trkpt>
   <trkpt lat="39.9735890" lon="-105.2740410">
    <ele>1771.0</ele>
    <time>2024-04-17T11:39:00Z</time>
    <extensions>
     <ns2:TrackPointExtension>
      <ns2:atemp>18</ns2:atemp>
      <ns2:hr>146</ns2:hr>
      <ns2:cad>91</ns2:cad>
     </ns2:TrackPointExtension>
    </extensions>
   </trkpt>
   <trkpt lat="39.9736850" lon="-105.2742430">
    <ele>1771.0</ele>
    <time>2024-04-17T11:39:09Z</time>
    <extensions>
     <ns2:TrackPointExtension>
      <ns2:atemp>18</ns2:atemp>
      <ns2:hr>145</ns2:hr>
      <ns2:cad>90</ns2:cad>
     </ns2:TrackPointExtension>
    </extensions>
   </trkpt>
   <trkpt lat="39.9737560" lon="-105.2744140">
    <ele>1772.0</ele>
    <time>2024-04-17T11:39:16Z</time>
    <extensions>
     <ns2:TrackPointExtension>
      <ns2:atemp>18</ns2:atemp>
      <ns2:hr>146</ns2:hr>
      <ns2:cad>90</ns2:cad>
     </ns2:TrackPointExtension>
    </extensions>
   </trkpt>
   <trkpt lat="39.9737650" lon="-105.2744410">
    <ele>1772.2</ele>
    <time>2024-04-17T11:39:17Z</time>
    <extensions>
     <ns2:TrackPointExtension>
      <ns2:atemp>18</ns2:atemp>
      <ns2:hr>145</ns2:hr>
      <ns2:cad>90</ns2:cad>
     </ns2:TrackPointExtension>
    </extensions>
   </trkpt>
   <trkpt lat="39.9738100" lon="-105.2745570">
    <ele>1772.8</ele>
    <time>2024-04-17T11:39:22Z</time>
    <extensions>
     <ns2:TrackPointExtension>
      <ns2:atemp>18</ns2:atemp>
      <ns2:hr>147</ns2:hr>
      <ns2:cad>91</ns2:cad>
     </ns2:TrackPointExtension>
    </extensions>
   </trkpt>
   <trkpt lat="39.9738380" lon="-105.2745990">
    <ele>1773.2</ele>
    <time>2024-04-17T11:39:24Z</time>
    <extensions>
     <ns2:TrackPointExtension>
      <ns2:atemp>18</ns2:atemp>
      <ns2:hr>148</ns2:hr>
      <ns2:cad>91</ns2:cad>
     </ns2:TrackPointExtension>
    </extensions>
   </trkpt>
   <trkpt lat="39.9739050" lon="-105.2746940">
    <ele>1774.0</ele>
    <time>2024-04-17T11:39:29Z</time>
    <extensions>
     <ns2:TrackPointExtension>
      <ns2:atemp>18</ns2:atemp>
      <ns2:hr>149</ns2:hr>
      <ns2:cad>92</ns2:cad>
     </ns2:TrackPointExtension>
    </extensions>
   </trkpt>
   <trkpt lat="39.9739360" lon="-105.2747260">
    <ele>1774.2</ele>
    <time>2024-04-17T11:39:31Z</time>
    <extensions>
     <ns2:TrackPointExtension>
      <ns2:atemp>18</ns2:atemp>
      <ns2:hr>151</ns2:hr>
      <ns2:cad>91</ns2:cad>
     </ns2:TrackPointExtension>
    </extensions>
   </trkpt>
   <trkpt lat="39.9739620" lon="-105.2747640">
    <ele>1774.6</ele>
    <time>2024-04-17T11:39:33Z</time>
    <extensions>
     <ns2:TrackPointExtension>
      <ns2:atemp>18</ns2:atemp>
      <ns2:hr>149</ns2:hr>
      <ns2:cad>91</ns2:cad>
     </ns2:TrackPointExtension>
    </extensions>
   </trkpt>
   <trkpt lat="39.9740460" lon="-105.2748390">
    <ele>1775.4</ele>
    <time>2024-04-17T11:39:38Z</time>
    <extensions>
     <ns2:TrackPointExtension>
      <ns2:atemp>18</ns2:atemp>
      <ns2:hr>149</ns2:hr>
      <ns2:cad>92</ns2:cad>
     </ns2:TrackPointExtension>
    </extensions>
   </trkpt>
   <trkpt lat="39.9740650" lon="-105.2748490">
    <ele>1775.4</ele>
    <time>2024-04-17T11:39:39Z</time>
    <extensions>
     <ns2:TrackPointExtension>
      <ns2:atemp>18</ns2:atemp>
      <ns2:hr>151</ns2:hr>
      <ns2:cad>92</ns2:cad>
     </ns2:TrackPointExtension>
    </extensions>
   </trkpt>
   <trkpt lat="39.9741400" lon="-105.2749010">
    <ele>1776.2</ele>
    <time>2024-04-17T11:39:43Z</time>
    <extensions>
     <ns2:TrackPointExtension>
      <ns2:atemp>18</ns2:atemp>
      <ns2:hr>148</ns2:hr>
      <ns2:cad>92</ns2:cad>
     </ns2:TrackPointExtension>
    </extensions>
   </trkpt>
   <trkpt lat="39.9741660" lon="-105.2749350">
    <ele>1776.4</ele>
    <time>2024-04-17T11:39:45Z</time>
    <extensions>
     <ns2:TrackPointExtension>
      <ns2:atemp>18</ns2:atemp>
      <ns2:hr>150</ns2:hr>
      <ns2:cad>91</ns2:cad>
     </ns2:TrackPointExtension>
    </extensions>
   </trkpt>
   <trkpt lat="39.9742300" lon="-105.2749970">
    <ele>1777.0</ele>
    <time>2024-04-17T11:39:49Z</time>
    <extensions>
     <ns2:TrackPointExtension>
      <ns2:atemp>18</ns2:atemp>
      <ns2:hr>150</ns2:hr>
      <ns2:cad>90</ns2:cad>
     </ns2:TrackPointExtension>
    </extensions>
   </trkpt>
   <trkpt lat="39.9743280" lon="-105.2751250">
    <ele>1777.6</ele>
    <time>2024-04-17T11:39:56Z</time>
    <extensions>
     <ns2:TrackPointExtension>
      <ns2:atemp>18</ns2:atemp>
      <ns2:hr>148</ns2:hr>
      <ns2:cad>90</ns2:cad>
     </ns2:TrackPointExtension>
    </extensions>
   </trkpt>
   <trkpt lat="39.9743500" lon="-105.2751670">
    <ele>1777.8</ele>
    <time>2024-04-17T11:39:58Z</time>
    <extensions>
     <ns2:TrackPointExtension>
      <ns2:atemp>18</ns2:atemp>
      <ns2:hr>149</ns2:hr>
      <ns2:cad>91</ns2:cad>
     </ns2:TrackPointExtension>
    </extensions>
   </trkpt>
   <trkpt lat="39.9743900" lon="-105.2752870">
    <ele>1778.6</ele>
    <time>2024-04-17T11:40:03Z</time>
    <extensions>
     <ns2:TrackPointExtension>
      <ns2:atemp>17</ns2:atemp>
      <ns2:hr>150</ns2:hr>
      <ns2:cad>90</ns2:cad>
     </ns2:TrackPointExtension>
    </extensions>
   </trkpt>
   <trkpt lat="39.9744180" lon="-105.2754040">
    <ele>1779.4</ele>
    <time>2024-04-17T11:40:08Z</time>
    <extensions>
     <ns2:TrackPointExtension>
      <ns2:atemp>17</ns2:atemp>
      <ns2:hr>151</ns2:hr>
      <ns2:cad>90</ns2:cad>
     </ns2:TrackPointExtension>
    </extensions>
   </trkpt>
   <trkpt lat="39.9744350" lon="-105.2754540">
    <ele>1779.6</ele>
    <time>2024-04-17T11:40:10Z</time>
    <extensions>
     <ns2:TrackPointExtension>
      <ns2:atemp>17</ns2:atemp>
      <ns2:hr>151</ns2:hr>
      <ns2:cad>92</ns2:cad>
     </ns2:TrackPointExtension>
    </extensions>
   </trkpt>
   <trkpt lat="39.9744460" lon="-105.2755070">
    <ele>1779.6</ele>
    <time>2024-04-17T11:40:12Z</time>
    <extensions>
     <ns2:TrackPointExtension>
      <ns2:atemp>17</ns2:atemp>
      <ns2:hr>152</ns2:hr>
      <ns2:cad>91</ns2:cad>
     </ns2:TrackPointExtension>
    </extensions>
   </trkpt>
   <trkpt lat="39.9744810" lon="-105.2755980">
    <ele>1780.2</ele>
    <time>2024-04-17T11:40:16Z</time>
    <extensions>
     <ns2:TrackPointExtension>
      <ns2:atemp>17</ns2:atemp>
      <ns2:hr>151</ns2:hr>
      <ns2:cad>91</ns2:cad>
     </ns2:TrackPointExtension>
    </extensions>
   </trkpt>
   <trkpt lat="39.9745010" lon="-105.2756410">
    <ele>1780.6</ele>
    <time>2024-04-17T11:40:18Z</time>
    <extensions>
     <ns2:TrackPointExtension>
      <ns2:atemp>17</ns2:atemp>
      <ns2:hr>153</ns2:hr>
      <ns2:cad>91</ns2:cad>
     </ns2:TrackPointExtension>
    </extensions>
   </trkpt>
   <trkpt lat="39.9745510" lon="-105.2757730">
    <ele>1781.6</ele>
    <time>2024-04-17T11:40:24Z</time>
    <extensions>
     <ns2:TrackPointExtension>
      <ns2:atemp>17</ns2:atemp>
      <ns2:hr>150</ns2:hr>
      <ns2:cad>90</ns2:cad>
     </ns2:TrackPointExtension>
    </extensions>
   </trkpt>
   <trkpt lat="39.9745620" lon="-105.2757930">
    <ele>1781.6</ele>
    <time>2024-04-17T11:40:25Z</time>
    <extensions>
     <ns2:TrackPointExtension>
      <ns2:atemp>17</ns2:atemp>
      <ns2:hr>150</ns2:hr>
      <ns2:cad>89</ns2:cad>
     </ns2:TrackPointExtension>
    </extensions>
   </trkpt>
   <trkpt lat="39.9746450" lon="-105.2760190">
    <ele>1782.4</ele>
    <time>2024-04-17T11:40:35Z</time>
    <extensions>
     <ns2:TrackPointExtension>
      <ns2:atemp>17</ns2:atemp>
      <ns2:hr>149</ns2:hr>
      <ns2:cad>90</ns2:cad>
     </ns2:TrackPointExtension>
    </extensions>
   </trkpt>
   <trkpt lat="39.9746620" lon="-105.2760650">
    <ele>1782.6</ele>
    <time>2024-04-17T11:40:37Z</time>
    <extensions>
     <ns2:TrackPointExtension>
      <ns2:atemp>17</ns2:atemp>
      <ns2:hr>150</ns2:hr>
      <ns2:cad>90</ns2:cad>
     </ns2:TrackPointExtension>
    </extensions>
   </trkpt>
   <trkpt lat="39.9746820" lon="-105.2761390">
    <ele>1783.8</ele>
    <time>2024-04-17T11:40:40Z</time>
    <extensions>
     <ns2:TrackPointExtension>
      <ns2:atemp>17</ns2:atemp>
      <ns2:hr>150</ns2:hr>
      <ns2:cad>92</ns2:cad>
     </ns2:TrackPointExtension>
    </extensions>
   </trkpt>
   <trkpt lat="39.9746950" lon="-105.2761850">
    <ele>1784.4</ele>
    <time>2024-04-17T11:40:42Z</time>
    <extensions>
     <ns2:TrackPointExtension>
      <ns2:atemp>17</ns2:atemp>
      <ns2:hr>150</ns2:hr>
      <ns2:cad>92</ns2:cad>
     </ns2:TrackPointExtension>
    </extensions>
   </trkpt>
   <trkpt lat="39.9747190" lon="-105.2762890">
    <ele>1784.8</ele>
    <time>2024-04-17T11:40:46Z</time>
    <extensions>
     <ns2:TrackPointExtension>
      <ns2:atemp>17</ns2:atemp>
      <ns2:hr>150</ns2:hr>
      <ns2:cad>89</ns2:cad>
     </ns2:TrackPointExtension>
    </extensions>
   </trkpt>
   <trkpt lat="39.9747270" lon="-105.2763380">
    <ele>1785.0</ele>
    <time>2024-04-17T11:40:48Z</time>
    <extensions>
     <ns2:TrackPointExtension>
      <ns2:atemp>17</ns2:atemp>
      <ns2:hr>151</ns2:hr>
      <ns2:cad>90</ns2:cad>
     </ns2:TrackPointExtension>
    </extensions>
   </trkpt>
   <trkpt lat="39.9747450" lon="-105.2764320">
    <ele>1785.8</ele>
    <time>2024-04-17T11:40:52Z</time>
    <extensions>
     <ns2:TrackPointExtension>
      <ns2:atemp>17</ns2:atemp>
      <ns2:hr>152</ns2:hr>
      <ns2:cad>90</ns2:cad>
     </ns2:TrackPointExtension>
    </extensions>
   </trkpt>
   <trkpt lat="39.9747680" lon="-105.2765000">
    <ele>1786.0</ele>
    <time>2024-04-17T11:40:55Z</time>
    <extensions>
     <ns2:TrackPointExtension>
      <ns2:atemp>17</ns2:atemp>
      <ns2:hr>154</ns2:hr>
      <ns2:cad>89</ns2:cad>
     </ns2:TrackPointExtension>
    </extensions>
   </trkpt>
   <trkpt lat="39.9747930" lon="-105.2765940">
    <ele>1787.2</ele>
    <time>2024-04-17T11:40:59Z</time>
    <extensions>
     <ns2:TrackPointExtension>
      <ns2:atemp>17</ns2:atemp>
      <ns2:hr>154</ns2:hr>
      <ns2:cad>91</ns2:cad>
     </ns2:TrackPointExtension>
    </extensions>
   </trkpt>
   <trkpt lat="39.9748180" lon="-105.2766260">
    <ele>1787.6</ele>
    <time>2024-04-17T11:41:01Z</time>
    <extensions>
     <ns2:TrackPointExtension>
      <ns2:atemp>17</ns2:atemp>
      <ns2:hr>154</ns2:hr>
      <ns2:cad>91</ns2:cad>
     </ns2:TrackPointExtension>
    </extensions>
   </trkpt>
   <trkpt lat="39.9748510" lon="-105.2767920">
    <ele>1788.2</ele>
    <time>2024-04-17T11:41:08Z</time>
    <extensions>
     <ns2:TrackPointExtension>
      <ns2:atemp>17</ns2:atemp>
      <ns2:hr>153</ns2:hr>
      <ns2:cad>89</ns2:cad>
     </ns2:TrackPointExtension>
    </extensions>
   </trkpt>
   <trkpt lat="39.9748540" lon="-105.2768440">
    <ele>1788.4</ele>
    <time>2024-04-17T11:41:10Z</time>
    <extensions>
     <ns2:TrackPointExtension>
      <ns2:atemp>17</ns2:atemp>
      <ns2:hr>152</ns2:hr>
      <ns2:cad>89</ns2:cad>
     </ns2:TrackPointExtension>
    </extensions>
   </trkpt>
   <trkpt lat="39.9748560" lon="-105.2769980">
    <ele>1789.0</ele>
    <time>2024-04-17T11:41:16Z</time>
    <extensions>
     <ns2:TrackPointExtension>
      <ns2:atemp>17</ns2:atemp>
      <ns2:hr>152</ns2:hr>
      <ns2:cad>90</ns2:cad>
     </ns2:TrackPointExtension>
    </extensions>
   </trkpt>
   <trkpt lat="39.9748510" lon="-105.2771040">
    <ele>1789.4</ele>
    <time>2024-04-17T11:41:20Z</time>
    <extensions>
     <ns2:TrackPointExtension>
      <ns2:atemp>17</ns2:atemp>
      <ns2:hr>152</ns2:hr>
      <ns2:cad>89</ns2:cad>
     </ns2:TrackPointExtension>
    </extensions>
   </trkpt>
   <trkpt lat="39.9748470" lon="-105.2773360">
    <ele>1790.4</ele>
    <time>2024-04-17T11:41:29Z</time>
    <extensions>
     <ns2:TrackPointExtension>
      <ns2:atemp>16</ns2:atemp>
      <ns2:hr>153</ns2:hr>
      <ns2:cad>90</ns2:cad>
     </ns2:TrackPointExtension>
    </extensions>
   </trkpt>
   <trkpt lat="39.9748450" lon="-105.2773600">
    <ele>1790.6</ele>
    <time>2024-04-17T11:41:30Z</time>
    <extensions>
     <ns2:TrackPointExtension>
      <ns2:atemp>16</ns2:atemp>
      <ns2:hr>153</ns2:hr>
      <ns2:cad>90</ns2:cad>
     </ns2:TrackPointExtension>
    </extensions>
   </trkpt>
   <trkpt lat="39.9748680" lon="-105.2775670">
    <ele>1791.4</ele>
    <time>2024-04-17T11:41:38Z</time>
    <extensions>
     <ns2:TrackPointExtension>
      <ns2:atemp>16</ns2:atemp>
      <ns2:hr>153</ns2:hr>
      <ns2:cad>89</ns2:cad>
     </ns2:TrackPointExtension>
    </extensions>
   </trkpt>
   <trkpt lat="39.9748790" lon="-105.2776180">
    <ele>1791.8</ele>
    <time>2024-04-17T11:41:40Z</time>
    <extensions>
     <ns2:TrackPointExtension>
      <ns2:atemp>16</ns2:atemp>
      <ns2:hr>153</ns2:hr>
      <ns2:cad>90</ns2:cad>
     </ns2:TrackPointExtension>
    </extensions>
   </trkpt>
   <trkpt lat="39.9748880" lon="-105.2776440">
    <ele>1792.0</ele>
    <time>2024-04-17T11:41:41Z</time>
    <extensions>
     <ns2:TrackPointExtension>
      <ns2:atemp>16</ns2:atemp>
      <ns2:hr>153</ns2:hr>
      <ns2:cad>91</ns2:cad>
     </ns2:TrackPointExtension>
    </extensions>
   </trkpt>
   <trkpt lat="39.9749040" lon="-105.2777150">
    <ele>1792.4</ele>
    <time>2024-04-17T11:41:44Z</time>
    <extensions>
     <ns2:TrackPointExtension>
      <ns2:atemp>16</ns2:atemp>
      <ns2:hr>156</ns2:hr>
      <ns2:cad>91</ns2:cad>
     </ns2:TrackPointExtension>
    </extensions>
   </trkpt>
   <trkpt lat="39.9749130" lon="-105.2777380">
    <ele>1792.8</ele>
    <time>2024-04-17T11:41:45Z</time>
    <extensions>
     <ns2:TrackPointExtension>
      <ns2:atemp>16</ns2:atemp>
      <ns2:hr>154</ns2:hr>
      <ns2:cad>91</ns2:cad>
     </ns2:TrackPointExtension>
    </extensions>
   </trkpt>
   <trkpt lat="39.9749200" lon="-105.2777600">
    <ele>1792.8</ele>
    <time>2024-04-17T11:41:46Z</time>
    <extensions>
     <ns2:TrackPointExtension>
      <ns2:atemp>16</ns2:atemp>
      <ns2:hr>154</ns2:hr>
      <ns2:cad>91</ns2:cad>
     </ns2:TrackPointExtension>
    </extensions>
   </trkpt>
   <trkpt lat="39.9749360" lon="-105.2779000">
    <ele>1794.2</ele>
    <time>2024-04-17T11:41:52Z</time>
    <extensions>
     <ns2:TrackPointExtension>
      <ns2:atemp>16</ns2:atemp>
      <ns2:hr>156</ns2:hr>
      <ns2:cad>92</ns2:cad>
     </ns2:TrackPointExtension>
    </extensions>
   </trkpt>
   <trkpt lat="39.9749340" lon="-105.2779240">
    <ele>1794.6</ele>
    <time>2024-04-17T11:41:53Z</time>
    <extensions>
     <ns2:TrackPointExtension>
      <ns2:atemp>16</ns2:atemp>
      <ns2:hr>156</ns2:hr>
      <ns2:cad>92</ns2:cad>
     </ns2:TrackPointExtension>
    </extensions>
   </trkpt>
   <trkpt lat="39.9749260" lon="-105.2779980">
    <ele>1795.0</ele>
    <time>2024-04-17T11:41:56Z</time>
    <extensions>
     <ns2:TrackPointExtension>
      <ns2:atemp>16</ns2:atemp>
      <ns2:hr>152</ns2:hr>
      <ns2:cad>92</ns2:cad>
     </ns2:TrackPointExtension>
    </extensions>
   </trkpt>
   <trkpt lat="39.9749250" lon="-105.2780320">
    <ele>1795.4</ele>
    <time>2024-04-17T11:41:58Z</time>
    <extensions>
     <ns2:TrackPointExtension>
      <ns2:atemp>16</ns2:atemp>
      <ns2:hr>153</ns2:hr>
      <ns2:cad>88</ns2:cad>
     </ns2:TrackPointExtension>
    </extensions>
   </trkpt>
   <trkpt lat="39.9749350" lon="-105.2780650">
    <ele>1796.0</ele>
    <time>2024-04-17T11:42:00Z</time>
    <extensions>
     <ns2:TrackPointExtension>
      <ns2:atemp>16</ns2:atemp>
      <ns2:hr>152</ns2:hr>
      <ns2:cad>44</ns2:cad>
     </ns2:TrackPointExtension>
    </extensions>
   </trkpt>
   <trkpt lat="39.9749570" lon="-105.2781030">
    <ele>1796.4</ele>
    <time>2024-04-17T11:42:02Z</time>
    <extensions>
     <ns2:TrackPointExtension>
      <ns2:atemp>16</ns2:atemp>
      <ns2:hr>151</ns2:hr>
      <ns2:cad>90</ns2:cad>
     </ns2:TrackPointExtension>
    </extensions>
   </trkpt>
   <trkpt lat="39.9749960" lon="-105.2782300">
    <ele>1797.4</ele>
    <time>2024-04-17T11:42:08Z</time>
    <extensions>
     <ns2:TrackPointExtension>
      <ns2:atemp>16</ns2:atemp>
      <ns2:hr>150</ns2:hr>
      <ns2:cad>90</ns2:cad>
     </ns2:TrackPointExtension>
    </extensions>
   </trkpt>
   <trkpt lat="39.9750230" lon="-105.2783250">
    <ele>1798.6</ele>
    <time>2024-04-17T11:42:12Z</time>
    <extensions>
     <ns2:TrackPointExtension>
      <ns2:atemp>16</ns2:atemp>
      <ns2:hr>150</ns2:hr>
      <ns2:cad>90</ns2:cad>
     </ns2:TrackPointExtension>
    </extensions>
   </trkpt>
   <trkpt lat="39.9750650" lon="-105.2784480">
    <ele>1799.8</ele>
    <time>2024-04-17T11:42:18Z</time>
    <extensions>
     <ns2:TrackPointExtension>
      <ns2:atemp>16</ns2:atemp>
      <ns2:hr>149</ns2:hr>
      <ns2:cad>90</ns2:cad>
     </ns2:TrackPointExtension>
    </extensions>
   </trkpt>
   <trkpt lat="39.9750810" lon="-105.2784870">
    <ele>1800.2</ele>
    <time>2024-04-17T11:42:20Z</time>
    <extensions>
     <ns2:TrackPointExtension>
      <ns2:atemp>16</ns2:atemp>
      <ns2:hr>149</ns2:hr>
      <ns2:cad>90</ns2:cad>
     </ns2:TrackPointExtension>
    </extensions>
   </trkpt>
   <trkpt lat="39.9751050" lon="-105.2785480">
    <ele>1800.8</ele>
    <time>2024-04-17T11:42:23Z</time>
    <extensions>
     <ns2:TrackPointExtension>
      <ns2:atemp>16</ns2:atemp>
      <ns2:hr>148</ns2:hr>
      <ns2:cad>91</ns2:cad>
     </ns2:TrackPointExtension>
    </extensions>
   </trkpt>
   <trkpt lat="39.9751260" lon="-105.2786360">
    <ele>1802.0</ele>
    <time>2024-04-17T11:42:27Z</time>
    <extensions>
     <ns2:TrackPointExtension>
      <ns2:atemp>16</ns2:atemp>
      <ns2:hr>146</ns2:hr>
      <ns2:cad>88</ns2:cad>
     </ns2:TrackPointExtension>
    </extensions>
   </trkpt>
   <trkpt lat="39.9751420" lon="-105.2786750">
    <ele>1802.2</ele>
    <time>2024-04-17T11:42:29Z</time>
    <extensions>
     <ns2:TrackPointExtension>
      <ns2:atemp>16</ns2:atemp>
      <ns2:hr>145</ns2:hr>
      <ns2:cad>88</ns2:cad>
     </ns2:TrackPointExtension>
    </extensions>
   </trkpt>
   <trkpt lat="39.9751500" lon="-105.2786980">
    <ele>1802.4</ele>
    <time>2024-04-17T11:42:30Z</time>
    <extensions>
     <ns2:TrackPointExtension>
      <ns2:atemp>16</ns2:atemp>
      <ns2:hr>148</ns2:hr>
      <ns2:cad>88</ns2:cad>
     </ns2:TrackPointExtension>
    </extensions>
   </trkpt>
   <trkpt lat="39.9751760" lon="-105.2787690">
    <ele>1802.8</ele>
    <time>2024-04-17T11:42:33Z</time>
    <extensions>
     <ns2:TrackPointExtension>
      <ns2:atemp>16</ns2:atemp>
      <ns2:hr>151</ns2:hr>
      <ns2:cad>90</ns2:cad>
     </ns2:TrackPointExtension>
    </extensions>
   </trkpt>
   <trkpt lat="39.9751860" lon="-105.2787880">
    <ele>1803.2</ele>
    <time>2024-04-17T11:42:34Z</time>
    <extensions>
     <ns2:TrackPointExtension>
      <ns2:atemp>16</ns2:atemp>
      <ns2:hr>149</ns2:hr>
      <ns2:cad>90</ns2:cad>
     </ns2:TrackPointExtension>
    </extensions>
   </trkpt>
   <trkpt lat="39.9752200" lon="-105.2788820">
    <ele>1803.8</ele>
    <time>2024-04-17T11:42:38Z</time>
    <extensions>
     <ns2:TrackPointExtension>
      <ns2:atemp>16</ns2:atemp>
      <ns2:hr>149</ns2:hr>
      <ns2:cad>90</ns2:cad>
     </ns2:TrackPointExtension>
    </extensions>
   </trkpt>
   <trkpt lat="39.9752460" lon="-105.2789440">
    <ele>1804.2</ele>
    <time>2024-04-17T11:42:41Z</time>
    <extensions>
     <ns2:TrackPointExtension>
      <ns2:atemp>16</ns2:atemp>
      <ns2:hr>149</ns2:hr>
      <ns2:cad>91</ns2:cad>
     </ns2:TrackPointExtension>
    </extensions>
   </trkpt>
   <trkpt lat="39.9752530" lon="-105.2790490">
    <ele>1804.4</ele>
    <time>2024-04-17T11:42:45Z</time>
    <extensions>
     <ns2:TrackPointExtension>
      <ns2:atemp>16</ns2:atemp>
      <ns2:hr>150</ns2:hr>
      <ns2:cad>89</ns2:cad>
     </ns2:TrackPointExtension>
    </extensions>
   </trkpt>
   <trkpt lat="39.9752520" lon="-105.2791300">
    <ele>1804.4</ele>
    <time>2024-04-17T11:42:48Z</time>
    <extensions>
     <ns2:TrackPointExtension>
      <ns2:atemp>16</ns2:atemp>
      <ns2:hr>147</ns2:hr>
      <ns2:cad>89</ns2:cad>
     </ns2:TrackPointExtension>
    </extensions>
   </trkpt>
   <trkpt lat="39.9752350" lon="-105.2793080">
    <ele>1804.8</ele>
    <time>2024-04-17T11:42:55Z</time>
    <extensions>
     <ns2:TrackPointExtension>
      <ns2:atemp>16</ns2:atemp>
      <ns2:hr>146</ns2:hr>
      <ns2:cad>89</ns2:cad>
     </ns2:TrackPointExtension>
    </extensions>
   </trkpt>
   <trkpt lat="39.9752280" lon="-105.2793540">
    <ele>1805.0</ele>
    <time>2024-04-17T11:42:57Z</time>
    <extensions>
     <ns2:TrackPointExtension>
      <ns2:atemp>16</ns2:atemp>
      <ns2:hr>147</ns2:hr>
      <ns2:cad>89</ns2:cad>
     </ns2:TrackPointExtension>
    </extensions>
   </trkpt>
   <trkpt lat="39.9752160" lon="-105.2794050">
    <ele>1805.4</ele>
    <time>2024-04-17T11:42:59Z</time>
    <extensions>
     <ns2:TrackPointExtension>
      <ns2:atemp>16</ns2:atemp>
      <ns2:hr>148</ns2:hr>
      <ns2:cad>88</ns2:cad>
     </ns2:TrackPointExtension>
    </extensions>
   </trkpt>
   <trkpt lat="39.9751970" lon="-105.2794830">
    <ele>1805.6</ele>
    <time>2024-04-17T11:43:02Z</time>
    <extensions>
     <ns2:TrackPointExtension>
      <ns2:atemp>16</ns2:atemp>
      <ns2:hr>147</ns2:hr>
      <ns2:cad>89</ns2:cad>
     </ns2:TrackPointExtension>
    </extensions>
   </trkpt>
   <trkpt lat="39.9751900" lon="-105.2795380">
    <ele>1806.0</ele>
    <time>2024-04-17T11:43:04Z</time>
    <extensions>
     <ns2:TrackPointExtension>
      <ns2:atemp>16</ns2:atemp>
      <ns2:hr>150</ns2:hr>
      <ns2:cad>90</ns2:cad>
     </ns2:TrackPointExtension>
    </extensions>
   </trkpt>
   <trkpt lat="39.9751800" lon="-105.2796310">
    <ele>1806.4</ele>
    <time>2024-04-17T11:43:08Z</time>
    <extensions>
     <ns2:TrackPointExtension>
      <ns2:atemp>16</ns2:atemp>
      <ns2:hr>150</ns2:hr>
      <ns2:cad>88</ns2:cad>
     </ns2:TrackPointExtension>
    </extensions>
   </trkpt>
   <trkpt lat="39.9751730" lon="-105.2796900">
    <ele>1806.6</ele>
    <time>2024-04-17T11:43:10Z</time>
    <extensions>
     <ns2:TrackPointExtension>
      <ns2:atemp>16</ns2:atemp>
      <ns2:hr>149</ns2:hr>
      <ns2:cad>88</ns2:cad>
     </ns2:TrackPointExtension>
    </extensions>
   </trkpt>
   <trkpt lat="39.9751660" lon="-105.2797880">
    <ele>1807.4</ele>
    <time>2024-04-17T11:43:14Z</time>
    <extensions>
     <ns2:TrackPointExtension>
      <ns2:atemp>16</ns2:atemp>
      <ns2:hr>150</ns2:hr>
      <ns2:cad>91</ns2:cad>
     </ns2:TrackPointExtension>
    </extensions>
   </trkpt>
   <trkpt lat="39.9751600" lon="-105.2798500">
    <ele>1808.2</ele>
    <time>2024-04-17T11:43:17Z</time>
    <extensions>
     <ns2:TrackPointExtension>
      <ns2:atemp>16</ns2:atemp>
      <ns2:hr>152</ns2:hr>
      <ns2:cad>90</ns2:cad>
     </ns2:TrackPointExtension>
    </extensions>
   </trkpt>
   <trkpt lat="39.9751600" lon="-105.2798930">
    <ele>1808.6</ele>
    <time>2024-04-17T11:43:19Z</time>
    <extensions>
     <ns2:TrackPointExtension>
      <ns2:atemp>16</ns2:atemp>
      <ns2:hr>151</ns2:hr>
      <ns2:cad>90</ns2:cad>
     </ns2:TrackPointExtension>
    </extensions>
   </trkpt>
   <trkpt lat="39.9751500" lon="-105.2799570">
    <ele>1808.8</ele>
    <time>2024-04-17T11:43:22Z</time>
    <extensions>
     <ns2:TrackPointExtension>
      <ns2:atemp>16</ns2:atemp>
      <ns2:hr>148</ns2:hr>
      <ns2:cad>91</ns2:cad>
     </ns2:TrackPointExtension>
    </extensions>
   </trkpt>
   <trkpt lat="39.9751300" lon="-105.2800510">
    <ele>1809.8</ele>
    <time>2024-04-17T11:43:26Z</time>
    <extensions>
     <ns2:TrackPointExtension>
      <ns2:atemp>15</ns2:atemp>
      <ns2:hr>148</ns2:hr>
      <ns2:cad>91</ns2:cad>
     </ns2:TrackPointExtension>
    </extensions>
   </trkpt>
   <trkpt lat="39.9751220" lon="-105.2800900">
    <ele>1810.4</ele>
    <time>2024-04-17T11:43:28Z</time>
    <extensions>
     <ns2:TrackPointExtension>
      <ns2:atemp>15</ns2:atemp>
      <ns2:hr>151</ns2:hr>
      <ns2:cad>92</ns2:cad>
     </ns2:TrackPointExtension>
    </extensions>
   </trkpt>
   <trkpt lat="39.9751140" lon="-105.2801330">
    <ele>1811.0</ele>
    <time>2024-04-17T11:43:30Z</time>
    <extensions>
     <ns2:TrackPointExtension>
      <ns2:atemp>15</ns2:atemp>
      <ns2:hr>150</ns2:hr>
      <ns2:cad>93</ns2:cad>
     </ns2:TrackPointExtension>
    </extensions>
   </trkpt>
   <trkpt lat="39.9751120" lon="-105.2802420">
    <ele>1811.8</ele>
    <time>2024-04-17T11:43:35Z</time>
    <extensions>
     <ns2:TrackPointExtension>
      <ns2:atemp>15</ns2:atemp>
      <ns2:hr>150</ns2:hr>
      <ns2:cad>90</ns2:cad>
     </ns2:TrackPointExtension>
    </extensions>
   </trkpt>
   <trkpt lat="39.9751090" lon="-105.2802630">
    <ele>1812.0</ele>
    <time>2024-04-17T11:43:36Z</time>
    <extensions>
     <ns2:TrackPointExtension>
      <ns2:atemp>15</ns2:atemp>
      <ns2:hr>150</ns2:hr>
      <ns2:cad>90</ns2:cad>
     </ns2:TrackPointExtension>
    </extensions>
   </trkpt>
   <trkpt lat="39.9751220" lon="-105.2803240">
    <ele>1812.8</ele>
    <time>2024-04-17T11:43:39Z</time>
    <extensions>
     <ns2:TrackPointExtension>
      <ns2:atemp>15</ns2:atemp>
      <ns2:hr>149</ns2:hr>
      <ns2:cad>90</ns2:cad>
     </ns2:TrackPointExtension>
    </extensions>
   </trkpt>
   <trkpt lat="39.9751210" lon="-105.2803730">
    <ele>1813.0</ele>
    <time>2024-04-17T11:43:41Z</time>
    <extensions>
     <ns2:TrackPointExtension>
      <ns2:atemp>15</ns2:atemp>
      <ns2:hr>148</ns2:hr>
      <ns2:cad>92</ns2:cad>
     </ns2:TrackPointExtension>
    </extensions>
   </trkpt>
   <trkpt lat="39.9751190" lon="-105.2803950">
    <ele>1813.2</ele>
    <time>2024-04-17T11:43:42Z</time>
    <extensions>
     <ns2:TrackPointExtension>
      <ns2:atemp>15</ns2:atemp>
      <ns2:hr>149</ns2:hr>
      <ns2:cad>92</ns2:cad>
     </ns2:TrackPointExtension>
    </extensions>
   </trkpt>
   <trkpt lat="39.9751180" lon="-105.2804640">
    <ele>1814.2</ele>
    <time>2024-04-17T11:43:45Z</time>
    <extensions>
     <ns2:TrackPointExtension>
      <ns2:atemp>15</ns2:atemp>
      <ns2:hr>150</ns2:hr>
      <ns2:cad>92</ns2:cad>
     </ns2:TrackPointExtension>
    </extensions>
   </trkpt>
   <trkpt lat="39.9751190" lon="-105.2804840">
    <ele>1814.4</ele>
    <time>2024-04-17T11:43:46Z</time>
    <extensions>
     <ns2:TrackPointExtension>
      <ns2:atemp>15</ns2:atemp>
      <ns2:hr>146</ns2:hr>
      <ns2:cad>89</ns2:cad>
     </ns2:TrackPointExtension>
    </extensions>
   </trkpt>
   <trkpt lat="39.9751250" lon="-105.2805270">
    <ele>1814.8</ele>
    <time>2024-04-17T11:43:48Z</time>
    <extensions>
     <ns2:TrackPointExtension>
      <ns2:atemp>15</ns2:atemp>
      <ns2:hr>149</ns2:hr>
      <ns2:cad>89</ns2:cad>
     </ns2:TrackPointExtension>
    </extensions>
   </trkpt>
   <trkpt lat="39.9751230" lon="-105.2805540">
    <ele>1815.2</ele>
    <time>2024-04-17T11:43:49Z</time>
    <extensions>
     <ns2:TrackPointExtension>
      <ns2:atemp>15</ns2:atemp>
      <ns2:hr>151</ns2:hr>
      <ns2:cad>89</ns2:cad>
     </ns2:TrackPointExtension>
    </extensions>
   </trkpt>
   <trkpt lat="39.9751240" lon="-105.2805760">
    <ele>1815.4</ele>
    <time>2024-04-17T11:43:50Z</time>
    <extensions>
     <ns2:TrackPointExtension>
      <ns2:atemp>15</ns2:atemp>
      <ns2:hr>149</ns2:hr>
      <ns2:cad>89</ns2:cad>
     </ns2:TrackPointExtension>
    </extensions>
   </trkpt>
   <trkpt lat="39.9751360" lon="-105.2806560">
    <ele>1816.4</ele>
    <time>2024-04-17T11:43:54Z</time>
    <extensions>
     <ns2:TrackPointExtension>
      <ns2:atemp>15</ns2:atemp>
      <ns2:hr>150</ns2:hr>
      <ns2:cad>89</ns2:cad>
     </ns2:TrackPointExtension>
    </extensions>
   </trkpt>
   <trkpt lat="39.9751580" lon="-105.2807230">
    <ele>1817.2</ele>
    <time>2024-04-17T11:43:57Z</time>
    <extensions>
     <ns2:TrackPointExtension>
      <ns2:atemp>15</ns2:atemp>
      <ns2:hr>148</ns2:hr>
      <ns2:cad>88</ns2:cad>
     </ns2:TrackPointExtension>
    </extensions>
   </trkpt>
   <trkpt lat="39.9751630" lon="-105.2807790">
    <ele>1817.4</ele>
    <time>2024-04-17T11:43:59Z</time>
    <extensions>
     <ns2:TrackPointExtension>
      <ns2:atemp>15</ns2:atemp>
      <ns2:hr>151</ns2:hr>
      <ns2:cad>88</ns2:cad>
     </ns2:TrackPointExtension>
    </extensions>
   </trkpt>
   <trkpt lat="39.9751680" lon="-105.2808490">
    <ele>1817.6</ele>
    <time>2024-04-17T11:44:01Z</time>
    <extensions>
     <ns2:TrackPointExtension>
      <ns2:atemp>15</ns2:atemp>
      <ns2:hr>150</ns2:hr>
      <ns2:cad>90</ns2:cad>
     </ns2:TrackPointExtension>
    </extensions>
   </trkpt>
   <trkpt lat="39.9751870" lon="-105.2809450">
    <ele>1818.6</ele>
    <time>2024-04-17T11:44:05Z</time>
    <extensions>
     <ns2:TrackPointExtension>
      <ns2:atemp>15</ns2:atemp>
      <ns2:hr>151</ns2:hr>
      <ns2:cad>89</ns2:cad>
     </ns2:TrackPointExtension>
    </extensions>
   </trkpt>
   <trkpt lat="39.9751870" lon="-105.2810650">
    <ele>1819.8</ele>
    <time>2024-04-17T11:44:10Z</time>
    <extensions>
     <ns2:TrackPointExtension>
      <ns2:atemp>15</ns2:atemp>
      <ns2:hr>154</ns2:hr>
      <ns2:cad>91</ns2:cad>
     </ns2:TrackPointExtension>
    </extensions>
   </trkpt>
   <trkpt lat="39.9751850" lon="-105.2811500">
    <ele>1820.0</ele>
    <time>2024-04-17T11:44:13Z</time>
    <extensions>
     <ns2:TrackPointExtension>
      <ns2:atemp>15</ns2:atemp>
      <ns2:hr>154</ns2:hr>
      <ns2:cad>91</ns2:cad>
     </ns2:TrackPointExtension>
    </extensions>
   </trkpt>
   <trkpt lat="39.9751890" lon="-105.2811980">
    <ele>1820.2</ele>
    <time>2024-04-17T11:44:15Z</time>
    <extensions>
     <ns2:TrackPointExtension>
      <ns2:atemp>15</ns2:atemp>
      <ns2:hr>157</ns2:hr>
      <ns2:cad>90</ns2:cad>
     </ns2:TrackPointExtension>
    </extensions>
   </trkpt>
   <trkpt lat="39.9751780" lon="-105.2812840">
    <ele>1820.8</ele>
    <time>2024-04-17T11:44:19Z</time>
    <extensions>
     <ns2:TrackPointExtension>
      <ns2:atemp>15</ns2:atemp>
      <ns2:hr>161</ns2:hr>
      <ns2:cad>89</ns2:cad>
     </ns2:TrackPointExtension>
    </extensions>
   </trkpt>
   <trkpt lat="39.9751780" lon="-105.2813460">
    <ele>1821.4</ele>
    <time>2024-04-17T11:44:22Z</time>
    <extensions>
     <ns2:TrackPointExtension>
      <ns2:atemp>15</ns2:atemp>
      <ns2:hr>162</ns2:hr>
      <ns2:cad>89</ns2:cad>
     </ns2:TrackPointExtension>
    </extensions>
   </trkpt>
   <trkpt lat="39.9751910" lon="-105.2814030">
    <ele>1821.8</ele>
    <time>2024-04-17T11:44:24Z</time>
    <extensions>
     <ns2:TrackPointExtension>
      <ns2:atemp>15</ns2:atemp>
      <ns2:hr>162</ns2:hr>
      <ns2:cad>89</ns2:cad>
     </ns2:TrackPointExtension>
    </extensions>
   </trkpt>
   <trkpt lat="39.9752240" lon="-105.2814860">
    <ele>1822.6</ele>
    <time>2024-04-17T11:44:28Z</time>
    <extensions>
     <ns2:TrackPointExtension>
      <ns2:atemp>15</ns2:atemp>
      <ns2:hr>161</ns2:hr>
      <ns2:cad>88</ns2:cad>
     </ns2:TrackPointExtension>
    </extensions>
   </trkpt>
   <trkpt lat="39.9752510" lon="-105.2815270">
    <ele>1823.0</ele>
    <time>2024-04-17T11:44:30Z</time>
    <extensions>
     <ns2:TrackPointExtension>
      <ns2:atemp>15</ns2:atemp>
      <ns2:hr>162</ns2:hr>
      <ns2:cad>89</ns2:cad>
     </ns2:TrackPointExtension>
    </extensions>
   </trkpt>
   <trkpt lat="39.9752780" lon="-105.2815790">
    <ele>1824.0</ele>
    <time>2024-04-17T11:44:33Z</time>
    <extensions>
     <ns2:TrackPointExtension>
      <ns2:atemp>15</ns2:atemp>
      <ns2:hr>160</ns2:hr>
      <ns2:cad>90</ns2:cad>
     </ns2:TrackPointExtension>
    </extensions>
   </trkpt>
   <trkpt lat="39.9752910" lon="-105.2815940">
    <ele>1824.4</ele>
    <time>2024-04-17T11:44:34Z</time>
    <extensions>
     <ns2:TrackPointExtension>
      <ns2:atemp>15</ns2:atemp>
      <ns2:hr>160</ns2:hr>
      <ns2:cad>90</ns2:cad>
     </ns2:TrackPointExtension>
    </extensions>
   </trkpt>
   <trkpt lat="39.9753030" lon="-105.2816070">
    <ele>1824.8</ele>
    <time>2024-04-17T11:44:35Z</time>
    <extensions>
     <ns2:TrackPointExtension>
      <ns2:atemp>15</ns2:atemp>
      <ns2:hr>160</ns2:hr>
      <ns2:cad>90</ns2:cad>
     </ns2:TrackPointExtension>
    </extensions>
   </trkpt>
   <trkpt lat="39.9753100" lon="-105.2816240">
    <ele>1825.0</ele>
    <time>2024-04-17T11:44:36Z</time>
    <extensions>
     <ns2:TrackPointExtension>
      <ns2:atemp>15</ns2:atemp>
      <ns2:hr>159</ns2:hr>
      <ns2:cad>89</ns2:cad>
     </ns2:TrackPointExtension>
    </extensions>
   </trkpt>
   <trkpt lat="39.9753150" lon="-105.2816420">
    <ele>1825.4</ele>
    <time>2024-04-17T11:44:37Z</time>
    <extensions>
     <ns2:TrackPointExtension>
      <ns2:atemp>15</ns2:atemp>
      <ns2:hr>159</ns2:hr>
      <ns2:cad>88</ns2:cad>
     </ns2:TrackPointExtension>
    </extensions>
   </trkpt>
   <trkpt lat="39.9753250" lon="-105.2816950">
    <ele>1826.4</ele>
    <time>2024-04-17T11:44:40Z</time>
    <extensions>
     <ns2:TrackPointExtension>
      <ns2:atemp>15</ns2:atemp>
      <ns2:hr>159</ns2:hr>
      <ns2:cad>87</ns2:cad>
     </ns2:TrackPointExtension>
    </extensions>
   </trkpt>
   <trkpt lat="39.9752760" lon="-105.2818200">
    <ele>1827.2</ele>
    <time>2024-04-17T11:44:47Z</time>
    <extensions>
     <ns2:TrackPointExtension>
      <ns2:atemp>15</ns2:atemp>
      <ns2:hr>162</ns2:hr>
      <ns2:cad>88</ns2:cad>
     </ns2:TrackPointExtension>
    </extensions>
   </trkpt>
   <trkpt lat="39.9752630" lon="-105.2818370">
    <ele>1827.6</ele>
    <time>2024-04-17T11:44:48Z</time>
    <extensions>
     <ns2:TrackPointExtension>
      <ns2:atemp>15</ns2:atemp>
      <ns2:hr>162</ns2:hr>
      <ns2:cad>88</ns2:cad>
     </ns2:TrackPointExtension>
    </extensions>
   </trkpt>
   <trkpt lat="39.9752030" lon="-105.2819110">
    <ele>1828.6</ele>
    <time>2024-04-17T11:44:53Z</time>
    <extensions>
     <ns2:TrackPointExtension>
      <ns2:atemp>15</ns2:atemp>
      <ns2:hr>161</ns2:hr>
      <ns2:cad>89</ns2:cad>
     </ns2:TrackPointExtension>
    </extensions>
   </trkpt>
   <trkpt lat="39.9751810" lon="-105.2819360">
    <ele>1828.8</ele>
    <time>2024-04-17T11:44:55Z</time>
    <extensions>
     <ns2:TrackPointExtension>
      <ns2:atemp>15</ns2:atemp>
      <ns2:hr>159</ns2:hr>
      <ns2:cad>90</ns2:cad>
     </ns2:TrackPointExtension>
    </extensions>
   </trkpt>
   <trkpt lat="39.9751340" lon="-105.2820050">
    <ele>1829.6</ele>
    <time>2024-04-17T11:44:59Z</time>
    <extensions>
     <ns2:TrackPointExtension>
      <ns2:atemp>15</ns2:atemp>
      <ns2:hr>158</ns2:hr>
      <ns2:cad>88</ns2:cad>
     </ns2:TrackPointExtension>
    </extensions>
   </trkpt>
   <trkpt lat="39.9750710" lon="-105.2820840">
    <ele>1830.4</ele>
    <time>2024-04-17T11:45:04Z</time>
    <extensions>
     <ns2:TrackPointExtension>
      <ns2:atemp>15</ns2:atemp>
      <ns2:hr>155</ns2:hr>
      <ns2:cad>87</ns2:cad>
     </ns2:TrackPointExtension>
    </extensions>
   </trkpt>
   <trkpt lat="39.9750600" lon="-105.2820970">
    <ele>1830.6</ele>
    <time>2024-04-17T11:45:05Z</time>
    <extensions>
     <ns2:TrackPointExtension>
      <ns2:atemp>15</ns2:atemp>
      <ns2:hr>158</ns2:hr>
      <ns2:cad>87</ns2:cad>
     </ns2:TrackPointExtension>
    </extensions>
   </trkpt>
   <trkpt lat="39.9750500" lon="-105.2821070">
    <ele>1830.8</ele>
    <time>2024-04-17T11:45:06Z</time>
    <extensions>
     <ns2:TrackPointExtension>
      <ns2:atemp>15</ns2:atemp>
      <ns2:hr>158</ns2:hr>
      <ns2:cad>88</ns2:cad>
     </ns2:TrackPointExtension>
    </extensions>
   </trkpt>
   <trkpt lat="39.9750380" lon="-105.2821190">
    <ele>1830.8</ele>
    <time>2024-04-17T11:45:07Z</time>
    <extensions>
     <ns2:TrackPointExtension>
      <ns2:atemp>15</ns2:atemp>
      <ns2:hr>158</ns2:hr>
      <ns2:cad>89</ns2:cad>
     </ns2:TrackPointExtension>
    </extensions>
   </trkpt>
   <trkpt lat="39.9749650" lon="-105.2821570">
    <ele>1832.0</ele>
    <time>2024-04-17T11:45:12Z</time>
    <extensions>
     <ns2:TrackPointExtension>
      <ns2:atemp>15</ns2:atemp>
      <ns2:hr>158</ns2:hr>
      <ns2:cad>89</ns2:cad>
     </ns2:TrackPointExtension>
    </extensions>
   </trkpt>
   <trkpt lat="39.9749220" lon="-105.2821890">
    <ele>1832.8</ele>
    <time>2024-04-17T11:45:15Z</time>
    <extensions>
     <ns2:TrackPointExtension>
      <ns2:atemp>15</ns2:atemp>
      <ns2:hr>161</ns2:hr>
      <ns2:cad>90</ns2:cad>
     </ns2:TrackPointExtension>
    </extensions>
   </trkpt>
   <trkpt lat="39.9749160" lon="-105.2822010">
    <ele>1833.0</ele>
    <time>2024-04-17T11:45:16Z</time>
    <extensions>
     <ns2:TrackPointExtension>
      <ns2:atemp>15</ns2:atemp>
      <ns2:hr>161</ns2:hr>
      <ns2:cad>90</ns2:cad>
     </ns2:TrackPointExtension>
    </extensions>
   </trkpt>
   <trkpt lat="39.9748770" lon="-105.2822440">
    <ele>1833.4</ele>
    <time>2024-04-17T11:45:19Z</time>
    <extensions>
     <ns2:TrackPointExtension>
      <ns2:atemp>15</ns2:atemp>
      <ns2:hr>158</ns2:hr>
      <ns2:cad>88</ns2:cad>
     </ns2:TrackPointExtension>
    </extensions>
   </trkpt>
   <trkpt lat="39.9748250" lon="-105.2822950">
    <ele>1834.0</ele>
    <time>2024-04-17T11:45:23Z</time>
    <extensions>
     <ns2:TrackPointExtension>
      <ns2:atemp>15</ns2:atemp>
      <ns2:hr>158</ns2:hr>
      <ns2:cad>88</ns2:cad>
     </ns2:TrackPointExtension>
    </extensions>
   </trkpt>
   <trkpt lat="39.9747720" lon="-105.2823580">
    <ele>1835.0</ele>
    <time>2024-04-17T11:45:27Z</time>
    <extensions>
     <ns2:TrackPointExtension>
      <ns2:atemp>15</ns2:atemp>
      <ns2:hr>160</ns2:hr>
      <ns2:cad>89</ns2:cad>
     </ns2:TrackPointExtension>
    </extensions>
   </trkpt>
   <trkpt lat="39.9747580" lon="-105.2823760">
    <ele>1835.2</ele>
    <time>2024-04-17T11:45:28Z</time>
    <extensions>
     <ns2:TrackPointExtension>
      <ns2:atemp>15</ns2:atemp>
      <ns2:hr>160</ns2:hr>
      <ns2:cad>90</ns2:cad>
     </ns2:TrackPointExtension>
    </extensions>
   </trkpt>
   <trkpt lat="39.9747050" lon="-105.2824340">
    <ele>1835.8</ele>
    <time>2024-04-17T11:45:32Z</time>
    <extensions>
     <ns2:TrackPointExtension>
      <ns2:atemp>15</ns2:atemp>
      <ns2:hr>157</ns2:hr>
      <ns2:cad>90</ns2:cad>
     </ns2:TrackPointExtension>
    </extensions>
   </trkpt>
   <trkpt lat="39.9746660" lon="-105.2824730">
    <ele>1836.4</ele>
    <time>2024-04-17T11:45:35Z</time>
    <extensions>
     <ns2:TrackPointExtension>
      <ns2:atemp>15</ns2:atemp>
      <ns2:hr>158</ns2:hr>
      <ns2:cad>89</ns2:cad>
     </ns2:TrackPointExtension>
    </extensions>
   </trkpt>
   <trkpt lat="39.9746190" lon="-105.2825180">
    <ele>1837.8</ele>
    <time>2024-04-17T11:45:39Z</time>
    <extensions>
     <ns2:TrackPointExtension>
      <ns2:atemp>15</ns2:atemp>
      <ns2:hr>160</ns2:hr>
      <ns2:cad>90</ns2:cad>
     </ns2:TrackPointExtension>
    </extensions>
   </trkpt>
   <trkpt lat="39.9745720" lon="-105.2825660">
    <ele>1838.2</ele>
    <time>2024-04-17T11:45:42Z</time>
    <extensions>
     <ns2:TrackPointExtension>
      <ns2:atemp>15</ns2:atemp>
      <ns2:hr>156</ns2:hr>
      <ns2:cad>89</ns2:cad>
     </ns2:TrackPointExtension>
    </extensions>
   </trkpt>
   <trkpt lat="39.9745320" lon="-105.2826130">
    <ele>1838.6</ele>
    <time>2024-04-17T11:45:45Z</time>
    <extensions>
     <ns2:TrackPointExtension>
      <ns2:atemp>15</ns2:atemp>
      <ns2:hr>159</ns2:hr>
      <ns2:cad>89</ns2:cad>
     </ns2:TrackPointExtension>
    </extensions>
   </trkpt>
   <trkpt lat="39.9745150" lon="-105.2826310">
    <ele>1838.8</ele>
    <time>2024-04-17T11:45:46Z</time>
    <extensions>
     <ns2:TrackPointExtension>
      <ns2:atemp>15</ns2:atemp>
      <ns2:hr>159</ns2:hr>
      <ns2:cad>90</ns2:cad>
     </ns2:TrackPointExtension>
    </extensions>
   </trkpt>
   <trkpt lat="39.9744340" lon="-105.2827010">
    <ele>1840.0</ele>
    <time>2024-04-17T11:45:51Z</time>
    <extensions>
     <ns2:TrackPointExtension>
      <ns2:atemp>15</ns2:atemp>
      <ns2:hr>160</ns2:hr>
      <ns2:cad>89</ns2:cad>
     </ns2:TrackPointExtension>
    </extensions>
   </trkpt>
   <trkpt lat="39.9744160" lon="-105.2827100">
    <ele>1840.2</ele>
    <time>2024-04-17T11:45:52Z</time>
    <extensions>
     <ns2:TrackPointExtension>
      <ns2:atemp>15</ns2:atemp>
      <ns2:hr>160</ns2:hr>
      <ns2:cad>89</ns2:cad>
     </ns2:TrackPointExtension>
    </extensions>
   </trkpt>
   <trkpt lat="39.9743540" lon="-105.2827630">
    <ele>1841.0</ele>
    <time>2024-04-17T11:45:56Z</time>
    <extensions>
     <ns2:TrackPointExtension>
      <ns2:atemp>15</ns2:atemp>
      <ns2:hr>159</ns2:hr>
      <ns2:cad>89</ns2:cad>
     </ns2:TrackPointExtension>
    </extensions>
   </trkpt>
   <trkpt lat="39.9742960" lon="-105.2828480">
    <ele>1842.0</ele>
    <time>2024-04-17T11:46:00Z</time>
    <extensions>
     <ns2:TrackPointExtension>
      <ns2:atemp>15</ns2:atemp>
      <ns2:hr>161</ns2:hr>
      <ns2:cad>90</ns2:cad>
     </ns2:TrackPointExtension>
    </extensions>
   </trkpt>
   <trkpt lat="39.9742810" lon="-105.2828570">
    <ele>1842.2</ele>
    <time>2024-04-17T11:46:01Z</time>
    <extensions>
     <ns2:TrackPointExtension>
      <ns2:atemp>15</ns2:atemp>
      <ns2:hr>160</ns2:hr>
      <ns2:cad>90</ns2:cad>
     </ns2:TrackPointExtension>
    </extensions>
   </trkpt>
   <trkpt lat="39.9741270" lon="-105.2829710">
    <ele>1843.2</ele>
    <time>2024-04-17T11:46:10Z</time>
    <extensions>
     <ns2:TrackPointExtension>
      <ns2:atemp>15</ns2:atemp>
      <ns2:hr>159</ns2:hr>
      <ns2:cad>91</ns2:cad>
     </ns2:TrackPointExtension>
    </extensions>
   </trkpt>
   <trkpt lat="39.9740530" lon="-105.2830620">
    <ele>1844.4</ele>
    <time>2024-04-17T11:46:16Z</time>
    <extensions>
     <ns2:TrackPointExtension>
      <ns2:atemp>15</ns2:atemp>
      <ns2:hr>160</ns2:hr>
      <ns2:cad>91</ns2:cad>
     </ns2:TrackPointExtension>
    </extensions>
   </trkpt>
   <trkpt lat="39.9740300" lon="-105.2830920">
    <ele>1845.0</ele>
    <time>2024-04-17T11:46:18Z</time>
    <extensions>
     <ns2:TrackPointExtension>
      <ns2:atemp>15</ns2:atemp>
      <ns2:hr>160</ns2:hr>
      <ns2:cad>91</ns2:cad>
     </ns2:TrackPointExtension>
    </extensions>
   </trkpt>
   <trkpt lat="39.9740150" lon="-105.2831050">
    <ele>1845.4</ele>
    <time>2024-04-17T11:46:19Z</time>
    <extensions>
     <ns2:TrackPointExtension>
      <ns2:atemp>15</ns2:atemp>
      <ns2:hr>157</ns2:hr>
      <ns2:cad>92</ns2:cad>
     </ns2:TrackPointExtension>
    </extensions>
   </trkpt>
   <trkpt lat="39.9740000" lon="-105.2831200">
    <ele>1845.4</ele>
    <time>2024-04-17T11:46:20Z</time>
    <extensions>
     <ns2:TrackPointExtension>
      <ns2:atemp>15</ns2:atemp>
      <ns2:hr>157</ns2:hr>
      <ns2:cad>91</ns2:cad>
     </ns2:TrackPointExtension>
    </extensions>
   </trkpt>
   <trkpt lat="39.9739350" lon="-105.2832150">
    <ele>1846.6</ele>
    <time>2024-04-17T11:46:26Z</time>
    <extensions>
     <ns2:TrackPointExtension>
      <ns2:atemp>15</ns2:atemp>
      <ns2:hr>157</ns2:hr>
      <ns2:cad>91</ns2:cad>
     </ns2:TrackPointExtension>
    </extensions>
   </trkpt>
   <trkpt lat="39.9739100" lon="-105.2832330">
    <ele>1846.8</ele>
    <time>2024-04-17T11:46:28Z</time>
    <extensions>
     <ns2:TrackPointExtension>
      <ns2:atemp>15</ns2:atemp>
      <ns2:hr>157</ns2:hr>
      <ns2:cad>91</ns2:cad>
     </ns2:TrackPointExtension>
    </extensions>
   </trkpt>
   <trkpt lat="39.9738840" lon="-105.2832620">
    <ele>1847.6</ele>
    <time>2024-04-17T11:46:30Z</time>
    <extensions>
     <ns2:TrackPointExtension>
      <ns2:atemp>15</ns2:atemp>
      <ns2:hr>157</ns2:hr>
      <ns2:cad>90</ns2:cad>
     </ns2:TrackPointExtension>
    </extensions>
   </trkpt>
   <trkpt lat="39.9738360" lon="-105.2833920">
    <ele>1848.8</ele>
    <time>2024-04-17T11:46:36Z</time>
    <extensions>
     <ns2:TrackPointExtension>
      <ns2:atemp>15</ns2:atemp>
      <ns2:hr>158</ns2:hr>
      <ns2:cad>89</ns2:cad>
     </ns2:TrackPointExtension>
    </extensions>
   </trkpt>
   <trkpt lat="39.9737690" lon="-105.2835180">
    <ele>1850.0</ele>
    <time>2024-04-17T11:46:42Z</time>
    <extensions>
     <ns2:TrackPointExtension>
      <ns2:atemp>15</ns2:atemp>
      <ns2:hr>159</ns2:hr>
      <ns2:cad>90</ns2:cad>
     </ns2:TrackPointExtension>
    </extensions>
   </trkpt>
   <trkpt lat="39.9737410" lon="-105.2835780">
    <ele>1850.4</ele>
    <time>2024-04-17T11:46:45Z</time>
    <extensions>
     <ns2:TrackPointExtension>
      <ns2:atemp>15</ns2:atemp>
      <ns2:hr>157</ns2:hr>
      <ns2:cad>90</ns2:cad>
     </ns2:TrackPointExtension>
    </extensions>
   </trkpt>
   <trkpt lat="39.9737060" lon="-105.2836430">
    <ele>1851.2</ele>
    <time>2024-04-17T11:46:49Z</time>
    <extensions>
     <ns2:TrackPointExtension>
      <ns2:atemp>15</ns2:atemp>
      <ns2:hr>157</ns2:hr>
      <ns2:cad>90</ns2:cad>
     </ns2:TrackPointExtension>
    </extensions>
   </trkpt>
   <trkpt lat="39.9736670" lon="-105.2836840">
    <ele>1852.0</ele>
    <time>2024-04-17T11:46:52Z</time>
    <extensions>
     <ns2:TrackPointExtension>
      <ns2:atemp>15</ns2:atemp>
      <ns2:hr>155</ns2:hr>
      <ns2:cad>89</ns2:cad>
     </ns2:TrackPointExtension>
    </extensions>
   </trkpt>
   <trkpt lat="39.9736540" lon="-105.2836960">
    <ele>1852.2</ele>
    <time>2024-04-17T11:46:53Z</time>
    <extensions>
     <ns2:TrackPointExtension>
      <ns2:atemp>15</ns2:atemp>
      <ns2:hr>156</ns2:hr>
      <ns2:cad>89</ns2:cad>
     </ns2:TrackPointExtension>
    </extensions>
   </trkpt>
   <trkpt lat="39.9735840" lon="-105.2837710">
    <ele>1853.2</ele>
    <time>2024-04-17T11:46:58Z</time>
    <extensions>
     <ns2:TrackPointExtension>
      <ns2:atemp>15</ns2:atemp>
      <ns2:hr>155</ns2:hr>
      <ns2:cad>89</ns2:cad>
     </ns2:TrackPointExtension>
    </extensions>
   </trkpt>
   <trkpt lat="39.9735320" lon="-105.2838260">
    <ele>1854.2</ele>
    <time>2024-04-17T11:47:02Z</time>
    <extensions>
     <ns2:TrackPointExtension>
      <ns2:atemp>15</ns2:atemp>
      <ns2:hr>154</ns2:hr>
      <ns2:cad>89</ns2:cad>
     </ns2:TrackPointExtension>
    </extensions>
   </trkpt>
   <trkpt lat="39.9735150" lon="-105.2838430">
    <ele>1854.6</ele>
    <time>2024-04-17T11:47:03Z</time>
    <extensions>
     <ns2:TrackPointExtension>
      <ns2:atemp>15</ns2:atemp>
      <ns2:hr>154</ns2:hr>
      <ns2:cad>89</ns2:cad>
     </ns2:TrackPointExtension>
    </extensions>
   </trkpt>
   <trkpt lat="39.9734700" lon="-105.2839150">
    <ele>1855.6</ele>
    <time>2024-04-17T11:47:07Z</time>
    <extensions>
     <ns2:TrackPointExtension>
      <ns2:atemp>15</ns2:atemp>
      <ns2:hr>154</ns2:hr>
      <ns2:cad>89</ns2:cad>
     </ns2:TrackPointExtension>
    </extensions>
   </trkpt>
   <trkpt lat="39.9733970" lon="-105.2840280">
    <ele>1856.6</ele>
    <time>2024-04-17T11:47:13Z</time>
    <extensions>
     <ns2:TrackPointExtension>
      <ns2:atemp>15</ns2:atemp>
      <ns2:hr>154</ns2:hr>
      <ns2:cad>89</ns2:cad>
     </ns2:TrackPointExtension>
    </extensions>
   </trkpt>
   <trkpt lat="39.9733000" lon="-105.2841050">
    <ele>1857.8</ele>
    <time>2024-04-17T11:47:19Z</time>
    <extensions>
     <ns2:TrackPointExtension>
      <ns2:atemp>15</ns2:atemp>
      <ns2:hr>154</ns2:hr>
      <ns2:cad>91</ns2:cad>
     </ns2:TrackPointExtension>
    </extensions>
   </trkpt>
   <trkpt lat="39.9732810" lon="-105.2841180">
    <ele>1857.8</ele>
    <time>2024-04-17T11:47:20Z</time>
    <extensions>
     <ns2:TrackPointExtension>
      <ns2:atemp>15</ns2:atemp>
      <ns2:hr>154</ns2:hr>
      <ns2:cad>91</ns2:cad>
     </ns2:TrackPointExtension>
    </extensions>
   </trkpt>
   <trkpt lat="39.9731440" lon="-105.2841730">
    <ele>1858.6</ele>
    <time>2024-04-17T11:47:27Z</time>
    <extensions>
     <ns2:TrackPointExtension>
      <ns2:atemp>15</ns2:atemp>
      <ns2:hr>156</ns2:hr>
      <ns2:cad>90</ns2:cad>
     </ns2:TrackPointExtension>
    </extensions>
   </trkpt>
   <trkpt lat="39.9731240" lon="-105.2841780">
    <ele>1858.8</ele>
    <time>2024-04-17T11:47:28Z</time>
    <extensions>
     <ns2:TrackPointExtension>
      <ns2:atemp>15</ns2:atemp>
      <ns2:hr>156</ns2:hr>
      <ns2:cad>90</ns2:cad>
     </ns2:TrackPointExtension>
    </extensions>
   </trkpt>
   <trkpt lat="39.9730030" lon="-105.2842100">
    <ele>1859.2</ele>
    <time>2024-04-17T11:47:34Z</time>
    <extensions>
     <ns2:TrackPointExtension>
      <ns2:atemp>15</ns2:atemp>
      <ns2:hr>156</ns2:hr>
      <ns2:cad>90</ns2:cad>
     </ns2:TrackPointExtension>
    </extensions>
   </trkpt>
   <trkpt lat="39.9729190" lon="-105.2842500">
    <ele>1859.0</ele>
    <time>2024-04-17T11:47:38Z</time>
    <extensions>
     <ns2:TrackPointExtension>
      <ns2:atemp>15</ns2:atemp>
      <ns2:hr>156</ns2:hr>
      <ns2:cad>88</ns2:cad>
     </ns2:TrackPointExtension>
    </extensions>
   </trkpt>
   <trkpt lat="39.9728460" lon="-105.2842480">
    <ele>1858.8</ele>
    <time>2024-04-17T11:47:41Z</time>
    <extensions>
     <ns2:TrackPointExtension>
      <ns2:atemp>15</ns2:atemp>
      <ns2:hr>156</ns2:hr>
      <ns2:cad>90</ns2:cad>
     </ns2:TrackPointExtension>
    </extensions>
   </trkpt>
   <trkpt lat="39.9728050" lon="-105.2842250">
    <ele>1859.2</ele>
    <time>2024-04-17T11:47:43Z</time>
    <extensions>
     <ns2:TrackPointExtension>
      <ns2:atemp>15</ns2:atemp>
      <ns2:hr>156</ns2:hr>
      <ns2:cad>92</ns2:cad>
     </ns2:TrackPointExtension>
    </extensions>
   </trkpt>
   <trkpt lat="39.9727980" lon="-105.2842120">
    <ele>1859.2</ele>
    <time>2024-04-17T11:47:44Z</time>
    <extensions>
     <ns2:TrackPointExtension>
      <ns2:atemp>15</ns2:atemp>
      <ns2:hr>161</ns2:hr>
      <ns2:cad>92</ns2:cad>
     </ns2:TrackPointExtension>
    </extensions>
   </trkpt>
   <trkpt lat="39.9727920" lon="-105.2841930">
    <ele>1859.2</ele>
    <time>2024-04-17T11:47:45Z</time>
    <extensions>
     <ns2:TrackPointExtension>
      <ns2:atemp>15</ns2:atemp>
      <ns2:hr>157</ns2:hr>
      <ns2:cad>92</ns2:cad>
     </ns2:TrackPointExtension>
    </extensions>
   </trkpt>
   <trkpt lat="39.9727880" lon="-105.2841700">
    <ele>1859.2</ele>
    <time>2024-04-17T11:47:46Z</time>
    <extensions>
     <ns2:TrackPointExtension>
      <ns2:atemp>15</ns2:atemp>
      <ns2:hr>157</ns2:hr>
      <ns2:cad>92</ns2:cad>
     </ns2:TrackPointExtension>
    </extensions>
   </trkpt>
   <trkpt lat="39.9728220" lon="-105.2840550">
    <ele>1859.4</ele>
    <time>2024-04-17T11:47:51Z</time>
    <extensions>
     <ns2:TrackPointExtension>
      <ns2:atemp>15</ns2:atemp>
      <ns2:hr>154</ns2:hr>
      <ns2:cad>90</ns2:cad>
     </ns2:TrackPointExtension>
    </extensions>
   </trkpt>
   <trkpt lat="39.9728380" lon="-105.2840260">
    <ele>1860.0</ele>
    <time>2024-04-17T11:47:53Z</time>
    <extensions>
     <ns2:TrackPointExtension>
      <ns2:atemp>15</ns2:atemp>
      <ns2:hr>156</ns2:hr>
      <ns2:cad>90</ns2:cad>
     </ns2:TrackPointExtension>
    </extensions>
   </trkpt>
   <trkpt lat="39.9728530" lon="-105.2840030">
    <ele>1860.8</ele>
    <time>2024-04-17T11:47:55Z</time>
    <extensions>
     <ns2:TrackPointExtension>
      <ns2:atemp>15</ns2:atemp>
      <ns2:hr>155</ns2:hr>
      <ns2:cad>90</ns2:cad>
     </ns2:TrackPointExtension>
    </extensions>
   </trkpt>
   <trkpt lat="39.9728640" lon="-105.2839890">
    <ele>1860.8</ele>
    <time>2024-04-17T11:47:56Z</time>
    <extensions>
     <ns2:TrackPointExtension>
      <ns2:atemp>15</ns2:atemp>
      <ns2:hr>155</ns2:hr>
      <ns2:cad>90</ns2:cad>
     </ns2:TrackPointExtension>
    </extensions>
   </trkpt>
   <trkpt lat="39.9728880" lon="-105.2839560">
    <ele>1861.2</ele>
    <time>2024-04-17T11:47:58Z</time>
    <extensions>
     <ns2:TrackPointExtension>
      <ns2:atemp>15</ns2:atemp>
      <ns2:hr>154</ns2:hr>
      <ns2:cad>90</ns2:cad>
     </ns2:TrackPointExtension>
    </extensions>
   </trkpt>
   <trkpt lat="39.9729230" lon="-105.2839070">
    <ele>1862.4</ele>
    <time>2024-04-17T11:48:01Z</time>
    <extensions>
     <ns2:TrackPointExtension>
      <ns2:atemp>15</ns2:atemp>
      <ns2:hr>154</ns2:hr>
      <ns2:cad>90</ns2:cad>
     </ns2:TrackPointExtension>
    </extensions>
   </trkpt>
   <trkpt lat="39.9729470" lon="-105.2838460">
    <ele>1863.0</ele>
    <time>2024-04-17T11:48:04Z</time>
    <extensions>
     <ns2:TrackPointExtension>
      <ns2:atemp>15</ns2:atemp>
      <ns2:hr>154</ns2:hr>
      <ns2:cad>90</ns2:cad>
     </ns2:TrackPointExtension>
    </extensions>
   </trkpt>
   <trkpt lat="39.9729670" lon="-105.2837730">
    <ele>1863.6</ele>
    <time>2024-04-17T11:48:07Z</time>
    <extensions>
     <ns2:TrackPointExtension>
      <ns2:atemp>15</ns2:atemp>
      <ns2:hr>154</ns2:hr>
      <ns2:cad>70</ns2:cad>
     </ns2:TrackPointExtension>
    </extensions>
   </trkpt>
   <trkpt lat="39.9730000" lon="-105.2836770">
    <ele>1864.4</ele>
    <time>2024-04-17T11:48:12Z</time>
    <extensions>
     <ns2:TrackPointExtension>
      <ns2:atemp>15</ns2:atemp>
      <ns2:hr>154</ns2:hr>
      <ns2:cad>72</ns2:cad>
     </ns2:TrackPointExtension>
    </extensions>
   </trkpt>
   <trkpt lat="39.9730030" lon="-105.2836490">
    <ele>1864.8</ele>
    <time>2024-04-17T11:48:14Z</time>
    <extensions>
     <ns2:TrackPointExtension>
      <ns2:atemp>15</ns2:atemp>
      <ns2:hr>153</ns2:hr>
      <ns2:cad>72</ns2:cad>
     </ns2:TrackPointExtension>
    </extensions>
   </trkpt>
   <trkpt lat="39.9730040" lon="-105.2835630">
    <ele>1866.0</ele>
    <time>2024-04-17T11:48:19Z</time>
    <extensions>
     <ns2:TrackPointExtension>
      <ns2:atemp>15</ns2:atemp>
      <ns2:hr>153</ns2:hr>
      <ns2:cad>72</ns2:cad>
     </ns2:TrackPointExtension>
    </extensions>
   </trkpt>
   <trkpt lat="39.9729770" lon="-105.2835300">
    <ele>1866.2</ele>
    <time>2024-04-17T11:48:21Z</time>
    <extensions>
     <ns2:TrackPointExtension>
      <ns2:atemp>15</ns2:atemp>
      <ns2:hr>152</ns2:hr>
      <ns2:cad>71</ns2:cad>
     </ns2:TrackPointExtension>
    </extensions>
   </trkpt>
   <trkpt lat="39.9729180" lon="-105.2834920">
    <ele>1866.8</ele>
    <time>2024-04-17T11:48:25Z</time>
    <extensions>
     <ns2:TrackPointExtension>
      <ns2:atemp>15</ns2:atemp>
      <ns2:hr>147</ns2:hr>
      <ns2:cad>68</ns2:cad>
     </ns2:TrackPointExtension>
    </extensions>
   </trkpt>
   <trkpt lat="39.9728980" lon="-105.2834630">
    <ele>1867.2</ele>
    <time>2024-04-17T11:48:27Z</time>
    <extensions>
     <ns2:TrackPointExtension>
      <ns2:atemp>15</ns2:atemp>
      <ns2:hr>148</ns2:hr>
      <ns2:cad>67</ns2:cad>
     </ns2:TrackPointExtension>
    </extensions>
   </trkpt>
   <trkpt lat="39.9728800" lon="-105.2834530">
    <ele>1867.4</ele>
    <time>2024-04-17T11:48:28Z</time>
    <extensions>
     <ns2:TrackPointExtension>
      <ns2:atemp>15</ns2:atemp>
      <ns2:hr>148</ns2:hr>
      <ns2:cad>67</ns2:cad>
     </ns2:TrackPointExtension>
    </extensions>
   </trkpt>
   <trkpt lat="39.9728620" lon="-105.2834440">
    <ele>1867.6</ele>
    <time>2024-04-17T11:48:29Z</time>
    <extensions>
     <ns2:TrackPointExtension>
      <ns2:atemp>15</ns2:atemp>
      <ns2:hr>147</ns2:hr>
      <ns2:cad>67</ns2:cad>
     </ns2:TrackPointExtension>
    </extensions>
   </trkpt>
   <trkpt lat="39.9728480" lon="-105.2834290">
    <ele>1867.8</ele>
    <time>2024-04-17T11:48:30Z</time>
    <extensions>
     <ns2:TrackPointExtension>
      <ns2:atemp>15</ns2:atemp>
      <ns2:hr>152</ns2:hr>
      <ns2:cad>67</ns2:cad>
     </ns2:TrackPointExtension>
    </extensions>
   </trkpt>
   <trkpt lat="39.9728010" lon="-105.2833780">
    <ele>1868.4</ele>
    <time>2024-04-17T11:48:33Z</time>
    <extensions>
     <ns2:TrackPointExtension>
      <ns2:atemp>15</ns2:atemp>
      <ns2:hr>151</ns2:hr>
      <ns2:cad>65</ns2:cad>
     </ns2:TrackPointExtension>
    </extensions>
   </trkpt>
   <trkpt lat="39.9727810" lon="-105.2833700">
    <ele>1868.8</ele>
    <time>2024-04-17T11:48:34Z</time>
    <extensions>
     <ns2:TrackPointExtension>
      <ns2:atemp>15</ns2:atemp>
      <ns2:hr>149</ns2:hr>
      <ns2:cad>65</ns2:cad>
     </ns2:TrackPointExtension>
    </extensions>
   </trkpt>
   <trkpt lat="39.9726870" lon="-105.2832900">
    <ele>1869.4</ele>
    <time>2024-04-17T11:48:41Z</time>
    <extensions>
     <ns2:TrackPointExtension>
      <ns2:atemp>15</ns2:atemp>
      <ns2:hr>148</ns2:hr>
      <ns2:cad>69</ns2:cad>
     </ns2:TrackPointExtension>
    </extensions>
   </trkpt>
   <trkpt lat="39.9726570" lon="-105.2832670">
    <ele>1869.6</ele>
    <time>2024-04-17T11:48:43Z</time>
    <extensions>
     <ns2:TrackPointExtension>
      <ns2:atemp>15</ns2:atemp>
      <ns2:hr>148</ns2:hr>
      <ns2:cad>68</ns2:cad>
     </ns2:TrackPointExtension>
    </extensions>
   </trkpt>
   <trkpt lat="39.9725750" lon="-105.2832340">
    <ele>1870.8</ele>
    <time>2024-04-17T11:48:48Z</time>
    <extensions>
     <ns2:TrackPointExtension>
      <ns2:atemp>15</ns2:atemp>
      <ns2:hr>146</ns2:hr>
      <ns2:cad>64</ns2:cad>
     </ns2:TrackPointExtension>
    </extensions>
   </trkpt>
   <trkpt lat="39.9725380" lon="-105.2832320">
    <ele>1871.2</ele>
    <time>2024-04-17T11:48:50Z</time>
    <extensions>
     <ns2:TrackPointExtension>
      <ns2:atemp>15</ns2:atemp>
      <ns2:hr>143</ns2:hr>
      <ns2:cad>64</ns2:cad>
     </ns2:TrackPointExtension>
    </extensions>
   </trkpt>
   <trkpt lat="39.9725260" lon="-105.2832250">
    <ele>1871.2</ele>
    <time>2024-04-17T11:48:51Z</time>
    <extensions>
     <ns2:TrackPointExtension>
      <ns2:atemp>15</ns2:atemp>
      <ns2:hr>142</ns2:hr>
      <ns2:cad>64</ns2:cad>
     </ns2:TrackPointExtension>
    </extensions>
   </trkpt>
   <trkpt lat="39.9724860" lon="-105.2832120">
    <ele>1872.0</ele>
    <time>2024-04-17T11:48:54Z</time>
    <extensions>
     <ns2:TrackPointExtension>
      <ns2:atemp>15</ns2:atemp>
      <ns2:hr>142</ns2:hr>
      <ns2:cad>63</ns2:cad>
     </ns2:TrackPointExtension>
    </extensions>
   </trkpt>
   <trkpt lat="39.9724370" lon="-105.2831820">
    <ele>1873.2</ele>
    <time>2024-04-17T11:49:00Z</time>
    <extensions>
     <ns2:TrackPointExtension>
      <ns2:atemp>15</ns2:atemp>
      <ns2:hr>141</ns2:hr>
      <ns2:cad>63</ns2:cad>
     </ns2:TrackPointExtension>
    </extensions>
   </trkpt>
   <trkpt lat="39.9724110" lon="-105.2831720">
    <ele>1873.4</ele>
    <time>2024-04-17T11:49:02Z</time>
    <extensions>
     <ns2:TrackPointExtension>
      <ns2:atemp>15</ns2:atemp>
      <ns2:hr>140</ns2:hr>
      <ns2:cad>62</ns2:cad>
     </ns2:TrackPointExtension>
    </extensions>
   </trkpt>
   <trkpt lat="39.9723670" lon="-105.2831200">
    <ele>1874.2</ele>
    <time>2024-04-17T11:49:06Z</time>
    <extensions>
     <ns2:TrackPointExtension>
      <ns2:atemp>15</ns2:atemp>
      <ns2:hr>140</ns2:hr>
      <ns2:cad>62</ns2:cad>
     </ns2:TrackPointExtension>
    </extensions>
   </trkpt>
   <trkpt lat="39.9723060" lon="-105.2830550">
    <ele>1875.4</ele>
    <time>2024-04-17T11:49:12Z</time>
    <extensions>
     <ns2:TrackPointExtension>
      <ns2:atemp>15</ns2:atemp>
      <ns2:hr>144</ns2:hr>
      <ns2:cad>62</ns2:cad>
     </ns2:TrackPointExtension>
    </extensions>
   </trkpt>
   <trkpt lat="39.9722710" lon="-105.2830330">
    <ele>1876.2</ele>
    <time>2024-04-17T11:49:15Z</time>
    <extensions>
     <ns2:TrackPointExtension>
      <ns2:atemp>15</ns2:atemp>
      <ns2:hr>145</ns2:hr>
      <ns2:cad>62</ns2:cad>
     </ns2:TrackPointExtension>
    </extensions>
   </trkpt>
   <trkpt lat="39.9722450" lon="-105.2830280">
    <ele>1876.6</ele>
    <time>2024-04-17T11:49:17Z</time>
    <extensions>
     <ns2:TrackPointExtension>
      <ns2:atemp>15</ns2:atemp>
      <ns2:hr>144</ns2:hr>
      <ns2:cad>63</ns2:cad>
     </ns2:TrackPointExtension>
    </extensions>
   </trkpt>
   <trkpt lat="39.9722070" lon="-105.2830140">
    <ele>1877.2</ele>
    <time>2024-04-17T11:49:20Z</time>
    <extensions>
     <ns2:TrackPointExtension>
      <ns2:atemp>15</ns2:atemp>
      <ns2:hr>141</ns2:hr>
      <ns2:cad>62</ns2:cad>
     </ns2:TrackPointExtension>
    </extensions>
   </trkpt>
   <trkpt lat="39.9721720" lon="-105.2829760">
    <ele>1877.8</ele>
    <time>2024-04-17T11:49:23Z</time>
    <extensions>
     <ns2:TrackPointExtension>
      <ns2:atemp>15</ns2:atemp>
      <ns2:hr>140</ns2:hr>
      <ns2:cad>62</ns2:cad>
     </ns2:TrackPointExtension>
    </extensions>
   </trkpt>
   <trkpt lat="39.9721510" lon="-105.2829490">
    <ele>1878.0</ele>
    <time>2024-04-17T11:49:25Z</time>
    <extensions>
     <ns2:TrackPointExtension>
      <ns2:atemp>15</ns2:atemp>
      <ns2:hr>140</ns2:hr>
      <ns2:cad>62</ns2:cad>
     </ns2:TrackPointExtension>
    </extensions>
   </trkpt>
   <trkpt lat="39.9721110" lon="-105.2829270">
    <ele>1878.8</ele>
    <time>2024-04-17T11:49:29Z</time>
    <extensions>
     <ns2:TrackPointExtension>
      <ns2:atemp>15</ns2:atemp>
      <ns2:hr>140</ns2:hr>
      <ns2:cad>65</ns2:cad>
     </ns2:TrackPointExtension>
    </extensions>
   </trkpt>
   <trkpt lat="39.9720700" lon="-105.2828960">
    <ele>1879.6</ele>
    <time>2024-04-17T11:49:33Z</time>
    <extensions>
     <ns2:TrackPointExtension>
      <ns2:atemp>15</ns2:atemp>
      <ns2:hr>137</ns2:hr>
      <ns2:cad>63</ns2:cad>
     </ns2:TrackPointExtension>
    </extensions>
   </trkpt>
   <trkpt lat="39.9720350" lon="-105.2828530">
    <ele>1880.0</ele>
    <time>2024-04-17T11:49:37Z</time>
    <extensions>
     <ns2:TrackPointExtension>
      <ns2:atemp>15</ns2:atemp>
      <ns2:hr>135</ns2:hr>
      <ns2:cad>64</ns2:cad>
     </ns2:TrackPointExtension>
    </extensions>
   </trkpt>
   <trkpt lat="39.9719870" lon="-105.2828230">
    <ele>1880.8</ele>
    <time>2024-04-17T11:49:41Z</time>
    <extensions>
     <ns2:TrackPointExtension>
      <ns2:atemp>15</ns2:atemp>
      <ns2:hr>137</ns2:hr>
      <ns2:cad>64</ns2:cad>
     </ns2:TrackPointExtension>
    </extensions>
   </trkpt>
   <trkpt lat="39.9719730" lon="-105.2828260">
    <ele>1881.0</ele>
    <time>2024-04-17T11:49:42Z</time>
    <extensions>
     <ns2:TrackPointExtension>
      <ns2:atemp>15</ns2:atemp>
      <ns2:hr>138</ns2:hr>
      <ns2:cad>64</ns2:cad>
     </ns2:TrackPointExtension>
    </extensions>
   </trkpt>
   <trkpt lat="39.9719590" lon="-105.2828250">
    <ele>1881.0</ele>
    <time>2024-04-17T11:49:43Z</time>
    <extensions>
     <ns2:TrackPointExtension>
      <ns2:atemp>15</ns2:atemp>
      <ns2:hr>135</ns2:hr>
      <ns2:cad>64</ns2:cad>
     </ns2:TrackPointExtension>
    </extensions>
   </trkpt>
   <trkpt lat="39.9718940" lon="-105.2828310">
    <ele>1882.2</ele>
    <time>2024-04-17T11:49:48Z</time>
    <extensions>
     <ns2:TrackPointExtension>
      <ns2:atemp>15</ns2:atemp>
      <ns2:hr>136</ns2:hr>
      <ns2:cad>65</ns2:cad>
     </ns2:TrackPointExtension>
    </extensions>
   </trkpt>
   <trkpt lat="39.9718740" lon="-105.2828340">
    <ele>1882.4</ele>
    <time>2024-04-17T11:49:49Z</time>
    <extensions>
     <ns2:TrackPointExtension>
      <ns2:atemp>15</ns2:atemp>
      <ns2:hr>138</ns2:hr>
      <ns2:cad>65</ns2:cad>
     </ns2:TrackPointExtension>
    </extensions>
   </trkpt>
   <trkpt lat="39.9718300" lon="-105.2828340">
    <ele>1882.8</ele>
    <time>2024-04-17T11:49:52Z</time>
    <extensions>
     <ns2:TrackPointExtension>
      <ns2:atemp>15</ns2:atemp>
      <ns2:hr>135</ns2:hr>
      <ns2:cad>67</ns2:cad>
     </ns2:TrackPointExtension>
    </extensions>
   </trkpt>
   <trkpt lat="39.9717800" lon="-105.2827920">
    <ele>1883.2</ele>
    <time>2024-04-17T11:49:56Z</time>
    <extensions>
     <ns2:TrackPointExtension>
      <ns2:atemp>15</ns2:atemp>
      <ns2:hr>136</ns2:hr>
      <ns2:cad>66</ns2:cad>
     </ns2:TrackPointExtension>
    </extensions>
   </trkpt>
   <trkpt lat="39.9717590" lon="-105.2827710">
    <ele>1883.4</ele>
    <time>2024-04-17T11:49:58Z</time>
    <extensions>
     <ns2:TrackPointExtension>
      <ns2:atemp>15</ns2:atemp>
      <ns2:hr>135</ns2:hr>
      <ns2:cad>67</ns2:cad>
     </ns2:TrackPointExtension>
    </extensions>
   </trkpt>
   <trkpt lat="39.9717070" lon="-105.2826590">
    <ele>1883.8</ele>
    <time>2024-04-17T11:50:04Z</time>
    <extensions>
     <ns2:TrackPointExtension>
      <ns2:atemp>15</ns2:atemp>
      <ns2:hr>135</ns2:hr>
      <ns2:cad>67</ns2:cad>
     </ns2:TrackPointExtension>
    </extensions>
   </trkpt>
   <trkpt lat="39.9716820" lon="-105.2826400">
    <ele>1884.2</ele>
    <time>2024-04-17T11:50:06Z</time>
    <extensions>
     <ns2:TrackPointExtension>
      <ns2:atemp>15</ns2:atemp>
      <ns2:hr>135</ns2:hr>
      <ns2:cad>67</ns2:cad>
     </ns2:TrackPointExtension>
    </extensions>
   </trkpt>
   <trkpt lat="39.9716680" lon="-105.2826110">
    <ele>1884.4</ele>
    <time>2024-04-17T11:50:08Z</time>
    <extensions>
     <ns2:TrackPointExtension>
      <ns2:atemp>15</ns2:atemp>
      <ns2:hr>135</ns2:hr>
      <ns2:cad>65</ns2:cad>
     </ns2:TrackPointExtension>
    </extensions>
   </trkpt>
   <trkpt lat="39.9716390" lon="-105.2825150">
    <ele>1885.4</ele>
    <time>2024-04-17T11:50:13Z</time>
    <extensions>
     <ns2:TrackPointExtension>
      <ns2:atemp>15</ns2:atemp>
      <ns2:hr>133</ns2:hr>
      <ns2:cad>63</ns2:cad>
     </ns2:TrackPointExtension>
    </extensions>
   </trkpt>
   <trkpt lat="39.9716330" lon="-105.2825090">
    <ele>1885.8</ele>
    <time>2024-04-17T11:50:14Z</time>
    <extensions>
     <ns2:TrackPointExtension>
      <ns2:atemp>15</ns2:atemp>
      <ns2:hr>132</ns2:hr>
      <ns2:cad>62</ns2:cad>
     </ns2:TrackPointExtension>
    </extensions>
   </trkpt>
   <trkpt lat="39.9716230" lon="-105.2825070">
    <ele>1886.2</ele>
    <time>2024-04-17T11:50:15Z</time>
    <extensions>
     <ns2:TrackPointExtension>
      <ns2:atemp>15</ns2:atemp>
      <ns2:hr>135</ns2:hr>
      <ns2:cad>62</ns2:cad>
     </ns2:TrackPointExtension>
    </extensions>
   </trkpt>
   <trkpt lat="39.9715700" lon="-105.2824870">
    <ele>1887.0</ele>
    <time>2024-04-17T11:50:19Z</time>
    <extensions>
     <ns2:TrackPointExtension>
      <ns2:atemp>15</ns2:atemp>
      <ns2:hr>137</ns2:hr>
      <ns2:cad>63</ns2:cad>
     </ns2:TrackPointExtension>
    </extensions>
   </trkpt>
   <trkpt lat="39.9715350" lon="-105.2824570">
    <ele>1887.6</ele>
    <time>2024-04-17T11:50:22Z</time>
    <extensions>
     <ns2:TrackPointExtension>
      <ns2:atemp>15</ns2:atemp>
      <ns2:hr>138</ns2:hr>
      <ns2:cad>62</ns2:cad>
     </ns2:TrackPointExtension>
    </extensions>
   </trkpt>
   <trkpt lat="39.9714960" lon="-105.2824540">
    <ele>1888.4</ele>
    <time>2024-04-17T11:50:25Z</time>
    <extensions>
     <ns2:TrackPointExtension>
      <ns2:atemp>15</ns2:atemp>
      <ns2:hr>137</ns2:hr>
      <ns2:cad>62</ns2:cad>
     </ns2:TrackPointExtension>
    </extensions>
   </trkpt>
   <trkpt lat="39.9714530" lon="-105.2824630">
    <ele>1889.4</ele>
    <time>2024-04-17T11:50:29Z</time>
    <extensions>
     <ns2:TrackPointExtension>
      <ns2:atemp>15</ns2:atemp>
      <ns2:hr>134</ns2:hr>
      <ns2:cad>60</ns2:cad>
     </ns2:TrackPointExtension>
    </extensions>
   </trkpt>
   <trkpt lat="39.9714090" lon="-105.2824670">
    <ele>1890.4</ele>
    <time>2024-04-17T11:50:33Z</time>
    <extensions>
     <ns2:TrackPointExtension>
      <ns2:atemp>15</ns2:atemp>
      <ns2:hr>134</ns2:hr>
      <ns2:cad>59</ns2:cad>
     </ns2:TrackPointExtension>
    </extensions>
   </trkpt>
   <trkpt lat="39.9713980" lon="-105.2824690">
    <ele>1890.6</ele>
    <time>2024-04-17T11:50:34Z</time>
    <extensions>
     <ns2:TrackPointExtension>
      <ns2:atemp>15</ns2:atemp>
      <ns2:hr>133</ns2:hr>
      <ns2:cad>59</ns2:cad>
     </ns2:TrackPointExtension>
    </extensions>
   </trkpt>
   <trkpt lat="39.9713300" lon="-105.2824820">
    <ele>1891.8</ele>
    <time>2024-04-17T11:50:39Z</time>
    <extensions>
     <ns2:TrackPointExtension>
      <ns2:atemp>15</ns2:atemp>
      <ns2:hr>133</ns2:hr>
      <ns2:cad>62</ns2:cad>
     </ns2:TrackPointExtension>
    </extensions>
   </trkpt>
   <trkpt lat="39.9712460" lon="-105.2824740">
    <ele>1892.8</ele>
    <time>2024-04-17T11:50:45Z</time>
    <extensions>
     <ns2:TrackPointExtension>
      <ns2:atemp>15</ns2:atemp>
      <ns2:hr>130</ns2:hr>
      <ns2:cad>62</ns2:cad>
     </ns2:TrackPointExtension>
    </extensions>
   </trkpt>
   <trkpt lat="39.9712320" lon="-105.2824740">
    <ele>1893.0</ele>
    <time>2024-04-17T11:50:46Z</time>
    <extensions>
     <ns2:TrackPointExtension>
      <ns2:atemp>15</ns2:atemp>
      <ns2:hr>130</ns2:hr>
      <ns2:cad>62</ns2:cad>
     </ns2:TrackPointExtension>
    </extensions>
   </trkpt>
   <trkpt lat="39.9711720" lon="-105.2824890">
    <ele>1894.0</ele>
    <time>2024-04-17T11:50:51Z</time>
    <extensions>
     <ns2:TrackPointExtension>
      <ns2:atemp>15</ns2:atemp>
      <ns2:hr>129</ns2:hr>
      <ns2:cad>61</ns2:cad>
     </ns2:TrackPointExtension>
    </extensions>
   </trkpt>
   <trkpt lat="39.9711170" lon="-105.2824770">
    <ele>1895.0</ele>
    <time>2024-04-17T11:50:56Z</time>
    <extensions>
     <ns2:TrackPointExtension>
      <ns2:atemp>15</ns2:atemp>
      <ns2:hr>130</ns2:hr>
      <ns2:cad>62</ns2:cad>
     </ns2:TrackPointExtension>
    </extensions>
   </trkpt>
   <trkpt lat="39.9710460" lon="-105.2824670">
    <ele>1896.0</ele>
    <time>2024-04-17T11:51:02Z</time>
    <extensions>
     <ns2:TrackPointExtension>
      <ns2:atemp>15</ns2:atemp>
      <ns2:hr>130</ns2:hr>
      <ns2:cad>62</ns2:cad>
     </ns2:TrackPointExtension>
    </extensions>
   </trkpt>
   <trkpt lat="39.9710020" lon="-105.2824590">
    <ele>1896.8</ele>
    <time>2024-04-17T11:51:06Z</time>
    <extensions>
     <ns2:TrackPointExtension>
      <ns2:atemp>15</ns2:atemp>
      <ns2:hr>130</ns2:hr>
      <ns2:cad>61</ns2:cad>
     </ns2:TrackPointExtension>
    </extensions>
   </trkpt>
   <trkpt lat="39.9709740" lon="-105.2824680">
    <ele>1897.0</ele>
    <time>2024-04-17T11:51:08Z</time>
    <extensions>
     <ns2:TrackPointExtension>
      <ns2:atemp>15</ns2:atemp>
      <ns2:hr>131</ns2:hr>
      <ns2:cad>64</ns2:cad>
     </ns2:TrackPointExtension>
    </extensions>
   </trkpt>
   <trkpt lat="39.9709050" lon="-105.2824920">
    <ele>1898.2</ele>
    <time>2024-04-17T11:51:13Z</time>
    <extensions>
     <ns2:TrackPointExtension>
      <ns2:atemp>15</ns2:atemp>
      <ns2:hr>131</ns2:hr>
      <ns2:cad>64</ns2:cad>
     </ns2:TrackPointExtension>
    </extensions>
   </trkpt>
   <trkpt lat="39.9708660" lon="-105.2825170">
    <ele>1898.8</ele>
    <time>2024-04-17T11:51:16Z</time>
    <extensions>
     <ns2:TrackPointExtension>
      <ns2:atemp>15</ns2:atemp>
      <ns2:hr>131</ns2:hr>
      <ns2:cad>61</ns2:cad>
     </ns2:TrackPointExtension>
    </extensions>
   </trkpt>
   <trkpt lat="39.9708470" lon="-105.2824990">
    <ele>1899.4</ele>
    <time>2024-04-17T11:51:18Z</time>
    <extensions>
     <ns2:TrackPointExtension>
      <ns2:atemp>15</ns2:atemp>
      <ns2:hr>131</ns2:hr>
      <ns2:cad>61</ns2:cad>
     </ns2:TrackPointExtension>
    </extensions>
   </trkpt>
   <trkpt lat="39.9708100" lon="-105.2824980">
    <ele>1900.2</ele>
    <time>2024-04-17T11:51:21Z</time>
    <extensions>
     <ns2:TrackPointExtension>
      <ns2:atemp>15</ns2:atemp>
      <ns2:hr>131</ns2:hr>
      <ns2:cad>62</ns2:cad>
     </ns2:TrackPointExtension>
    </extensions>
   </trkpt>
   <trkpt lat="39.9708010" lon="-105.2824920">
    <ele>1900.4</ele>
    <time>2024-04-17T11:51:22Z</time>
    <extensions>
     <ns2:TrackPointExtension>
      <ns2:atemp>15</ns2:atemp>
      <ns2:hr>128</ns2:hr>
      <ns2:cad>63</ns2:cad>
     </ns2:TrackPointExtension>
    </extensions>
   </trkpt>
   <trkpt lat="39.9707890" lon="-105.2824880">
    <ele>1900.6</ele>
    <time>2024-04-17T11:51:23Z</time>
    <extensions>
     <ns2:TrackPointExtension>
      <ns2:atemp>15</ns2:atemp>
      <ns2:hr>130</ns2:hr>
      <ns2:cad>63</ns2:cad>
     </ns2:TrackPointExtension>
    </extensions>
   </trkpt>
   <trkpt lat="39.9707700" lon="-105.2824760">
    <ele>1901.6</ele>
    <time>2024-04-17T11:51:26Z</time>
    <extensions>
     <ns2:TrackPointExtension>
      <ns2:atemp>15</ns2:atemp>
      <ns2:hr>130</ns2:hr>
      <ns2:cad>63</ns2:cad>
     </ns2:TrackPointExtension>
    </extensions>
   </trkpt>
   <trkpt lat="39.9706650" lon="-105.2825210">
    <ele>1902.6</ele>
    <time>2024-04-17T11:51:33Z</time>
    <extensions>
     <ns2:TrackPointExtension>
      <ns2:atemp>15</ns2:atemp>
      <ns2:hr>130</ns2:hr>
      <ns2:cad>64</ns2:cad>
     </ns2:TrackPointExtension>
    </extensions>
   </trkpt>
   <trkpt lat="39.9706510" lon="-105.2825320">
    <ele>1902.6</ele>
    <time>2024-04-17T11:51:34Z</time>
    <extensions>
     <ns2:TrackPointExtension>
      <ns2:atemp>15</ns2:atemp>
      <ns2:hr>130</ns2:hr>
      <ns2:cad>64</ns2:cad>
     </ns2:TrackPointExtension>
    </extensions>
   </trkpt>
   <trkpt lat="39.9706150" lon="-105.2826570">
    <ele>1902.6</ele>
    <time>2024-04-17T11:51:41Z</time>
    <extensions>
     <ns2:TrackPointExtension>
      <ns2:atemp>15</ns2:atemp>
      <ns2:hr>129</ns2:hr>
      <ns2:cad>66</ns2:cad>
     </ns2:TrackPointExtension>
    </extensions>
   </trkpt>
   <trkpt lat="39.9706530" lon="-105.2828060">
    <ele>1902.6</ele>
    <time>2024-04-17T11:51:47Z</time>
    <extensions>
     <ns2:TrackPointExtension>
      <ns2:atemp>15</ns2:atemp>
      <ns2:hr>128</ns2:hr>
      <ns2:cad>69</ns2:cad>
     </ns2:TrackPointExtension>
    </extensions>
   </trkpt>
   <trkpt lat="39.9706600" lon="-105.2828280">
    <ele>1902.8</ele>
    <time>2024-04-17T11:51:48Z</time>
    <extensions>
     <ns2:TrackPointExtension>
      <ns2:atemp>15</ns2:atemp>
      <ns2:hr>127</ns2:hr>
      <ns2:cad>69</ns2:cad>
     </ns2:TrackPointExtension>
    </extensions>
   </trkpt>
   <trkpt lat="39.9706880" lon="-105.2829300">
    <ele>1903.2</ele>
    <time>2024-04-17T11:51:52Z</time>
    <extensions>
     <ns2:TrackPointExtension>
      <ns2:atemp>15</ns2:atemp>
      <ns2:hr>123</ns2:hr>
      <ns2:cad>69</ns2:cad>
     </ns2:TrackPointExtension>
    </extensions>
   </trkpt>
   <trkpt lat="39.9707080" lon="-105.2829670">
    <ele>1903.8</ele>
    <time>2024-04-17T11:51:54Z</time>
    <extensions>
     <ns2:TrackPointExtension>
      <ns2:atemp>15</ns2:atemp>
      <ns2:hr>125</ns2:hr>
      <ns2:cad>67</ns2:cad>
     </ns2:TrackPointExtension>
    </extensions>
   </trkpt>
   <trkpt lat="39.9707240" lon="-105.2830350">
    <ele>1904.2</ele>
    <time>2024-04-17T11:51:57Z</time>
    <extensions>
     <ns2:TrackPointExtension>
      <ns2:atemp>15</ns2:atemp>
      <ns2:hr>122</ns2:hr>
      <ns2:cad>66</ns2:cad>
     </ns2:TrackPointExtension>
    </extensions>
   </trkpt>
   <trkpt lat="39.9707320" lon="-105.2830530">
    <ele>1904.2</ele>
    <time>2024-04-17T11:51:58Z</time>
    <extensions>
     <ns2:TrackPointExtension>
      <ns2:atemp>15</ns2:atemp>
      <ns2:hr>125</ns2:hr>
      <ns2:cad>65</ns2:cad>
     </ns2:TrackPointExtension>
    </extensions>
   </trkpt>
   <trkpt lat="39.9707540" lon="-105.2831000">
    <ele>1904.8</ele>
    <time>2024-04-17T11:52:01Z</time>
    <extensions>
     <ns2:TrackPointExtension>
      <ns2:atemp>15</ns2:atemp>
      <ns2:hr>125</ns2:hr>
      <ns2:cad>66</ns2:cad>
     </ns2:TrackPointExtension>
    </extensions>
   </trkpt>
   <trkpt lat="39.9707830" lon="-105.2831560">
    <ele>1905.2</ele>
    <time>2024-04-17T11:52:05Z</time>
    <extensions>
     <ns2:TrackPointExtension>
      <ns2:atemp>15</ns2:atemp>
      <ns2:hr>121</ns2:hr>
      <ns2:cad>65</ns2:cad>
     </ns2:TrackPointExtension>
    </extensions>
   </trkpt>
   <trkpt lat="39.9707940" lon="-105.2831880">
    <ele>1905.2</ele>
    <time>2024-04-17T11:52:07Z</time>
    <extensions>
     <ns2:TrackPointExtension>
      <ns2:atemp>15</ns2:atemp>
      <ns2:hr>124</ns2:hr>
      <ns2:cad>66</ns2:cad>
     </ns2:TrackPointExtension>
    </extensions>
   </trkpt>
   <trkpt lat="39.9708010" lon="-105.2832060">
    <ele>1905.4</ele>
    <time>2024-04-17T11:52:08Z</time>
    <extensions>
     <ns2:TrackPointExtension>
      <ns2:atemp>15</ns2:atemp>
      <ns2:hr>124</ns2:hr>
      <ns2:cad>67</ns2:cad>
     </ns2:TrackPointExtension>
    </extensions>
   </trkpt>
   <trkpt lat="39.9708360" lon="-105.2832460">
    <ele>1906.0</ele>
    <time>2024-04-17T11:52:12Z</time>
    <extensions>
     <ns2:TrackPointExtension>
      <ns2:atemp>15</ns2:atemp>
      <ns2:hr>127</ns2:hr>
      <ns2:cad>66</ns2:cad>
     </ns2:TrackPointExtension>
    </extensions>
   </trkpt>
   <trkpt lat="39.9708450" lon="-105.2832570">
    <ele>1906.0</ele>
    <time>2024-04-17T11:52:13Z</time>
    <extensions>
     <ns2:TrackPointExtension>
      <ns2:atemp>15</ns2:atemp>
      <ns2:hr>124</ns2:hr>
      <ns2:cad>66</ns2:cad>
     </ns2:TrackPointExtension>
    </extensions>
   </trkpt>
   <trkpt lat="39.9708740" lon="-105.2832770">
    <ele>1906.6</ele>
    <time>2024-04-17T11:52:16Z</time>
    <extensions>
     <ns2:TrackPointExtension>
      <ns2:atemp>15</ns2:atemp>
      <ns2:hr>124</ns2:hr>
      <ns2:cad>67</ns2:cad>
     </ns2:TrackPointExtension>
    </extensions>
   </trkpt>
   <trkpt lat="39.9709700" lon="-105.2833210">
    <ele>1907.4</ele>
    <time>2024-04-17T11:52:22Z</time>
    <extensions>
     <ns2:TrackPointExtension>
      <ns2:atemp>15</ns2:atemp>
      <ns2:hr>124</ns2:hr>
      <ns2:cad>68</ns2:cad>
     </ns2:TrackPointExtension>
    </extensions>
   </trkpt>
   <trkpt lat="39.9709950" lon="-105.2833420">
    <ele>1907.4</ele>
    <time>2024-04-17T11:52:24Z</time>
    <extensions>
     <ns2:TrackPointExtension>
      <ns2:atemp>15</ns2:atemp>
      <ns2:hr>124</ns2:hr>
      <ns2:cad>67</ns2:cad>
     </ns2:TrackPointExtension>
    </extensions>
   </trkpt>
   <trkpt lat="39.9710760" lon="-105.2834710">
    <ele>1908.6</ele>
    <time>2024-04-17T11:52:33Z</time>
    <extensions>
     <ns2:TrackPointExtension>
      <ns2:atemp>15</ns2:atemp>
      <ns2:hr>124</ns2:hr>
      <ns2:cad>67</ns2:cad>
     </ns2:TrackPointExtension>
    </extensions>
   </trkpt>
   <trkpt lat="39.9710840" lon="-105.2834840">
    <ele>1908.8</ele>
    <time>2024-04-17T11:52:34Z</time>
    <extensions>
     <ns2:TrackPointExtension>
      <ns2:atemp>15</ns2:atemp>
      <ns2:hr>124</ns2:hr>
      <ns2:cad>66</ns2:cad>
     </ns2:TrackPointExtension>
    </extensions>
   </trkpt>
   <trkpt lat="39.9711470" lon="-105.2835480">
    <ele>1909.6</ele>
    <time>2024-04-17T11:52:40Z</time>
    <extensions>
     <ns2:TrackPointExtension>
      <ns2:atemp>15</ns2:atemp>
      <ns2:hr>126</ns2:hr>
      <ns2:cad>65</ns2:cad>
     </ns2:TrackPointExtension>
    </extensions>
   </trkpt>
   <trkpt lat="39.9711690" lon="-105.2835720">
    <ele>1909.8</ele>
    <time>2024-04-17T11:52:42Z</time>
    <extensions>
     <ns2:TrackPointExtension>
      <ns2:atemp>15</ns2:atemp>
      <ns2:hr>127</ns2:hr>
      <ns2:cad>65</ns2:cad>
     </ns2:TrackPointExtension>
    </extensions>
   </trkpt>
   <trkpt lat="39.9711790" lon="-105.2835890">
    <ele>1909.8</ele>
    <time>2024-04-17T11:52:43Z</time>
    <extensions>
     <ns2:TrackPointExtension>
      <ns2:atemp>15</ns2:atemp>
      <ns2:hr>127</ns2:hr>
      <ns2:cad>64</ns2:cad>
     </ns2:TrackPointExtension>
    </extensions>
   </trkpt>
   <trkpt lat="39.9712300" lon="-105.2836780">
    <ele>1909.8</ele>
    <time>2024-04-17T11:52:47Z</time>
    <extensions>
     <ns2:TrackPointExtension>
      <ns2:atemp>15</ns2:atemp>
      <ns2:hr>129</ns2:hr>
      <ns2:cad>0</ns2:cad>
     </ns2:TrackPointExtension>
    </extensions>
   </trkpt>
   <trkpt lat="39.9713120" lon="-105.2838030">
    <ele>1910.4</ele>
    <time>2024-04-17T11:52:53Z</time>
    <extensions>
     <ns2:TrackPointExtension>
      <ns2:atemp>15</ns2:atemp>
      <ns2:hr>129</ns2:hr>
      <ns2:cad>91</ns2:cad>
     </ns2:TrackPointExtension>
    </extensions>
   </trkpt>
   <trkpt lat="39.9713280" lon="-105.2838200">
    <ele>1910.6</ele>
    <time>2024-04-17T11:52:54Z</time>
    <extensions>
     <ns2:TrackPointExtension>
      <ns2:atemp>15</ns2:atemp>
      <ns2:hr>129</ns2:hr>
      <ns2:cad>91</ns2:cad>
     </ns2:TrackPointExtension>
    </extensions>
   </trkpt>
   <trkpt lat="39.9714010" lon="-105.2839040">
    <ele>1911.8</ele>
    <time>2024-04-17T11:52:59Z</time>
    <extensions>
     <ns2:TrackPointExtension>
      <ns2:atemp>15</ns2:atemp>
      <ns2:hr>128</ns2:hr>
      <ns2:cad>92</ns2:cad>
     </ns2:TrackPointExtension>
    </extensions>
   </trkpt>
   <trkpt lat="39.9714270" lon="-105.2839300">
    <ele>1912.2</ele>
    <time>2024-04-17T11:53:01Z</time>
    <extensions>
     <ns2:TrackPointExtension>
      <ns2:atemp>15</ns2:atemp>
      <ns2:hr>131</ns2:hr>
      <ns2:cad>92</ns2:cad>
     </ns2:TrackPointExtension>
    </extensions>
   </trkpt>
   <trkpt lat="39.9714680" lon="-105.2839720">
    <ele>1913.0</ele>
    <time>2024-04-17T11:53:04Z</time>
    <extensions>
     <ns2:TrackPointExtension>
      <ns2:atemp>15</ns2:atemp>
      <ns2:hr>130</ns2:hr>
      <ns2:cad>91</ns2:cad>
     </ns2:TrackPointExtension>
    </extensions>
   </trkpt>
   <trkpt lat="39.9714820" lon="-105.2839880">
    <ele>1913.2</ele>
    <time>2024-04-17T11:53:05Z</time>
    <extensions>
     <ns2:TrackPointExtension>
      <ns2:atemp>15</ns2:atemp>
      <ns2:hr>132</ns2:hr>
      <ns2:cad>91</ns2:cad>
     </ns2:TrackPointExtension>
    </extensions>
   </trkpt>
   <trkpt lat="39.9715300" lon="-105.2840450">
    <ele>1913.6</ele>
    <time>2024-04-17T11:53:08Z</time>
    <extensions>
     <ns2:TrackPointExtension>
      <ns2:atemp>15</ns2:atemp>
      <ns2:hr>135</ns2:hr>
      <ns2:cad>93</ns2:cad>
     </ns2:TrackPointExtension>
    </extensions>
   </trkpt>
   <trkpt lat="39.9715680" lon="-105.2840680">
    <ele>1914.0</ele>
    <time>2024-04-17T11:53:10Z</time>
    <extensions>
     <ns2:TrackPointExtension>
      <ns2:atemp>15</ns2:atemp>
      <ns2:hr>136</ns2:hr>
      <ns2:cad>92</ns2:cad>
     </ns2:TrackPointExtension>
    </extensions>
   </trkpt>
   <trkpt lat="39.9716050" lon="-105.2840920">
    <ele>1914.4</ele>
    <time>2024-04-17T11:53:12Z</time>
    <extensions>
     <ns2:TrackPointExtension>
      <ns2:atemp>15</ns2:atemp>
      <ns2:hr>136</ns2:hr>
      <ns2:cad>91</ns2:cad>
     </ns2:TrackPointExtension>
    </extensions>
   </trkpt>
   <trkpt lat="39.9716700" lon="-105.2841360">
    <ele>1914.6</ele>
    <time>2024-04-17T11:53:16Z</time>
    <extensions>
     <ns2:TrackPointExtension>
      <ns2:atemp>15</ns2:atemp>
      <ns2:hr>139</ns2:hr>
      <ns2:cad>86</ns2:cad>
     </ns2:TrackPointExtension>
    </extensions>
   </trkpt>
   <trkpt lat="39.9716970" lon="-105.2841650">
    <ele>1914.4</ele>
    <time>2024-04-17T11:53:19Z</time>
    <extensions>
     <ns2:TrackPointExtension>
      <ns2:atemp>15</ns2:atemp>
      <ns2:hr>140</ns2:hr>
      <ns2:cad>86</ns2:cad>
     </ns2:TrackPointExtension>
    </extensions>
   </trkpt>
   <trkpt lat="39.9717050" lon="-105.2841680">
    <ele>1914.4</ele>
    <time>2024-04-17T11:53:20Z</time>
    <extensions>
     <ns2:TrackPointExtension>
      <ns2:atemp>15</ns2:atemp>
      <ns2:hr>140</ns2:hr>
      <ns2:cad>86</ns2:cad>
     </ns2:TrackPointExtension>
    </extensions>
   </trkpt>
   <trkpt lat="39.9717590" lon="-105.2841630">
    <ele>1914.6</ele>
    <time>2024-04-17T11:53:24Z</time>
    <extensions>
     <ns2:TrackPointExtension>
      <ns2:atemp>15</ns2:atemp>
      <ns2:hr>142</ns2:hr>
      <ns2:cad>56</ns2:cad>
     </ns2:TrackPointExtension>
    </extensions>
   </trkpt>
   <trkpt lat="39.9717690" lon="-105.2841690">
    <ele>1914.6</ele>
    <time>2024-04-17T11:53:25Z</time>
    <extensions>
     <ns2:TrackPointExtension>
      <ns2:atemp>15</ns2:atemp>
      <ns2:hr>141</ns2:hr>
      <ns2:cad>56</ns2:cad>
     </ns2:TrackPointExtension>
    </extensions>
   </trkpt>
   <trkpt lat="39.9718140" lon="-105.2842120">
    <ele>1914.6</ele>
    <time>2024-04-17T11:53:32Z</time>
    <extensions>
     <ns2:TrackPointExtension>
      <ns2:atemp>15</ns2:atemp>
      <ns2:hr>141</ns2:hr>
      <ns2:cad>51</ns2:cad>
     </ns2:TrackPointExtension>
    </extensions>
   </trkpt>
   <trkpt lat="39.9718250" lon="-105.2842200">
    <ele>1914.8</ele>
    <time>2024-04-17T11:53:35Z</time>
    <extensions>
     <ns2:TrackPointExtension>
      <ns2:atemp>15</ns2:atemp>
      <ns2:hr>137</ns2:hr>
      <ns2:cad>46</ns2:cad>
     </ns2:TrackPointExtension>
    </extensions>
   </trkpt>
   <trkpt lat="39.9718470" lon="-105.2842300">
    <ele>1914.8</ele>
    <time>2024-04-17T11:53:38Z</time>
    <extensions>
     <ns2:TrackPointExtension>
      <ns2:atemp>15</ns2:atemp>
      <ns2:hr>136</ns2:hr>
      <ns2:cad>46</ns2:cad>
     </ns2:TrackPointExtension>
    </extensions>
   </trkpt>
   <trkpt lat="39.9718900" lon="-105.2843170">
    <ele>1914.6</ele>
    <time>2024-04-17T11:53:44Z</time>
    <extensions>
     <ns2:TrackPointExtension>
      <ns2:atemp>15</ns2:atemp>
      <ns2:hr>133</ns2:hr>
      <ns2:cad>0</ns2:cad>
     </ns2:TrackPointExtension>
    </extensions>
   </trkpt>
   <trkpt lat="39.9719080" lon="-105.2843290">
    <ele>1914.4</ele>
    <time>2024-04-17T11:53:45Z</time>
    <extensions>
     <ns2:TrackPointExtension>
      <ns2:atemp>15</ns2:atemp>
      <ns2:hr>133</ns2:hr>
      <ns2:cad>87</ns2:cad>
     </ns2:TrackPointExtension>
    </extensions>
   </trkpt>
   <trkpt lat="39.9719580" lon="-105.2843720">
    <ele>1914.2</ele>
    <time>2024-04-17T11:53:48Z</time>
    <extensions>
     <ns2:TrackPointExtension>
      <ns2:atemp>15</ns2:atemp>
      <ns2:hr>130</ns2:hr>
      <ns2:cad>87</ns2:cad>
     </ns2:TrackPointExtension>
    </extensions>
   </trkpt>
   <trkpt lat="39.9720010" lon="-105.2844220">
    <ele>1914.0</ele>
    <time>2024-04-17T11:53:51Z</time>
    <extensions>
     <ns2:TrackPointExtension>
      <ns2:atemp>15</ns2:atemp>
      <ns2:hr>129</ns2:hr>
      <ns2:cad>87</ns2:cad>
     </ns2:TrackPointExtension>
    </extensions>
   </trkpt>
   <trkpt lat="39.9720370" lon="-105.2845270">
    <ele>1914.8</ele>
    <time>2024-04-17T11:53:57Z</time>
    <extensions>
     <ns2:TrackPointExtension>
      <ns2:atemp>15</ns2:atemp>
      <ns2:hr>130</ns2:hr>
      <ns2:cad>91</ns2:cad>
     </ns2:TrackPointExtension>
    </extensions>
   </trkpt>
   <trkpt lat="39.9720310" lon="-105.2845430">
    <ele>1915.2</ele>
    <time>2024-04-17T11:53:58Z</time>
    <extensions>
     <ns2:TrackPointExtension>
      <ns2:atemp>15</ns2:atemp>
      <ns2:hr>128</ns2:hr>
      <ns2:cad>91</ns2:cad>
     </ns2:TrackPointExtension>
    </extensions>
   </trkpt>
   <trkpt lat="39.9719740" lon="-105.2846100">
    <ele>1915.4</ele>
    <time>2024-04-17T11:54:03Z</time>
    <extensions>
     <ns2:TrackPointExtension>
      <ns2:atemp>15</ns2:atemp>
      <ns2:hr>130</ns2:hr>
      <ns2:cad>85</ns2:cad>
     </ns2:TrackPointExtension>
    </extensions>
   </trkpt>
   <trkpt lat="39.9719380" lon="-105.2846630">
    <ele>1915.0</ele>
    <time>2024-04-17T11:54:06Z</time>
    <extensions>
     <ns2:TrackPointExtension>
      <ns2:atemp>15</ns2:atemp>
      <ns2:hr>133</ns2:hr>
      <ns2:cad>85</ns2:cad>
     </ns2:TrackPointExtension>
    </extensions>
   </trkpt>
   <trkpt lat="39.9719310" lon="-105.2846840">
    <ele>1915.0</ele>
    <time>2024-04-17T11:54:07Z</time>
    <extensions>
     <ns2:TrackPointExtension>
      <ns2:atemp>15</ns2:atemp>
      <ns2:hr>130</ns2:hr>
      <ns2:cad>85</ns2:cad>
     </ns2:TrackPointExtension>
    </extensions>
   </trkpt>
   <trkpt lat="39.9718900" lon="-105.2847650">
    <ele>1915.2</ele>
    <time>2024-04-17T11:54:11Z</time>
    <extensions>
     <ns2:TrackPointExtension>
      <ns2:atemp>15</ns2:atemp>
      <ns2:hr>131</ns2:hr>
      <ns2:cad>85</ns2:cad>
     </ns2:TrackPointExtension>
    </extensions>
   </trkpt>
   <trkpt lat="39.9718820" lon="-105.2847980">
    <ele>1915.4</ele>
    <time>2024-04-17T11:54:13Z</time>
    <extensions>
     <ns2:TrackPointExtension>
      <ns2:atemp>15</ns2:atemp>
      <ns2:hr>128</ns2:hr>
      <ns2:cad>85</ns2:cad>
     </ns2:TrackPointExtension>
    </extensions>
   </trkpt>
   <trkpt lat="39.9718710" lon="-105.2848520">
    <ele>1916.0</ele>
    <time>2024-04-17T11:54:16Z</time>
    <extensions>
     <ns2:TrackPointExtension>
      <ns2:atemp>15</ns2:atemp>
      <ns2:hr>128</ns2:hr>
      <ns2:cad>85</ns2:cad>
     </ns2:TrackPointExtension>
    </extensions>
   </trkpt>
   <trkpt lat="39.9718670" lon="-105.2848740">
    <ele>1916.2</ele>
    <time>2024-04-17T11:54:17Z</time>
    <extensions>
     <ns2:TrackPointExtension>
      <ns2:atemp>15</ns2:atemp>
      <ns2:hr>125</ns2:hr>
      <ns2:cad>85</ns2:cad>
     </ns2:TrackPointExtension>
    </extensions>
   </trkpt>
   <trkpt lat="39.9718320" lon="-105.2849960">
    <ele>1916.8</ele>
    <time>2024-04-17T11:54:23Z</time>
    <extensions>
     <ns2:TrackPointExtension>
      <ns2:atemp>15</ns2:atemp>
      <ns2:hr>124</ns2:hr>
      <ns2:cad>0</ns2:cad>
     </ns2:TrackPointExtension>
    </extensions>
   </trkpt>
   <trkpt lat="39.9718250" lon="-105.2850840">
    <ele>1917.6</ele>
    <time>2024-04-17T11:54:29Z</time>
    <extensions>
     <ns2:TrackPointExtension>
      <ns2:atemp>15</ns2:atemp>
      <ns2:hr>123</ns2:hr>
      <ns2:cad>56</ns2:cad>
     </ns2:TrackPointExtension>
    </extensions>
   </trkpt>
   <trkpt lat="39.9717960" lon="-105.2851390">
    <ele>1918.0</ele>
    <time>2024-04-17T11:54:33Z</time>
    <extensions>
     <ns2:TrackPointExtension>
      <ns2:atemp>15</ns2:atemp>
      <ns2:hr>122</ns2:hr>
      <ns2:cad>0</ns2:cad>
     </ns2:TrackPointExtension>
    </extensions>
   </trkpt>
   <trkpt lat="39.9717660" lon="-105.2851760">
    <ele>1918.6</ele>
    <time>2024-04-17T11:54:36Z</time>
    <extensions>
     <ns2:TrackPointExtension>
      <ns2:atemp>15</ns2:atemp>
      <ns2:hr>122</ns2:hr>
      <ns2:cad>87</ns2:cad>
     </ns2:TrackPointExtension>
    </extensions>
   </trkpt>
   <trkpt lat="39.9717390" lon="-105.2852020">
    <ele>1919.2</ele>
    <time>2024-04-17T11:54:39Z</time>
    <extensions>
     <ns2:TrackPointExtension>
      <ns2:atemp>15</ns2:atemp>
      <ns2:hr>122</ns2:hr>
      <ns2:cad>87</ns2:cad>
     </ns2:TrackPointExtension>
    </extensions>
   </trkpt>
   <trkpt lat="39.9717390" lon="-105.2852420">
    <ele>1919.4</ele>
    <time>2024-04-17T11:54:41Z</time>
    <extensions>
     <ns2:TrackPointExtension>
      <ns2:atemp>15</ns2:atemp>
      <ns2:hr>121</ns2:hr>
      <ns2:cad>52</ns2:cad>
     </ns2:TrackPointExtension>
    </extensions>
   </trkpt>
   <trkpt lat="39.9717390" lon="-105.2852610">
    <ele>1919.8</ele>
    <time>2024-04-17T11:54:42Z</time>
    <extensions>
     <ns2:TrackPointExtension>
      <ns2:atemp>15</ns2:atemp>
      <ns2:hr>120</ns2:hr>
      <ns2:cad>52</ns2:cad>
     </ns2:TrackPointExtension>
    </extensions>
   </trkpt>
   <trkpt lat="39.9717230" lon="-105.2853640">
    <ele>1920.8</ele>
    <time>2024-04-17T11:54:46Z</time>
    <extensions>
     <ns2:TrackPointExtension>
      <ns2:atemp>15</ns2:atemp>
      <ns2:hr>120</ns2:hr>
      <ns2:cad>59</ns2:cad>
     </ns2:TrackPointExtension>
    </extensions>
   </trkpt>
   <trkpt lat="39.9717090" lon="-105.2853860">
    <ele>1921.0</ele>
    <time>2024-04-17T11:54:47Z</time>
    <extensions>
     <ns2:TrackPointExtension>
      <ns2:atemp>15</ns2:atemp>
      <ns2:hr>120</ns2:hr>
      <ns2:cad>59</ns2:cad>
     </ns2:TrackPointExtension>
    </extensions>
   </trkpt>
   <trkpt lat="39.9717080" lon="-105.2854390">
    <ele>1921.8</ele>
    <time>2024-04-17T11:54:50Z</time>
    <extensions>
     <ns2:TrackPointExtension>
      <ns2:atemp>15</ns2:atemp>
      <ns2:hr>120</ns2:hr>
      <ns2:cad>58</ns2:cad>
     </ns2:TrackPointExtension>
    </extensions>
   </trkpt>
   <trkpt lat="39.9717120" lon="-105.2854510">
    <ele>1922.0</ele>
    <time>2024-04-17T11:54:51Z</time>
    <extensions>
     <ns2:TrackPointExtension>
      <ns2:atemp>15</ns2:atemp>
      <ns2:hr>121</ns2:hr>
      <ns2:cad>57</ns2:cad>
     </ns2:TrackPointExtension>
    </extensions>
   </trkpt>
   <trkpt lat="39.9717070" lon="-105.2854810">
    <ele>1922.4</ele>
    <time>2024-04-17T11:54:53Z</time>
    <extensions>
     <ns2:TrackPointExtension>
      <ns2:atemp>15</ns2:atemp>
      <ns2:hr>120</ns2:hr>
      <ns2:cad>87</ns2:cad>
     </ns2:TrackPointExtension>
    </extensions>
   </trkpt>
   <trkpt lat="39.9716990" lon="-105.2855020">
    <ele>1922.4</ele>
    <time>2024-04-17T11:54:54Z</time>
    <extensions>
     <ns2:TrackPointExtension>
      <ns2:atemp>15</ns2:atemp>
      <ns2:hr>120</ns2:hr>
      <ns2:cad>87</ns2:cad>
     </ns2:TrackPointExtension>
    </extensions>
   </trkpt>
   <trkpt lat="39.9716830" lon="-105.2855400">
    <ele>1923.0</ele>
    <time>2024-04-17T11:54:57Z</time>
    <extensions>
     <ns2:TrackPointExtension>
      <ns2:atemp>15</ns2:atemp>
      <ns2:hr>120</ns2:hr>
      <ns2:cad>85</ns2:cad>
     </ns2:TrackPointExtension>
    </extensions>
   </trkpt>
   <trkpt lat="39.9716830" lon="-105.2856140">
    <ele>1924.0</ele>
    <time>2024-04-17T11:55:01Z</time>
    <extensions>
     <ns2:TrackPointExtension>
      <ns2:atemp>15</ns2:atemp>
      <ns2:hr>121</ns2:hr>
      <ns2:cad>85</ns2:cad>
     </ns2:TrackPointExtension>
    </extensions>
   </trkpt>
   <trkpt lat="39.9716800" lon="-105.2856330">
    <ele>1924.2</ele>
    <time>2024-04-17T11:55:02Z</time>
    <extensions>
     <ns2:TrackPointExtension>
      <ns2:atemp>15</ns2:atemp>
      <ns2:hr>120</ns2:hr>
      <ns2:cad>85</ns2:cad>
     </ns2:TrackPointExtension>
    </extensions>
   </trkpt>
   <trkpt lat="39.9716860" lon="-105.2856540">
    <ele>1924.4</ele>
    <time>2024-04-17T11:55:03Z</time>
    <extensions>
     <ns2:TrackPointExtension>
      <ns2:atemp>15</ns2:atemp>
      <ns2:hr>121</ns2:hr>
      <ns2:cad>85</ns2:cad>
     </ns2:TrackPointExtension>
    </extensions>
   </trkpt>
   <trkpt lat="39.9716970" lon="-105.2857850">
    <ele>1925.2</ele>
    <time>2024-04-17T11:55:08Z</time>
    <extensions>
     <ns2:TrackPointExtension>
      <ns2:atemp>15</ns2:atemp>
      <ns2:hr>122</ns2:hr>
      <ns2:cad>65</ns2:cad>
     </ns2:TrackPointExtension>
    </extensions>
   </trkpt>
   <trkpt lat="39.9716830" lon="-105.2858860">
    <ele>1926.4</ele>
    <time>2024-04-17T11:55:15Z</time>
    <extensions>
     <ns2:TrackPointExtension>
      <ns2:atemp>15</ns2:atemp>
      <ns2:hr>123</ns2:hr>
      <ns2:cad>49</ns2:cad>
     </ns2:TrackPointExtension>
    </extensions>
   </trkpt>
   <trkpt lat="39.9716690" lon="-105.2859080">
    <ele>1926.8</ele>
    <time>2024-04-17T11:55:18Z</time>
    <extensions>
     <ns2:TrackPointExtension>
      <ns2:atemp>15</ns2:atemp>
      <ns2:hr>123</ns2:hr>
      <ns2:cad>49</ns2:cad>
     </ns2:TrackPointExtension>
    </extensions>
   </trkpt>
   <trkpt lat="39.9716460" lon="-105.2859260">
    <ele>1927.6</ele>
    <time>2024-04-17T11:55:21Z</time>
    <extensions>
     <ns2:TrackPointExtension>
      <ns2:atemp>15</ns2:atemp>
      <ns2:hr>123</ns2:hr>
      <ns2:cad>52</ns2:cad>
     </ns2:TrackPointExtension>
    </extensions>
   </trkpt>
   <trkpt lat="39.9716240" lon="-105.2859600">
    <ele>1928.6</ele>
    <time>2024-04-17T11:55:24Z</time>
    <extensions>
     <ns2:TrackPointExtension>
      <ns2:atemp>15</ns2:atemp>
      <ns2:hr>123</ns2:hr>
      <ns2:cad>52</ns2:cad>
     </ns2:TrackPointExtension>
    </extensions>
   </trkpt>
   <trkpt lat="39.9716160" lon="-105.2859850">
    <ele>1929.0</ele>
    <time>2024-04-17T11:55:25Z</time>
    <extensions>
     <ns2:TrackPointExtension>
      <ns2:atemp>15</ns2:atemp>
      <ns2:hr>123</ns2:hr>
      <ns2:cad>52</ns2:cad>
     </ns2:TrackPointExtension>
    </extensions>
   </trkpt>
   <trkpt lat="39.9716400" lon="-105.2860190">
    <ele>1929.4</ele>
    <time>2024-04-17T11:55:27Z</time>
    <extensions>
     <ns2:TrackPointExtension>
      <ns2:atemp>15</ns2:atemp>
      <ns2:hr>126</ns2:hr>
      <ns2:cad>52</ns2:cad>
     </ns2:TrackPointExtension>
    </extensions>
   </trkpt>
   <trkpt lat="39.9716460" lon="-105.2860780">
    <ele>1930.0</ele>
    <time>2024-04-17T11:55:30Z</time>
    <extensions>
     <ns2:TrackPointExtension>
      <ns2:atemp>15</ns2:atemp>
      <ns2:hr>123</ns2:hr>
      <ns2:cad>56</ns2:cad>
     </ns2:TrackPointExtension>
    </extensions>
   </trkpt>
   <trkpt lat="39.9716420" lon="-105.2860960">
    <ele>1930.4</ele>
    <time>2024-04-17T11:55:31Z</time>
    <extensions>
     <ns2:TrackPointExtension>
      <ns2:atemp>15</ns2:atemp>
      <ns2:hr>123</ns2:hr>
      <ns2:cad>56</ns2:cad>
     </ns2:TrackPointExtension>
    </extensions>
   </trkpt>
   <trkpt lat="39.9716350" lon="-105.2861350">
    <ele>1931.2</ele>
    <time>2024-04-17T11:55:34Z</time>
    <extensions>
     <ns2:TrackPointExtension>
      <ns2:atemp>15</ns2:atemp>
      <ns2:hr>123</ns2:hr>
      <ns2:cad>56</ns2:cad>
     </ns2:TrackPointExtension>
    </extensions>
   </trkpt>
   <trkpt lat="39.9716280" lon="-105.2861850">
    <ele>1931.8</ele>
    <time>2024-04-17T11:55:36Z</time>
    <extensions>
     <ns2:TrackPointExtension>
      <ns2:atemp>15</ns2:atemp>
      <ns2:hr>122</ns2:hr>
      <ns2:cad>56</ns2:cad>
     </ns2:TrackPointExtension>
    </extensions>
   </trkpt>
   <trkpt lat="39.9716320" lon="-105.2861980">
    <ele>1932.0</ele>
    <time>2024-04-17T11:55:37Z</time>
    <extensions>
     <ns2:TrackPointExtension>
      <ns2:atemp>15</ns2:atemp>
      <ns2:hr>122</ns2:hr>
      <ns2:cad>56</ns2:cad>
     </ns2:TrackPointExtension>
    </extensions>
   </trkpt>
   <trkpt lat="39.9716320" lon="-105.2862020">
    <ele>1932.2</ele>
    <time>2024-04-17T11:55:38Z</time>
    <extensions>
     <ns2:TrackPointExtension>
      <ns2:atemp>15</ns2:atemp>
      <ns2:hr>122</ns2:hr>
      <ns2:cad>56</ns2:cad>
     </ns2:TrackPointExtension>
    </extensions>
   </trkpt>
   <trkpt lat="39.9716480" lon="-105.2862400">
    <ele>1933.4</ele>
    <time>2024-04-17T11:55:42Z</time>
    <extensions>
     <ns2:TrackPointExtension>
      <ns2:atemp>15</ns2:atemp>
      <ns2:hr>122</ns2:hr>
      <ns2:cad>56</ns2:cad>
     </ns2:TrackPointExtension>
    </extensions>
   </trkpt>
   <trkpt lat="39.9716460" lon="-105.2862520">
    <ele>1933.4</ele>
    <time>2024-04-17T11:55:43Z</time>
    <extensions>
     <ns2:TrackPointExtension>
      <ns2:atemp>15</ns2:atemp>
      <ns2:hr>122</ns2:hr>
      <ns2:cad>56</ns2:cad>
     </ns2:TrackPointExtension>
    </extensions>
   </trkpt>
   <trkpt lat="39.9716930" lon="-105.2862970">
    <ele>1934.6</ele>
    <time>2024-04-17T11:55:47Z</time>
    <extensions>
     <ns2:TrackPointExtension>
      <ns2:atemp>15</ns2:atemp>
      <ns2:hr>122</ns2:hr>
      <ns2:cad>51</ns2:cad>
     </ns2:TrackPointExtension>
    </extensions>
   </trkpt>
   <trkpt lat="39.9716830" lon="-105.2863640">
    <ele>1935.4</ele>
    <time>2024-04-17T11:55:52Z</time>
    <extensions>
     <ns2:TrackPointExtension>
      <ns2:atemp>15</ns2:atemp>
      <ns2:hr>123</ns2:hr>
      <ns2:cad>51</ns2:cad>
     </ns2:TrackPointExtension>
    </extensions>
   </trkpt>
   <trkpt lat="39.9716850" lon="-105.2863800">
    <ele>1935.6</ele>
    <time>2024-04-17T11:55:53Z</time>
    <extensions>
     <ns2:TrackPointExtension>
      <ns2:atemp>16</ns2:atemp>
      <ns2:hr>123</ns2:hr>
      <ns2:cad>51</ns2:cad>
     </ns2:TrackPointExtension>
    </extensions>
   </trkpt>
   <trkpt lat="39.9716840" lon="-105.2864460">
    <ele>1936.6</ele>
    <time>2024-04-17T11:55:57Z</time>
    <extensions>
     <ns2:TrackPointExtension>
      <ns2:atemp>16</ns2:atemp>
      <ns2:hr>124</ns2:hr>
      <ns2:cad>56</ns2:cad>
     </ns2:TrackPointExtension>
    </extensions>
   </trkpt>
   <trkpt lat="39.9716910" lon="-105.2864690">
    <ele>1937.0</ele>
    <time>2024-04-17T11:55:59Z</time>
    <extensions>
     <ns2:TrackPointExtension>
      <ns2:atemp>16</ns2:atemp>
      <ns2:hr>124</ns2:hr>
      <ns2:cad>57</ns2:cad>
     </ns2:TrackPointExtension>
    </extensions>
   </trkpt>
   <trkpt lat="39.9716930" lon="-105.2865230">
    <ele>1937.8</ele>
    <time>2024-04-17T11:56:03Z</time>
    <extensions>
     <ns2:TrackPointExtension>
      <ns2:atemp>16</ns2:atemp>
      <ns2:hr>126</ns2:hr>
      <ns2:cad>49</ns2:cad>
     </ns2:TrackPointExtension>
    </extensions>
   </trkpt>
   <trkpt lat="39.9716800" lon="-105.2865540">
    <ele>1938.4</ele>
    <time>2024-04-17T11:56:05Z</time>
    <extensions>
     <ns2:TrackPointExtension>
      <ns2:atemp>16</ns2:atemp>
      <ns2:hr>126</ns2:hr>
      <ns2:cad>49</ns2:cad>
     </ns2:TrackPointExtension>
    </extensions>
   </trkpt>
   <trkpt lat="39.9716860" lon="-105.2865810">
    <ele>1938.8</ele>
    <time>2024-04-17T11:56:07Z</time>
    <extensions>
     <ns2:TrackPointExtension>
      <ns2:atemp>16</ns2:atemp>
      <ns2:hr>126</ns2:hr>
      <ns2:cad>49</ns2:cad>
     </ns2:TrackPointExtension>
    </extensions>
   </trkpt>
   <trkpt lat="39.9717160" lon="-105.2866280">
    <ele>1940.0</ele>
    <time>2024-04-17T11:56:12Z</time>
    <extensions>
     <ns2:TrackPointExtension>
      <ns2:atemp>16</ns2:atemp>
      <ns2:hr>126</ns2:hr>
      <ns2:cad>53</ns2:cad>
     </ns2:TrackPointExtension>
    </extensions>
   </trkpt>
   <trkpt lat="39.9717190" lon="-105.2866860">
    <ele>1941.2</ele>
    <time>2024-04-17T11:56:17Z</time>
    <extensions>
     <ns2:TrackPointExtension>
      <ns2:atemp>16</ns2:atemp>
      <ns2:hr>124</ns2:hr>
      <ns2:cad>54</ns2:cad>
     </ns2:TrackPointExtension>
    </extensions>
   </trkpt>
   <trkpt lat="39.9717240" lon="-105.2867090">
    <ele>1941.4</ele>
    <time>2024-04-17T11:56:19Z</time>
    <extensions>
     <ns2:TrackPointExtension>
      <ns2:atemp>16</ns2:atemp>
      <ns2:hr>123</ns2:hr>
      <ns2:cad>53</ns2:cad>
     </ns2:TrackPointExtension>
    </extensions>
   </trkpt>
   <trkpt lat="39.9717000" lon="-105.2867860">
    <ele>1942.2</ele>
    <time>2024-04-17T11:56:24Z</time>
    <extensions>
     <ns2:TrackPointExtension>
      <ns2:atemp>16</ns2:atemp>
      <ns2:hr>121</ns2:hr>
      <ns2:cad>51</ns2:cad>
     </ns2:TrackPointExtension>
    </extensions>
   </trkpt>
   <trkpt lat="39.9716980" lon="-105.2867980">
    <ele>1942.4</ele>
    <time>2024-04-17T11:56:25Z</time>
    <extensions>
     <ns2:TrackPointExtension>
      <ns2:atemp>16</ns2:atemp>
      <ns2:hr>121</ns2:hr>
      <ns2:cad>51</ns2:cad>
     </ns2:TrackPointExtension>
    </extensions>
   </trkpt>
   <trkpt lat="39.9716910" lon="-105.2868350">
    <ele>1943.4</ele>
    <time>2024-04-17T11:56:29Z</time>
    <extensions>
     <ns2:TrackPointExtension>
      <ns2:atemp>16</ns2:atemp>
      <ns2:hr>121</ns2:hr>
      <ns2:cad>50</ns2:cad>
     </ns2:TrackPointExtension>
    </extensions>
   </trkpt>
   <trkpt lat="39.9717090" lon="-105.2868670">
    <ele>1944.4</ele>
    <time>2024-04-17T11:56:32Z</time>
    <extensions>
     <ns2:TrackPointExtension>
      <ns2:atemp>16</ns2:atemp>
      <ns2:hr>121</ns2:hr>
      <ns2:cad>56</ns2:cad>
     </ns2:TrackPointExtension>
    </extensions>
   </trkpt>
   <trkpt lat="39.9717160" lon="-105.2868770">
    <ele>1944.6</ele>
    <time>2024-04-17T11:56:33Z</time>
    <extensions>
     <ns2:TrackPointExtension>
      <ns2:atemp>16</ns2:atemp>
      <ns2:hr>121</ns2:hr>
      <ns2:cad>56</ns2:cad>
     </ns2:TrackPointExtension>
    </extensions>
   </trkpt>
   <trkpt lat="39.9717300" lon="-105.2869700">
    <ele>1945.2</ele>
    <time>2024-04-17T11:56:37Z</time>
    <extensions>
     <ns2:TrackPointExtension>
      <ns2:atemp>16</ns2:atemp>
      <ns2:hr>122</ns2:hr>
      <ns2:cad>58</ns2:cad>
     </ns2:TrackPointExtension>
    </extensions>
   </trkpt>
   <trkpt lat="39.9717360" lon="-105.2869850">
    <ele>1945.4</ele>
    <time>2024-04-17T11:56:38Z</time>
    <extensions>
     <ns2:TrackPointExtension>
      <ns2:atemp>16</ns2:atemp>
      <ns2:hr>121</ns2:hr>
      <ns2:cad>56</ns2:cad>
     </ns2:TrackPointExtension>
    </extensions>
   </trkpt>
   <trkpt lat="39.9717340" lon="-105.2870030">
    <ele>1945.6</ele>
    <time>2024-04-17T11:56:39Z</time>
    <extensions>
     <ns2:TrackPointExtension>
      <ns2:atemp>16</ns2:atemp>
      <ns2:hr>121</ns2:hr>
      <ns2:cad>56</ns2:cad>
     </ns2:TrackPointExtension>
    </extensions>
   </trkpt>
   <trkpt lat="39.9717370" lon="-105.2870130">
    <ele>1945.8</ele>
    <time>2024-04-17T11:56:40Z</time>
    <extensions>
     <ns2:TrackPointExtension>
      <ns2:atemp>16</ns2:atemp>
      <ns2:hr>120</ns2:hr>
      <ns2:cad>55</ns2:cad>
     </ns2:TrackPointExtension>
    </extensions>
   </trkpt>
   <trkpt lat="39.9717350" lon="-105.2870420">
    <ele>1946.2</ele>
    <time>2024-04-17T11:56:42Z</time>
    <extensions>
     <ns2:TrackPointExtension>
      <ns2:atemp>16</ns2:atemp>
      <ns2:hr>120</ns2:hr>
      <ns2:cad>55</ns2:cad>
     </ns2:TrackPointExtension>
    </extensions>
   </trkpt>
   <trkpt lat="39.9717350" lon="-105.2870810">
    <ele>1946.4</ele>
    <time>2024-04-17T11:56:44Z</time>
    <extensions>
     <ns2:TrackPointExtension>
      <ns2:atemp>16</ns2:atemp>
      <ns2:hr>122</ns2:hr>
      <ns2:cad>61</ns2:cad>
     </ns2:TrackPointExtension>
    </extensions>
   </trkpt>
   <trkpt lat="39.9717610" lon="-105.2871100">
    <ele>1946.8</ele>
    <time>2024-04-17T11:56:46Z</time>
    <extensions>
     <ns2:TrackPointExtension>
      <ns2:atemp>16</ns2:atemp>
      <ns2:hr>122</ns2:hr>
      <ns2:cad>62</ns2:cad>
     </ns2:TrackPointExtension>
    </extensions>
   </trkpt>
   <trkpt lat="39.9717670" lon="-105.2871150">
    <ele>1946.8</ele>
    <time>2024-04-17T11:56:47Z</time>
    <extensions>
     <ns2:TrackPointExtension>
      <ns2:atemp>16</ns2:atemp>
      <ns2:hr>122</ns2:hr>
      <ns2:cad>63</ns2:cad>
     </ns2:TrackPointExtension>
    </extensions>
   </trkpt>
   <trkpt lat="39.9717650" lon="-105.2871380">
    <ele>1947.4</ele>
    <time>2024-04-17T11:56:49Z</time>
    <extensions>
     <ns2:TrackPointExtension>
      <ns2:atemp>16</ns2:atemp>
      <ns2:hr>124</ns2:hr>
      <ns2:cad>63</ns2:cad>
     </ns2:TrackPointExtension>
    </extensions>
   </trkpt>
   <trkpt lat="39.9717690" lon="-105.2871510">
    <ele>1947.4</ele>
    <time>2024-04-17T11:56:50Z</time>
    <extensions>
     <ns2:TrackPointExtension>
      <ns2:atemp>16</ns2:atemp>
      <ns2:hr>123</ns2:hr>
      <ns2:cad>63</ns2:cad>
     </ns2:TrackPointExtension>
    </extensions>
   </trkpt>
   <trkpt lat="39.9717840" lon="-105.2871770">
    <ele>1948.0</ele>
    <time>2024-04-17T11:56:52Z</time>
    <extensions>
     <ns2:TrackPointExtension>
      <ns2:atemp>16</ns2:atemp>
      <ns2:hr>125</ns2:hr>
      <ns2:cad>63</ns2:cad>
     </ns2:TrackPointExtension>
    </extensions>
   </trkpt>
   <trkpt lat="39.9717900" lon="-105.2872010">
    <ele>1948.2</ele>
    <time>2024-04-17T11:56:54Z</time>
    <extensions>
     <ns2:TrackPointExtension>
      <ns2:atemp>16</ns2:atemp>
      <ns2:hr>127</ns2:hr>
      <ns2:cad>63</ns2:cad>
     </ns2:TrackPointExtension>
    </extensions>
   </trkpt>
   <trkpt lat="39.9717740" lon="-105.2872290">
    <ele>1948.6</ele>
    <time>2024-04-17T11:56:56Z</time>
    <extensions>
     <ns2:TrackPointExtension>
      <ns2:atemp>16</ns2:atemp>
      <ns2:hr>128</ns2:hr>
      <ns2:cad>0</ns2:cad>
     </ns2:TrackPointExtension>
    </extensions>
   </trkpt>
   <trkpt lat="39.9717770" lon="-105.2873090">
    <ele>1949.2</ele>
    <time>2024-04-17T11:57:00Z</time>
    <extensions>
     <ns2:TrackPointExtension>
      <ns2:atemp>16</ns2:atemp>
      <ns2:hr>129</ns2:hr>
      <ns2:cad>59</ns2:cad>
     </ns2:TrackPointExtension>
    </extensions>
   </trkpt>
   <trkpt lat="39.9717770" lon="-105.2873670">
    <ele>1949.4</ele>
    <time>2024-04-17T11:57:03Z</time>
    <extensions>
     <ns2:TrackPointExtension>
      <ns2:atemp>16</ns2:atemp>
      <ns2:hr>128</ns2:hr>
      <ns2:cad>63</ns2:cad>
     </ns2:TrackPointExtension>
    </extensions>
   </trkpt>
   <trkpt lat="39.9717540" lon="-105.2875110">
    <ele>1950.2</ele>
    <time>2024-04-17T11:57:10Z</time>
    <extensions>
     <ns2:TrackPointExtension>
      <ns2:atemp>16</ns2:atemp>
      <ns2:hr>129</ns2:hr>
      <ns2:cad>90</ns2:cad>
     </ns2:TrackPointExtension>
    </extensions>
   </trkpt>
   <trkpt lat="39.9717530" lon="-105.2875320">
    <ele>1950.4</ele>
    <time>2024-04-17T11:57:11Z</time>
    <extensions>
     <ns2:TrackPointExtension>
      <ns2:atemp>16</ns2:atemp>
      <ns2:hr>129</ns2:hr>
      <ns2:cad>90</ns2:cad>
     </ns2:TrackPointExtension>
    </extensions>
   </trkpt>
   <trkpt lat="39.9717620" lon="-105.2876140">
    <ele>1951.6</ele>
    <time>2024-04-17T11:57:16Z</time>
    <extensions>
     <ns2:TrackPointExtension>
      <ns2:atemp>16</ns2:atemp>
      <ns2:hr>131</ns2:hr>
      <ns2:cad>87</ns2:cad>
     </ns2:TrackPointExtension>
    </extensions>
   </trkpt>
   <trkpt lat="39.9717610" lon="-105.2876540">
    <ele>1951.8</ele>
    <time>2024-04-17T11:57:18Z</time>
    <extensions>
     <ns2:TrackPointExtension>
      <ns2:atemp>16</ns2:atemp>
      <ns2:hr>131</ns2:hr>
      <ns2:cad>87</ns2:cad>
     </ns2:TrackPointExtension>
    </extensions>
   </trkpt>
   <trkpt lat="39.9717380" lon="-105.2876830">
    <ele>1952.6</ele>
    <time>2024-04-17T11:57:21Z</time>
    <extensions>
     <ns2:TrackPointExtension>
      <ns2:atemp>16</ns2:atemp>
      <ns2:hr>134</ns2:hr>
      <ns2:cad>87</ns2:cad>
     </ns2:TrackPointExtension>
    </extensions>
   </trkpt>
   <trkpt lat="39.9717330" lon="-105.2876990">
    <ele>1953.0</ele>
    <time>2024-04-17T11:57:22Z</time>
    <extensions>
     <ns2:TrackPointExtension>
      <ns2:atemp>16</ns2:atemp>
      <ns2:hr>134</ns2:hr>
      <ns2:cad>87</ns2:cad>
     </ns2:TrackPointExtension>
    </extensions>
   </trkpt>
   <trkpt lat="39.9717310" lon="-105.2877160">
    <ele>1953.0</ele>
    <time>2024-04-17T11:57:23Z</time>
    <extensions>
     <ns2:TrackPointExtension>
      <ns2:atemp>16</ns2:atemp>
      <ns2:hr>134</ns2:hr>
      <ns2:cad>56</ns2:cad>
     </ns2:TrackPointExtension>
    </extensions>
   </trkpt>
   <trkpt lat="39.9717230" lon="-105.2877890">
    <ele>1953.8</ele>
    <time>2024-04-17T11:57:27Z</time>
    <extensions>
     <ns2:TrackPointExtension>
      <ns2:atemp>16</ns2:atemp>
      <ns2:hr>134</ns2:hr>
      <ns2:cad>61</ns2:cad>
     </ns2:TrackPointExtension>
    </extensions>
   </trkpt>
   <trkpt lat="39.9717290" lon="-105.2878850">
    <ele>1955.0</ele>
    <time>2024-04-17T11:57:33Z</time>
    <extensions>
     <ns2:TrackPointExtension>
      <ns2:atemp>16</ns2:atemp>
      <ns2:hr>132</ns2:hr>
      <ns2:cad>63</ns2:cad>
     </ns2:TrackPointExtension>
    </extensions>
   </trkpt>
   <trkpt lat="39.9717230" lon="-105.2879040">
    <ele>1955.0</ele>
    <time>2024-04-17T11:57:34Z</time>
    <extensions>
     <ns2:TrackPointExtension>
      <ns2:atemp>16</ns2:atemp>
      <ns2:hr>132</ns2:hr>
      <ns2:cad>63</ns2:cad>
     </ns2:TrackPointExtension>
    </extensions>
   </trkpt>
   <trkpt lat="39.9717200" lon="-105.2880030">
    <ele>1956.2</ele>
    <time>2024-04-17T11:57:40Z</time>
    <extensions>
     <ns2:TrackPointExtension>
      <ns2:atemp>16</ns2:atemp>
      <ns2:hr>130</ns2:hr>
      <ns2:cad>61</ns2:cad>
     </ns2:TrackPointExtension>
    </extensions>
   </trkpt>
   <trkpt lat="39.9717180" lon="-105.2880550">
    <ele>1957.4</ele>
    <time>2024-04-17T11:57:45Z</time>
    <extensions>
     <ns2:TrackPointExtension>
      <ns2:atemp>16</ns2:atemp>
      <ns2:hr>130</ns2:hr>
      <ns2:cad>0</ns2:cad>
     </ns2:TrackPointExtension>
    </extensions>
   </trkpt>
   <trkpt lat="39.9717200" lon="-105.2880580">
    <ele>1958.0</ele>
    <time>2024-04-17T11:57:52Z</time>
    <extensions>
     <ns2:TrackPointExtension>
      <ns2:atemp>16</ns2:atemp>
      <ns2:hr>130</ns2:hr>
      <ns2:cad>0</ns2:cad>
     </ns2:TrackPointExtension>
    </extensions>
   </trkpt>
   <trkpt lat="39.9717200" lon="-105.2880380">
    <ele>1958.0</ele>
    <time>2024-04-17T11:58:00Z</time>
    <extensions>
     <ns2:TrackPointExtension>
      <ns2:atemp>16</ns2:atemp>
      <ns2:hr>129</ns2:hr>
      <ns2:cad>0</ns2:cad>
     </ns2:TrackPointExtension>
    </extensions>
   </trkpt>
   <trkpt lat="39.9717150" lon="-105.2880680">
    <ele>1958.2</ele>
    <time>2024-04-17T11:58:08Z</time>
    <extensions>
     <ns2:TrackPointExtension>
      <ns2:atemp>16</ns2:atemp>
      <ns2:hr>126</ns2:hr>
      <ns2:cad>0</ns2:cad>
     </ns2:TrackPointExtension>
    </extensions>
   </trkpt>
   <trkpt lat="39.9717130" lon="-105.2880820">
    <ele>1958.4</ele>
    <time>2024-04-17T11:58:09Z</time>
    <extensions>
     <ns2:TrackPointExtension>
      <ns2:atemp>16</ns2:atemp>
      <ns2:hr>126</ns2:hr>
      <ns2:cad>0</ns2:cad>
     </ns2:TrackPointExtension>
    </extensions>
   </trkpt>
   <trkpt lat="39.9717110" lon="-105.2881450">
    <ele>1959.6</ele>
    <time>2024-04-17T11:58:14Z</time>
    <extensions>
     <ns2:TrackPointExtension>
      <ns2:atemp>16</ns2:atemp>
      <ns2:hr>124</ns2:hr>
      <ns2:cad>53</ns2:cad>
     </ns2:TrackPointExtension>
    </extensions>
   </trkpt>
   <trkpt lat="39.9717050" lon="-105.2881860">
    <ele>1959.8</ele>
    <time>2024-04-17T11:58:17Z</time>
    <extensions>
     <ns2:TrackPointExtension>
      <ns2:atemp>16</ns2:atemp>
      <ns2:hr>121</ns2:hr>
      <ns2:cad>56</ns2:cad>
     </ns2:TrackPointExtension>
    </extensions>
   </trkpt>
   <trkpt lat="39.9716720" lon="-105.2882850">
    <ele>1959.2</ele>
    <time>2024-04-17T11:58:23Z</time>
    <extensions>
     <ns2:TrackPointExtension>
      <ns2:atemp>16</ns2:atemp>
      <ns2:hr>121</ns2:hr>
      <ns2:cad>87</ns2:cad>
     </ns2:TrackPointExtension>
    </extensions>
   </trkpt>
   <trkpt lat="39.9716240" lon="-105.2884150">
    <ele>1958.6</ele>
    <time>2024-04-17T11:58:28Z</time>
    <extensions>
     <ns2:TrackPointExtension>
      <ns2:atemp>15</ns2:atemp>
      <ns2:hr>126</ns2:hr>
      <ns2:cad>89</ns2:cad>
     </ns2:TrackPointExtension>
    </extensions>
   </trkpt>
   <trkpt lat="39.9716140" lon="-105.2884390">
    <ele>1958.8</ele>
    <time>2024-04-17T11:58:29Z</time>
    <extensions>
     <ns2:TrackPointExtension>
      <ns2:atemp>15</ns2:atemp>
      <ns2:hr>126</ns2:hr>
      <ns2:cad>90</ns2:cad>
     </ns2:TrackPointExtension>
    </extensions>
   </trkpt>
   <trkpt lat="39.9716050" lon="-105.2884640">
    <ele>1958.8</ele>
    <time>2024-04-17T11:58:30Z</time>
    <extensions>
     <ns2:TrackPointExtension>
      <ns2:atemp>15</ns2:atemp>
      <ns2:hr>127</ns2:hr>
      <ns2:cad>91</ns2:cad>
     </ns2:TrackPointExtension>
    </extensions>
   </trkpt>
   <trkpt lat="39.9716150" lon="-105.2885200">
    <ele>1959.2</ele>
    <time>2024-04-17T11:58:32Z</time>
    <extensions>
     <ns2:TrackPointExtension>
      <ns2:atemp>15</ns2:atemp>
      <ns2:hr>130</ns2:hr>
      <ns2:cad>91</ns2:cad>
     </ns2:TrackPointExtension>
    </extensions>
   </trkpt>
   <trkpt lat="39.9716220" lon="-105.2885390">
    <ele>1959.6</ele>
    <time>2024-04-17T11:58:33Z</time>
    <extensions>
     <ns2:TrackPointExtension>
      <ns2:atemp>15</ns2:atemp>
      <ns2:hr>126</ns2:hr>
      <ns2:cad>89</ns2:cad>
     </ns2:TrackPointExtension>
    </extensions>
   </trkpt>
   <trkpt lat="39.9716250" lon="-105.2885590">
    <ele>1959.8</ele>
    <time>2024-04-17T11:58:34Z</time>
    <extensions>
     <ns2:TrackPointExtension>
      <ns2:atemp>15</ns2:atemp>
      <ns2:hr>127</ns2:hr>
      <ns2:cad>89</ns2:cad>
     </ns2:TrackPointExtension>
    </extensions>
   </trkpt>
   <trkpt lat="39.9716310" lon="-105.2886130">
    <ele>1960.6</ele>
    <time>2024-04-17T11:58:37Z</time>
    <extensions>
     <ns2:TrackPointExtension>
      <ns2:atemp>15</ns2:atemp>
      <ns2:hr>129</ns2:hr>
      <ns2:cad>45</ns2:cad>
     </ns2:TrackPointExtension>
    </extensions>
   </trkpt>
   <trkpt lat="39.9715980" lon="-105.2886800">
    <ele>1961.6</ele>
    <time>2024-04-17T11:58:41Z</time>
    <extensions>
     <ns2:TrackPointExtension>
      <ns2:atemp>15</ns2:atemp>
      <ns2:hr>130</ns2:hr>
      <ns2:cad>58</ns2:cad>
     </ns2:TrackPointExtension>
    </extensions>
   </trkpt>
   <trkpt lat="39.9715950" lon="-105.2886940">
    <ele>1962.0</ele>
    <time>2024-04-17T11:58:42Z</time>
    <extensions>
     <ns2:TrackPointExtension>
      <ns2:atemp>15</ns2:atemp>
      <ns2:hr>130</ns2:hr>
      <ns2:cad>58</ns2:cad>
     </ns2:TrackPointExtension>
    </extensions>
   </trkpt>
   <trkpt lat="39.9716090" lon="-105.2887300">
    <ele>1962.4</ele>
    <time>2024-04-17T11:58:44Z</time>
    <extensions>
     <ns2:TrackPointExtension>
      <ns2:atemp>15</ns2:atemp>
      <ns2:hr>129</ns2:hr>
      <ns2:cad>58</ns2:cad>
     </ns2:TrackPointExtension>
    </extensions>
   </trkpt>
   <trkpt lat="39.9716090" lon="-105.2887530">
    <ele>1962.6</ele>
    <time>2024-04-17T11:58:46Z</time>
    <extensions>
     <ns2:TrackPointExtension>
      <ns2:atemp>15</ns2:atemp>
      <ns2:hr>131</ns2:hr>
      <ns2:cad>58</ns2:cad>
     </ns2:TrackPointExtension>
    </extensions>
   </trkpt>
   <trkpt lat="39.9716010" lon="-105.2887610">
    <ele>1963.0</ele>
    <time>2024-04-17T11:58:47Z</time>
    <extensions>
     <ns2:TrackPointExtension>
      <ns2:atemp>15</ns2:atemp>
      <ns2:hr>130</ns2:hr>
      <ns2:cad>58</ns2:cad>
     </ns2:TrackPointExtension>
    </extensions>
   </trkpt>
   <trkpt lat="39.9715490" lon="-105.2888250">
    <ele>1964.0</ele>
    <time>2024-04-17T11:58:51Z</time>
    <extensions>
     <ns2:TrackPointExtension>
      <ns2:atemp>15</ns2:atemp>
      <ns2:hr>129</ns2:hr>
      <ns2:cad>56</ns2:cad>
     </ns2:TrackPointExtension>
    </extensions>
   </trkpt>
   <trkpt lat="39.9715420" lon="-105.2888290">
    <ele>1964.0</ele>
    <time>2024-04-17T11:58:52Z</time>
    <extensions>
     <ns2:TrackPointExtension>
      <ns2:atemp>15</ns2:atemp>
      <ns2:hr>129</ns2:hr>
      <ns2:cad>56</ns2:cad>
     </ns2:TrackPointExtension>
    </extensions>
   </trkpt>
   <trkpt lat="39.9715290" lon="-105.2888510">
    <ele>1965.2</ele>
    <time>2024-04-17T11:58:55Z</time>
    <extensions>
     <ns2:TrackPointExtension>
      <ns2:atemp>15</ns2:atemp>
      <ns2:hr>130</ns2:hr>
      <ns2:cad>55</ns2:cad>
     </ns2:TrackPointExtension>
    </extensions>
   </trkpt>
   <trkpt lat="39.9715110" lon="-105.2888900">
    <ele>1966.0</ele>
    <time>2024-04-17T11:58:58Z</time>
    <extensions>
     <ns2:TrackPointExtension>
      <ns2:atemp>15</ns2:atemp>
      <ns2:hr>130</ns2:hr>
      <ns2:cad>51</ns2:cad>
     </ns2:TrackPointExtension>
    </extensions>
   </trkpt>
   <trkpt lat="39.9715090" lon="-105.2889030">
    <ele>1966.2</ele>
    <time>2024-04-17T11:58:59Z</time>
    <extensions>
     <ns2:TrackPointExtension>
      <ns2:atemp>15</ns2:atemp>
      <ns2:hr>130</ns2:hr>
      <ns2:cad>55</ns2:cad>
     </ns2:TrackPointExtension>
    </extensions>
   </trkpt>
   <trkpt lat="39.9715100" lon="-105.2889190">
    <ele>1966.4</ele>
    <time>2024-04-17T11:59:00Z</time>
    <extensions>
     <ns2:TrackPointExtension>
      <ns2:atemp>15</ns2:atemp>
      <ns2:hr>129</ns2:hr>
      <ns2:cad>56</ns2:cad>
     </ns2:TrackPointExtension>
    </extensions>
   </trkpt>
   <trkpt lat="39.9715140" lon="-105.2889960">
    <ele>1967.4</ele>
    <time>2024-04-17T11:59:04Z</time>
    <extensions>
     <ns2:TrackPointExtension>
      <ns2:atemp>15</ns2:atemp>
      <ns2:hr>129</ns2:hr>
      <ns2:cad>58</ns2:cad>
     </ns2:TrackPointExtension>
    </extensions>
   </trkpt>
   <trkpt lat="39.9715140" lon="-105.2890320">
    <ele>1967.8</ele>
    <time>2024-04-17T11:59:07Z</time>
    <extensions>
     <ns2:TrackPointExtension>
      <ns2:atemp>15</ns2:atemp>
      <ns2:hr>125</ns2:hr>
      <ns2:cad>58</ns2:cad>
     </ns2:TrackPointExtension>
    </extensions>
   </trkpt>
   <trkpt lat="39.9714930" lon="-105.2892040">
    <ele>1968.2</ele>
    <time>2024-04-17T11:59:15Z</time>
    <extensions>
     <ns2:TrackPointExtension>
      <ns2:atemp>15</ns2:atemp>
      <ns2:hr>126</ns2:hr>
      <ns2:cad>80</ns2:cad>
     </ns2:TrackPointExtension>
    </extensions>
   </trkpt>
   <trkpt lat="39.9714880" lon="-105.2892770">
    <ele>1968.4</ele>
    <time>2024-04-17T11:59:18Z</time>
    <extensions>
     <ns2:TrackPointExtension>
      <ns2:atemp>15</ns2:atemp>
      <ns2:hr>124</ns2:hr>
      <ns2:cad>80</ns2:cad>
     </ns2:TrackPointExtension>
    </extensions>
   </trkpt>
   <trkpt lat="39.9715070" lon="-105.2893260">
    <ele>1968.2</ele>
    <time>2024-04-17T11:59:21Z</time>
    <extensions>
     <ns2:TrackPointExtension>
      <ns2:atemp>15</ns2:atemp>
      <ns2:hr>124</ns2:hr>
      <ns2:cad>80</ns2:cad>
     </ns2:TrackPointExtension>
    </extensions>
   </trkpt>
   <trkpt lat="39.9715350" lon="-105.2894460">
    <ele>1968.2</ele>
    <time>2024-04-17T11:59:30Z</time>
    <extensions>
     <ns2:TrackPointExtension>
      <ns2:atemp>15</ns2:atemp>
      <ns2:hr>123</ns2:hr>
      <ns2:cad>63</ns2:cad>
     </ns2:TrackPointExtension>
    </extensions>
   </trkpt>
   <trkpt lat="39.9715330" lon="-105.2894530">
    <ele>1968.4</ele>
    <time>2024-04-17T11:59:32Z</time>
    <extensions>
     <ns2:TrackPointExtension>
      <ns2:atemp>15</ns2:atemp>
      <ns2:hr>123</ns2:hr>
      <ns2:cad>0</ns2:cad>
     </ns2:TrackPointExtension>
    </extensions>
   </trkpt>
   <trkpt lat="39.9715330" lon="-105.2895250">
    <ele>1969.4</ele>
    <time>2024-04-17T11:59:36Z</time>
    <extensions>
     <ns2:TrackPointExtension>
      <ns2:atemp>15</ns2:atemp>
      <ns2:hr>122</ns2:hr>
      <ns2:cad>49</ns2:cad>
     </ns2:TrackPointExtension>
    </extensions>
   </trkpt>
   <trkpt lat="39.9715370" lon="-105.2895300">
    <ele>1969.6</ele>
    <time>2024-04-17T11:59:37Z</time>
    <extensions>
     <ns2:TrackPointExtension>
      <ns2:atemp>15</ns2:atemp>
      <ns2:hr>123</ns2:hr>
      <ns2:cad>49</ns2:cad>
     </ns2:TrackPointExtension>
    </extensions>
   </trkpt>
   <trkpt lat="39.9715450" lon="-105.2895390">
    <ele>1969.8</ele>
    <time>2024-04-17T11:59:38Z</time>
    <extensions>
     <ns2:TrackPointExtension>
      <ns2:atemp>15</ns2:atemp>
      <ns2:hr>123</ns2:hr>
      <ns2:cad>49</ns2:cad>
     </ns2:TrackPointExtension>
    </extensions>
   </trkpt>
   <trkpt lat="39.9715480" lon="-105.2895600">
    <ele>1970.4</ele>
    <time>2024-04-17T11:59:42Z</time>
    <extensions>
     <ns2:TrackPointExtension>
      <ns2:atemp>15</ns2:atemp>
      <ns2:hr>124</ns2:hr>
      <ns2:cad>0</ns2:cad>
     </ns2:TrackPointExtension>
    </extensions>
   </trkpt>
   <trkpt lat="39.9715480" lon="-105.2895690">
    <ele>1970.6</ele>
    <time>2024-04-17T11:59:43Z</time>
    <extensions>
     <ns2:TrackPointExtension>
      <ns2:atemp>15</ns2:atemp>
      <ns2:hr>123</ns2:hr>
      <ns2:cad>0</ns2:cad>
     </ns2:TrackPointExtension>
    </extensions>
   </trkpt>
   <trkpt lat="39.9715710" lon="-105.2896110">
    <ele>1971.4</ele>
    <time>2024-04-17T11:59:48Z</time>
    <extensions>
     <ns2:TrackPointExtension>
      <ns2:atemp>15</ns2:atemp>
      <ns2:hr>124</ns2:hr>
      <ns2:cad>0</ns2:cad>
     </ns2:TrackPointExtension>
    </extensions>
   </trkpt>
   <trkpt lat="39.9715770" lon="-105.2896170">
    <ele>1971.6</ele>
    <time>2024-04-17T11:59:49Z</time>
    <extensions>
     <ns2:TrackPointExtension>
      <ns2:atemp>15</ns2:atemp>
      <ns2:hr>122</ns2:hr>
      <ns2:cad>0</ns2:cad>
     </ns2:TrackPointExtension>
    </extensions>
   </trkpt>
   <trkpt lat="39.9715950" lon="-105.2896680">
    <ele>1972.6</ele>
    <time>2024-04-17T11:59:53Z</time>
    <extensions>
     <ns2:TrackPointExtension>
      <ns2:atemp>15</ns2:atemp>
      <ns2:hr>120</ns2:hr>
      <ns2:cad>46</ns2:cad>
     </ns2:TrackPointExtension>
    </extensions>
   </trkpt>
   <trkpt lat="39.9716160" lon="-105.2896940">
    <ele>1973.0</ele>
    <time>2024-04-17T11:59:55Z</time>
    <extensions>
     <ns2:TrackPointExtension>
      <ns2:atemp>15</ns2:atemp>
      <ns2:hr>122</ns2:hr>
      <ns2:cad>0</ns2:cad>
     </ns2:TrackPointExtension>
    </extensions>
   </trkpt>
   <trkpt lat="39.9716810" lon="-105.2897390">
    <ele>1973.6</ele>
    <time>2024-04-17T12:00:01Z</time>
    <extensions>
     <ns2:TrackPointExtension>
      <ns2:atemp>15</ns2:atemp>
      <ns2:hr>125</ns2:hr>
      <ns2:cad>42</ns2:cad>
     </ns2:TrackPointExtension>
    </extensions>
   </trkpt>
   <trkpt lat="39.9716830" lon="-105.2897440">
    <ele>1973.8</ele>
    <time>2024-04-17T12:00:02Z</time>
    <extensions>
     <ns2:TrackPointExtension>
      <ns2:atemp>15</ns2:atemp>
      <ns2:hr>124</ns2:hr>
      <ns2:cad>42</ns2:cad>
     </ns2:TrackPointExtension>
    </extensions>
   </trkpt>
   <trkpt lat="39.9716830" lon="-105.2897760">
    <ele>1974.8</ele>
    <time>2024-04-17T12:00:06Z</time>
    <extensions>
     <ns2:TrackPointExtension>
      <ns2:atemp>15</ns2:atemp>
      <ns2:hr>123</ns2:hr>
      <ns2:cad>41</ns2:cad>
     </ns2:TrackPointExtension>
    </extensions>
   </trkpt>
   <trkpt lat="39.9716920" lon="-105.2898050">
    <ele>1975.6</ele>
    <time>2024-04-17T12:00:09Z</time>
    <extensions>
     <ns2:TrackPointExtension>
      <ns2:atemp>15</ns2:atemp>
      <ns2:hr>124</ns2:hr>
      <ns2:cad>45</ns2:cad>
     </ns2:TrackPointExtension>
    </extensions>
   </trkpt>
   <trkpt lat="39.9717040" lon="-105.2898110">
    <ele>1975.6</ele>
    <time>2024-04-17T12:00:10Z</time>
    <extensions>
     <ns2:TrackPointExtension>
      <ns2:atemp>15</ns2:atemp>
      <ns2:hr>125</ns2:hr>
      <ns2:cad>42</ns2:cad>
     </ns2:TrackPointExtension>
    </extensions>
   </trkpt>
   <trkpt lat="39.9717240" lon="-105.2898280">
    <ele>1975.8</ele>
    <time>2024-04-17T12:00:12Z</time>
    <extensions>
     <ns2:TrackPointExtension>
      <ns2:atemp>15</ns2:atemp>
      <ns2:hr>125</ns2:hr>
      <ns2:cad>46</ns2:cad>
     </ns2:TrackPointExtension>
    </extensions>
   </trkpt>
   <trkpt lat="39.9717480" lon="-105.2898360">
    <ele>1976.4</ele>
    <time>2024-04-17T12:00:14Z</time>
    <extensions>
     <ns2:TrackPointExtension>
      <ns2:atemp>15</ns2:atemp>
      <ns2:hr>126</ns2:hr>
      <ns2:cad>46</ns2:cad>
     </ns2:TrackPointExtension>
    </extensions>
   </trkpt>
   <trkpt lat="39.9717570" lon="-105.2898530">
    <ele>1976.8</ele>
    <time>2024-04-17T12:00:16Z</time>
    <extensions>
     <ns2:TrackPointExtension>
      <ns2:atemp>15</ns2:atemp>
      <ns2:hr>126</ns2:hr>
      <ns2:cad>47</ns2:cad>
     </ns2:TrackPointExtension>
    </extensions>
   </trkpt>
   <trkpt lat="39.9717640" lon="-105.2898840">
    <ele>1977.4</ele>
    <time>2024-04-17T12:00:20Z</time>
    <extensions>
     <ns2:TrackPointExtension>
      <ns2:atemp>15</ns2:atemp>
      <ns2:hr>125</ns2:hr>
      <ns2:cad>54</ns2:cad>
     </ns2:TrackPointExtension>
    </extensions>
   </trkpt>
   <trkpt lat="39.9717460" lon="-105.2899380">
    <ele>1978.0</ele>
    <time>2024-04-17T12:00:25Z</time>
    <extensions>
     <ns2:TrackPointExtension>
      <ns2:atemp>15</ns2:atemp>
      <ns2:hr>123</ns2:hr>
      <ns2:cad>0</ns2:cad>
     </ns2:TrackPointExtension>
    </extensions>
   </trkpt>
   <trkpt lat="39.9717430" lon="-105.2899600">
    <ele>1978.4</ele>
    <time>2024-04-17T12:00:27Z</time>
    <extensions>
     <ns2:TrackPointExtension>
      <ns2:atemp>15</ns2:atemp>
      <ns2:hr>122</ns2:hr>
      <ns2:cad>54</ns2:cad>
     </ns2:TrackPointExtension>
    </extensions>
   </trkpt>
   <trkpt lat="39.9717380" lon="-105.2899760">
    <ele>1978.8</ele>
    <time>2024-04-17T12:00:28Z</time>
    <extensions>
     <ns2:TrackPointExtension>
      <ns2:atemp>15</ns2:atemp>
      <ns2:hr>122</ns2:hr>
      <ns2:cad>54</ns2:cad>
     </ns2:TrackPointExtension>
    </extensions>
   </trkpt>
   <trkpt lat="39.9717230" lon="-105.2900290">
    <ele>1979.0</ele>
    <time>2024-04-17T12:00:32Z</time>
    <extensions>
     <ns2:TrackPointExtension>
      <ns2:atemp>15</ns2:atemp>
      <ns2:hr>120</ns2:hr>
      <ns2:cad>53</ns2:cad>
     </ns2:TrackPointExtension>
    </extensions>
   </trkpt>
   <trkpt lat="39.9717230" lon="-105.2900290">
    <ele>1979.4</ele>
    <time>2024-04-17T12:00:33Z</time>
    <extensions>
     <ns2:TrackPointExtension>
      <ns2:atemp>15</ns2:atemp>
      <ns2:hr>122</ns2:hr>
      <ns2:cad>0</ns2:cad>
     </ns2:TrackPointExtension>
    </extensions>
   </trkpt>
   <trkpt lat="39.9716990" lon="-105.2900610">
    <ele>1980.0</ele>
    <time>2024-04-17T12:00:37Z</time>
    <extensions>
     <ns2:TrackPointExtension>
      <ns2:atemp>15</ns2:atemp>
      <ns2:hr>122</ns2:hr>
      <ns2:cad>0</ns2:cad>
     </ns2:TrackPointExtension>
    </extensions>
   </trkpt>
   <trkpt lat="39.9716890" lon="-105.2900880">
    <ele>1980.2</ele>
    <time>2024-04-17T12:00:39Z</time>
    <extensions>
     <ns2:TrackPointExtension>
      <ns2:atemp>15</ns2:atemp>
      <ns2:hr>122</ns2:hr>
      <ns2:cad>0</ns2:cad>
     </ns2:TrackPointExtension>
    </extensions>
   </trkpt>
   <trkpt lat="39.9716780" lon="-105.2901480">
    <ele>1981.2</ele>
    <time>2024-04-17T12:00:45Z</time>
    <extensions>
     <ns2:TrackPointExtension>
      <ns2:atemp>15</ns2:atemp>
      <ns2:hr>122</ns2:hr>
      <ns2:cad>57</ns2:cad>
     </ns2:TrackPointExtension>
    </extensions>
   </trkpt>
   <trkpt lat="39.9716820" lon="-105.2901830">
    <ele>1981.8</ele>
    <time>2024-04-17T12:00:48Z</time>
    <extensions>
     <ns2:TrackPointExtension>
      <ns2:atemp>15</ns2:atemp>
      <ns2:hr>122</ns2:hr>
      <ns2:cad>51</ns2:cad>
     </ns2:TrackPointExtension>
    </extensions>
   </trkpt>
   <trkpt lat="39.9716610" lon="-105.2902230">
    <ele>1982.4</ele>
    <time>2024-04-17T12:00:53Z</time>
    <extensions>
     <ns2:TrackPointExtension>
      <ns2:atemp>15</ns2:atemp>
      <ns2:hr>122</ns2:hr>
      <ns2:cad>0</ns2:cad>
     </ns2:TrackPointExtension>
    </extensions>
   </trkpt>
   <trkpt lat="39.9716600" lon="-105.2902470">
    <ele>1982.8</ele>
    <time>2024-04-17T12:00:55Z</time>
    <extensions>
     <ns2:TrackPointExtension>
      <ns2:atemp>15</ns2:atemp>
      <ns2:hr>122</ns2:hr>
      <ns2:cad>0</ns2:cad>
     </ns2:TrackPointExtension>
    </extensions>
   </trkpt>
   <trkpt lat="39.9716750" lon="-105.2902890">
    <ele>1983.4</ele>
    <time>2024-04-17T12:00:58Z</time>
    <extensions>
     <ns2:TrackPointExtension>
      <ns2:atemp>15</ns2:atemp>
      <ns2:hr>122</ns2:hr>
      <ns2:cad>0</ns2:cad>
     </ns2:TrackPointExtension>
    </extensions>
   </trkpt>
   <trkpt lat="39.9716840" lon="-105.2903130">
    <ele>1983.6</ele>
    <time>2024-04-17T12:01:00Z</time>
    <extensions>
     <ns2:TrackPointExtension>
      <ns2:atemp>15</ns2:atemp>
      <ns2:hr>122</ns2:hr>
      <ns2:cad>0</ns2:cad>
     </ns2:TrackPointExtension>
    </extensions>
   </trkpt>
   <trkpt lat="39.9716870" lon="-105.2903270">
    <ele>1983.6</ele>
    <time>2024-04-17T12:01:01Z</time>
    <extensions>
     <ns2:TrackPointExtension>
      <ns2:atemp>15</ns2:atemp>
      <ns2:hr>124</ns2:hr>
      <ns2:cad>0</ns2:cad>
     </ns2:TrackPointExtension>
    </extensions>
   </trkpt>
   <trkpt lat="39.9716860" lon="-105.2903380">
    <ele>1983.8</ele>
    <time>2024-04-17T12:01:02Z</time>
    <extensions>
     <ns2:TrackPointExtension>
      <ns2:atemp>15</ns2:atemp>
      <ns2:hr>124</ns2:hr>
      <ns2:cad>0</ns2:cad>
     </ns2:TrackPointExtension>
    </extensions>
   </trkpt>
   <trkpt lat="39.9717020" lon="-105.2903770">
    <ele>1984.0</ele>
    <time>2024-04-17T12:01:06Z</time>
    <extensions>
     <ns2:TrackPointExtension>
      <ns2:atemp>15</ns2:atemp>
      <ns2:hr>122</ns2:hr>
      <ns2:cad>57</ns2:cad>
     </ns2:TrackPointExtension>
    </extensions>
   </trkpt>
   <trkpt lat="39.9717050" lon="-105.2903890">
    <ele>1984.0</ele>
    <time>2024-04-17T12:01:07Z</time>
    <extensions>
     <ns2:TrackPointExtension>
      <ns2:atemp>15</ns2:atemp>
      <ns2:hr>123</ns2:hr>
      <ns2:cad>0</ns2:cad>
     </ns2:TrackPointExtension>
    </extensions>
   </trkpt>
   <trkpt lat="39.9717090" lon="-105.2904300">
    <ele>1984.8</ele>
    <time>2024-04-17T12:01:10Z</time>
    <extensions>
     <ns2:TrackPointExtension>
      <ns2:atemp>15</ns2:atemp>
      <ns2:hr>122</ns2:hr>
      <ns2:cad>45</ns2:cad>
     </ns2:TrackPointExtension>
    </extensions>
   </trkpt>
   <trkpt lat="39.9717090" lon="-105.2904550">
    <ele>1985.4</ele>
    <time>2024-04-17T12:01:12Z</time>
    <extensions>
     <ns2:TrackPointExtension>
      <ns2:atemp>15</ns2:atemp>
      <ns2:hr>122</ns2:hr>
      <ns2:cad>45</ns2:cad>
     </ns2:TrackPointExtension>
    </extensions>
   </trkpt>
   <trkpt lat="39.9717200" lon="-105.2905290">
    <ele>1986.0</ele>
    <time>2024-04-17T12:01:17Z</time>
    <extensions>
     <ns2:TrackPointExtension>
      <ns2:atemp>15</ns2:atemp>
      <ns2:hr>122</ns2:hr>
      <ns2:cad>45</ns2:cad>
     </ns2:TrackPointExtension>
    </extensions>
   </trkpt>
   <trkpt lat="39.9717230" lon="-105.2905550">
    <ele>1986.4</ele>
    <time>2024-04-17T12:01:19Z</time>
    <extensions>
     <ns2:TrackPointExtension>
      <ns2:atemp>15</ns2:atemp>
      <ns2:hr>123</ns2:hr>
      <ns2:cad>41</ns2:cad>
     </ns2:TrackPointExtension>
    </extensions>
   </trkpt>
   <trkpt lat="39.9717230" lon="-105.2905690">
    <ele>1987.0</ele>
    <time>2024-04-17T12:01:22Z</time>
    <extensions>
     <ns2:TrackPointExtension>
      <ns2:atemp>15</ns2:atemp>
      <ns2:hr>124</ns2:hr>
      <ns2:cad>41</ns2:cad>
     </ns2:TrackPointExtension>
    </extensions>
   </trkpt>
   <trkpt lat="39.9717110" lon="-105.2905870">
    <ele>1987.4</ele>
    <time>2024-04-17T12:01:25Z</time>
    <extensions>
     <ns2:TrackPointExtension>
      <ns2:atemp>15</ns2:atemp>
      <ns2:hr>124</ns2:hr>
      <ns2:cad>0</ns2:cad>
     </ns2:TrackPointExtension>
    </extensions>
   </trkpt>
   <trkpt lat="39.9717060" lon="-105.2906510">
    <ele>1988.2</ele>
    <time>2024-04-17T12:01:30Z</time>
    <extensions>
     <ns2:TrackPointExtension>
      <ns2:atemp>15</ns2:atemp>
      <ns2:hr>122</ns2:hr>
      <ns2:cad>54</ns2:cad>
     </ns2:TrackPointExtension>
    </extensions>
   </trkpt>
   <trkpt lat="39.9717090" lon="-105.2906580">
    <ele>1988.2</ele>
    <time>2024-04-17T12:01:31Z</time>
    <extensions>
     <ns2:TrackPointExtension>
      <ns2:atemp>15</ns2:atemp>
      <ns2:hr>122</ns2:hr>
      <ns2:cad>54</ns2:cad>
     </ns2:TrackPointExtension>
    </extensions>
   </trkpt>
   <trkpt lat="39.9717280" lon="-105.2906880">
    <ele>1988.4</ele>
    <time>2024-04-17T12:01:34Z</time>
    <extensions>
     <ns2:TrackPointExtension>
      <ns2:atemp>15</ns2:atemp>
      <ns2:hr>122</ns2:hr>
      <ns2:cad>50</ns2:cad>
     </ns2:TrackPointExtension>
    </extensions>
   </trkpt>
   <trkpt lat="39.9717440" lon="-105.2907310">
    <ele>1989.4</ele>
    <time>2024-04-17T12:01:40Z</time>
    <extensions>
     <ns2:TrackPointExtension>
      <ns2:atemp>15</ns2:atemp>
      <ns2:hr>122</ns2:hr>
      <ns2:cad>0</ns2:cad>
     </ns2:TrackPointExtension>
    </extensions>
   </trkpt>
   <trkpt lat="39.9717420" lon="-105.2907450">
    <ele>1989.6</ele>
    <time>2024-04-17T12:01:41Z</time>
    <extensions>
     <ns2:TrackPointExtension>
      <ns2:atemp>15</ns2:atemp>
      <ns2:hr>122</ns2:hr>
      <ns2:cad>52</ns2:cad>
     </ns2:TrackPointExtension>
    </extensions>
   </trkpt>
   <trkpt lat="39.9717310" lon="-105.2907880">
    <ele>1990.6</ele>
    <time>2024-04-17T12:01:45Z</time>
    <extensions>
     <ns2:TrackPointExtension>
      <ns2:atemp>15</ns2:atemp>
      <ns2:hr>122</ns2:hr>
      <ns2:cad>52</ns2:cad>
     </ns2:TrackPointExtension>
    </extensions>
   </trkpt>
   <trkpt lat="39.9717030" lon="-105.2907760">
    <ele>1991.2</ele>
    <time>2024-04-17T12:01:49Z</time>
    <extensions>
     <ns2:TrackPointExtension>
      <ns2:atemp>15</ns2:atemp>
      <ns2:hr>122</ns2:hr>
      <ns2:cad>51</ns2:cad>
     </ns2:TrackPointExtension>
    </extensions>
   </trkpt>
   <trkpt lat="39.9716840" lon="-105.2907950">
    <ele>1991.6</ele>
    <time>2024-04-17T12:01:52Z</time>
    <extensions>
     <ns2:TrackPointExtension>
      <ns2:atemp>15</ns2:atemp>
      <ns2:hr>122</ns2:hr>
      <ns2:cad>52</ns2:cad>
     </ns2:TrackPointExtension>
    </extensions>
   </trkpt>
   <trkpt lat="39.9716810" lon="-105.2908050">
    <ele>1991.8</ele>
    <time>2024-04-17T12:01:53Z</time>
    <extensions>
     <ns2:TrackPointExtension>
      <ns2:atemp>15</ns2:atemp>
      <ns2:hr>122</ns2:hr>
      <ns2:cad>52</ns2:cad>
     </ns2:TrackPointExtension>
    </extensions>
   </trkpt>
   <trkpt lat="39.9716880" lon="-105.2908110">
    <ele>1992.0</ele>
    <time>2024-04-17T12:01:55Z</time>
    <extensions>
     <ns2:TrackPointExtension>
      <ns2:atemp>15</ns2:atemp>
      <ns2:hr>122</ns2:hr>
      <ns2:cad>0</ns2:cad>
     </ns2:TrackPointExtension>
    </extensions>
   </trkpt>
   <trkpt lat="39.9716880" lon="-105.2908060">
    <ele>1992.8</ele>
    <time>2024-04-17T12:01:57Z</time>
    <extensions>
     <ns2:TrackPointExtension>
      <ns2:atemp>15</ns2:atemp>
      <ns2:hr>122</ns2:hr>
      <ns2:cad>0</ns2:cad>
     </ns2:TrackPointExtension>
    </extensions>
   </trkpt>
   <trkpt lat="39.9717050" lon="-105.2908070">
    <ele>1993.0</ele>
    <time>2024-04-17T12:01:59Z</time>
    <extensions>
     <ns2:TrackPointExtension>
      <ns2:atemp>15</ns2:atemp>
      <ns2:hr>122</ns2:hr>
      <ns2:cad>46</ns2:cad>
     </ns2:TrackPointExtension>
    </extensions>
   </trkpt>
   <trkpt lat="39.9717490" lon="-105.2907750">
    <ele>1993.2</ele>
    <time>2024-04-17T12:02:04Z</time>
    <extensions>
     <ns2:TrackPointExtension>
      <ns2:atemp>15</ns2:atemp>
      <ns2:hr>123</ns2:hr>
      <ns2:cad>52</ns2:cad>
     </ns2:TrackPointExtension>
    </extensions>
   </trkpt>
   <trkpt lat="39.9717590" lon="-105.2907540">
    <ele>1992.8</ele>
    <time>2024-04-17T12:02:11Z</time>
    <extensions>
     <ns2:TrackPointExtension>
      <ns2:atemp>15</ns2:atemp>
      <ns2:hr>122</ns2:hr>
      <ns2:cad>0</ns2:cad>
     </ns2:TrackPointExtension>
    </extensions>
   </trkpt>
   <trkpt lat="39.9718080" lon="-105.2907490">
    <ele>1993.2</ele>
    <time>2024-04-17T12:02:18Z</time>
    <extensions>
     <ns2:TrackPointExtension>
      <ns2:atemp>15</ns2:atemp>
      <ns2:hr>122</ns2:hr>
      <ns2:cad>0</ns2:cad>
     </ns2:TrackPointExtension>
    </extensions>
   </trkpt>
   <trkpt lat="39.9718330" lon="-105.2907350">
    <ele>1993.8</ele>
    <time>2024-04-17T12:02:22Z</time>
    <extensions>
     <ns2:TrackPointExtension>
      <ns2:atemp>16</ns2:atemp>
      <ns2:hr>122</ns2:hr>
      <ns2:cad>0</ns2:cad>
     </ns2:TrackPointExtension>
    </extensions>
   </trkpt>
   <trkpt lat="39.9718340" lon="-105.2907390">
    <ele>1993.8</ele>
    <time>2024-04-17T12:02:23Z</time>
    <extensions>
     <ns2:TrackPointExtension>
      <ns2:atemp>16</ns2:atemp>
      <ns2:hr>123</ns2:hr>
      <ns2:cad>0</ns2:cad>
     </ns2:TrackPointExtension>
    </extensions>
   </trkpt>
   <trkpt lat="39.9718410" lon="-105.2907380">
    <ele>1994.0</ele>
    <time>2024-04-17T12:02:25Z</time>
    <extensions>
     <ns2:TrackPointExtension>
      <ns2:atemp>16</ns2:atemp>
      <ns2:hr>125</ns2:hr>
      <ns2:cad>76</ns2:cad>
     </ns2:TrackPointExtension>
    </extensions>
   </trkpt>
   <trkpt lat="39.9718560" lon="-105.2907360">
    <ele>1994.2</ele>
    <time>2024-04-17T12:02:29Z</time>
    <extensions>
     <ns2:TrackPointExtension>
      <ns2:atemp>16</ns2:atemp>
      <ns2:hr>124</ns2:hr>
      <ns2:cad>0</ns2:cad>
     </ns2:TrackPointExtension>
    </extensions>
   </trkpt>
   <trkpt lat="39.9718640" lon="-105.2907290">
    <ele>1994.4</ele>
    <time>2024-04-17T12:02:33Z</time>
    <extensions>
     <ns2:TrackPointExtension>
      <ns2:atemp>16</ns2:atemp>
      <ns2:hr>122</ns2:hr>
      <ns2:cad>0</ns2:cad>
     </ns2:TrackPointExtension>
    </extensions>
   </trkpt>
   <trkpt lat="39.9719030" lon="-105.2906820">
    <ele>1994.6</ele>
    <time>2024-04-17T12:02:38Z</time>
    <extensions>
     <ns2:TrackPointExtension>
      <ns2:atemp>16</ns2:atemp>
      <ns2:hr>120</ns2:hr>
      <ns2:cad>45</ns2:cad>
     </ns2:TrackPointExtension>
    </extensions>
   </trkpt>
   <trkpt lat="39.9719250" lon="-105.2906550">
    <ele>1995.0</ele>
    <time>2024-04-17T12:02:40Z</time>
    <extensions>
     <ns2:TrackPointExtension>
      <ns2:atemp>16</ns2:atemp>
      <ns2:hr>120</ns2:hr>
      <ns2:cad>45</ns2:cad>
     </ns2:TrackPointExtension>
    </extensions>
   </trkpt>
   <trkpt lat="39.9719510" lon="-105.2906240">
    <ele>1996.0</ele>
    <time>2024-04-17T12:02:45Z</time>
    <extensions>
     <ns2:TrackPointExtension>
      <ns2:atemp>16</ns2:atemp>
      <ns2:hr>119</ns2:hr>
      <ns2:cad>54</ns2:cad>
     </ns2:TrackPointExtension>
    </extensions>
   </trkpt>
   <trkpt lat="39.9719570" lon="-105.2906150">
    <ele>1996.0</ele>
    <time>2024-04-17T12:02:46Z</time>
    <extensions>
     <ns2:TrackPointExtension>
      <ns2:atemp>16</ns2:atemp>
      <ns2:hr>119</ns2:hr>
      <ns2:cad>54</ns2:cad>
     </ns2:TrackPointExtension>
    </extensions>
   </trkpt>
   <trkpt lat="39.9719620" lon="-105.2905930">
    <ele>1996.4</ele>
    <time>2024-04-17T12:02:48Z</time>
    <extensions>
     <ns2:TrackPointExtension>
      <ns2:atemp>16</ns2:atemp>
      <ns2:hr>118</ns2:hr>
      <ns2:cad>54</ns2:cad>
     </ns2:TrackPointExtension>
    </extensions>
   </trkpt>
   <trkpt lat="39.9719730" lon="-105.2905560">
    <ele>1996.6</ele>
    <time>2024-04-17T12:02:51Z</time>
    <extensions>
     <ns2:TrackPointExtension>
      <ns2:atemp>16</ns2:atemp>
      <ns2:hr>115</ns2:hr>
      <ns2:cad>51</ns2:cad>
     </ns2:TrackPointExtension>
    </extensions>
   </trkpt>
   <trkpt lat="39.9719780" lon="-105.2905500">
    <ele>1997.0</ele>
    <time>2024-04-17T12:02:53Z</time>
    <extensions>
     <ns2:TrackPointExtension>
      <ns2:atemp>16</ns2:atemp>
      <ns2:hr>113</ns2:hr>
      <ns2:cad>52</ns2:cad>
     </ns2:TrackPointExtension>
    </extensions>
   </trkpt>
   <trkpt lat="39.9719810" lon="-105.2905270">
    <ele>1997.2</ele>
    <time>2024-04-17T12:02:56Z</time>
    <extensions>
     <ns2:TrackPointExtension>
      <ns2:atemp>16</ns2:atemp>
      <ns2:hr>112</ns2:hr>
      <ns2:cad>49</ns2:cad>
     </ns2:TrackPointExtension>
    </extensions>
   </trkpt>
   <trkpt lat="39.9720050" lon="-105.2904790">
    <ele>1997.4</ele>
    <time>2024-04-17T12:03:02Z</time>
    <extensions>
     <ns2:TrackPointExtension>
      <ns2:atemp>16</ns2:atemp>
      <ns2:hr>110</ns2:hr>
      <ns2:cad>58</ns2:cad>
     </ns2:TrackPointExtension>
    </extensions>
   </trkpt>
   <trkpt lat="39.9719940" lon="-105.2904980">
    <ele>1997.8</ele>
    <time>2024-04-17T12:03:05Z</time>
    <extensions>
     <ns2:TrackPointExtension>
      <ns2:atemp>16</ns2:atemp>
      <ns2:hr>110</ns2:hr>
      <ns2:cad>57</ns2:cad>
     </ns2:TrackPointExtension>
    </extensions>
   </trkpt>
   <trkpt lat="39.9719900" lon="-105.2905290">
    <ele>1998.0</ele>
    <time>2024-04-17T12:03:07Z</time>
    <extensions>
     <ns2:TrackPointExtension>
      <ns2:atemp>16</ns2:atemp>
      <ns2:hr>110</ns2:hr>
      <ns2:cad>57</ns2:cad>
     </ns2:TrackPointExtension>
    </extensions>
   </trkpt>
   <trkpt lat="39.9719870" lon="-105.2905450">
    <ele>1998.2</ele>
    <time>2024-04-17T12:03:08Z</time>
    <extensions>
     <ns2:TrackPointExtension>
      <ns2:atemp>16</ns2:atemp>
      <ns2:hr>110</ns2:hr>
      <ns2:cad>64</ns2:cad>
     </ns2:TrackPointExtension>
    </extensions>
   </trkpt>
   <trkpt lat="39.9719710" lon="-105.2906450">
    <ele>1999.0</ele>
    <time>2024-04-17T12:03:16Z</time>
    <extensions>
     <ns2:TrackPointExtension>
      <ns2:atemp>16</ns2:atemp>
      <ns2:hr>112</ns2:hr>
      <ns2:cad>59</ns2:cad>
     </ns2:TrackPointExtension>
    </extensions>
   </trkpt>
   <trkpt lat="39.9719640" lon="-105.2906920">
    <ele>1999.2</ele>
    <time>2024-04-17T12:03:19Z</time>
    <extensions>
     <ns2:TrackPointExtension>
      <ns2:atemp>16</ns2:atemp>
      <ns2:hr>114</ns2:hr>
      <ns2:cad>59</ns2:cad>
     </ns2:TrackPointExtension>
    </extensions>
   </trkpt>
   <trkpt lat="39.9719690" lon="-105.2907120">
    <ele>1999.6</ele>
    <time>2024-04-17T12:03:23Z</time>
    <extensions>
     <ns2:TrackPointExtension>
      <ns2:atemp>16</ns2:atemp>
      <ns2:hr>117</ns2:hr>
      <ns2:cad>60</ns2:cad>
     </ns2:TrackPointExtension>
    </extensions>
   </trkpt>
   <trkpt lat="39.9719650" lon="-105.2907490">
    <ele>1999.8</ele>
    <time>2024-04-17T12:03:26Z</time>
    <extensions>
     <ns2:TrackPointExtension>
      <ns2:atemp>16</ns2:atemp>
      <ns2:hr>119</ns2:hr>
      <ns2:cad>60</ns2:cad>
     </ns2:TrackPointExtension>
    </extensions>
   </trkpt>
   <trkpt lat="39.9719590" lon="-105.2907700">
    <ele>2000.2</ele>
    <time>2024-04-17T12:03:28Z</time>
    <extensions>
     <ns2:TrackPointExtension>
      <ns2:atemp>16</ns2:atemp>
      <ns2:hr>120</ns2:hr>
      <ns2:cad>60</ns2:cad>
     </ns2:TrackPointExtension>
    </extensions>
   </trkpt>
   <trkpt lat="39.9719560" lon="-105.2907800">
    <ele>2000.4</ele>
    <time>2024-04-17T12:03:29Z</time>
    <extensions>
     <ns2:TrackPointExtension>
      <ns2:atemp>16</ns2:atemp>
      <ns2:hr>121</ns2:hr>
      <ns2:cad>60</ns2:cad>
     </ns2:TrackPointExtension>
    </extensions>
   </trkpt>
   <trkpt lat="39.9719340" lon="-105.2908150">
    <ele>2001.0</ele>
    <time>2024-04-17T12:03:32Z</time>
    <extensions>
     <ns2:TrackPointExtension>
      <ns2:atemp>16</ns2:atemp>
      <ns2:hr>124</ns2:hr>
      <ns2:cad>59</ns2:cad>
     </ns2:TrackPointExtension>
    </extensions>
   </trkpt>
   <trkpt lat="39.9719150" lon="-105.2908320">
    <ele>2001.0</ele>
    <time>2024-04-17T12:03:34Z</time>
    <extensions>
     <ns2:TrackPointExtension>
      <ns2:atemp>16</ns2:atemp>
      <ns2:hr>125</ns2:hr>
      <ns2:cad>60</ns2:cad>
     </ns2:TrackPointExtension>
    </extensions>
   </trkpt>
   <trkpt lat="39.9719020" lon="-105.2908440">
    <ele>2001.2</ele>
    <time>2024-04-17T12:03:35Z</time>
    <extensions>
     <ns2:TrackPointExtension>
      <ns2:atemp>16</ns2:atemp>
      <ns2:hr>125</ns2:hr>
      <ns2:cad>60</ns2:cad>
     </ns2:TrackPointExtension>
    </extensions>
   </trkpt>
   <trkpt lat="39.9718580" lon="-105.2908780">
    <ele>2001.6</ele>
    <time>2024-04-17T12:03:40Z</time>
    <extensions>
     <ns2:TrackPointExtension>
      <ns2:atemp>16</ns2:atemp>
      <ns2:hr>126</ns2:hr>
      <ns2:cad>60</ns2:cad>
     </ns2:TrackPointExtension>
    </extensions>
   </trkpt>
   <trkpt lat="39.9718550" lon="-105.2908850">
    <ele>2002.4</ele>
    <time>2024-04-17T12:03:42Z</time>
    <extensions>
     <ns2:TrackPointExtension>
      <ns2:atemp>16</ns2:atemp>
      <ns2:hr>126</ns2:hr>
      <ns2:cad>60</ns2:cad>
     </ns2:TrackPointExtension>
    </extensions>
   </trkpt>
   <trkpt lat="39.9718550" lon="-105.2909280">
    <ele>2003.6</ele>
    <time>2024-04-17T12:03:47Z</time>
    <extensions>
     <ns2:TrackPointExtension>
      <ns2:atemp>16</ns2:atemp>
      <ns2:hr>126</ns2:hr>
      <ns2:cad>41</ns2:cad>
     </ns2:TrackPointExtension>
    </extensions>
   </trkpt>
   <trkpt lat="39.9718470" lon="-105.2910040">
    <ele>2004.4</ele>
    <time>2024-04-17T12:03:54Z</time>
    <extensions>
     <ns2:TrackPointExtension>
      <ns2:atemp>16</ns2:atemp>
      <ns2:hr>127</ns2:hr>
      <ns2:cad>41</ns2:cad>
     </ns2:TrackPointExtension>
    </extensions>
   </trkpt>
   <trkpt lat="39.9718380" lon="-105.2910370">
    <ele>2004.6</ele>
    <time>2024-04-17T12:03:57Z</time>
    <extensions>
     <ns2:TrackPointExtension>
      <ns2:atemp>16</ns2:atemp>
      <ns2:hr>127</ns2:hr>
      <ns2:cad>0</ns2:cad>
     </ns2:TrackPointExtension>
    </extensions>
   </trkpt>
   <trkpt lat="39.9718310" lon="-105.2910940">
    <ele>2005.4</ele>
    <time>2024-04-17T12:04:02Z</time>
    <extensions>
     <ns2:TrackPointExtension>
      <ns2:atemp>16</ns2:atemp>
      <ns2:hr>126</ns2:hr>
      <ns2:cad>49</ns2:cad>
     </ns2:TrackPointExtension>
    </extensions>
   </trkpt>
   <trkpt lat="39.9718090" lon="-105.2911210">
    <ele>2005.6</ele>
    <time>2024-04-17T12:04:08Z</time>
    <extensions>
     <ns2:TrackPointExtension>
      <ns2:atemp>16</ns2:atemp>
      <ns2:hr>126</ns2:hr>
      <ns2:cad>0</ns2:cad>
     </ns2:TrackPointExtension>
    </extensions>
   </trkpt>
   <trkpt lat="39.9718300" lon="-105.2911730">
    <ele>2005.6</ele>
    <time>2024-04-17T12:04:11Z</time>
    <extensions>
     <ns2:TrackPointExtension>
      <ns2:atemp>16</ns2:atemp>
      <ns2:hr>127</ns2:hr>
      <ns2:cad>58</ns2:cad>
     </ns2:TrackPointExtension>
    </extensions>
   </trkpt>
   <trkpt lat="39.9718320" lon="-105.2912180">
    <ele>2005.8</ele>
    <time>2024-04-17T12:04:13Z</time>
    <extensions>
     <ns2:TrackPointExtension>
      <ns2:atemp>16</ns2:atemp>
      <ns2:hr>127</ns2:hr>
      <ns2:cad>58</ns2:cad>
     </ns2:TrackPointExtension>
    </extensions>
   </trkpt>
   <trkpt lat="39.9718340" lon="-105.2912370">
    <ele>2006.2</ele>
    <time>2024-04-17T12:04:15Z</time>
    <extensions>
     <ns2:TrackPointExtension>
      <ns2:atemp>16</ns2:atemp>
      <ns2:hr>126</ns2:hr>
      <ns2:cad>56</ns2:cad>
     </ns2:TrackPointExtension>
    </extensions>
   </trkpt>
   <trkpt lat="39.9718310" lon="-105.2912410">
    <ele>2006.2</ele>
    <time>2024-04-17T12:04:16Z</time>
    <extensions>
     <ns2:TrackPointExtension>
      <ns2:atemp>16</ns2:atemp>
      <ns2:hr>126</ns2:hr>
      <ns2:cad>56</ns2:cad>
     </ns2:TrackPointExtension>
    </extensions>
   </trkpt>
   <trkpt lat="39.9718070" lon="-105.2913290">
    <ele>2006.8</ele>
    <time>2024-04-17T12:04:21Z</time>
    <extensions>
     <ns2:TrackPointExtension>
      <ns2:atemp>16</ns2:atemp>
      <ns2:hr>123</ns2:hr>
      <ns2:cad>87</ns2:cad>
     </ns2:TrackPointExtension>
    </extensions>
   </trkpt>
   <trkpt lat="39.9718090" lon="-105.2913660">
    <ele>2007.2</ele>
    <time>2024-04-17T12:04:23Z</time>
    <extensions>
     <ns2:TrackPointExtension>
      <ns2:atemp>16</ns2:atemp>
      <ns2:hr>123</ns2:hr>
      <ns2:cad>87</ns2:cad>
     </ns2:TrackPointExtension>
    </extensions>
   </trkpt>
   <trkpt lat="39.9718050" lon="-105.2914480">
    <ele>2008.0</ele>
    <time>2024-04-17T12:04:27Z</time>
    <extensions>
     <ns2:TrackPointExtension>
      <ns2:atemp>16</ns2:atemp>
      <ns2:hr>124</ns2:hr>
      <ns2:cad>43</ns2:cad>
     </ns2:TrackPointExtension>
    </extensions>
   </trkpt>
   <trkpt lat="39.9717740" lon="-105.2915130">
    <ele>2009.4</ele>
    <time>2024-04-17T12:04:31Z</time>
    <extensions>
     <ns2:TrackPointExtension>
      <ns2:atemp>16</ns2:atemp>
      <ns2:hr>128</ns2:hr>
      <ns2:cad>79</ns2:cad>
     </ns2:TrackPointExtension>
    </extensions>
   </trkpt>
   <trkpt lat="39.9717010" lon="-105.2915890">
    <ele>2009.8</ele>
    <time>2024-04-17T12:04:36Z</time>
    <extensions>
     <ns2:TrackPointExtension>
      <ns2:atemp>16</ns2:atemp>
      <ns2:hr>131</ns2:hr>
      <ns2:cad>84</ns2:cad>
     </ns2:TrackPointExtension>
    </extensions>
   </trkpt>
   <trkpt lat="39.9716950" lon="-105.2916010">
    <ele>2009.8</ele>
    <time>2024-04-17T12:04:37Z</time>
    <extensions>
     <ns2:TrackPointExtension>
      <ns2:atemp>16</ns2:atemp>
      <ns2:hr>130</ns2:hr>
      <ns2:cad>85</ns2:cad>
     </ns2:TrackPointExtension>
    </extensions>
   </trkpt>
   <trkpt lat="39.9716520" lon="-105.2916600">
    <ele>2010.2</ele>
    <time>2024-04-17T12:04:42Z</time>
    <extensions>
     <ns2:TrackPointExtension>
      <ns2:atemp>16</ns2:atemp>
      <ns2:hr>133</ns2:hr>
      <ns2:cad>85</ns2:cad>
     </ns2:TrackPointExtension>
    </extensions>
   </trkpt>
   <trkpt lat="39.9716440" lon="-105.2916690">
    <ele>2010.2</ele>
    <time>2024-04-17T12:04:43Z</time>
    <extensions>
     <ns2:TrackPointExtension>
      <ns2:atemp>16</ns2:atemp>
      <ns2:hr>133</ns2:hr>
      <ns2:cad>85</ns2:cad>
     </ns2:TrackPointExtension>
    </extensions>
   </trkpt>
   <trkpt lat="39.9716320" lon="-105.2916760">
    <ele>2010.2</ele>
    <time>2024-04-17T12:04:44Z</time>
    <extensions>
     <ns2:TrackPointExtension>
      <ns2:atemp>16</ns2:atemp>
      <ns2:hr>133</ns2:hr>
      <ns2:cad>85</ns2:cad>
     </ns2:TrackPointExtension>
    </extensions>
   </trkpt>
   <trkpt lat="39.9715760" lon="-105.2917350">
    <ele>2010.0</ele>
    <time>2024-04-17T12:04:48Z</time>
    <extensions>
     <ns2:TrackPointExtension>
      <ns2:atemp>16</ns2:atemp>
      <ns2:hr>134</ns2:hr>
      <ns2:cad>85</ns2:cad>
     </ns2:TrackPointExtension>
    </extensions>
   </trkpt>
   <trkpt lat="39.9715220" lon="-105.2918360">
    <ele>2010.2</ele>
    <time>2024-04-17T12:04:54Z</time>
    <extensions>
     <ns2:TrackPointExtension>
      <ns2:atemp>15</ns2:atemp>
      <ns2:hr>136</ns2:hr>
      <ns2:cad>42</ns2:cad>
     </ns2:TrackPointExtension>
    </extensions>
   </trkpt>
   <trkpt lat="39.9715260" lon="-105.2918390">
    <ele>2010.4</ele>
    <time>2024-04-17T12:04:56Z</time>
    <extensions>
     <ns2:TrackPointExtension>
      <ns2:atemp>15</ns2:atemp>
      <ns2:hr>138</ns2:hr>
      <ns2:cad>42</ns2:cad>
     </ns2:TrackPointExtension>
    </extensions>
   </trkpt>
   <trkpt lat="39.9714980" lon="-105.2918820">
    <ele>2010.6</ele>
    <time>2024-04-17T12:05:00Z</time>
    <extensions>
     <ns2:TrackPointExtension>
      <ns2:atemp>15</ns2:atemp>
      <ns2:hr>138</ns2:hr>
      <ns2:cad>42</ns2:cad>
     </ns2:TrackPointExtension>
    </extensions>
   </trkpt>
   <trkpt lat="39.9714650" lon="-105.2919040">
    <ele>2011.6</ele>
    <time>2024-04-17T12:05:06Z</time>
    <extensions>
     <ns2:TrackPointExtension>
      <ns2:atemp>15</ns2:atemp>
      <ns2:hr>135</ns2:hr>
      <ns2:cad>66</ns2:cad>
     </ns2:TrackPointExtension>
    </extensions>
   </trkpt>
   <trkpt lat="39.9714530" lon="-105.2919060">
    <ele>2012.0</ele>
    <time>2024-04-17T12:05:07Z</time>
    <extensions>
     <ns2:TrackPointExtension>
      <ns2:atemp>15</ns2:atemp>
      <ns2:hr>135</ns2:hr>
      <ns2:cad>80</ns2:cad>
     </ns2:TrackPointExtension>
    </extensions>
   </trkpt>
   <trkpt lat="39.9713900" lon="-105.2919670">
    <ele>2012.8</ele>
    <time>2024-04-17T12:05:10Z</time>
    <extensions>
     <ns2:TrackPointExtension>
      <ns2:atemp>15</ns2:atemp>
      <ns2:hr>134</ns2:hr>
      <ns2:cad>82</ns2:cad>
     </ns2:TrackPointExtension>
    </extensions>
   </trkpt>
   <trkpt lat="39.9713430" lon="-105.2919990">
    <ele>2013.0</ele>
    <time>2024-04-17T12:05:13Z</time>
    <extensions>
     <ns2:TrackPointExtension>
      <ns2:atemp>15</ns2:atemp>
      <ns2:hr>133</ns2:hr>
      <ns2:cad>82</ns2:cad>
     </ns2:TrackPointExtension>
    </extensions>
   </trkpt>
   <trkpt lat="39.9713120" lon="-105.2920390">
    <ele>2013.0</ele>
    <time>2024-04-17T12:05:16Z</time>
    <extensions>
     <ns2:TrackPointExtension>
      <ns2:atemp>15</ns2:atemp>
      <ns2:hr>136</ns2:hr>
      <ns2:cad>44</ns2:cad>
     </ns2:TrackPointExtension>
    </extensions>
   </trkpt>
   <trkpt lat="39.9712950" lon="-105.2920310">
    <ele>2013.2</ele>
    <time>2024-04-17T12:05:20Z</time>
    <extensions>
     <ns2:TrackPointExtension>
      <ns2:atemp>15</ns2:atemp>
      <ns2:hr>134</ns2:hr>
      <ns2:cad>44</ns2:cad>
     </ns2:TrackPointExtension>
    </extensions>
   </trkpt>
   <trkpt lat="39.9712710" lon="-105.2920370">
    <ele>2013.2</ele>
    <time>2024-04-17T12:05:21Z</time>
    <extensions>
     <ns2:TrackPointExtension>
      <ns2:atemp>15</ns2:atemp>
      <ns2:hr>134</ns2:hr>
      <ns2:cad>44</ns2:cad>
     </ns2:TrackPointExtension>
    </extensions>
   </trkpt>
   <trkpt lat="39.9712310" lon="-105.2920340">
    <ele>2013.6</ele>
    <time>2024-04-17T12:05:24Z</time>
    <extensions>
     <ns2:TrackPointExtension>
      <ns2:atemp>15</ns2:atemp>
      <ns2:hr>135</ns2:hr>
      <ns2:cad>44</ns2:cad>
     </ns2:TrackPointExtension>
    </extensions>
   </trkpt>
   <trkpt lat="39.9712110" lon="-105.2920180">
    <ele>2013.8</ele>
    <time>2024-04-17T12:05:26Z</time>
    <extensions>
     <ns2:TrackPointExtension>
      <ns2:atemp>15</ns2:atemp>
      <ns2:hr>134</ns2:hr>
      <ns2:cad>44</ns2:cad>
     </ns2:TrackPointExtension>
    </extensions>
   </trkpt>
   <trkpt lat="39.9712030" lon="-105.2920100">
    <ele>2014.0</ele>
    <time>2024-04-17T12:05:27Z</time>
    <extensions>
     <ns2:TrackPointExtension>
      <ns2:atemp>15</ns2:atemp>
      <ns2:hr>134</ns2:hr>
      <ns2:cad>44</ns2:cad>
     </ns2:TrackPointExtension>
    </extensions>
   </trkpt>
   <trkpt lat="39.9711210" lon="-105.2920120">
    <ele>2014.4</ele>
    <time>2024-04-17T12:05:32Z</time>
    <extensions>
     <ns2:TrackPointExtension>
      <ns2:atemp>15</ns2:atemp>
      <ns2:hr>129</ns2:hr>
      <ns2:cad>86</ns2:cad>
     </ns2:TrackPointExtension>
    </extensions>
   </trkpt>
   <trkpt lat="39.9711010" lon="-105.2920160">
    <ele>2014.4</ele>
    <time>2024-04-17T12:05:33Z</time>
    <extensions>
     <ns2:TrackPointExtension>
      <ns2:atemp>15</ns2:atemp>
      <ns2:hr>132</ns2:hr>
      <ns2:cad>87</ns2:cad>
     </ns2:TrackPointExtension>
    </extensions>
   </trkpt>
   <trkpt lat="39.9710390" lon="-105.2921010">
    <ele>2014.2</ele>
    <time>2024-04-17T12:05:38Z</time>
    <extensions>
     <ns2:TrackPointExtension>
      <ns2:atemp>15</ns2:atemp>
      <ns2:hr>132</ns2:hr>
      <ns2:cad>89</ns2:cad>
     </ns2:TrackPointExtension>
    </extensions>
   </trkpt>
   <trkpt lat="39.9709800" lon="-105.2921920">
    <ele>2014.0</ele>
    <time>2024-04-17T12:05:41Z</time>
    <extensions>
     <ns2:TrackPointExtension>
      <ns2:atemp>15</ns2:atemp>
      <ns2:hr>136</ns2:hr>
      <ns2:cad>89</ns2:cad>
     </ns2:TrackPointExtension>
    </extensions>
   </trkpt>
   <trkpt lat="39.9709450" lon="-105.2922510">
    <ele>2014.2</ele>
    <time>2024-04-17T12:05:43Z</time>
    <extensions>
     <ns2:TrackPointExtension>
      <ns2:atemp>15</ns2:atemp>
      <ns2:hr>136</ns2:hr>
      <ns2:cad>91</ns2:cad>
     </ns2:TrackPointExtension>
    </extensions>
   </trkpt>
   <trkpt lat="39.9709090" lon="-105.2923020">
    <ele>2014.2</ele>
    <time>2024-04-17T12:05:45Z</time>
    <extensions>
     <ns2:TrackPointExtension>
      <ns2:atemp>15</ns2:atemp>
      <ns2:hr>139</ns2:hr>
      <ns2:cad>92</ns2:cad>
     </ns2:TrackPointExtension>
    </extensions>
   </trkpt>
   <trkpt lat="39.9708630" lon="-105.2923610">
    <ele>2014.4</ele>
    <time>2024-04-17T12:05:48Z</time>
    <extensions>
     <ns2:TrackPointExtension>
      <ns2:atemp>15</ns2:atemp>
      <ns2:hr>143</ns2:hr>
      <ns2:cad>92</ns2:cad>
     </ns2:TrackPointExtension>
    </extensions>
   </trkpt>
   <trkpt lat="39.9708390" lon="-105.2924060">
    <ele>2015.2</ele>
    <time>2024-04-17T12:05:50Z</time>
    <extensions>
     <ns2:TrackPointExtension>
      <ns2:atemp>15</ns2:atemp>
      <ns2:hr>144</ns2:hr>
      <ns2:cad>91</ns2:cad>
     </ns2:TrackPointExtension>
    </extensions>
   </trkpt>
   <trkpt lat="39.9708160" lon="-105.2924420">
    <ele>2015.6</ele>
    <time>2024-04-17T12:05:52Z</time>
    <extensions>
     <ns2:TrackPointExtension>
      <ns2:atemp>15</ns2:atemp>
      <ns2:hr>144</ns2:hr>
      <ns2:cad>90</ns2:cad>
     </ns2:TrackPointExtension>
    </extensions>
   </trkpt>
   <trkpt lat="39.9707890" lon="-105.2924820">
    <ele>2016.6</ele>
    <time>2024-04-17T12:05:54Z</time>
    <extensions>
     <ns2:TrackPointExtension>
      <ns2:atemp>15</ns2:atemp>
      <ns2:hr>144</ns2:hr>
      <ns2:cad>90</ns2:cad>
     </ns2:TrackPointExtension>
    </extensions>
   </trkpt>
   <trkpt lat="39.9707640" lon="-105.2925250">
    <ele>2016.8</ele>
    <time>2024-04-17T12:05:56Z</time>
    <extensions>
     <ns2:TrackPointExtension>
      <ns2:atemp>15</ns2:atemp>
      <ns2:hr>144</ns2:hr>
      <ns2:cad>90</ns2:cad>
     </ns2:TrackPointExtension>
    </extensions>
   </trkpt>
   <trkpt lat="39.9707380" lon="-105.2926170">
    <ele>2017.8</ele>
    <time>2024-04-17T12:06:00Z</time>
    <extensions>
     <ns2:TrackPointExtension>
      <ns2:atemp>15</ns2:atemp>
      <ns2:hr>147</ns2:hr>
      <ns2:cad>84</ns2:cad>
     </ns2:TrackPointExtension>
    </extensions>
   </trkpt>
   <trkpt lat="39.9707280" lon="-105.2926350">
    <ele>2018.2</ele>
    <time>2024-04-17T12:06:01Z</time>
    <extensions>
     <ns2:TrackPointExtension>
      <ns2:atemp>15</ns2:atemp>
      <ns2:hr>144</ns2:hr>
      <ns2:cad>84</ns2:cad>
     </ns2:TrackPointExtension>
    </extensions>
   </trkpt>
   <trkpt lat="39.9707130" lon="-105.2926780">
    <ele>2018.6</ele>
    <time>2024-04-17T12:06:03Z</time>
    <extensions>
     <ns2:TrackPointExtension>
      <ns2:atemp>15</ns2:atemp>
      <ns2:hr>146</ns2:hr>
      <ns2:cad>78</ns2:cad>
     </ns2:TrackPointExtension>
    </extensions>
   </trkpt>
   <trkpt lat="39.9707090" lon="-105.2926980">
    <ele>2018.8</ele>
    <time>2024-04-17T12:06:04Z</time>
    <extensions>
     <ns2:TrackPointExtension>
      <ns2:atemp>15</ns2:atemp>
      <ns2:hr>146</ns2:hr>
      <ns2:cad>78</ns2:cad>
     </ns2:TrackPointExtension>
    </extensions>
   </trkpt>
   <trkpt lat="39.9706890" lon="-105.2927590">
    <ele>2019.4</ele>
    <time>2024-04-17T12:06:07Z</time>
    <extensions>
     <ns2:TrackPointExtension>
      <ns2:atemp>15</ns2:atemp>
      <ns2:hr>149</ns2:hr>
      <ns2:cad>78</ns2:cad>
     </ns2:TrackPointExtension>
    </extensions>
   </trkpt>
   <trkpt lat="39.9706670" lon="-105.2928180">
    <ele>2019.8</ele>
    <time>2024-04-17T12:06:10Z</time>
    <extensions>
     <ns2:TrackPointExtension>
      <ns2:atemp>15</ns2:atemp>
      <ns2:hr>148</ns2:hr>
      <ns2:cad>85</ns2:cad>
     </ns2:TrackPointExtension>
    </extensions>
   </trkpt>
   <trkpt lat="39.9706520" lon="-105.2928380">
    <ele>2020.2</ele>
    <time>2024-04-17T12:06:11Z</time>
    <extensions>
     <ns2:TrackPointExtension>
      <ns2:atemp>15</ns2:atemp>
      <ns2:hr>149</ns2:hr>
      <ns2:cad>86</ns2:cad>
     </ns2:TrackPointExtension>
    </extensions>
   </trkpt>
   <trkpt lat="39.9706370" lon="-105.2928700">
    <ele>2020.4</ele>
    <time>2024-04-17T12:06:13Z</time>
    <extensions>
     <ns2:TrackPointExtension>
      <ns2:atemp>15</ns2:atemp>
      <ns2:hr>145</ns2:hr>
      <ns2:cad>86</ns2:cad>
     </ns2:TrackPointExtension>
    </extensions>
   </trkpt>
   <trkpt lat="39.9706300" lon="-105.2928890">
    <ele>2020.8</ele>
    <time>2024-04-17T12:06:14Z</time>
    <extensions>
     <ns2:TrackPointExtension>
      <ns2:atemp>15</ns2:atemp>
      <ns2:hr>145</ns2:hr>
      <ns2:cad>86</ns2:cad>
     </ns2:TrackPointExtension>
    </extensions>
   </trkpt>
   <trkpt lat="39.9706080" lon="-105.2929580">
    <ele>2022.0</ele>
    <time>2024-04-17T12:06:18Z</time>
    <extensions>
     <ns2:TrackPointExtension>
      <ns2:atemp>15</ns2:atemp>
      <ns2:hr>147</ns2:hr>
      <ns2:cad>84</ns2:cad>
     </ns2:TrackPointExtension>
    </extensions>
   </trkpt>
   <trkpt lat="39.9705850" lon="-105.2929920">
    <ele>2023.2</ele>
    <time>2024-04-17T12:06:21Z</time>
    <extensions>
     <ns2:TrackPointExtension>
      <ns2:atemp>15</ns2:atemp>
      <ns2:hr>147</ns2:hr>
      <ns2:cad>84</ns2:cad>
     </ns2:TrackPointExtension>
    </extensions>
   </trkpt>
   <trkpt lat="39.9705820" lon="-105.2930100">
    <ele>2023.2</ele>
    <time>2024-04-17T12:06:22Z</time>
    <extensions>
     <ns2:TrackPointExtension>
      <ns2:atemp>15</ns2:atemp>
      <ns2:hr>148</ns2:hr>
      <ns2:cad>84</ns2:cad>
     </ns2:TrackPointExtension>
    </extensions>
   </trkpt>
   <trkpt lat="39.9705610" lon="-105.2930800">
    <ele>2023.6</ele>
    <time>2024-04-17T12:06:25Z</time>
    <extensions>
     <ns2:TrackPointExtension>
      <ns2:atemp>15</ns2:atemp>
      <ns2:hr>149</ns2:hr>
      <ns2:cad>84</ns2:cad>
     </ns2:TrackPointExtension>
    </extensions>
   </trkpt>
   <trkpt lat="39.9705260" lon="-105.2931530">
    <ele>2024.6</ele>
    <time>2024-04-17T12:06:30Z</time>
    <extensions>
     <ns2:TrackPointExtension>
      <ns2:atemp>14</ns2:atemp>
      <ns2:hr>151</ns2:hr>
      <ns2:cad>84</ns2:cad>
     </ns2:TrackPointExtension>
    </extensions>
   </trkpt>
   <trkpt lat="39.9705130" lon="-105.2932050">
    <ele>2025.4</ele>
    <time>2024-04-17T12:06:34Z</time>
    <extensions>
     <ns2:TrackPointExtension>
      <ns2:atemp>14</ns2:atemp>
      <ns2:hr>150</ns2:hr>
      <ns2:cad>0</ns2:cad>
     </ns2:TrackPointExtension>
    </extensions>
   </trkpt>
   <trkpt lat="39.9705080" lon="-105.2932190">
    <ele>2025.6</ele>
    <time>2024-04-17T12:06:35Z</time>
    <extensions>
     <ns2:TrackPointExtension>
      <ns2:atemp>14</ns2:atemp>
      <ns2:hr>151</ns2:hr>
      <ns2:cad>0</ns2:cad>
     </ns2:TrackPointExtension>
    </extensions>
   </trkpt>
   <trkpt lat="39.9705090" lon="-105.2932880">
    <ele>2026.8</ele>
    <time>2024-04-17T12:06:40Z</time>
    <extensions>
     <ns2:TrackPointExtension>
      <ns2:atemp>14</ns2:atemp>
      <ns2:hr>148</ns2:hr>
      <ns2:cad>62</ns2:cad>
     </ns2:TrackPointExtension>
    </extensions>
   </trkpt>
   <trkpt lat="39.9705090" lon="-105.2933160">
    <ele>2027.2</ele>
    <time>2024-04-17T12:06:42Z</time>
    <extensions>
     <ns2:TrackPointExtension>
      <ns2:atemp>14</ns2:atemp>
      <ns2:hr>147</ns2:hr>
      <ns2:cad>62</ns2:cad>
     </ns2:TrackPointExtension>
    </extensions>
   </trkpt>
   <trkpt lat="39.9705030" lon="-105.2933920">
    <ele>2028.0</ele>
    <time>2024-04-17T12:06:46Z</time>
    <extensions>
     <ns2:TrackPointExtension>
      <ns2:atemp>14</ns2:atemp>
      <ns2:hr>146</ns2:hr>
      <ns2:cad>82</ns2:cad>
     </ns2:TrackPointExtension>
    </extensions>
   </trkpt>
   <trkpt lat="39.9705090" lon="-105.2934340">
    <ele>2028.4</ele>
    <time>2024-04-17T12:06:48Z</time>
    <extensions>
     <ns2:TrackPointExtension>
      <ns2:atemp>14</ns2:atemp>
      <ns2:hr>146</ns2:hr>
      <ns2:cad>82</ns2:cad>
     </ns2:TrackPointExtension>
    </extensions>
   </trkpt>
   <trkpt lat="39.9705080" lon="-105.2934570">
    <ele>2028.6</ele>
    <time>2024-04-17T12:06:49Z</time>
    <extensions>
     <ns2:TrackPointExtension>
      <ns2:atemp>14</ns2:atemp>
      <ns2:hr>146</ns2:hr>
      <ns2:cad>82</ns2:cad>
     </ns2:TrackPointExtension>
    </extensions>
   </trkpt>
   <trkpt lat="39.9704970" lon="-105.2935230">
    <ele>2029.0</ele>
    <time>2024-04-17T12:06:53Z</time>
    <extensions>
     <ns2:TrackPointExtension>
      <ns2:atemp>14</ns2:atemp>
      <ns2:hr>144</ns2:hr>
      <ns2:cad>85</ns2:cad>
     </ns2:TrackPointExtension>
    </extensions>
   </trkpt>
   <trkpt lat="39.9704960" lon="-105.2935400">
    <ele>2029.2</ele>
    <time>2024-04-17T12:06:54Z</time>
    <extensions>
     <ns2:TrackPointExtension>
      <ns2:atemp>14</ns2:atemp>
      <ns2:hr>145</ns2:hr>
      <ns2:cad>85</ns2:cad>
     </ns2:TrackPointExtension>
    </extensions>
   </trkpt>
   <trkpt lat="39.9704820" lon="-105.2935810">
    <ele>2030.0</ele>
    <time>2024-04-17T12:06:57Z</time>
    <extensions>
     <ns2:TrackPointExtension>
      <ns2:atemp>14</ns2:atemp>
      <ns2:hr>146</ns2:hr>
      <ns2:cad>80</ns2:cad>
     </ns2:TrackPointExtension>
    </extensions>
   </trkpt>
   <trkpt lat="39.9704790" lon="-105.2935930">
    <ele>2030.2</ele>
    <time>2024-04-17T12:06:58Z</time>
    <extensions>
     <ns2:TrackPointExtension>
      <ns2:atemp>14</ns2:atemp>
      <ns2:hr>146</ns2:hr>
      <ns2:cad>80</ns2:cad>
     </ns2:TrackPointExtension>
    </extensions>
   </trkpt>
   <trkpt lat="39.9704770" lon="-105.2936550">
    <ele>2031.0</ele>
    <time>2024-04-17T12:07:01Z</time>
    <extensions>
     <ns2:TrackPointExtension>
      <ns2:atemp>14</ns2:atemp>
      <ns2:hr>146</ns2:hr>
      <ns2:cad>80</ns2:cad>
     </ns2:TrackPointExtension>
    </extensions>
   </trkpt>
   <trkpt lat="39.9704730" lon="-105.2936740">
    <ele>2031.2</ele>
    <time>2024-04-17T12:07:02Z</time>
    <extensions>
     <ns2:TrackPointExtension>
      <ns2:atemp>14</ns2:atemp>
      <ns2:hr>146</ns2:hr>
      <ns2:cad>0</ns2:cad>
     </ns2:TrackPointExtension>
    </extensions>
   </trkpt>
   <trkpt lat="39.9704430" lon="-105.2937280">
    <ele>2032.4</ele>
    <time>2024-04-17T12:07:08Z</time>
    <extensions>
     <ns2:TrackPointExtension>
      <ns2:atemp>14</ns2:atemp>
      <ns2:hr>145</ns2:hr>
      <ns2:cad>0</ns2:cad>
     </ns2:TrackPointExtension>
    </extensions>
   </trkpt>
   <trkpt lat="39.9703970" lon="-105.2937860">
    <ele>2032.6</ele>
    <time>2024-04-17T12:07:13Z</time>
    <extensions>
     <ns2:TrackPointExtension>
      <ns2:atemp>14</ns2:atemp>
      <ns2:hr>145</ns2:hr>
      <ns2:cad>0</ns2:cad>
     </ns2:TrackPointExtension>
    </extensions>
   </trkpt>
   <trkpt lat="39.9703870" lon="-105.2938010">
    <ele>2032.8</ele>
    <time>2024-04-17T12:07:14Z</time>
    <extensions>
     <ns2:TrackPointExtension>
      <ns2:atemp>14</ns2:atemp>
      <ns2:hr>144</ns2:hr>
      <ns2:cad>0</ns2:cad>
     </ns2:TrackPointExtension>
    </extensions>
   </trkpt>
   <trkpt lat="39.9703640" lon="-105.2938280">
    <ele>2033.4</ele>
    <time>2024-04-17T12:07:16Z</time>
    <extensions>
     <ns2:TrackPointExtension>
      <ns2:atemp>14</ns2:atemp>
      <ns2:hr>145</ns2:hr>
      <ns2:cad>82</ns2:cad>
     </ns2:TrackPointExtension>
    </extensions>
   </trkpt>
   <trkpt lat="39.9702700" lon="-105.2938970">
    <ele>2033.6</ele>
    <time>2024-04-17T12:07:21Z</time>
    <extensions>
     <ns2:TrackPointExtension>
      <ns2:atemp>14</ns2:atemp>
      <ns2:hr>148</ns2:hr>
      <ns2:cad>85</ns2:cad>
     </ns2:TrackPointExtension>
    </extensions>
   </trkpt>
   <trkpt lat="39.9702510" lon="-105.2939110">
    <ele>2033.6</ele>
    <time>2024-04-17T12:07:22Z</time>
    <extensions>
     <ns2:TrackPointExtension>
      <ns2:atemp>14</ns2:atemp>
      <ns2:hr>147</ns2:hr>
      <ns2:cad>86</ns2:cad>
     </ns2:TrackPointExtension>
    </extensions>
   </trkpt>
   <trkpt lat="39.9702340" lon="-105.2939300">
    <ele>2033.6</ele>
    <time>2024-04-17T12:07:23Z</time>
    <extensions>
     <ns2:TrackPointExtension>
      <ns2:atemp>14</ns2:atemp>
      <ns2:hr>150</ns2:hr>
      <ns2:cad>88</ns2:cad>
     </ns2:TrackPointExtension>
    </extensions>
   </trkpt>
   <trkpt lat="39.9702040" lon="-105.2939600">
    <ele>2033.8</ele>
    <time>2024-04-17T12:07:25Z</time>
    <extensions>
     <ns2:TrackPointExtension>
      <ns2:atemp>14</ns2:atemp>
      <ns2:hr>145</ns2:hr>
      <ns2:cad>88</ns2:cad>
     </ns2:TrackPointExtension>
    </extensions>
   </trkpt>
   <trkpt lat="39.9701910" lon="-105.2940270">
    <ele>2034.6</ele>
    <time>2024-04-17T12:07:29Z</time>
    <extensions>
     <ns2:TrackPointExtension>
      <ns2:atemp>14</ns2:atemp>
      <ns2:hr>145</ns2:hr>
      <ns2:cad>88</ns2:cad>
     </ns2:TrackPointExtension>
    </extensions>
   </trkpt>
   <trkpt lat="39.9702020" lon="-105.2940290">
    <ele>2034.8</ele>
    <time>2024-04-17T12:07:30Z</time>
    <extensions>
     <ns2:TrackPointExtension>
      <ns2:atemp>14</ns2:atemp>
      <ns2:hr>145</ns2:hr>
      <ns2:cad>44</ns2:cad>
     </ns2:TrackPointExtension>
    </extensions>
   </trkpt>
   <trkpt lat="39.9702450" lon="-105.2940180">
    <ele>2035.6</ele>
    <time>2024-04-17T12:07:33Z</time>
    <extensions>
     <ns2:TrackPointExtension>
      <ns2:atemp>14</ns2:atemp>
      <ns2:hr>145</ns2:hr>
      <ns2:cad>44</ns2:cad>
     </ns2:TrackPointExtension>
    </extensions>
   </trkpt>
   <trkpt lat="39.9702590" lon="-105.2940150">
    <ele>2035.6</ele>
    <time>2024-04-17T12:07:34Z</time>
    <extensions>
     <ns2:TrackPointExtension>
      <ns2:atemp>14</ns2:atemp>
      <ns2:hr>147</ns2:hr>
      <ns2:cad>44</ns2:cad>
     </ns2:TrackPointExtension>
    </extensions>
   </trkpt>
   <trkpt lat="39.9702610" lon="-105.2940320">
    <ele>2036.2</ele>
    <time>2024-04-17T12:07:38Z</time>
    <extensions>
     <ns2:TrackPointExtension>
      <ns2:atemp>14</ns2:atemp>
      <ns2:hr>146</ns2:hr>
      <ns2:cad>59</ns2:cad>
     </ns2:TrackPointExtension>
    </extensions>
   </trkpt>
   <trkpt lat="39.9702440" lon="-105.2940610">
    <ele>2036.8</ele>
    <time>2024-04-17T12:07:41Z</time>
    <extensions>
     <ns2:TrackPointExtension>
      <ns2:atemp>14</ns2:atemp>
      <ns2:hr>144</ns2:hr>
      <ns2:cad>55</ns2:cad>
     </ns2:TrackPointExtension>
    </extensions>
   </trkpt>
   <trkpt lat="39.9702060" lon="-105.2941090">
    <ele>2037.4</ele>
    <time>2024-04-17T12:07:45Z</time>
    <extensions>
     <ns2:TrackPointExtension>
      <ns2:atemp>14</ns2:atemp>
      <ns2:hr>143</ns2:hr>
      <ns2:cad>59</ns2:cad>
     </ns2:TrackPointExtension>
    </extensions>
   </trkpt>
   <trkpt lat="39.9701880" lon="-105.2941510">
    <ele>2038.0</ele>
    <time>2024-04-17T12:07:49Z</time>
    <extensions>
     <ns2:TrackPointExtension>
      <ns2:atemp>14</ns2:atemp>
      <ns2:hr>143</ns2:hr>
      <ns2:cad>59</ns2:cad>
     </ns2:TrackPointExtension>
    </extensions>
   </trkpt>
   <trkpt lat="39.9701820" lon="-105.2942080">
    <ele>2038.4</ele>
    <time>2024-04-17T12:07:53Z</time>
    <extensions>
     <ns2:TrackPointExtension>
      <ns2:atemp>14</ns2:atemp>
      <ns2:hr>141</ns2:hr>
      <ns2:cad>61</ns2:cad>
     </ns2:TrackPointExtension>
    </extensions>
   </trkpt>
   <trkpt lat="39.9701740" lon="-105.2942420">
    <ele>2038.8</ele>
    <time>2024-04-17T12:07:54Z</time>
    <extensions>
     <ns2:TrackPointExtension>
      <ns2:atemp>14</ns2:atemp>
      <ns2:hr>141</ns2:hr>
      <ns2:cad>61</ns2:cad>
     </ns2:TrackPointExtension>
    </extensions>
   </trkpt>
   <trkpt lat="39.9701620" lon="-105.2943120">
    <ele>2039.2</ele>
    <time>2024-04-17T12:07:57Z</time>
    <extensions>
     <ns2:TrackPointExtension>
      <ns2:atemp>14</ns2:atemp>
      <ns2:hr>141</ns2:hr>
      <ns2:cad>45</ns2:cad>
     </ns2:TrackPointExtension>
    </extensions>
   </trkpt>
   <trkpt lat="39.9701620" lon="-105.2943670">
    <ele>2039.6</ele>
    <time>2024-04-17T12:08:00Z</time>
    <extensions>
     <ns2:TrackPointExtension>
      <ns2:atemp>14</ns2:atemp>
      <ns2:hr>140</ns2:hr>
      <ns2:cad>53</ns2:cad>
     </ns2:TrackPointExtension>
    </extensions>
   </trkpt>
   <trkpt lat="39.9701770" lon="-105.2943930">
    <ele>2040.4</ele>
    <time>2024-04-17T12:08:03Z</time>
    <extensions>
     <ns2:TrackPointExtension>
      <ns2:atemp>14</ns2:atemp>
      <ns2:hr>139</ns2:hr>
      <ns2:cad>0</ns2:cad>
     </ns2:TrackPointExtension>
    </extensions>
   </trkpt>
   <trkpt lat="39.9701730" lon="-105.2944320">
    <ele>2041.8</ele>
    <time>2024-04-17T12:08:07Z</time>
    <extensions>
     <ns2:TrackPointExtension>
      <ns2:atemp>14</ns2:atemp>
      <ns2:hr>138</ns2:hr>
      <ns2:cad>47</ns2:cad>
     </ns2:TrackPointExtension>
    </extensions>
   </trkpt>
   <trkpt lat="39.9701430" lon="-105.2945350">
    <ele>2042.4</ele>
    <time>2024-04-17T12:08:14Z</time>
    <extensions>
     <ns2:TrackPointExtension>
      <ns2:atemp>14</ns2:atemp>
      <ns2:hr>137</ns2:hr>
      <ns2:cad>60</ns2:cad>
     </ns2:TrackPointExtension>
    </extensions>
   </trkpt>
   <trkpt lat="39.9701420" lon="-105.2945710">
    <ele>2042.6</ele>
    <time>2024-04-17T12:08:16Z</time>
    <extensions>
     <ns2:TrackPointExtension>
      <ns2:atemp>14</ns2:atemp>
      <ns2:hr>140</ns2:hr>
      <ns2:cad>60</ns2:cad>
     </ns2:TrackPointExtension>
    </extensions>
   </trkpt>
   <trkpt lat="39.9701410" lon="-105.2945870">
    <ele>2042.8</ele>
    <time>2024-04-17T12:08:17Z</time>
    <extensions>
     <ns2:TrackPointExtension>
      <ns2:atemp>14</ns2:atemp>
      <ns2:hr>136</ns2:hr>
      <ns2:cad>60</ns2:cad>
     </ns2:TrackPointExtension>
    </extensions>
   </trkpt>
   <trkpt lat="39.9701340" lon="-105.2946140">
    <ele>2042.8</ele>
    <time>2024-04-17T12:08:19Z</time>
    <extensions>
     <ns2:TrackPointExtension>
      <ns2:atemp>14</ns2:atemp>
      <ns2:hr>134</ns2:hr>
      <ns2:cad>62</ns2:cad>
     </ns2:TrackPointExtension>
    </extensions>
   </trkpt>
   <trkpt lat="39.9701050" lon="-105.2946710">
    <ele>2043.4</ele>
    <time>2024-04-17T12:08:24Z</time>
    <extensions>
     <ns2:TrackPointExtension>
      <ns2:atemp>14</ns2:atemp>
      <ns2:hr>136</ns2:hr>
      <ns2:cad>61</ns2:cad>
     </ns2:TrackPointExtension>
    </extensions>
   </trkpt>
   <trkpt lat="39.9700980" lon="-105.2947010">
    <ele>2043.6</ele>
    <time>2024-04-17T12:08:26Z</time>
    <extensions>
     <ns2:TrackPointExtension>
      <ns2:atemp>14</ns2:atemp>
      <ns2:hr>135</ns2:hr>
      <ns2:cad>63</ns2:cad>
     </ns2:TrackPointExtension>
    </extensions>
   </trkpt>
   <trkpt lat="39.9701060" lon="-105.2947380">
    <ele>2043.8</ele>
    <time>2024-04-17T12:08:28Z</time>
    <extensions>
     <ns2:TrackPointExtension>
      <ns2:atemp>14</ns2:atemp>
      <ns2:hr>134</ns2:hr>
      <ns2:cad>63</ns2:cad>
     </ns2:TrackPointExtension>
    </extensions>
   </trkpt>
   <trkpt lat="39.9701190" lon="-105.2947560">
    <ele>2043.8</ele>
    <time>2024-04-17T12:08:29Z</time>
    <extensions>
     <ns2:TrackPointExtension>
      <ns2:atemp>14</ns2:atemp>
      <ns2:hr>134</ns2:hr>
      <ns2:cad>87</ns2:cad>
     </ns2:TrackPointExtension>
    </extensions>
   </trkpt>
   <trkpt lat="39.9701280" lon="-105.2947740">
    <ele>2044.0</ele>
    <time>2024-04-17T12:08:30Z</time>
    <extensions>
     <ns2:TrackPointExtension>
      <ns2:atemp>14</ns2:atemp>
      <ns2:hr>134</ns2:hr>
      <ns2:cad>87</ns2:cad>
     </ns2:TrackPointExtension>
    </extensions>
   </trkpt>
   <trkpt lat="39.9701340" lon="-105.2948350">
    <ele>2045.2</ele>
    <time>2024-04-17T12:08:35Z</time>
    <extensions>
     <ns2:TrackPointExtension>
      <ns2:atemp>14</ns2:atemp>
      <ns2:hr>133</ns2:hr>
      <ns2:cad>84</ns2:cad>
     </ns2:TrackPointExtension>
    </extensions>
   </trkpt>
   <trkpt lat="39.9701210" lon="-105.2948620">
    <ele>2045.8</ele>
    <time>2024-04-17T12:08:37Z</time>
    <extensions>
     <ns2:TrackPointExtension>
      <ns2:atemp>14</ns2:atemp>
      <ns2:hr>134</ns2:hr>
      <ns2:cad>82</ns2:cad>
     </ns2:TrackPointExtension>
    </extensions>
   </trkpt>
   <trkpt lat="39.9701030" lon="-105.2949010">
    <ele>2046.2</ele>
    <time>2024-04-17T12:08:39Z</time>
    <extensions>
     <ns2:TrackPointExtension>
      <ns2:atemp>14</ns2:atemp>
      <ns2:hr>132</ns2:hr>
      <ns2:cad>87</ns2:cad>
     </ns2:TrackPointExtension>
    </extensions>
   </trkpt>
   <trkpt lat="39.9700600" lon="-105.2949830">
    <ele>2046.8</ele>
    <time>2024-04-17T12:08:43Z</time>
    <extensions>
     <ns2:TrackPointExtension>
      <ns2:atemp>14</ns2:atemp>
      <ns2:hr>135</ns2:hr>
      <ns2:cad>88</ns2:cad>
     </ns2:TrackPointExtension>
    </extensions>
   </trkpt>
   <trkpt lat="39.9700410" lon="-105.2950280">
    <ele>2047.4</ele>
    <time>2024-04-17T12:08:46Z</time>
    <extensions>
     <ns2:TrackPointExtension>
      <ns2:atemp>14</ns2:atemp>
      <ns2:hr>133</ns2:hr>
      <ns2:cad>86</ns2:cad>
     </ns2:TrackPointExtension>
    </extensions>
   </trkpt>
   <trkpt lat="39.9700290" lon="-105.2950850">
    <ele>2048.0</ele>
    <time>2024-04-17T12:08:50Z</time>
    <extensions>
     <ns2:TrackPointExtension>
      <ns2:atemp>14</ns2:atemp>
      <ns2:hr>133</ns2:hr>
      <ns2:cad>86</ns2:cad>
     </ns2:TrackPointExtension>
    </extensions>
   </trkpt>
   <trkpt lat="39.9700260" lon="-105.2951300">
    <ele>2048.6</ele>
    <time>2024-04-17T12:08:53Z</time>
    <extensions>
     <ns2:TrackPointExtension>
      <ns2:atemp>14</ns2:atemp>
      <ns2:hr>135</ns2:hr>
      <ns2:cad>59</ns2:cad>
     </ns2:TrackPointExtension>
    </extensions>
   </trkpt>
   <trkpt lat="39.9700330" lon="-105.2951460">
    <ele>2048.8</ele>
    <time>2024-04-17T12:08:54Z</time>
    <extensions>
     <ns2:TrackPointExtension>
      <ns2:atemp>14</ns2:atemp>
      <ns2:hr>136</ns2:hr>
      <ns2:cad>59</ns2:cad>
     </ns2:TrackPointExtension>
    </extensions>
   </trkpt>
   <trkpt lat="39.9700580" lon="-105.2951460">
    <ele>2049.2</ele>
    <time>2024-04-17T12:08:56Z</time>
    <extensions>
     <ns2:TrackPointExtension>
      <ns2:atemp>14</ns2:atemp>
      <ns2:hr>135</ns2:hr>
      <ns2:cad>59</ns2:cad>
     </ns2:TrackPointExtension>
    </extensions>
   </trkpt>
   <trkpt lat="39.9700690" lon="-105.2951300">
    <ele>2049.4</ele>
    <time>2024-04-17T12:08:57Z</time>
    <extensions>
     <ns2:TrackPointExtension>
      <ns2:atemp>14</ns2:atemp>
      <ns2:hr>134</ns2:hr>
      <ns2:cad>58</ns2:cad>
     </ns2:TrackPointExtension>
    </extensions>
   </trkpt>
   <trkpt lat="39.9700970" lon="-105.2950920">
    <ele>2049.6</ele>
    <time>2024-04-17T12:08:59Z</time>
    <extensions>
     <ns2:TrackPointExtension>
      <ns2:atemp>14</ns2:atemp>
      <ns2:hr>135</ns2:hr>
      <ns2:cad>58</ns2:cad>
     </ns2:TrackPointExtension>
    </extensions>
   </trkpt>
   <trkpt lat="39.9701270" lon="-105.2950360">
    <ele>2049.8</ele>
    <time>2024-04-17T12:09:03Z</time>
    <extensions>
     <ns2:TrackPointExtension>
      <ns2:atemp>14</ns2:atemp>
      <ns2:hr>135</ns2:hr>
      <ns2:cad>59</ns2:cad>
     </ns2:TrackPointExtension>
    </extensions>
   </trkpt>
   <trkpt lat="39.9701910" lon="-105.2949320">
    <ele>2050.6</ele>
    <time>2024-04-17T12:09:11Z</time>
    <extensions>
     <ns2:TrackPointExtension>
      <ns2:atemp>14</ns2:atemp>
      <ns2:hr>136</ns2:hr>
      <ns2:cad>62</ns2:cad>
     </ns2:TrackPointExtension>
    </extensions>
   </trkpt>
   <trkpt lat="39.9701990" lon="-105.2949240">
    <ele>2050.8</ele>
    <time>2024-04-17T12:09:12Z</time>
    <extensions>
     <ns2:TrackPointExtension>
      <ns2:atemp>14</ns2:atemp>
      <ns2:hr>136</ns2:hr>
      <ns2:cad>60</ns2:cad>
     </ns2:TrackPointExtension>
    </extensions>
   </trkpt>
   <trkpt lat="39.9702010" lon="-105.2949350">
    <ele>2051.6</ele>
    <time>2024-04-17T12:09:16Z</time>
    <extensions>
     <ns2:TrackPointExtension>
      <ns2:atemp>14</ns2:atemp>
      <ns2:hr>139</ns2:hr>
      <ns2:cad>59</ns2:cad>
     </ns2:TrackPointExtension>
    </extensions>
   </trkpt>
   <trkpt lat="39.9701920" lon="-105.2949540">
    <ele>2052.0</ele>
    <time>2024-04-17T12:09:17Z</time>
    <extensions>
     <ns2:TrackPointExtension>
      <ns2:atemp>14</ns2:atemp>
      <ns2:hr>139</ns2:hr>
      <ns2:cad>59</ns2:cad>
     </ns2:TrackPointExtension>
    </extensions>
   </trkpt>
   <trkpt lat="39.9701460" lon="-105.2951060">
    <ele>2053.0</ele>
    <time>2024-04-17T12:09:25Z</time>
    <extensions>
     <ns2:TrackPointExtension>
      <ns2:atemp>14</ns2:atemp>
      <ns2:hr>139</ns2:hr>
      <ns2:cad>65</ns2:cad>
     </ns2:TrackPointExtension>
    </extensions>
   </trkpt>
   <trkpt lat="39.9701240" lon="-105.2951550">
    <ele>2053.6</ele>
    <time>2024-04-17T12:09:29Z</time>
    <extensions>
     <ns2:TrackPointExtension>
      <ns2:atemp>14</ns2:atemp>
      <ns2:hr>138</ns2:hr>
      <ns2:cad>62</ns2:cad>
     </ns2:TrackPointExtension>
    </extensions>
   </trkpt>
   <trkpt lat="39.9701030" lon="-105.2952170">
    <ele>2054.2</ele>
    <time>2024-04-17T12:09:33Z</time>
    <extensions>
     <ns2:TrackPointExtension>
      <ns2:atemp>14</ns2:atemp>
      <ns2:hr>137</ns2:hr>
      <ns2:cad>62</ns2:cad>
     </ns2:TrackPointExtension>
    </extensions>
   </trkpt>
   <trkpt lat="39.9700700" lon="-105.2952770">
    <ele>2054.8</ele>
    <time>2024-04-17T12:09:38Z</time>
    <extensions>
     <ns2:TrackPointExtension>
      <ns2:atemp>14</ns2:atemp>
      <ns2:hr>135</ns2:hr>
      <ns2:cad>62</ns2:cad>
     </ns2:TrackPointExtension>
    </extensions>
   </trkpt>
   <trkpt lat="39.9700710" lon="-105.2953370">
    <ele>2055.0</ele>
    <time>2024-04-17T12:09:42Z</time>
    <extensions>
     <ns2:TrackPointExtension>
      <ns2:atemp>14</ns2:atemp>
      <ns2:hr>134</ns2:hr>
      <ns2:cad>61</ns2:cad>
     </ns2:TrackPointExtension>
    </extensions>
   </trkpt>
   <trkpt lat="39.9700790" lon="-105.2953370">
    <ele>2055.2</ele>
    <time>2024-04-17T12:09:43Z</time>
    <extensions>
     <ns2:TrackPointExtension>
      <ns2:atemp>14</ns2:atemp>
      <ns2:hr>134</ns2:hr>
      <ns2:cad>62</ns2:cad>
     </ns2:TrackPointExtension>
    </extensions>
   </trkpt>
   <trkpt lat="39.9700870" lon="-105.2953290">
    <ele>2055.4</ele>
    <time>2024-04-17T12:09:44Z</time>
    <extensions>
     <ns2:TrackPointExtension>
      <ns2:atemp>14</ns2:atemp>
      <ns2:hr>134</ns2:hr>
      <ns2:cad>60</ns2:cad>
     </ns2:TrackPointExtension>
    </extensions>
   </trkpt>
   <trkpt lat="39.9701020" lon="-105.2953130">
    <ele>2056.0</ele>
    <time>2024-04-17T12:09:50Z</time>
    <extensions>
     <ns2:TrackPointExtension>
      <ns2:atemp>14</ns2:atemp>
      <ns2:hr>133</ns2:hr>
      <ns2:cad>53</ns2:cad>
     </ns2:TrackPointExtension>
    </extensions>
   </trkpt>
   <trkpt lat="39.9701040" lon="-105.2953170">
    <ele>2055.4</ele>
    <time>2024-04-17T12:09:57Z</time>
    <extensions>
     <ns2:TrackPointExtension>
      <ns2:atemp>14</ns2:atemp>
      <ns2:hr>130</ns2:hr>
      <ns2:cad>0</ns2:cad>
     </ns2:TrackPointExtension>
    </extensions>
   </trkpt>
   <trkpt lat="39.9701120" lon="-105.2953020">
    <ele>2055.6</ele>
    <time>2024-04-17T12:10:05Z</time>
    <extensions>
     <ns2:TrackPointExtension>
      <ns2:atemp>14</ns2:atemp>
      <ns2:hr>127</ns2:hr>
      <ns2:cad>42</ns2:cad>
     </ns2:TrackPointExtension>
    </extensions>
   </trkpt>
   <trkpt lat="39.9701190" lon="-105.2952880">
    <ele>2056.0</ele>
    <time>2024-04-17T12:10:11Z</time>
    <extensions>
     <ns2:TrackPointExtension>
      <ns2:atemp>14</ns2:atemp>
      <ns2:hr>124</ns2:hr>
      <ns2:cad>0</ns2:cad>
     </ns2:TrackPointExtension>
    </extensions>
   </trkpt>
   <trkpt lat="39.9701220" lon="-105.2952810">
    <ele>2056.2</ele>
    <time>2024-04-17T12:10:13Z</time>
    <extensions>
     <ns2:TrackPointExtension>
      <ns2:atemp>14</ns2:atemp>
      <ns2:hr>123</ns2:hr>
      <ns2:cad>0</ns2:cad>
     </ns2:TrackPointExtension>
    </extensions>
   </trkpt>
   <trkpt lat="39.9701700" lon="-105.2951910">
    <ele>2057.4</ele>
    <time>2024-04-17T12:10:19Z</time>
    <extensions>
     <ns2:TrackPointExtension>
      <ns2:atemp>14</ns2:atemp>
      <ns2:hr>121</ns2:hr>
      <ns2:cad>56</ns2:cad>
     </ns2:TrackPointExtension>
    </extensions>
   </trkpt>
   <trkpt lat="39.9701810" lon="-105.2951750">
    <ele>2057.6</ele>
    <time>2024-04-17T12:10:20Z</time>
    <extensions>
     <ns2:TrackPointExtension>
      <ns2:atemp>14</ns2:atemp>
      <ns2:hr>121</ns2:hr>
      <ns2:cad>58</ns2:cad>
     </ns2:TrackPointExtension>
    </extensions>
   </trkpt>
   <trkpt lat="39.9702210" lon="-105.2950960">
    <ele>2058.2</ele>
    <time>2024-04-17T12:10:27Z</time>
    <extensions>
     <ns2:TrackPointExtension>
      <ns2:atemp>14</ns2:atemp>
      <ns2:hr>118</ns2:hr>
      <ns2:cad>55</ns2:cad>
     </ns2:TrackPointExtension>
    </extensions>
   </trkpt>
   <trkpt lat="39.9702320" lon="-105.2950610">
    <ele>2058.4</ele>
    <time>2024-04-17T12:10:29Z</time>
    <extensions>
     <ns2:TrackPointExtension>
      <ns2:atemp>14</ns2:atemp>
      <ns2:hr>118</ns2:hr>
      <ns2:cad>55</ns2:cad>
     </ns2:TrackPointExtension>
    </extensions>
   </trkpt>
   <trkpt lat="39.9702310" lon="-105.2950390">
    <ele>2058.4</ele>
    <time>2024-04-17T12:10:31Z</time>
    <extensions>
     <ns2:TrackPointExtension>
      <ns2:atemp>14</ns2:atemp>
      <ns2:hr>118</ns2:hr>
      <ns2:cad>0</ns2:cad>
     </ns2:TrackPointExtension>
    </extensions>
   </trkpt>
   <trkpt lat="39.9702140" lon="-105.2950440">
    <ele>2058.4</ele>
    <time>2024-04-17T12:10:33Z</time>
    <extensions>
     <ns2:TrackPointExtension>
      <ns2:atemp>14</ns2:atemp>
      <ns2:hr>118</ns2:hr>
      <ns2:cad>87</ns2:cad>
     </ns2:TrackPointExtension>
    </extensions>
   </trkpt>
   <trkpt lat="39.9701920" lon="-105.2951050">
    <ele>2059.6</ele>
    <time>2024-04-17T12:10:37Z</time>
    <extensions>
     <ns2:TrackPointExtension>
      <ns2:atemp>14</ns2:atemp>
      <ns2:hr>118</ns2:hr>
      <ns2:cad>87</ns2:cad>
     </ns2:TrackPointExtension>
    </extensions>
   </trkpt>
   <trkpt lat="39.9701780" lon="-105.2951370">
    <ele>2059.8</ele>
    <time>2024-04-17T12:10:39Z</time>
    <extensions>
     <ns2:TrackPointExtension>
      <ns2:atemp>14</ns2:atemp>
      <ns2:hr>118</ns2:hr>
      <ns2:cad>89</ns2:cad>
     </ns2:TrackPointExtension>
    </extensions>
   </trkpt>
   <trkpt lat="39.9701670" lon="-105.2951850">
    <ele>2060.4</ele>
    <time>2024-04-17T12:10:42Z</time>
    <extensions>
     <ns2:TrackPointExtension>
      <ns2:atemp>14</ns2:atemp>
      <ns2:hr>119</ns2:hr>
      <ns2:cad>88</ns2:cad>
     </ns2:TrackPointExtension>
    </extensions>
   </trkpt>
   <trkpt lat="39.9701660" lon="-105.2952100">
    <ele>2060.6</ele>
    <time>2024-04-17T12:10:43Z</time>
    <extensions>
     <ns2:TrackPointExtension>
      <ns2:atemp>14</ns2:atemp>
      <ns2:hr>119</ns2:hr>
      <ns2:cad>88</ns2:cad>
     </ns2:TrackPointExtension>
    </extensions>
   </trkpt>
   <trkpt lat="39.9701540" lon="-105.2952490">
    <ele>2061.2</ele>
    <time>2024-04-17T12:10:45Z</time>
    <extensions>
     <ns2:TrackPointExtension>
      <ns2:atemp>14</ns2:atemp>
      <ns2:hr>120</ns2:hr>
      <ns2:cad>89</ns2:cad>
     </ns2:TrackPointExtension>
    </extensions>
   </trkpt>
   <trkpt lat="39.9701140" lon="-105.2953320">
    <ele>2061.6</ele>
    <time>2024-04-17T12:10:49Z</time>
    <extensions>
     <ns2:TrackPointExtension>
      <ns2:atemp>14</ns2:atemp>
      <ns2:hr>121</ns2:hr>
      <ns2:cad>89</ns2:cad>
     </ns2:TrackPointExtension>
    </extensions>
   </trkpt>
   <trkpt lat="39.9700960" lon="-105.2953670">
    <ele>2061.8</ele>
    <time>2024-04-17T12:10:51Z</time>
    <extensions>
     <ns2:TrackPointExtension>
      <ns2:atemp>14</ns2:atemp>
      <ns2:hr>123</ns2:hr>
      <ns2:cad>91</ns2:cad>
     </ns2:TrackPointExtension>
    </extensions>
   </trkpt>
   <trkpt lat="39.9700350" lon="-105.2954770">
    <ele>2063.0</ele>
    <time>2024-04-17T12:10:58Z</time>
    <extensions>
     <ns2:TrackPointExtension>
      <ns2:atemp>14</ns2:atemp>
      <ns2:hr>125</ns2:hr>
      <ns2:cad>88</ns2:cad>
     </ns2:TrackPointExtension>
    </extensions>
   </trkpt>
   <trkpt lat="39.9700300" lon="-105.2955100">
    <ele>2063.2</ele>
    <time>2024-04-17T12:11:00Z</time>
    <extensions>
     <ns2:TrackPointExtension>
      <ns2:atemp>14</ns2:atemp>
      <ns2:hr>126</ns2:hr>
      <ns2:cad>44</ns2:cad>
     </ns2:TrackPointExtension>
    </extensions>
   </trkpt>
   <trkpt lat="39.9700380" lon="-105.2955800">
    <ele>2064.0</ele>
    <time>2024-04-17T12:11:03Z</time>
    <extensions>
     <ns2:TrackPointExtension>
      <ns2:atemp>14</ns2:atemp>
      <ns2:hr>132</ns2:hr>
      <ns2:cad>57</ns2:cad>
     </ns2:TrackPointExtension>
    </extensions>
   </trkpt>
   <trkpt lat="39.9700160" lon="-105.2956700">
    <ele>2064.8</ele>
    <time>2024-04-17T12:11:08Z</time>
    <extensions>
     <ns2:TrackPointExtension>
      <ns2:atemp>14</ns2:atemp>
      <ns2:hr>134</ns2:hr>
      <ns2:cad>60</ns2:cad>
     </ns2:TrackPointExtension>
    </extensions>
   </trkpt>
   <trkpt lat="39.9700000" lon="-105.2957140">
    <ele>2065.0</ele>
    <time>2024-04-17T12:11:11Z</time>
    <extensions>
     <ns2:TrackPointExtension>
      <ns2:atemp>14</ns2:atemp>
      <ns2:hr>136</ns2:hr>
      <ns2:cad>65</ns2:cad>
     </ns2:TrackPointExtension>
    </extensions>
   </trkpt>
   <trkpt lat="39.9699680" lon="-105.2958080">
    <ele>2066.0</ele>
    <time>2024-04-17T12:11:17Z</time>
    <extensions>
     <ns2:TrackPointExtension>
      <ns2:atemp>14</ns2:atemp>
      <ns2:hr>136</ns2:hr>
      <ns2:cad>59</ns2:cad>
     </ns2:TrackPointExtension>
    </extensions>
   </trkpt>
   <trkpt lat="39.9699590" lon="-105.2958380">
    <ele>2066.4</ele>
    <time>2024-04-17T12:11:19Z</time>
    <extensions>
     <ns2:TrackPointExtension>
      <ns2:atemp>14</ns2:atemp>
      <ns2:hr>136</ns2:hr>
      <ns2:cad>59</ns2:cad>
     </ns2:TrackPointExtension>
    </extensions>
   </trkpt>
   <trkpt lat="39.9699490" lon="-105.2958660">
    <ele>2066.6</ele>
    <time>2024-04-17T12:11:21Z</time>
    <extensions>
     <ns2:TrackPointExtension>
      <ns2:atemp>14</ns2:atemp>
      <ns2:hr>136</ns2:hr>
      <ns2:cad>60</ns2:cad>
     </ns2:TrackPointExtension>
    </extensions>
   </trkpt>
   <trkpt lat="39.9699180" lon="-105.2959060">
    <ele>2067.2</ele>
    <time>2024-04-17T12:11:25Z</time>
    <extensions>
     <ns2:TrackPointExtension>
      <ns2:atemp>14</ns2:atemp>
      <ns2:hr>134</ns2:hr>
      <ns2:cad>60</ns2:cad>
     </ns2:TrackPointExtension>
    </extensions>
   </trkpt>
   <trkpt lat="39.9699130" lon="-105.2959230">
    <ele>2067.4</ele>
    <time>2024-04-17T12:11:27Z</time>
    <extensions>
     <ns2:TrackPointExtension>
      <ns2:atemp>14</ns2:atemp>
      <ns2:hr>132</ns2:hr>
      <ns2:cad>60</ns2:cad>
     </ns2:TrackPointExtension>
    </extensions>
   </trkpt>
   <trkpt lat="39.9698890" lon="-105.2959690">
    <ele>2068.4</ele>
    <time>2024-04-17T12:11:31Z</time>
    <extensions>
     <ns2:TrackPointExtension>
      <ns2:atemp>14</ns2:atemp>
      <ns2:hr>136</ns2:hr>
      <ns2:cad>58</ns2:cad>
     </ns2:TrackPointExtension>
    </extensions>
   </trkpt>
   <trkpt lat="39.9698690" lon="-105.2960790">
    <ele>2069.4</ele>
    <time>2024-04-17T12:11:38Z</time>
    <extensions>
     <ns2:TrackPointExtension>
      <ns2:atemp>14</ns2:atemp>
      <ns2:hr>137</ns2:hr>
      <ns2:cad>60</ns2:cad>
     </ns2:TrackPointExtension>
    </extensions>
   </trkpt>
   <trkpt lat="39.9698680" lon="-105.2960910">
    <ele>2069.6</ele>
    <time>2024-04-17T12:11:39Z</time>
    <extensions>
     <ns2:TrackPointExtension>
      <ns2:atemp>14</ns2:atemp>
      <ns2:hr>140</ns2:hr>
      <ns2:cad>60</ns2:cad>
     </ns2:TrackPointExtension>
    </extensions>
   </trkpt>
   <trkpt lat="39.9698380" lon="-105.2962230">
    <ele>2069.0</ele>
    <time>2024-04-17T12:11:47Z</time>
    <extensions>
     <ns2:TrackPointExtension>
      <ns2:atemp>14</ns2:atemp>
      <ns2:hr>137</ns2:hr>
      <ns2:cad>64</ns2:cad>
     </ns2:TrackPointExtension>
    </extensions>
   </trkpt>
   <trkpt lat="39.9698440" lon="-105.2962460">
    <ele>2069.0</ele>
    <time>2024-04-17T12:11:49Z</time>
    <extensions>
     <ns2:TrackPointExtension>
      <ns2:atemp>13</ns2:atemp>
      <ns2:hr>135</ns2:hr>
      <ns2:cad>64</ns2:cad>
     </ns2:TrackPointExtension>
    </extensions>
   </trkpt>
   <trkpt lat="39.9698440" lon="-105.2962560">
    <ele>2069.0</ele>
    <time>2024-04-17T12:11:50Z</time>
    <extensions>
     <ns2:TrackPointExtension>
      <ns2:atemp>13</ns2:atemp>
      <ns2:hr>136</ns2:hr>
      <ns2:cad>59</ns2:cad>
     </ns2:TrackPointExtension>
    </extensions>
   </trkpt>
   <trkpt lat="39.9698490" lon="-105.2962800">
    <ele>2069.6</ele>
    <time>2024-04-17T12:11:55Z</time>
    <extensions>
     <ns2:TrackPointExtension>
      <ns2:atemp>13</ns2:atemp>
      <ns2:hr>133</ns2:hr>
      <ns2:cad>0</ns2:cad>
     </ns2:TrackPointExtension>
    </extensions>
   </trkpt>
   <trkpt lat="39.9698550" lon="-105.2962970">
    <ele>2070.0</ele>
    <time>2024-04-17T12:11:58Z</time>
    <extensions>
     <ns2:TrackPointExtension>
      <ns2:atemp>13</ns2:atemp>
      <ns2:hr>135</ns2:hr>
      <ns2:cad>0</ns2:cad>
     </ns2:TrackPointExtension>
    </extensions>
   </trkpt>
   <trkpt lat="39.9698510" lon="-105.2963100">
    <ele>2070.4</ele>
    <time>2024-04-17T12:11:59Z</time>
    <extensions>
     <ns2:TrackPointExtension>
      <ns2:atemp>13</ns2:atemp>
      <ns2:hr>134</ns2:hr>
      <ns2:cad>0</ns2:cad>
     </ns2:TrackPointExtension>
    </extensions>
   </trkpt>
   <trkpt lat="39.9698500" lon="-105.2963270">
    <ele>2070.6</ele>
    <time>2024-04-17T12:12:00Z</time>
    <extensions>
     <ns2:TrackPointExtension>
      <ns2:atemp>13</ns2:atemp>
      <ns2:hr>134</ns2:hr>
      <ns2:cad>0</ns2:cad>
     </ns2:TrackPointExtension>
    </extensions>
   </trkpt>
   <trkpt lat="39.9698510" lon="-105.2964020">
    <ele>2071.2</ele>
    <time>2024-04-17T12:12:05Z</time>
    <extensions>
     <ns2:TrackPointExtension>
      <ns2:atemp>13</ns2:atemp>
      <ns2:hr>134</ns2:hr>
      <ns2:cad>60</ns2:cad>
     </ns2:TrackPointExtension>
    </extensions>
   </trkpt>
   <trkpt lat="39.9698510" lon="-105.2964690">
    <ele>2071.6</ele>
    <time>2024-04-17T12:12:09Z</time>
    <extensions>
     <ns2:TrackPointExtension>
      <ns2:atemp>13</ns2:atemp>
      <ns2:hr>134</ns2:hr>
      <ns2:cad>61</ns2:cad>
     </ns2:TrackPointExtension>
    </extensions>
   </trkpt>
   <trkpt lat="39.9698550" lon="-105.2965910">
    <ele>2072.4</ele>
    <time>2024-04-17T12:12:16Z</time>
    <extensions>
     <ns2:TrackPointExtension>
      <ns2:atemp>13</ns2:atemp>
      <ns2:hr>134</ns2:hr>
      <ns2:cad>62</ns2:cad>
     </ns2:TrackPointExtension>
    </extensions>
   </trkpt>
   <trkpt lat="39.9698480" lon="-105.2966360">
    <ele>2072.8</ele>
    <time>2024-04-17T12:12:19Z</time>
    <extensions>
     <ns2:TrackPointExtension>
      <ns2:atemp>13</ns2:atemp>
      <ns2:hr>133</ns2:hr>
      <ns2:cad>62</ns2:cad>
     </ns2:TrackPointExtension>
    </extensions>
   </trkpt>
   <trkpt lat="39.9698240" lon="-105.2967380">
    <ele>2073.6</ele>
    <time>2024-04-17T12:12:25Z</time>
    <extensions>
     <ns2:TrackPointExtension>
      <ns2:atemp>13</ns2:atemp>
      <ns2:hr>131</ns2:hr>
      <ns2:cad>64</ns2:cad>
     </ns2:TrackPointExtension>
    </extensions>
   </trkpt>
   <trkpt lat="39.9698200" lon="-105.2967660">
    <ele>2073.8</ele>
    <time>2024-04-17T12:12:27Z</time>
    <extensions>
     <ns2:TrackPointExtension>
      <ns2:atemp>13</ns2:atemp>
      <ns2:hr>133</ns2:hr>
      <ns2:cad>64</ns2:cad>
     </ns2:TrackPointExtension>
    </extensions>
   </trkpt>
   <trkpt lat="39.9698080" lon="-105.2968260">
    <ele>2074.4</ele>
    <time>2024-04-17T12:12:31Z</time>
    <extensions>
     <ns2:TrackPointExtension>
      <ns2:atemp>13</ns2:atemp>
      <ns2:hr>130</ns2:hr>
      <ns2:cad>61</ns2:cad>
     </ns2:TrackPointExtension>
    </extensions>
   </trkpt>
   <trkpt lat="39.9697910" lon="-105.2969170">
    <ele>2074.8</ele>
    <time>2024-04-17T12:12:37Z</time>
    <extensions>
     <ns2:TrackPointExtension>
      <ns2:atemp>13</ns2:atemp>
      <ns2:hr>131</ns2:hr>
      <ns2:cad>64</ns2:cad>
     </ns2:TrackPointExtension>
    </extensions>
   </trkpt>
   <trkpt lat="39.9697870" lon="-105.2969340">
    <ele>2075.0</ele>
    <time>2024-04-17T12:12:38Z</time>
    <extensions>
     <ns2:TrackPointExtension>
      <ns2:atemp>13</ns2:atemp>
      <ns2:hr>131</ns2:hr>
      <ns2:cad>64</ns2:cad>
     </ns2:TrackPointExtension>
    </extensions>
   </trkpt>
   <trkpt lat="39.9697620" lon="-105.2970930">
    <ele>2075.2</ele>
    <time>2024-04-17T12:12:48Z</time>
    <extensions>
     <ns2:TrackPointExtension>
      <ns2:atemp>13</ns2:atemp>
      <ns2:hr>131</ns2:hr>
      <ns2:cad>61</ns2:cad>
     </ns2:TrackPointExtension>
    </extensions>
   </trkpt>
   <trkpt lat="39.9696850" lon="-105.2972240">
    <ele>2075.4</ele>
    <time>2024-04-17T12:12:56Z</time>
    <extensions>
     <ns2:TrackPointExtension>
      <ns2:atemp>13</ns2:atemp>
      <ns2:hr>129</ns2:hr>
      <ns2:cad>82</ns2:cad>
     </ns2:TrackPointExtension>
    </extensions>
   </trkpt>
   <trkpt lat="39.9696800" lon="-105.2972390">
    <ele>2075.6</ele>
    <time>2024-04-17T12:12:57Z</time>
    <extensions>
     <ns2:TrackPointExtension>
      <ns2:atemp>13</ns2:atemp>
      <ns2:hr>126</ns2:hr>
      <ns2:cad>86</ns2:cad>
     </ns2:TrackPointExtension>
    </extensions>
   </trkpt>
   <trkpt lat="39.9696420" lon="-105.2973010">
    <ele>2076.0</ele>
    <time>2024-04-17T12:13:01Z</time>
    <extensions>
     <ns2:TrackPointExtension>
      <ns2:atemp>13</ns2:atemp>
      <ns2:hr>126</ns2:hr>
      <ns2:cad>90</ns2:cad>
     </ns2:TrackPointExtension>
    </extensions>
   </trkpt>
   <trkpt lat="39.9696290" lon="-105.2973150">
    <ele>2076.0</ele>
    <time>2024-04-17T12:13:02Z</time>
    <extensions>
     <ns2:TrackPointExtension>
      <ns2:atemp>13</ns2:atemp>
      <ns2:hr>125</ns2:hr>
      <ns2:cad>88</ns2:cad>
     </ns2:TrackPointExtension>
    </extensions>
   </trkpt>
   <trkpt lat="39.9695690" lon="-105.2973730">
    <ele>2076.0</ele>
    <time>2024-04-17T12:13:06Z</time>
    <extensions>
     <ns2:TrackPointExtension>
      <ns2:atemp>13</ns2:atemp>
      <ns2:hr>129</ns2:hr>
      <ns2:cad>85</ns2:cad>
     </ns2:TrackPointExtension>
    </extensions>
   </trkpt>
   <trkpt lat="39.9695060" lon="-105.2974240">
    <ele>2075.8</ele>
    <time>2024-04-17T12:13:10Z</time>
    <extensions>
     <ns2:TrackPointExtension>
      <ns2:atemp>13</ns2:atemp>
      <ns2:hr>131</ns2:hr>
      <ns2:cad>86</ns2:cad>
     </ns2:TrackPointExtension>
    </extensions>
   </trkpt>
   <trkpt lat="39.9694640" lon="-105.2974950">
    <ele>2075.8</ele>
    <time>2024-04-17T12:13:16Z</time>
    <extensions>
     <ns2:TrackPointExtension>
      <ns2:atemp>13</ns2:atemp>
      <ns2:hr>131</ns2:hr>
      <ns2:cad>44</ns2:cad>
     </ns2:TrackPointExtension>
    </extensions>
   </trkpt>
   <trkpt lat="39.9694500" lon="-105.2975480">
    <ele>2076.4</ele>
    <time>2024-04-17T12:13:21Z</time>
    <extensions>
     <ns2:TrackPointExtension>
      <ns2:atemp>13</ns2:atemp>
      <ns2:hr>128</ns2:hr>
      <ns2:cad>57</ns2:cad>
     </ns2:TrackPointExtension>
    </extensions>
   </trkpt>
   <trkpt lat="39.9694290" lon="-105.2975890">
    <ele>2077.0</ele>
    <time>2024-04-17T12:13:24Z</time>
    <extensions>
     <ns2:TrackPointExtension>
      <ns2:atemp>13</ns2:atemp>
      <ns2:hr>127</ns2:hr>
      <ns2:cad>57</ns2:cad>
     </ns2:TrackPointExtension>
    </extensions>
   </trkpt>
   <trkpt lat="39.9694220" lon="-105.2976020">
    <ele>2077.0</ele>
    <time>2024-04-17T12:13:25Z</time>
    <extensions>
     <ns2:TrackPointExtension>
      <ns2:atemp>13</ns2:atemp>
      <ns2:hr>126</ns2:hr>
      <ns2:cad>57</ns2:cad>
     </ns2:TrackPointExtension>
    </extensions>
   </trkpt>
   <trkpt lat="39.9694030" lon="-105.2976880">
    <ele>2078.2</ele>
    <time>2024-04-17T12:13:31Z</time>
    <extensions>
     <ns2:TrackPointExtension>
      <ns2:atemp>13</ns2:atemp>
      <ns2:hr>126</ns2:hr>
      <ns2:cad>0</ns2:cad>
     </ns2:TrackPointExtension>
    </extensions>
   </trkpt>
   <trkpt lat="39.9693930" lon="-105.2977150">
    <ele>2078.4</ele>
    <time>2024-04-17T12:13:33Z</time>
    <extensions>
     <ns2:TrackPointExtension>
      <ns2:atemp>13</ns2:atemp>
      <ns2:hr>125</ns2:hr>
      <ns2:cad>55</ns2:cad>
     </ns2:TrackPointExtension>
    </extensions>
   </trkpt>
   <trkpt lat="39.9693830" lon="-105.2977590">
    <ele>2079.2</ele>
    <time>2024-04-17T12:13:36Z</time>
    <extensions>
     <ns2:TrackPointExtension>
      <ns2:atemp>13</ns2:atemp>
      <ns2:hr>125</ns2:hr>
      <ns2:cad>55</ns2:cad>
     </ns2:TrackPointExtension>
    </extensions>
   </trkpt>
   <trkpt lat="39.9693640" lon="-105.2977790">
    <ele>2079.4</ele>
    <time>2024-04-17T12:13:38Z</time>
    <extensions>
     <ns2:TrackPointExtension>
      <ns2:atemp>13</ns2:atemp>
      <ns2:hr>124</ns2:hr>
      <ns2:cad>56</ns2:cad>
     </ns2:TrackPointExtension>
    </extensions>
   </trkpt>
   <trkpt lat="39.9693430" lon="-105.2977960">
    <ele>2079.6</ele>
    <time>2024-04-17T12:13:40Z</time>
    <extensions>
     <ns2:TrackPointExtension>
      <ns2:atemp>13</ns2:atemp>
      <ns2:hr>123</ns2:hr>
      <ns2:cad>56</ns2:cad>
     </ns2:TrackPointExtension>
    </extensions>
   </trkpt>
   <trkpt lat="39.9693120" lon="-105.2978530">
    <ele>2080.2</ele>
    <time>2024-04-17T12:13:46Z</time>
    <extensions>
     <ns2:TrackPointExtension>
      <ns2:atemp>13</ns2:atemp>
      <ns2:hr>124</ns2:hr>
      <ns2:cad>0</ns2:cad>
     </ns2:TrackPointExtension>
    </extensions>
   </trkpt>
   <trkpt lat="39.9692760" lon="-105.2979040">
    <ele>2080.8</ele>
    <time>2024-04-17T12:13:50Z</time>
    <extensions>
     <ns2:TrackPointExtension>
      <ns2:atemp>13</ns2:atemp>
      <ns2:hr>125</ns2:hr>
      <ns2:cad>56</ns2:cad>
     </ns2:TrackPointExtension>
    </extensions>
   </trkpt>
   <trkpt lat="39.9692340" lon="-105.2979900">
    <ele>2081.4</ele>
    <time>2024-04-17T12:13:55Z</time>
    <extensions>
     <ns2:TrackPointExtension>
      <ns2:atemp>13</ns2:atemp>
      <ns2:hr>126</ns2:hr>
      <ns2:cad>56</ns2:cad>
     </ns2:TrackPointExtension>
    </extensions>
   </trkpt>
   <trkpt lat="39.9692100" lon="-105.2980230">
    <ele>2082.0</ele>
    <time>2024-04-17T12:13:58Z</time>
    <extensions>
     <ns2:TrackPointExtension>
      <ns2:atemp>13</ns2:atemp>
      <ns2:hr>126</ns2:hr>
      <ns2:cad>0</ns2:cad>
     </ns2:TrackPointExtension>
    </extensions>
   </trkpt>
   <trkpt lat="39.9691860" lon="-105.2980870">
    <ele>2082.6</ele>
    <time>2024-04-17T12:14:03Z</time>
    <extensions>
     <ns2:TrackPointExtension>
      <ns2:atemp>13</ns2:atemp>
      <ns2:hr>124</ns2:hr>
      <ns2:cad>0</ns2:cad>
     </ns2:TrackPointExtension>
    </extensions>
   </trkpt>
   <trkpt lat="39.9691570" lon="-105.2981100">
    <ele>2082.8</ele>
    <time>2024-04-17T12:14:06Z</time>
    <extensions>
     <ns2:TrackPointExtension>
      <ns2:atemp>13</ns2:atemp>
      <ns2:hr>126</ns2:hr>
      <ns2:cad>58</ns2:cad>
     </ns2:TrackPointExtension>
    </extensions>
   </trkpt>
   <trkpt lat="39.9691310" lon="-105.2981500">
    <ele>2083.6</ele>
    <time>2024-04-17T12:14:10Z</time>
    <extensions>
     <ns2:TrackPointExtension>
      <ns2:atemp>13</ns2:atemp>
      <ns2:hr>125</ns2:hr>
      <ns2:cad>59</ns2:cad>
     </ns2:TrackPointExtension>
    </extensions>
   </trkpt>
   <trkpt lat="39.9691110" lon="-105.2981900">
    <ele>2084.6</ele>
    <time>2024-04-17T12:14:15Z</time>
    <extensions>
     <ns2:TrackPointExtension>
      <ns2:atemp>13</ns2:atemp>
      <ns2:hr>126</ns2:hr>
      <ns2:cad>59</ns2:cad>
     </ns2:TrackPointExtension>
    </extensions>
   </trkpt>
   <trkpt lat="39.9691030" lon="-105.2981950">
    <ele>2084.8</ele>
    <time>2024-04-17T12:14:16Z</time>
    <extensions>
     <ns2:TrackPointExtension>
      <ns2:atemp>13</ns2:atemp>
      <ns2:hr>127</ns2:hr>
      <ns2:cad>59</ns2:cad>
     </ns2:TrackPointExtension>
    </extensions>
   </trkpt>
   <trkpt lat="39.9690770" lon="-105.2982360">
    <ele>2085.2</ele>
    <time>2024-04-17T12:14:20Z</time>
    <extensions>
     <ns2:TrackPointExtension>
      <ns2:atemp>13</ns2:atemp>
      <ns2:hr>130</ns2:hr>
      <ns2:cad>63</ns2:cad>
     </ns2:TrackPointExtension>
    </extensions>
   </trkpt>
   <trkpt lat="39.9690710" lon="-105.2982500">
    <ele>2085.4</ele>
    <time>2024-04-17T12:14:22Z</time>
    <extensions>
     <ns2:TrackPointExtension>
      <ns2:atemp>13</ns2:atemp>
      <ns2:hr>131</ns2:hr>
      <ns2:cad>63</ns2:cad>
     </ns2:TrackPointExtension>
    </extensions>
   </trkpt>
   <trkpt lat="39.9690670" lon="-105.2982560">
    <ele>2085.4</ele>
    <time>2024-04-17T12:14:23Z</time>
    <extensions>
     <ns2:TrackPointExtension>
      <ns2:atemp>13</ns2:atemp>
      <ns2:hr>126</ns2:hr>
      <ns2:cad>60</ns2:cad>
     </ns2:TrackPointExtension>
    </extensions>
   </trkpt>
   <trkpt lat="39.9690590" lon="-105.2982670">
    <ele>2085.6</ele>
    <time>2024-04-17T12:14:24Z</time>
    <extensions>
     <ns2:TrackPointExtension>
      <ns2:atemp>13</ns2:atemp>
      <ns2:hr>126</ns2:hr>
      <ns2:cad>59</ns2:cad>
     </ns2:TrackPointExtension>
    </extensions>
   </trkpt>
   <trkpt lat="39.9690450" lon="-105.2982970">
    <ele>2086.0</ele>
    <time>2024-04-17T12:14:26Z</time>
    <extensions>
     <ns2:TrackPointExtension>
      <ns2:atemp>13</ns2:atemp>
      <ns2:hr>126</ns2:hr>
      <ns2:cad>59</ns2:cad>
     </ns2:TrackPointExtension>
    </extensions>
   </trkpt>
   <trkpt lat="39.9690390" lon="-105.2983600">
    <ele>2086.6</ele>
    <time>2024-04-17T12:14:29Z</time>
    <extensions>
     <ns2:TrackPointExtension>
      <ns2:atemp>13</ns2:atemp>
      <ns2:hr>127</ns2:hr>
      <ns2:cad>57</ns2:cad>
     </ns2:TrackPointExtension>
    </extensions>
   </trkpt>
   <trkpt lat="39.9690430" lon="-105.2983820">
    <ele>2086.8</ele>
    <time>2024-04-17T12:14:30Z</time>
    <extensions>
     <ns2:TrackPointExtension>
      <ns2:atemp>13</ns2:atemp>
      <ns2:hr>124</ns2:hr>
      <ns2:cad>57</ns2:cad>
     </ns2:TrackPointExtension>
    </extensions>
   </trkpt>
   <trkpt lat="39.9690440" lon="-105.2984050">
    <ele>2087.0</ele>
    <time>2024-04-17T12:14:31Z</time>
    <extensions>
     <ns2:TrackPointExtension>
      <ns2:atemp>13</ns2:atemp>
      <ns2:hr>126</ns2:hr>
      <ns2:cad>57</ns2:cad>
     </ns2:TrackPointExtension>
    </extensions>
   </trkpt>
   <trkpt lat="39.9690430" lon="-105.2985120">
    <ele>2087.8</ele>
    <time>2024-04-17T12:14:36Z</time>
    <extensions>
     <ns2:TrackPointExtension>
      <ns2:atemp>13</ns2:atemp>
      <ns2:hr>127</ns2:hr>
      <ns2:cad>64</ns2:cad>
     </ns2:TrackPointExtension>
    </extensions>
   </trkpt>
   <trkpt lat="39.9690480" lon="-105.2985480">
    <ele>2088.0</ele>
    <time>2024-04-17T12:14:38Z</time>
    <extensions>
     <ns2:TrackPointExtension>
      <ns2:atemp>13</ns2:atemp>
      <ns2:hr>127</ns2:hr>
      <ns2:cad>64</ns2:cad>
     </ns2:TrackPointExtension>
    </extensions>
   </trkpt>
   <trkpt lat="39.9690950" lon="-105.2986360">
    <ele>2089.0</ele>
    <time>2024-04-17T12:14:44Z</time>
    <extensions>
     <ns2:TrackPointExtension>
      <ns2:atemp>13</ns2:atemp>
      <ns2:hr>128</ns2:hr>
      <ns2:cad>0</ns2:cad>
     </ns2:TrackPointExtension>
    </extensions>
   </trkpt>
   <trkpt lat="39.9691010" lon="-105.2986480">
    <ele>2089.2</ele>
    <time>2024-04-17T12:14:45Z</time>
    <extensions>
     <ns2:TrackPointExtension>
      <ns2:atemp>13</ns2:atemp>
      <ns2:hr>128</ns2:hr>
      <ns2:cad>0</ns2:cad>
     </ns2:TrackPointExtension>
    </extensions>
   </trkpt>
   <trkpt lat="39.9691160" lon="-105.2987080">
    <ele>2090.2</ele>
    <time>2024-04-17T12:14:49Z</time>
    <extensions>
     <ns2:TrackPointExtension>
      <ns2:atemp>13</ns2:atemp>
      <ns2:hr>129</ns2:hr>
      <ns2:cad>60</ns2:cad>
     </ns2:TrackPointExtension>
    </extensions>
   </trkpt>
   <trkpt lat="39.9691190" lon="-105.2987200">
    <ele>2090.2</ele>
    <time>2024-04-17T12:14:50Z</time>
    <extensions>
     <ns2:TrackPointExtension>
      <ns2:atemp>13</ns2:atemp>
      <ns2:hr>129</ns2:hr>
      <ns2:cad>59</ns2:cad>
     </ns2:TrackPointExtension>
    </extensions>
   </trkpt>
   <trkpt lat="39.9691340" lon="-105.2987470">
    <ele>2090.4</ele>
    <time>2024-04-17T12:14:52Z</time>
    <extensions>
     <ns2:TrackPointExtension>
      <ns2:atemp>13</ns2:atemp>
      <ns2:hr>127</ns2:hr>
      <ns2:cad>59</ns2:cad>
     </ns2:TrackPointExtension>
    </extensions>
   </trkpt>
   <trkpt lat="39.9691610" lon="-105.2987870">
    <ele>2091.2</ele>
    <time>2024-04-17T12:14:55Z</time>
    <extensions>
     <ns2:TrackPointExtension>
      <ns2:atemp>13</ns2:atemp>
      <ns2:hr>127</ns2:hr>
      <ns2:cad>56</ns2:cad>
     </ns2:TrackPointExtension>
    </extensions>
   </trkpt>
   <trkpt lat="39.9691680" lon="-105.2988030">
    <ele>2091.4</ele>
    <time>2024-04-17T12:14:57Z</time>
    <extensions>
     <ns2:TrackPointExtension>
      <ns2:atemp>13</ns2:atemp>
      <ns2:hr>130</ns2:hr>
      <ns2:cad>56</ns2:cad>
     </ns2:TrackPointExtension>
    </extensions>
   </trkpt>
   <trkpt lat="39.9691870" lon="-105.2988540">
    <ele>2091.8</ele>
    <time>2024-04-17T12:15:00Z</time>
    <extensions>
     <ns2:TrackPointExtension>
      <ns2:atemp>13</ns2:atemp>
      <ns2:hr>131</ns2:hr>
      <ns2:cad>58</ns2:cad>
     </ns2:TrackPointExtension>
    </extensions>
   </trkpt>
   <trkpt lat="39.9692020" lon="-105.2989030">
    <ele>2092.4</ele>
    <time>2024-04-17T12:15:03Z</time>
    <extensions>
     <ns2:TrackPointExtension>
      <ns2:atemp>13</ns2:atemp>
      <ns2:hr>133</ns2:hr>
      <ns2:cad>59</ns2:cad>
     </ns2:TrackPointExtension>
    </extensions>
   </trkpt>
   <trkpt lat="39.9692050" lon="-105.2989120">
    <ele>2092.6</ele>
    <time>2024-04-17T12:15:05Z</time>
    <extensions>
     <ns2:TrackPointExtension>
      <ns2:atemp>13</ns2:atemp>
      <ns2:hr>134</ns2:hr>
      <ns2:cad>59</ns2:cad>
     </ns2:TrackPointExtension>
    </extensions>
   </trkpt>
   <trkpt lat="39.9692380" lon="-105.2989510">
    <ele>2093.4</ele>
    <time>2024-04-17T12:15:09Z</time>
    <extensions>
     <ns2:TrackPointExtension>
      <ns2:atemp>13</ns2:atemp>
      <ns2:hr>134</ns2:hr>
      <ns2:cad>52</ns2:cad>
     </ns2:TrackPointExtension>
    </extensions>
   </trkpt>
   <trkpt lat="39.9692620" lon="-105.2989720">
    <ele>2093.8</ele>
    <time>2024-04-17T12:15:11Z</time>
    <extensions>
     <ns2:TrackPointExtension>
      <ns2:atemp>13</ns2:atemp>
      <ns2:hr>134</ns2:hr>
      <ns2:cad>54</ns2:cad>
     </ns2:TrackPointExtension>
    </extensions>
   </trkpt>
   <trkpt lat="39.9692720" lon="-105.2989910">
    <ele>2094.6</ele>
    <time>2024-04-17T12:15:14Z</time>
    <extensions>
     <ns2:TrackPointExtension>
      <ns2:atemp>13</ns2:atemp>
      <ns2:hr>135</ns2:hr>
      <ns2:cad>48</ns2:cad>
     </ns2:TrackPointExtension>
    </extensions>
   </trkpt>
   <trkpt lat="39.9692780" lon="-105.2990190">
    <ele>2095.8</ele>
    <time>2024-04-17T12:15:18Z</time>
    <extensions>
     <ns2:TrackPointExtension>
      <ns2:atemp>13</ns2:atemp>
      <ns2:hr>134</ns2:hr>
      <ns2:cad>46</ns2:cad>
     </ns2:TrackPointExtension>
    </extensions>
   </trkpt>
   <trkpt lat="39.9692910" lon="-105.2990290">
    <ele>2096.4</ele>
    <time>2024-04-17T12:15:20Z</time>
    <extensions>
     <ns2:TrackPointExtension>
      <ns2:atemp>13</ns2:atemp>
      <ns2:hr>134</ns2:hr>
      <ns2:cad>54</ns2:cad>
     </ns2:TrackPointExtension>
    </extensions>
   </trkpt>
   <trkpt lat="39.9692780" lon="-105.2990590">
    <ele>2097.0</ele>
    <time>2024-04-17T12:15:23Z</time>
    <extensions>
     <ns2:TrackPointExtension>
      <ns2:atemp>13</ns2:atemp>
      <ns2:hr>134</ns2:hr>
      <ns2:cad>56</ns2:cad>
     </ns2:TrackPointExtension>
    </extensions>
   </trkpt>
   <trkpt lat="39.9692690" lon="-105.2990750">
    <ele>2097.6</ele>
    <time>2024-04-17T12:15:25Z</time>
    <extensions>
     <ns2:TrackPointExtension>
      <ns2:atemp>13</ns2:atemp>
      <ns2:hr>134</ns2:hr>
      <ns2:cad>56</ns2:cad>
     </ns2:TrackPointExtension>
    </extensions>
   </trkpt>
   <trkpt lat="39.9692790" lon="-105.2991010">
    <ele>2098.2</ele>
    <time>2024-04-17T12:15:27Z</time>
    <extensions>
     <ns2:TrackPointExtension>
      <ns2:atemp>13</ns2:atemp>
      <ns2:hr>134</ns2:hr>
      <ns2:cad>54</ns2:cad>
     </ns2:TrackPointExtension>
    </extensions>
   </trkpt>
   <trkpt lat="39.9693170" lon="-105.2991740">
    <ele>2098.6</ele>
    <time>2024-04-17T12:15:32Z</time>
    <extensions>
     <ns2:TrackPointExtension>
      <ns2:atemp>13</ns2:atemp>
      <ns2:hr>131</ns2:hr>
      <ns2:cad>63</ns2:cad>
     </ns2:TrackPointExtension>
    </extensions>
   </trkpt>
   <trkpt lat="39.9693390" lon="-105.2991980">
    <ele>2098.8</ele>
    <time>2024-04-17T12:15:34Z</time>
    <extensions>
     <ns2:TrackPointExtension>
      <ns2:atemp>13</ns2:atemp>
      <ns2:hr>133</ns2:hr>
      <ns2:cad>66</ns2:cad>
     </ns2:TrackPointExtension>
    </extensions>
   </trkpt>
   <trkpt lat="39.9693610" lon="-105.2992410">
    <ele>2099.2</ele>
    <time>2024-04-17T12:15:37Z</time>
    <extensions>
     <ns2:TrackPointExtension>
      <ns2:atemp>13</ns2:atemp>
      <ns2:hr>135</ns2:hr>
      <ns2:cad>63</ns2:cad>
     </ns2:TrackPointExtension>
    </extensions>
   </trkpt>
   <trkpt lat="39.9693760" lon="-105.2992780">
    <ele>2099.2</ele>
    <time>2024-04-17T12:15:39Z</time>
    <extensions>
     <ns2:TrackPointExtension>
      <ns2:atemp>13</ns2:atemp>
      <ns2:hr>134</ns2:hr>
      <ns2:cad>63</ns2:cad>
     </ns2:TrackPointExtension>
    </extensions>
   </trkpt>
   <trkpt lat="39.9693880" lon="-105.2993050">
    <ele>2099.4</ele>
    <time>2024-04-17T12:15:41Z</time>
    <extensions>
     <ns2:TrackPointExtension>
      <ns2:atemp>13</ns2:atemp>
      <ns2:hr>133</ns2:hr>
      <ns2:cad>87</ns2:cad>
     </ns2:TrackPointExtension>
    </extensions>
   </trkpt>
   <trkpt lat="39.9694160" lon="-105.2993630">
    <ele>2100.4</ele>
    <time>2024-04-17T12:15:45Z</time>
    <extensions>
     <ns2:TrackPointExtension>
      <ns2:atemp>13</ns2:atemp>
      <ns2:hr>133</ns2:hr>
      <ns2:cad>43</ns2:cad>
     </ns2:TrackPointExtension>
    </extensions>
   </trkpt>
   <trkpt lat="39.9694310" lon="-105.2993790">
    <ele>2100.8</ele>
    <time>2024-04-17T12:15:47Z</time>
    <extensions>
     <ns2:TrackPointExtension>
      <ns2:atemp>13</ns2:atemp>
      <ns2:hr>134</ns2:hr>
      <ns2:cad>41</ns2:cad>
     </ns2:TrackPointExtension>
    </extensions>
   </trkpt>
   <trkpt lat="39.9694360" lon="-105.2993920">
    <ele>2100.8</ele>
    <time>2024-04-17T12:15:48Z</time>
    <extensions>
     <ns2:TrackPointExtension>
      <ns2:atemp>13</ns2:atemp>
      <ns2:hr>134</ns2:hr>
      <ns2:cad>41</ns2:cad>
     </ns2:TrackPointExtension>
    </extensions>
   </trkpt>
   <trkpt lat="39.9694480" lon="-105.2994100">
    <ele>2101.8</ele>
    <time>2024-04-17T12:15:52Z</time>
    <extensions>
     <ns2:TrackPointExtension>
      <ns2:atemp>13</ns2:atemp>
      <ns2:hr>136</ns2:hr>
      <ns2:cad>41</ns2:cad>
     </ns2:TrackPointExtension>
    </extensions>
   </trkpt>
   <trkpt lat="39.9694600" lon="-105.2994180">
    <ele>2102.0</ele>
    <time>2024-04-17T12:15:53Z</time>
    <extensions>
     <ns2:TrackPointExtension>
      <ns2:atemp>13</ns2:atemp>
      <ns2:hr>136</ns2:hr>
      <ns2:cad>52</ns2:cad>
     </ns2:TrackPointExtension>
    </extensions>
   </trkpt>
   <trkpt lat="39.9694740" lon="-105.2994440">
    <ele>2103.0</ele>
    <time>2024-04-17T12:15:56Z</time>
    <extensions>
     <ns2:TrackPointExtension>
      <ns2:atemp>13</ns2:atemp>
      <ns2:hr>137</ns2:hr>
      <ns2:cad>54</ns2:cad>
     </ns2:TrackPointExtension>
    </extensions>
   </trkpt>
   <trkpt lat="39.9694930" lon="-105.2994970">
    <ele>2104.2</ele>
    <time>2024-04-17T12:16:00Z</time>
    <extensions>
     <ns2:TrackPointExtension>
      <ns2:atemp>13</ns2:atemp>
      <ns2:hr>139</ns2:hr>
      <ns2:cad>0</ns2:cad>
     </ns2:TrackPointExtension>
    </extensions>
   </trkpt>
   <trkpt lat="39.9695070" lon="-105.2995320">
    <ele>2105.0</ele>
    <time>2024-04-17T12:16:03Z</time>
    <extensions>
     <ns2:TrackPointExtension>
      <ns2:atemp>13</ns2:atemp>
      <ns2:hr>139</ns2:hr>
      <ns2:cad>0</ns2:cad>
     </ns2:TrackPointExtension>
    </extensions>
   </trkpt>
   <trkpt lat="39.9695070" lon="-105.2995530">
    <ele>2105.4</ele>
    <time>2024-04-17T12:16:04Z</time>
    <extensions>
     <ns2:TrackPointExtension>
      <ns2:atemp>13</ns2:atemp>
      <ns2:hr>139</ns2:hr>
      <ns2:cad>58</ns2:cad>
     </ns2:TrackPointExtension>
    </extensions>
   </trkpt>
   <trkpt lat="39.9695520" lon="-105.2995270">
    <ele>2106.6</ele>
    <time>2024-04-17T12:16:09Z</time>
    <extensions>
     <ns2:TrackPointExtension>
      <ns2:atemp>13</ns2:atemp>
      <ns2:hr>140</ns2:hr>
      <ns2:cad>58</ns2:cad>
     </ns2:TrackPointExtension>
    </extensions>
   </trkpt>
   <trkpt lat="39.9695970" lon="-105.2995320">
    <ele>2107.2</ele>
    <time>2024-04-17T12:16:12Z</time>
    <extensions>
     <ns2:TrackPointExtension>
      <ns2:atemp>13</ns2:atemp>
      <ns2:hr>143</ns2:hr>
      <ns2:cad>54</ns2:cad>
     </ns2:TrackPointExtension>
    </extensions>
   </trkpt>
   <trkpt lat="39.9696140" lon="-105.2995500">
    <ele>2107.4</ele>
    <time>2024-04-17T12:16:14Z</time>
    <extensions>
     <ns2:TrackPointExtension>
      <ns2:atemp>13</ns2:atemp>
      <ns2:hr>145</ns2:hr>
      <ns2:cad>54</ns2:cad>
     </ns2:TrackPointExtension>
    </extensions>
   </trkpt>
   <trkpt lat="39.9696060" lon="-105.2995720">
    <ele>2107.6</ele>
    <time>2024-04-17T12:16:16Z</time>
    <extensions>
     <ns2:TrackPointExtension>
      <ns2:atemp>13</ns2:atemp>
      <ns2:hr>146</ns2:hr>
      <ns2:cad>61</ns2:cad>
     </ns2:TrackPointExtension>
    </extensions>
   </trkpt>
   <trkpt lat="39.9696170" lon="-105.2996420">
    <ele>2107.6</ele>
    <time>2024-04-17T12:16:20Z</time>
    <extensions>
     <ns2:TrackPointExtension>
      <ns2:atemp>13</ns2:atemp>
      <ns2:hr>146</ns2:hr>
      <ns2:cad>87</ns2:cad>
     </ns2:TrackPointExtension>
    </extensions>
   </trkpt>
   <trkpt lat="39.9696640" lon="-105.2997270">
    <ele>2108.0</ele>
    <time>2024-04-17T12:16:26Z</time>
    <extensions>
     <ns2:TrackPointExtension>
      <ns2:atemp>13</ns2:atemp>
      <ns2:hr>146</ns2:hr>
      <ns2:cad>89</ns2:cad>
     </ns2:TrackPointExtension>
    </extensions>
   </trkpt>
   <trkpt lat="39.9696710" lon="-105.2997420">
    <ele>2108.0</ele>
    <time>2024-04-17T12:16:27Z</time>
    <extensions>
     <ns2:TrackPointExtension>
      <ns2:atemp>13</ns2:atemp>
      <ns2:hr>146</ns2:hr>
      <ns2:cad>89</ns2:cad>
     </ns2:TrackPointExtension>
    </extensions>
   </trkpt>
   <trkpt lat="39.9696850" lon="-105.2997540">
    <ele>2108.4</ele>
    <time>2024-04-17T12:16:29Z</time>
    <extensions>
     <ns2:TrackPointExtension>
      <ns2:atemp>13</ns2:atemp>
      <ns2:hr>144</ns2:hr>
      <ns2:cad>89</ns2:cad>
     </ns2:TrackPointExtension>
    </extensions>
   </trkpt>
   <trkpt lat="39.9696990" lon="-105.2997540">
    <ele>2108.8</ele>
    <time>2024-04-17T12:16:30Z</time>
    <extensions>
     <ns2:TrackPointExtension>
      <ns2:atemp>13</ns2:atemp>
      <ns2:hr>144</ns2:hr>
      <ns2:cad>89</ns2:cad>
     </ns2:TrackPointExtension>
    </extensions>
   </trkpt>
   <trkpt lat="39.9697090" lon="-105.2997610">
    <ele>2109.2</ele>
    <time>2024-04-17T12:16:31Z</time>
    <extensions>
     <ns2:TrackPointExtension>
      <ns2:atemp>13</ns2:atemp>
      <ns2:hr>144</ns2:hr>
      <ns2:cad>87</ns2:cad>
     </ns2:TrackPointExtension>
    </extensions>
   </trkpt>
   <trkpt lat="39.9697170" lon="-105.2997720">
    <ele>2109.4</ele>
    <time>2024-04-17T12:16:32Z</time>
    <extensions>
     <ns2:TrackPointExtension>
      <ns2:atemp>13</ns2:atemp>
      <ns2:hr>143</ns2:hr>
      <ns2:cad>86</ns2:cad>
     </ns2:TrackPointExtension>
    </extensions>
   </trkpt>
   <trkpt lat="39.9697510" lon="-105.2998410">
    <ele>2110.0</ele>
    <time>2024-04-17T12:16:36Z</time>
    <extensions>
     <ns2:TrackPointExtension>
      <ns2:atemp>13</ns2:atemp>
      <ns2:hr>142</ns2:hr>
      <ns2:cad>87</ns2:cad>
     </ns2:TrackPointExtension>
    </extensions>
   </trkpt>
   <trkpt lat="39.9698270" lon="-105.2999410">
    <ele>2110.8</ele>
    <time>2024-04-17T12:16:43Z</time>
    <extensions>
     <ns2:TrackPointExtension>
      <ns2:atemp>13</ns2:atemp>
      <ns2:hr>137</ns2:hr>
      <ns2:cad>89</ns2:cad>
     </ns2:TrackPointExtension>
    </extensions>
   </trkpt>
   <trkpt lat="39.9698350" lon="-105.2999630">
    <ele>2111.0</ele>
    <time>2024-04-17T12:16:44Z</time>
    <extensions>
     <ns2:TrackPointExtension>
      <ns2:atemp>13</ns2:atemp>
      <ns2:hr>137</ns2:hr>
      <ns2:cad>89</ns2:cad>
     </ns2:TrackPointExtension>
    </extensions>
   </trkpt>
   <trkpt lat="39.9698560" lon="-105.2999660">
    <ele>2111.2</ele>
    <time>2024-04-17T12:16:45Z</time>
    <extensions>
     <ns2:TrackPointExtension>
      <ns2:atemp>13</ns2:atemp>
      <ns2:hr>141</ns2:hr>
      <ns2:cad>0</ns2:cad>
     </ns2:TrackPointExtension>
    </extensions>
   </trkpt>
   <trkpt lat="39.9699110" lon="-105.2999620">
    <ele>2112.4</ele>
    <time>2024-04-17T12:16:48Z</time>
    <extensions>
     <ns2:TrackPointExtension>
      <ns2:atemp>13</ns2:atemp>
      <ns2:hr>140</ns2:hr>
      <ns2:cad>58</ns2:cad>
     </ns2:TrackPointExtension>
    </extensions>
   </trkpt>
   <trkpt lat="39.9699620" lon="-105.2999980">
    <ele>2113.0</ele>
    <time>2024-04-17T12:16:52Z</time>
    <extensions>
     <ns2:TrackPointExtension>
      <ns2:atemp>13</ns2:atemp>
      <ns2:hr>140</ns2:hr>
      <ns2:cad>0</ns2:cad>
     </ns2:TrackPointExtension>
    </extensions>
   </trkpt>
   <trkpt lat="39.9699680" lon="-105.3000120">
    <ele>2113.4</ele>
    <time>2024-04-17T12:16:54Z</time>
    <extensions>
     <ns2:TrackPointExtension>
      <ns2:atemp>13</ns2:atemp>
      <ns2:hr>139</ns2:hr>
      <ns2:cad>0</ns2:cad>
     </ns2:TrackPointExtension>
    </extensions>
   </trkpt>
   <trkpt lat="39.9699920" lon="-105.3000430">
    <ele>2114.4</ele>
    <time>2024-04-17T12:16:59Z</time>
    <extensions>
     <ns2:TrackPointExtension>
      <ns2:atemp>13</ns2:atemp>
      <ns2:hr>139</ns2:hr>
      <ns2:cad>0</ns2:cad>
     </ns2:TrackPointExtension>
    </extensions>
   </trkpt>
   <trkpt lat="39.9699940" lon="-105.3000530">
    <ele>2114.6</ele>
    <time>2024-04-17T12:17:00Z</time>
    <extensions>
     <ns2:TrackPointExtension>
      <ns2:atemp>13</ns2:atemp>
      <ns2:hr>139</ns2:hr>
      <ns2:cad>0</ns2:cad>
     </ns2:TrackPointExtension>
    </extensions>
   </trkpt>
   <trkpt lat="39.9700380" lon="-105.3000990">
    <ele>2114.8</ele>
    <time>2024-04-17T12:17:05Z</time>
    <extensions>
     <ns2:TrackPointExtension>
      <ns2:atemp>13</ns2:atemp>
      <ns2:hr>139</ns2:hr>
      <ns2:cad>68</ns2:cad>
     </ns2:TrackPointExtension>
    </extensions>
   </trkpt>
   <trkpt lat="39.9700440" lon="-105.3001220">
    <ele>2115.0</ele>
    <time>2024-04-17T12:17:07Z</time>
    <extensions>
     <ns2:TrackPointExtension>
      <ns2:atemp>13</ns2:atemp>
      <ns2:hr>139</ns2:hr>
      <ns2:cad>68</ns2:cad>
     </ns2:TrackPointExtension>
    </extensions>
   </trkpt>
   <trkpt lat="39.9700510" lon="-105.3001240">
    <ele>2115.6</ele>
    <time>2024-04-17T12:17:09Z</time>
    <extensions>
     <ns2:TrackPointExtension>
      <ns2:atemp>13</ns2:atemp>
      <ns2:hr>139</ns2:hr>
      <ns2:cad>62</ns2:cad>
     </ns2:TrackPointExtension>
    </extensions>
   </trkpt>
   <trkpt lat="39.9700770" lon="-105.3001380">
    <ele>2116.0</ele>
    <time>2024-04-17T12:17:12Z</time>
    <extensions>
     <ns2:TrackPointExtension>
      <ns2:atemp>13</ns2:atemp>
      <ns2:hr>139</ns2:hr>
      <ns2:cad>58</ns2:cad>
     </ns2:TrackPointExtension>
    </extensions>
   </trkpt>
   <trkpt lat="39.9700910" lon="-105.3001450">
    <ele>2116.0</ele>
    <time>2024-04-17T12:17:13Z</time>
    <extensions>
     <ns2:TrackPointExtension>
      <ns2:atemp>13</ns2:atemp>
      <ns2:hr>140</ns2:hr>
      <ns2:cad>58</ns2:cad>
     </ns2:TrackPointExtension>
    </extensions>
   </trkpt>
   <trkpt lat="39.9701280" lon="-105.3002250">
    <ele>2116.6</ele>
    <time>2024-04-17T12:17:20Z</time>
    <extensions>
     <ns2:TrackPointExtension>
      <ns2:atemp>13</ns2:atemp>
      <ns2:hr>141</ns2:hr>
      <ns2:cad>62</ns2:cad>
     </ns2:TrackPointExtension>
    </extensions>
   </trkpt>
   <trkpt lat="39.9701200" lon="-105.3002700">
    <ele>2116.6</ele>
    <time>2024-04-17T12:17:23Z</time>
    <extensions>
     <ns2:TrackPointExtension>
      <ns2:atemp>13</ns2:atemp>
      <ns2:hr>141</ns2:hr>
      <ns2:cad>0</ns2:cad>
     </ns2:TrackPointExtension>
    </extensions>
   </trkpt>
   <trkpt lat="39.9701140" lon="-105.3003060">
    <ele>2116.4</ele>
    <time>2024-04-17T12:17:25Z</time>
    <extensions>
     <ns2:TrackPointExtension>
      <ns2:atemp>13</ns2:atemp>
      <ns2:hr>140</ns2:hr>
      <ns2:cad>0</ns2:cad>
     </ns2:TrackPointExtension>
    </extensions>
   </trkpt>
   <trkpt lat="39.9700820" lon="-105.3003420">
    <ele>2116.0</ele>
    <time>2024-04-17T12:17:27Z</time>
    <extensions>
     <ns2:TrackPointExtension>
      <ns2:atemp>13</ns2:atemp>
      <ns2:hr>140</ns2:hr>
      <ns2:cad>0</ns2:cad>
     </ns2:TrackPointExtension>
    </extensions>
   </trkpt>
   <trkpt lat="39.9700740" lon="-105.3003540">
    <ele>2116.0</ele>
    <time>2024-04-17T12:17:28Z</time>
    <extensions>
     <ns2:TrackPointExtension>
      <ns2:atemp>13</ns2:atemp>
      <ns2:hr>140</ns2:hr>
      <ns2:cad>0</ns2:cad>
     </ns2:TrackPointExtension>
    </extensions>
   </trkpt>
   <trkpt lat="39.9700600" lon="-105.3004100">
    <ele>2115.8</ele>
    <time>2024-04-17T12:17:31Z</time>
    <extensions>
     <ns2:TrackPointExtension>
      <ns2:atemp>13</ns2:atemp>
      <ns2:hr>139</ns2:hr>
      <ns2:cad>82</ns2:cad>
     </ns2:TrackPointExtension>
    </extensions>
   </trkpt>
   <trkpt lat="39.9700740" lon="-105.3004990">
    <ele>2115.8</ele>
    <time>2024-04-17T12:17:35Z</time>
    <extensions>
     <ns2:TrackPointExtension>
      <ns2:atemp>13</ns2:atemp>
      <ns2:hr>139</ns2:hr>
      <ns2:cad>81</ns2:cad>
     </ns2:TrackPointExtension>
    </extensions>
   </trkpt>
   <trkpt lat="39.9701270" lon="-105.3006070">
    <ele>2117.6</ele>
    <time>2024-04-17T12:17:42Z</time>
    <extensions>
     <ns2:TrackPointExtension>
      <ns2:atemp>13</ns2:atemp>
      <ns2:hr>137</ns2:hr>
      <ns2:cad>87</ns2:cad>
     </ns2:TrackPointExtension>
    </extensions>
   </trkpt>
   <trkpt lat="39.9701770" lon="-105.3006960">
    <ele>2118.6</ele>
    <time>2024-04-17T12:17:48Z</time>
    <extensions>
     <ns2:TrackPointExtension>
      <ns2:atemp>13</ns2:atemp>
      <ns2:hr>135</ns2:hr>
      <ns2:cad>62</ns2:cad>
     </ns2:TrackPointExtension>
    </extensions>
   </trkpt>
   <trkpt lat="39.9701920" lon="-105.3007090">
    <ele>2119.2</ele>
    <time>2024-04-17T12:17:50Z</time>
    <extensions>
     <ns2:TrackPointExtension>
      <ns2:atemp>13</ns2:atemp>
      <ns2:hr>135</ns2:hr>
      <ns2:cad>62</ns2:cad>
     </ns2:TrackPointExtension>
    </extensions>
   </trkpt>
   <trkpt lat="39.9702020" lon="-105.3007580">
    <ele>2119.8</ele>
    <time>2024-04-17T12:17:53Z</time>
    <extensions>
     <ns2:TrackPointExtension>
      <ns2:atemp>13</ns2:atemp>
      <ns2:hr>133</ns2:hr>
      <ns2:cad>62</ns2:cad>
     </ns2:TrackPointExtension>
    </extensions>
   </trkpt>
   <trkpt lat="39.9702140" lon="-105.3008630">
    <ele>2120.8</ele>
    <time>2024-04-17T12:18:00Z</time>
    <extensions>
     <ns2:TrackPointExtension>
      <ns2:atemp>13</ns2:atemp>
      <ns2:hr>132</ns2:hr>
      <ns2:cad>65</ns2:cad>
     </ns2:TrackPointExtension>
    </extensions>
   </trkpt>
   <trkpt lat="39.9701680" lon="-105.3009960">
    <ele>2122.0</ele>
    <time>2024-04-17T12:18:07Z</time>
    <extensions>
     <ns2:TrackPointExtension>
      <ns2:atemp>13</ns2:atemp>
      <ns2:hr>132</ns2:hr>
      <ns2:cad>89</ns2:cad>
     </ns2:TrackPointExtension>
    </extensions>
   </trkpt>
   <trkpt lat="39.9701640" lon="-105.3010290">
    <ele>2122.6</ele>
    <time>2024-04-17T12:18:09Z</time>
    <extensions>
     <ns2:TrackPointExtension>
      <ns2:atemp>13</ns2:atemp>
      <ns2:hr>133</ns2:hr>
      <ns2:cad>89</ns2:cad>
     </ns2:TrackPointExtension>
    </extensions>
   </trkpt>
   <trkpt lat="39.9701460" lon="-105.3011460">
    <ele>2123.0</ele>
    <time>2024-04-17T12:18:15Z</time>
    <extensions>
     <ns2:TrackPointExtension>
      <ns2:atemp>13</ns2:atemp>
      <ns2:hr>135</ns2:hr>
      <ns2:cad>90</ns2:cad>
     </ns2:TrackPointExtension>
    </extensions>
   </trkpt>
   <trkpt lat="39.9701310" lon="-105.3011920">
    <ele>2123.4</ele>
    <time>2024-04-17T12:18:17Z</time>
    <extensions>
     <ns2:TrackPointExtension>
      <ns2:atemp>13</ns2:atemp>
      <ns2:hr>137</ns2:hr>
      <ns2:cad>89</ns2:cad>
     </ns2:TrackPointExtension>
    </extensions>
   </trkpt>
   <trkpt lat="39.9701320" lon="-105.3012280">
    <ele>2123.6</ele>
    <time>2024-04-17T12:18:19Z</time>
    <extensions>
     <ns2:TrackPointExtension>
      <ns2:atemp>13</ns2:atemp>
      <ns2:hr>140</ns2:hr>
      <ns2:cad>89</ns2:cad>
     </ns2:TrackPointExtension>
    </extensions>
   </trkpt>
   <trkpt lat="39.9701300" lon="-105.3012360">
    <ele>2123.6</ele>
    <time>2024-04-17T12:18:20Z</time>
    <extensions>
     <ns2:TrackPointExtension>
      <ns2:atemp>13</ns2:atemp>
      <ns2:hr>141</ns2:hr>
      <ns2:cad>89</ns2:cad>
     </ns2:TrackPointExtension>
    </extensions>
   </trkpt>
   <trkpt lat="39.9701200" lon="-105.3012650">
    <ele>2123.6</ele>
    <time>2024-04-17T12:18:22Z</time>
    <extensions>
     <ns2:TrackPointExtension>
      <ns2:atemp>12</ns2:atemp>
      <ns2:hr>140</ns2:hr>
      <ns2:cad>87</ns2:cad>
     </ns2:TrackPointExtension>
    </extensions>
   </trkpt>
   <trkpt lat="39.9701050" lon="-105.3013780">
    <ele>2123.6</ele>
    <time>2024-04-17T12:18:28Z</time>
    <extensions>
     <ns2:TrackPointExtension>
      <ns2:atemp>12</ns2:atemp>
      <ns2:hr>143</ns2:hr>
      <ns2:cad>88</ns2:cad>
     </ns2:TrackPointExtension>
    </extensions>
   </trkpt>
   <trkpt lat="39.9700820" lon="-105.3014800">
    <ele>2124.0</ele>
    <time>2024-04-17T12:18:33Z</time>
    <extensions>
     <ns2:TrackPointExtension>
      <ns2:atemp>12</ns2:atemp>
      <ns2:hr>143</ns2:hr>
      <ns2:cad>91</ns2:cad>
     </ns2:TrackPointExtension>
    </extensions>
   </trkpt>
   <trkpt lat="39.9700680" lon="-105.3015030">
    <ele>2124.2</ele>
    <time>2024-04-17T12:18:34Z</time>
    <extensions>
     <ns2:TrackPointExtension>
      <ns2:atemp>12</ns2:atemp>
      <ns2:hr>143</ns2:hr>
      <ns2:cad>91</ns2:cad>
     </ns2:TrackPointExtension>
    </extensions>
   </trkpt>
   <trkpt lat="39.9700440" lon="-105.3015860">
    <ele>2124.4</ele>
    <time>2024-04-17T12:18:38Z</time>
    <extensions>
     <ns2:TrackPointExtension>
      <ns2:atemp>12</ns2:atemp>
      <ns2:hr>145</ns2:hr>
      <ns2:cad>88</ns2:cad>
     </ns2:TrackPointExtension>
    </extensions>
   </trkpt>
   <trkpt lat="39.9700370" lon="-105.3016120">
    <ele>2124.4</ele>
    <time>2024-04-17T12:18:39Z</time>
    <extensions>
     <ns2:TrackPointExtension>
      <ns2:atemp>12</ns2:atemp>
      <ns2:hr>145</ns2:hr>
      <ns2:cad>88</ns2:cad>
     </ns2:TrackPointExtension>
    </extensions>
   </trkpt>
   <trkpt lat="39.9700340" lon="-105.3016940">
    <ele>2125.4</ele>
    <time>2024-04-17T12:18:44Z</time>
    <extensions>
     <ns2:TrackPointExtension>
      <ns2:atemp>12</ns2:atemp>
      <ns2:hr>147</ns2:hr>
      <ns2:cad>88</ns2:cad>
     </ns2:TrackPointExtension>
    </extensions>
   </trkpt>
   <trkpt lat="39.9700390" lon="-105.3017280">
    <ele>2125.6</ele>
    <time>2024-04-17T12:18:46Z</time>
    <extensions>
     <ns2:TrackPointExtension>
      <ns2:atemp>12</ns2:atemp>
      <ns2:hr>148</ns2:hr>
      <ns2:cad>87</ns2:cad>
     </ns2:TrackPointExtension>
    </extensions>
   </trkpt>
   <trkpt lat="39.9700850" lon="-105.3017470">
    <ele>2126.6</ele>
    <time>2024-04-17T12:18:49Z</time>
    <extensions>
     <ns2:TrackPointExtension>
      <ns2:atemp>12</ns2:atemp>
      <ns2:hr>147</ns2:hr>
      <ns2:cad>87</ns2:cad>
     </ns2:TrackPointExtension>
    </extensions>
   </trkpt>
   <trkpt lat="39.9701020" lon="-105.3017370">
    <ele>2126.8</ele>
    <time>2024-04-17T12:18:50Z</time>
    <extensions>
     <ns2:TrackPointExtension>
      <ns2:atemp>12</ns2:atemp>
      <ns2:hr>147</ns2:hr>
      <ns2:cad>86</ns2:cad>
     </ns2:TrackPointExtension>
    </extensions>
   </trkpt>
   <trkpt lat="39.9701450" lon="-105.3017000">
    <ele>2127.2</ele>
    <time>2024-04-17T12:18:53Z</time>
    <extensions>
     <ns2:TrackPointExtension>
      <ns2:atemp>12</ns2:atemp>
      <ns2:hr>150</ns2:hr>
      <ns2:cad>0</ns2:cad>
     </ns2:TrackPointExtension>
    </extensions>
   </trkpt>
   <trkpt lat="39.9701670" lon="-105.3016750">
    <ele>2127.8</ele>
    <time>2024-04-17T12:18:55Z</time>
    <extensions>
     <ns2:TrackPointExtension>
      <ns2:atemp>12</ns2:atemp>
      <ns2:hr>151</ns2:hr>
      <ns2:cad>90</ns2:cad>
     </ns2:TrackPointExtension>
    </extensions>
   </trkpt>
   <trkpt lat="39.9701970" lon="-105.3016480">
    <ele>2128.2</ele>
    <time>2024-04-17T12:18:57Z</time>
    <extensions>
     <ns2:TrackPointExtension>
      <ns2:atemp>12</ns2:atemp>
      <ns2:hr>151</ns2:hr>
      <ns2:cad>90</ns2:cad>
     </ns2:TrackPointExtension>
    </extensions>
   </trkpt>
   <trkpt lat="39.9702340" lon="-105.3016120">
    <ele>2128.8</ele>
    <time>2024-04-17T12:19:01Z</time>
    <extensions>
     <ns2:TrackPointExtension>
      <ns2:atemp>12</ns2:atemp>
      <ns2:hr>152</ns2:hr>
      <ns2:cad>91</ns2:cad>
     </ns2:TrackPointExtension>
    </extensions>
   </trkpt>
   <trkpt lat="39.9702490" lon="-105.3016040">
    <ele>2129.0</ele>
    <time>2024-04-17T12:19:02Z</time>
    <extensions>
     <ns2:TrackPointExtension>
      <ns2:atemp>12</ns2:atemp>
      <ns2:hr>152</ns2:hr>
      <ns2:cad>90</ns2:cad>
     </ns2:TrackPointExtension>
    </extensions>
   </trkpt>
   <trkpt lat="39.9702790" lon="-105.3015730">
    <ele>2129.6</ele>
    <time>2024-04-17T12:19:04Z</time>
    <extensions>
     <ns2:TrackPointExtension>
      <ns2:atemp>12</ns2:atemp>
      <ns2:hr>152</ns2:hr>
      <ns2:cad>90</ns2:cad>
     </ns2:TrackPointExtension>
    </extensions>
   </trkpt>
   <trkpt lat="39.9702900" lon="-105.3015250">
    <ele>2130.0</ele>
    <time>2024-04-17T12:19:06Z</time>
    <extensions>
     <ns2:TrackPointExtension>
      <ns2:atemp>12</ns2:atemp>
      <ns2:hr>155</ns2:hr>
      <ns2:cad>90</ns2:cad>
     </ns2:TrackPointExtension>
    </extensions>
   </trkpt>
   <trkpt lat="39.9703780" lon="-105.3014060">
    <ele>2131.2</ele>
    <time>2024-04-17T12:19:12Z</time>
    <extensions>
     <ns2:TrackPointExtension>
      <ns2:atemp>12</ns2:atemp>
      <ns2:hr>154</ns2:hr>
      <ns2:cad>91</ns2:cad>
     </ns2:TrackPointExtension>
    </extensions>
   </trkpt>
   <trkpt lat="39.9704200" lon="-105.3013730">
    <ele>2131.6</ele>
    <time>2024-04-17T12:19:15Z</time>
    <extensions>
     <ns2:TrackPointExtension>
      <ns2:atemp>12</ns2:atemp>
      <ns2:hr>157</ns2:hr>
      <ns2:cad>93</ns2:cad>
     </ns2:TrackPointExtension>
    </extensions>
   </trkpt>
   <trkpt lat="39.9704280" lon="-105.3013470">
    <ele>2131.8</ele>
    <time>2024-04-17T12:19:16Z</time>
    <extensions>
     <ns2:TrackPointExtension>
      <ns2:atemp>12</ns2:atemp>
      <ns2:hr>158</ns2:hr>
      <ns2:cad>93</ns2:cad>
     </ns2:TrackPointExtension>
    </extensions>
   </trkpt>
   <trkpt lat="39.9704330" lon="-105.3013220">
    <ele>2132.0</ele>
    <time>2024-04-17T12:19:17Z</time>
    <extensions>
     <ns2:TrackPointExtension>
      <ns2:atemp>12</ns2:atemp>
      <ns2:hr>154</ns2:hr>
      <ns2:cad>93</ns2:cad>
     </ns2:TrackPointExtension>
    </extensions>
   </trkpt>
   <trkpt lat="39.9704360" lon="-105.3012960">
    <ele>2132.0</ele>
    <time>2024-04-17T12:19:18Z</time>
    <extensions>
     <ns2:TrackPointExtension>
      <ns2:atemp>12</ns2:atemp>
      <ns2:hr>154</ns2:hr>
      <ns2:cad>93</ns2:cad>
     </ns2:TrackPointExtension>
    </extensions>
   </trkpt>
   <trkpt lat="39.9704400" lon="-105.3012660">
    <ele>2132.2</ele>
    <time>2024-04-17T12:19:19Z</time>
    <extensions>
     <ns2:TrackPointExtension>
      <ns2:atemp>12</ns2:atemp>
      <ns2:hr>154</ns2:hr>
      <ns2:cad>93</ns2:cad>
     </ns2:TrackPointExtension>
    </extensions>
   </trkpt>
   <trkpt lat="39.9704650" lon="-105.3011000">
    <ele>2132.6</ele>
    <time>2024-04-17T12:19:25Z</time>
    <extensions>
     <ns2:TrackPointExtension>
      <ns2:atemp>12</ns2:atemp>
      <ns2:hr>154</ns2:hr>
      <ns2:cad>86</ns2:cad>
     </ns2:TrackPointExtension>
    </extensions>
   </trkpt>
   <trkpt lat="39.9705000" lon="-105.3010190">
    <ele>2133.2</ele>
    <time>2024-04-17T12:19:29Z</time>
    <extensions>
     <ns2:TrackPointExtension>
      <ns2:atemp>12</ns2:atemp>
      <ns2:hr>155</ns2:hr>
      <ns2:cad>88</ns2:cad>
     </ns2:TrackPointExtension>
    </extensions>
   </trkpt>
   <trkpt lat="39.9705140" lon="-105.3009940">
    <ele>2133.4</ele>
    <time>2024-04-17T12:19:31Z</time>
    <extensions>
     <ns2:TrackPointExtension>
      <ns2:atemp>12</ns2:atemp>
      <ns2:hr>155</ns2:hr>
      <ns2:cad>45</ns2:cad>
     </ns2:TrackPointExtension>
    </extensions>
   </trkpt>
   <trkpt lat="39.9704940" lon="-105.3010400">
    <ele>2134.4</ele>
    <time>2024-04-17T12:19:34Z</time>
    <extensions>
     <ns2:TrackPointExtension>
      <ns2:atemp>12</ns2:atemp>
      <ns2:hr>153</ns2:hr>
      <ns2:cad>85</ns2:cad>
     </ns2:TrackPointExtension>
    </extensions>
   </trkpt>
   <trkpt lat="39.9704960" lon="-105.3010520">
    <ele>2134.4</ele>
    <time>2024-04-17T12:19:35Z</time>
    <extensions>
     <ns2:TrackPointExtension>
      <ns2:atemp>12</ns2:atemp>
      <ns2:hr>155</ns2:hr>
      <ns2:cad>85</ns2:cad>
     </ns2:TrackPointExtension>
    </extensions>
   </trkpt>
   <trkpt lat="39.9704940" lon="-105.3010720">
    <ele>2134.6</ele>
    <time>2024-04-17T12:19:36Z</time>
    <extensions>
     <ns2:TrackPointExtension>
      <ns2:atemp>12</ns2:atemp>
      <ns2:hr>155</ns2:hr>
      <ns2:cad>85</ns2:cad>
     </ns2:TrackPointExtension>
    </extensions>
   </trkpt>
   <trkpt lat="39.9704900" lon="-105.3010960">
    <ele>2135.0</ele>
    <time>2024-04-17T12:19:37Z</time>
    <extensions>
     <ns2:TrackPointExtension>
      <ns2:atemp>12</ns2:atemp>
      <ns2:hr>154</ns2:hr>
      <ns2:cad>85</ns2:cad>
     </ns2:TrackPointExtension>
    </extensions>
   </trkpt>
   <trkpt lat="39.9704810" lon="-105.3011560">
    <ele>2135.4</ele>
    <time>2024-04-17T12:19:40Z</time>
    <extensions>
     <ns2:TrackPointExtension>
      <ns2:atemp>12</ns2:atemp>
      <ns2:hr>154</ns2:hr>
      <ns2:cad>93</ns2:cad>
     </ns2:TrackPointExtension>
    </extensions>
   </trkpt>
   <trkpt lat="39.9704610" lon="-105.3011980">
    <ele>2135.6</ele>
    <time>2024-04-17T12:19:42Z</time>
    <extensions>
     <ns2:TrackPointExtension>
      <ns2:atemp>12</ns2:atemp>
      <ns2:hr>153</ns2:hr>
      <ns2:cad>92</ns2:cad>
     </ns2:TrackPointExtension>
    </extensions>
   </trkpt>
   <trkpt lat="39.9704000" lon="-105.3013670">
    <ele>2136.4</ele>
    <time>2024-04-17T12:19:49Z</time>
    <extensions>
     <ns2:TrackPointExtension>
      <ns2:atemp>12</ns2:atemp>
      <ns2:hr>154</ns2:hr>
      <ns2:cad>92</ns2:cad>
     </ns2:TrackPointExtension>
    </extensions>
   </trkpt>
   <trkpt lat="39.9703650" lon="-105.3014060">
    <ele>2136.4</ele>
    <time>2024-04-17T12:19:51Z</time>
    <extensions>
     <ns2:TrackPointExtension>
      <ns2:atemp>12</ns2:atemp>
      <ns2:hr>154</ns2:hr>
      <ns2:cad>91</ns2:cad>
     </ns2:TrackPointExtension>
    </extensions>
   </trkpt>
   <trkpt lat="39.9703570" lon="-105.3014460">
    <ele>2137.6</ele>
    <time>2024-04-17T12:19:55Z</time>
    <extensions>
     <ns2:TrackPointExtension>
      <ns2:atemp>12</ns2:atemp>
      <ns2:hr>154</ns2:hr>
      <ns2:cad>91</ns2:cad>
     </ns2:TrackPointExtension>
    </extensions>
   </trkpt>
   <trkpt lat="39.9703190" lon="-105.3015240">
    <ele>2138.6</ele>
    <time>2024-04-17T12:20:01Z</time>
    <extensions>
     <ns2:TrackPointExtension>
      <ns2:atemp>12</ns2:atemp>
      <ns2:hr>154</ns2:hr>
      <ns2:cad>87</ns2:cad>
     </ns2:TrackPointExtension>
    </extensions>
   </trkpt>
   <trkpt lat="39.9703030" lon="-105.3015590">
    <ele>2139.0</ele>
    <time>2024-04-17T12:20:04Z</time>
    <extensions>
     <ns2:TrackPointExtension>
      <ns2:atemp>12</ns2:atemp>
      <ns2:hr>156</ns2:hr>
      <ns2:cad>88</ns2:cad>
     </ns2:TrackPointExtension>
    </extensions>
   </trkpt>
   <trkpt lat="39.9702280" lon="-105.3016850">
    <ele>2139.4</ele>
    <time>2024-04-17T12:20:09Z</time>
    <extensions>
     <ns2:TrackPointExtension>
      <ns2:atemp>12</ns2:atemp>
      <ns2:hr>153</ns2:hr>
      <ns2:cad>91</ns2:cad>
     </ns2:TrackPointExtension>
    </extensions>
   </trkpt>
   <trkpt lat="39.9702080" lon="-105.3017110">
    <ele>2139.6</ele>
    <time>2024-04-17T12:20:10Z</time>
    <extensions>
     <ns2:TrackPointExtension>
      <ns2:atemp>12</ns2:atemp>
      <ns2:hr>153</ns2:hr>
      <ns2:cad>91</ns2:cad>
     </ns2:TrackPointExtension>
    </extensions>
   </trkpt>
   <trkpt lat="39.9701900" lon="-105.3017430">
    <ele>2139.8</ele>
    <time>2024-04-17T12:20:12Z</time>
    <extensions>
     <ns2:TrackPointExtension>
      <ns2:atemp>12</ns2:atemp>
      <ns2:hr>153</ns2:hr>
      <ns2:cad>91</ns2:cad>
     </ns2:TrackPointExtension>
    </extensions>
   </trkpt>
   <trkpt lat="39.9701890" lon="-105.3017610">
    <ele>2140.0</ele>
    <time>2024-04-17T12:20:13Z</time>
    <extensions>
     <ns2:TrackPointExtension>
      <ns2:atemp>12</ns2:atemp>
      <ns2:hr>153</ns2:hr>
      <ns2:cad>91</ns2:cad>
     </ns2:TrackPointExtension>
    </extensions>
   </trkpt>
   <trkpt lat="39.9701250" lon="-105.3018870">
    <ele>2140.4</ele>
    <time>2024-04-17T12:20:20Z</time>
    <extensions>
     <ns2:TrackPointExtension>
      <ns2:atemp>12</ns2:atemp>
      <ns2:hr>155</ns2:hr>
      <ns2:cad>89</ns2:cad>
     </ns2:TrackPointExtension>
    </extensions>
   </trkpt>
   <trkpt lat="39.9701130" lon="-105.3019050">
    <ele>2140.4</ele>
    <time>2024-04-17T12:20:21Z</time>
    <extensions>
     <ns2:TrackPointExtension>
      <ns2:atemp>12</ns2:atemp>
      <ns2:hr>156</ns2:hr>
      <ns2:cad>89</ns2:cad>
     </ns2:TrackPointExtension>
    </extensions>
   </trkpt>
   <trkpt lat="39.9701550" lon="-105.3020380">
    <ele>2141.0</ele>
    <time>2024-04-17T12:20:26Z</time>
    <extensions>
     <ns2:TrackPointExtension>
      <ns2:atemp>12</ns2:atemp>
      <ns2:hr>157</ns2:hr>
      <ns2:cad>88</ns2:cad>
     </ns2:TrackPointExtension>
    </extensions>
   </trkpt>
   <trkpt lat="39.9701650" lon="-105.3020650">
    <ele>2141.4</ele>
    <time>2024-04-17T12:20:27Z</time>
    <extensions>
     <ns2:TrackPointExtension>
      <ns2:atemp>12</ns2:atemp>
      <ns2:hr>156</ns2:hr>
      <ns2:cad>88</ns2:cad>
     </ns2:TrackPointExtension>
    </extensions>
   </trkpt>
   <trkpt lat="39.9701710" lon="-105.3021400">
    <ele>2142.0</ele>
    <time>2024-04-17T12:20:30Z</time>
    <extensions>
     <ns2:TrackPointExtension>
      <ns2:atemp>12</ns2:atemp>
      <ns2:hr>157</ns2:hr>
      <ns2:cad>92</ns2:cad>
     </ns2:TrackPointExtension>
    </extensions>
   </trkpt>
   <trkpt lat="39.9701360" lon="-105.3022180">
    <ele>2142.2</ele>
    <time>2024-04-17T12:20:34Z</time>
    <extensions>
     <ns2:TrackPointExtension>
      <ns2:atemp>12</ns2:atemp>
      <ns2:hr>155</ns2:hr>
      <ns2:cad>92</ns2:cad>
     </ns2:TrackPointExtension>
    </extensions>
   </trkpt>
   <trkpt lat="39.9701240" lon="-105.3022650">
    <ele>2142.0</ele>
    <time>2024-04-17T12:20:36Z</time>
    <extensions>
     <ns2:TrackPointExtension>
      <ns2:atemp>12</ns2:atemp>
      <ns2:hr>158</ns2:hr>
      <ns2:cad>88</ns2:cad>
     </ns2:TrackPointExtension>
    </extensions>
   </trkpt>
   <trkpt lat="39.9701270" lon="-105.3023750">
    <ele>2141.8</ele>
    <time>2024-04-17T12:20:40Z</time>
    <extensions>
     <ns2:TrackPointExtension>
      <ns2:atemp>12</ns2:atemp>
      <ns2:hr>156</ns2:hr>
      <ns2:cad>90</ns2:cad>
     </ns2:TrackPointExtension>
    </extensions>
   </trkpt>
   <trkpt lat="39.9701370" lon="-105.3024980">
    <ele>2143.4</ele>
    <time>2024-04-17T12:20:45Z</time>
    <extensions>
     <ns2:TrackPointExtension>
      <ns2:atemp>12</ns2:atemp>
      <ns2:hr>155</ns2:hr>
      <ns2:cad>92</ns2:cad>
     </ns2:TrackPointExtension>
    </extensions>
   </trkpt>
   <trkpt lat="39.9701690" lon="-105.3026680">
    <ele>2144.0</ele>
    <time>2024-04-17T12:20:51Z</time>
    <extensions>
     <ns2:TrackPointExtension>
      <ns2:atemp>12</ns2:atemp>
      <ns2:hr>157</ns2:hr>
      <ns2:cad>87</ns2:cad>
     </ns2:TrackPointExtension>
    </extensions>
   </trkpt>
   <trkpt lat="39.9701910" lon="-105.3027850">
    <ele>2144.4</ele>
    <time>2024-04-17T12:20:56Z</time>
    <extensions>
     <ns2:TrackPointExtension>
      <ns2:atemp>12</ns2:atemp>
      <ns2:hr>155</ns2:hr>
      <ns2:cad>91</ns2:cad>
     </ns2:TrackPointExtension>
    </extensions>
   </trkpt>
   <trkpt lat="39.9702140" lon="-105.3028080">
    <ele>2145.2</ele>
    <time>2024-04-17T12:20:58Z</time>
    <extensions>
     <ns2:TrackPointExtension>
      <ns2:atemp>12</ns2:atemp>
      <ns2:hr>155</ns2:hr>
      <ns2:cad>89</ns2:cad>
     </ns2:TrackPointExtension>
    </extensions>
   </trkpt>
   <trkpt lat="39.9702270" lon="-105.3028080">
    <ele>2145.2</ele>
    <time>2024-04-17T12:20:59Z</time>
    <extensions>
     <ns2:TrackPointExtension>
      <ns2:atemp>12</ns2:atemp>
      <ns2:hr>153</ns2:hr>
      <ns2:cad>87</ns2:cad>
     </ns2:TrackPointExtension>
    </extensions>
   </trkpt>
   <trkpt lat="39.9702360" lon="-105.3027970">
    <ele>2145.2</ele>
    <time>2024-04-17T12:21:00Z</time>
    <extensions>
     <ns2:TrackPointExtension>
      <ns2:atemp>12</ns2:atemp>
      <ns2:hr>156</ns2:hr>
      <ns2:cad>87</ns2:cad>
     </ns2:TrackPointExtension>
    </extensions>
   </trkpt>
   <trkpt lat="39.9702490" lon="-105.3027780">
    <ele>2145.4</ele>
    <time>2024-04-17T12:21:01Z</time>
    <extensions>
     <ns2:TrackPointExtension>
      <ns2:atemp>12</ns2:atemp>
      <ns2:hr>156</ns2:hr>
      <ns2:cad>87</ns2:cad>
     </ns2:TrackPointExtension>
    </extensions>
   </trkpt>
   <trkpt lat="39.9702740" lon="-105.3027090">
    <ele>2146.2</ele>
    <time>2024-04-17T12:21:04Z</time>
    <extensions>
     <ns2:TrackPointExtension>
      <ns2:atemp>12</ns2:atemp>
      <ns2:hr>157</ns2:hr>
      <ns2:cad>87</ns2:cad>
     </ns2:TrackPointExtension>
    </extensions>
   </trkpt>
   <trkpt lat="39.9702810" lon="-105.3026690">
    <ele>2146.4</ele>
    <time>2024-04-17T12:21:06Z</time>
    <extensions>
     <ns2:TrackPointExtension>
      <ns2:atemp>12</ns2:atemp>
      <ns2:hr>157</ns2:hr>
      <ns2:cad>45</ns2:cad>
     </ns2:TrackPointExtension>
    </extensions>
   </trkpt>
   <trkpt lat="39.9703000" lon="-105.3025080">
    <ele>2147.2</ele>
    <time>2024-04-17T12:21:13Z</time>
    <extensions>
     <ns2:TrackPointExtension>
      <ns2:atemp>12</ns2:atemp>
      <ns2:hr>160</ns2:hr>
      <ns2:cad>90</ns2:cad>
     </ns2:TrackPointExtension>
    </extensions>
   </trkpt>
   <trkpt lat="39.9703100" lon="-105.3024710">
    <ele>2147.6</ele>
    <time>2024-04-17T12:21:15Z</time>
    <extensions>
     <ns2:TrackPointExtension>
      <ns2:atemp>12</ns2:atemp>
      <ns2:hr>160</ns2:hr>
      <ns2:cad>90</ns2:cad>
     </ns2:TrackPointExtension>
    </extensions>
   </trkpt>
   <trkpt lat="39.9703870" lon="-105.3023310">
    <ele>2147.8</ele>
    <time>2024-04-17T12:21:21Z</time>
    <extensions>
     <ns2:TrackPointExtension>
      <ns2:atemp>12</ns2:atemp>
      <ns2:hr>161</ns2:hr>
      <ns2:cad>90</ns2:cad>
     </ns2:TrackPointExtension>
    </extensions>
   </trkpt>
   <trkpt lat="39.9704170" lon="-105.3021610">
    <ele>2147.8</ele>
    <time>2024-04-17T12:21:28Z</time>
    <extensions>
     <ns2:TrackPointExtension>
      <ns2:atemp>12</ns2:atemp>
      <ns2:hr>162</ns2:hr>
      <ns2:cad>89</ns2:cad>
     </ns2:TrackPointExtension>
    </extensions>
   </trkpt>
   <trkpt lat="39.9704540" lon="-105.3020220">
    <ele>2147.0</ele>
    <time>2024-04-17T12:21:35Z</time>
    <extensions>
     <ns2:TrackPointExtension>
      <ns2:atemp>12</ns2:atemp>
      <ns2:hr>161</ns2:hr>
      <ns2:cad>86</ns2:cad>
     </ns2:TrackPointExtension>
    </extensions>
   </trkpt>
   <trkpt lat="39.9705240" lon="-105.3019300">
    <ele>2148.0</ele>
    <time>2024-04-17T12:21:42Z</time>
    <extensions>
     <ns2:TrackPointExtension>
      <ns2:atemp>12</ns2:atemp>
      <ns2:hr>160</ns2:hr>
      <ns2:cad>92</ns2:cad>
     </ns2:TrackPointExtension>
    </extensions>
   </trkpt>
   <trkpt lat="39.9705480" lon="-105.3018950">
    <ele>2148.6</ele>
    <time>2024-04-17T12:21:45Z</time>
    <extensions>
     <ns2:TrackPointExtension>
      <ns2:atemp>12</ns2:atemp>
      <ns2:hr>160</ns2:hr>
      <ns2:cad>92</ns2:cad>
     </ns2:TrackPointExtension>
    </extensions>
   </trkpt>
   <trkpt lat="39.9705830" lon="-105.3018130">
    <ele>2149.2</ele>
    <time>2024-04-17T12:21:49Z</time>
    <extensions>
     <ns2:TrackPointExtension>
      <ns2:atemp>12</ns2:atemp>
      <ns2:hr>161</ns2:hr>
      <ns2:cad>89</ns2:cad>
     </ns2:TrackPointExtension>
    </extensions>
   </trkpt>
   <trkpt lat="39.9706430" lon="-105.3017200">
    <ele>2149.6</ele>
    <time>2024-04-17T12:21:54Z</time>
    <extensions>
     <ns2:TrackPointExtension>
      <ns2:atemp>12</ns2:atemp>
      <ns2:hr>161</ns2:hr>
      <ns2:cad>89</ns2:cad>
     </ns2:TrackPointExtension>
    </extensions>
   </trkpt>
   <trkpt lat="39.9706470" lon="-105.3017080">
    <ele>2150.0</ele>
    <time>2024-04-17T12:21:55Z</time>
    <extensions>
     <ns2:TrackPointExtension>
      <ns2:atemp>12</ns2:atemp>
      <ns2:hr>161</ns2:hr>
      <ns2:cad>89</ns2:cad>
     </ns2:TrackPointExtension>
    </extensions>
   </trkpt>
   <trkpt lat="39.9706760" lon="-105.3016890">
    <ele>2150.4</ele>
    <time>2024-04-17T12:21:57Z</time>
    <extensions>
     <ns2:TrackPointExtension>
      <ns2:atemp>12</ns2:atemp>
      <ns2:hr>161</ns2:hr>
      <ns2:cad>89</ns2:cad>
     </ns2:TrackPointExtension>
    </extensions>
   </trkpt>
   <trkpt lat="39.9707080" lon="-105.3016550">
    <ele>2150.6</ele>
    <time>2024-04-17T12:22:00Z</time>
    <extensions>
     <ns2:TrackPointExtension>
      <ns2:atemp>12</ns2:atemp>
      <ns2:hr>161</ns2:hr>
      <ns2:cad>88</ns2:cad>
     </ns2:TrackPointExtension>
    </extensions>
   </trkpt>
   <trkpt lat="39.9707410" lon="-105.3015560">
    <ele>2151.0</ele>
    <time>2024-04-17T12:22:04Z</time>
    <extensions>
     <ns2:TrackPointExtension>
      <ns2:atemp>12</ns2:atemp>
      <ns2:hr>163</ns2:hr>
      <ns2:cad>89</ns2:cad>
     </ns2:TrackPointExtension>
    </extensions>
   </trkpt>
   <trkpt lat="39.9707940" lon="-105.3013870">
    <ele>2152.0</ele>
    <time>2024-04-17T12:22:11Z</time>
    <extensions>
     <ns2:TrackPointExtension>
      <ns2:atemp>12</ns2:atemp>
      <ns2:hr>165</ns2:hr>
      <ns2:cad>88</ns2:cad>
     </ns2:TrackPointExtension>
    </extensions>
   </trkpt>
   <trkpt lat="39.9708240" lon="-105.3011960">
    <ele>2152.6</ele>
    <time>2024-04-17T12:22:18Z</time>
    <extensions>
     <ns2:TrackPointExtension>
      <ns2:atemp>12</ns2:atemp>
      <ns2:hr>163</ns2:hr>
      <ns2:cad>89</ns2:cad>
     </ns2:TrackPointExtension>
    </extensions>
   </trkpt>
   <trkpt lat="39.9708470" lon="-105.3011070">
    <ele>2153.0</ele>
    <time>2024-04-17T12:22:22Z</time>
    <extensions>
     <ns2:TrackPointExtension>
      <ns2:atemp>12</ns2:atemp>
      <ns2:hr>163</ns2:hr>
      <ns2:cad>89</ns2:cad>
     </ns2:TrackPointExtension>
    </extensions>
   </trkpt>
   <trkpt lat="39.9708490" lon="-105.3010610">
    <ele>2153.0</ele>
    <time>2024-04-17T12:22:24Z</time>
    <extensions>
     <ns2:TrackPointExtension>
      <ns2:atemp>12</ns2:atemp>
      <ns2:hr>163</ns2:hr>
      <ns2:cad>87</ns2:cad>
     </ns2:TrackPointExtension>
    </extensions>
   </trkpt>
   <trkpt lat="39.9708230" lon="-105.3008800">
    <ele>2153.2</ele>
    <time>2024-04-17T12:22:30Z</time>
    <extensions>
     <ns2:TrackPointExtension>
      <ns2:atemp>12</ns2:atemp>
      <ns2:hr>162</ns2:hr>
      <ns2:cad>88</ns2:cad>
     </ns2:TrackPointExtension>
    </extensions>
   </trkpt>
   <trkpt lat="39.9708190" lon="-105.3007360">
    <ele>2154.0</ele>
    <time>2024-04-17T12:22:36Z</time>
    <extensions>
     <ns2:TrackPointExtension>
      <ns2:atemp>12</ns2:atemp>
      <ns2:hr>162</ns2:hr>
      <ns2:cad>88</ns2:cad>
     </ns2:TrackPointExtension>
    </extensions>
   </trkpt>
   <trkpt lat="39.9708180" lon="-105.3007210">
    <ele>2154.0</ele>
    <time>2024-04-17T12:22:37Z</time>
    <extensions>
     <ns2:TrackPointExtension>
      <ns2:atemp>12</ns2:atemp>
      <ns2:hr>162</ns2:hr>
      <ns2:cad>88</ns2:cad>
     </ns2:TrackPointExtension>
    </extensions>
   </trkpt>
   <trkpt lat="39.9707910" lon="-105.3005840">
    <ele>2154.4</ele>
    <time>2024-04-17T12:22:47Z</time>
    <extensions>
     <ns2:TrackPointExtension>
      <ns2:atemp>12</ns2:atemp>
      <ns2:hr>159</ns2:hr>
      <ns2:cad>59</ns2:cad>
     </ns2:TrackPointExtension>
    </extensions>
   </trkpt>
   <trkpt lat="39.9707980" lon="-105.3005810">
    <ele>2154.4</ele>
    <time>2024-04-17T12:22:48Z</time>
    <extensions>
     <ns2:TrackPointExtension>
      <ns2:atemp>12</ns2:atemp>
      <ns2:hr>159</ns2:hr>
      <ns2:cad>59</ns2:cad>
     </ns2:TrackPointExtension>
    </extensions>
   </trkpt>
   <trkpt lat="39.9708090" lon="-105.3005800">
    <ele>2155.0</ele>
    <time>2024-04-17T12:22:53Z</time>
    <extensions>
     <ns2:TrackPointExtension>
      <ns2:atemp>12</ns2:atemp>
      <ns2:hr>157</ns2:hr>
      <ns2:cad>44</ns2:cad>
     </ns2:TrackPointExtension>
    </extensions>
   </trkpt>
   <trkpt lat="39.9708110" lon="-105.3006000">
    <ele>2155.6</ele>
    <time>2024-04-17T12:22:55Z</time>
    <extensions>
     <ns2:TrackPointExtension>
      <ns2:atemp>12</ns2:atemp>
      <ns2:hr>155</ns2:hr>
      <ns2:cad>44</ns2:cad>
     </ns2:TrackPointExtension>
    </extensions>
   </trkpt>
   <trkpt lat="39.9708070" lon="-105.3006160">
    <ele>2156.2</ele>
    <time>2024-04-17T12:22:57Z</time>
    <extensions>
     <ns2:TrackPointExtension>
      <ns2:atemp>12</ns2:atemp>
      <ns2:hr>156</ns2:hr>
      <ns2:cad>44</ns2:cad>
     </ns2:TrackPointExtension>
    </extensions>
   </trkpt>
   <trkpt lat="39.9708040" lon="-105.3006270">
    <ele>2156.4</ele>
    <time>2024-04-17T12:22:58Z</time>
    <extensions>
     <ns2:TrackPointExtension>
      <ns2:atemp>12</ns2:atemp>
      <ns2:hr>156</ns2:hr>
      <ns2:cad>44</ns2:cad>
     </ns2:TrackPointExtension>
    </extensions>
   </trkpt>
   <trkpt lat="39.9708030" lon="-105.3006750">
    <ele>2157.0</ele>
    <time>2024-04-17T12:23:01Z</time>
    <extensions>
     <ns2:TrackPointExtension>
      <ns2:atemp>12</ns2:atemp>
      <ns2:hr>153</ns2:hr>
      <ns2:cad>45</ns2:cad>
     </ns2:TrackPointExtension>
    </extensions>
   </trkpt>
   <trkpt lat="39.9708060" lon="-105.3006940">
    <ele>2157.2</ele>
    <time>2024-04-17T12:23:02Z</time>
    <extensions>
     <ns2:TrackPointExtension>
      <ns2:atemp>12</ns2:atemp>
      <ns2:hr>152</ns2:hr>
      <ns2:cad>0</ns2:cad>
     </ns2:TrackPointExtension>
    </extensions>
   </trkpt>
   <trkpt lat="39.9708110" lon="-105.3007140">
    <ele>2157.4</ele>
    <time>2024-04-17T12:23:03Z</time>
    <extensions>
     <ns2:TrackPointExtension>
      <ns2:atemp>12</ns2:atemp>
      <ns2:hr>152</ns2:hr>
      <ns2:cad>0</ns2:cad>
     </ns2:TrackPointExtension>
    </extensions>
   </trkpt>
   <trkpt lat="39.9708100" lon="-105.3007380">
    <ele>2157.6</ele>
    <time>2024-04-17T12:23:04Z</time>
    <extensions>
     <ns2:TrackPointExtension>
      <ns2:atemp>12</ns2:atemp>
      <ns2:hr>152</ns2:hr>
      <ns2:cad>91</ns2:cad>
     </ns2:TrackPointExtension>
    </extensions>
   </trkpt>
   <trkpt lat="39.9708100" lon="-105.3008280">
    <ele>2158.2</ele>
    <time>2024-04-17T12:23:09Z</time>
    <extensions>
     <ns2:TrackPointExtension>
      <ns2:atemp>12</ns2:atemp>
      <ns2:hr>153</ns2:hr>
      <ns2:cad>93</ns2:cad>
     </ns2:TrackPointExtension>
    </extensions>
   </trkpt>
   <trkpt lat="39.9708110" lon="-105.3008450">
    <ele>2158.6</ele>
    <time>2024-04-17T12:23:10Z</time>
    <extensions>
     <ns2:TrackPointExtension>
      <ns2:atemp>12</ns2:atemp>
      <ns2:hr>154</ns2:hr>
      <ns2:cad>93</ns2:cad>
     </ns2:TrackPointExtension>
    </extensions>
   </trkpt>
   <trkpt lat="39.9708190" lon="-105.3009970">
    <ele>2159.4</ele>
    <time>2024-04-17T12:23:17Z</time>
    <extensions>
     <ns2:TrackPointExtension>
      <ns2:atemp>12</ns2:atemp>
      <ns2:hr>152</ns2:hr>
      <ns2:cad>90</ns2:cad>
     </ns2:TrackPointExtension>
    </extensions>
   </trkpt>
   <trkpt lat="39.9708160" lon="-105.3010460">
    <ele>2159.6</ele>
    <time>2024-04-17T12:23:19Z</time>
    <extensions>
     <ns2:TrackPointExtension>
      <ns2:atemp>12</ns2:atemp>
      <ns2:hr>153</ns2:hr>
      <ns2:cad>91</ns2:cad>
     </ns2:TrackPointExtension>
    </extensions>
   </trkpt>
   <trkpt lat="39.9708410" lon="-105.3011740">
    <ele>2159.8</ele>
    <time>2024-04-17T12:23:25Z</time>
    <extensions>
     <ns2:TrackPointExtension>
      <ns2:atemp>12</ns2:atemp>
      <ns2:hr>155</ns2:hr>
      <ns2:cad>89</ns2:cad>
     </ns2:TrackPointExtension>
    </extensions>
   </trkpt>
   <trkpt lat="39.9708290" lon="-105.3013230">
    <ele>2160.6</ele>
    <time>2024-04-17T12:23:29Z</time>
    <extensions>
     <ns2:TrackPointExtension>
      <ns2:atemp>12</ns2:atemp>
      <ns2:hr>158</ns2:hr>
      <ns2:cad>88</ns2:cad>
     </ns2:TrackPointExtension>
    </extensions>
   </trkpt>
   <trkpt lat="39.9708270" lon="-105.3013320">
    <ele>2162.0</ele>
    <time>2024-04-17T12:23:32Z</time>
    <extensions>
     <ns2:TrackPointExtension>
      <ns2:atemp>12</ns2:atemp>
      <ns2:hr>159</ns2:hr>
      <ns2:cad>77</ns2:cad>
     </ns2:TrackPointExtension>
    </extensions>
   </trkpt>
   <trkpt lat="39.9708220" lon="-105.3014580">
    <ele>2163.0</ele>
    <time>2024-04-17T12:23:38Z</time>
    <extensions>
     <ns2:TrackPointExtension>
      <ns2:atemp>12</ns2:atemp>
      <ns2:hr>158</ns2:hr>
      <ns2:cad>79</ns2:cad>
     </ns2:TrackPointExtension>
    </extensions>
   </trkpt>
   <trkpt lat="39.9708320" lon="-105.3015190">
    <ele>2163.2</ele>
    <time>2024-04-17T12:23:41Z</time>
    <extensions>
     <ns2:TrackPointExtension>
      <ns2:atemp>12</ns2:atemp>
      <ns2:hr>157</ns2:hr>
      <ns2:cad>89</ns2:cad>
     </ns2:TrackPointExtension>
    </extensions>
   </trkpt>
   <trkpt lat="39.9708380" lon="-105.3015340">
    <ele>2163.4</ele>
    <time>2024-04-17T12:23:43Z</time>
    <extensions>
     <ns2:TrackPointExtension>
      <ns2:atemp>12</ns2:atemp>
      <ns2:hr>157</ns2:hr>
      <ns2:cad>89</ns2:cad>
     </ns2:TrackPointExtension>
    </extensions>
   </trkpt>
   <trkpt lat="39.9708220" lon="-105.3015790">
    <ele>2163.4</ele>
    <time>2024-04-17T12:23:45Z</time>
    <extensions>
     <ns2:TrackPointExtension>
      <ns2:atemp>12</ns2:atemp>
      <ns2:hr>157</ns2:hr>
      <ns2:cad>88</ns2:cad>
     </ns2:TrackPointExtension>
    </extensions>
   </trkpt>
   <trkpt lat="39.9707730" lon="-105.3016090">
    <ele>2163.8</ele>
    <time>2024-04-17T12:23:48Z</time>
    <extensions>
     <ns2:TrackPointExtension>
      <ns2:atemp>12</ns2:atemp>
      <ns2:hr>156</ns2:hr>
      <ns2:cad>88</ns2:cad>
     </ns2:TrackPointExtension>
    </extensions>
   </trkpt>
   <trkpt lat="39.9707680" lon="-105.3016080">
    <ele>2164.2</ele>
    <time>2024-04-17T12:23:50Z</time>
    <extensions>
     <ns2:TrackPointExtension>
      <ns2:atemp>12</ns2:atemp>
      <ns2:hr>156</ns2:hr>
      <ns2:cad>89</ns2:cad>
     </ns2:TrackPointExtension>
    </extensions>
   </trkpt>
   <trkpt lat="39.9707630" lon="-105.3016290">
    <ele>2164.6</ele>
    <time>2024-04-17T12:23:51Z</time>
    <extensions>
     <ns2:TrackPointExtension>
      <ns2:atemp>12</ns2:atemp>
      <ns2:hr>155</ns2:hr>
      <ns2:cad>85</ns2:cad>
     </ns2:TrackPointExtension>
    </extensions>
   </trkpt>
   <trkpt lat="39.9707360" lon="-105.3017540">
    <ele>2165.2</ele>
    <time>2024-04-17T12:23:57Z</time>
    <extensions>
     <ns2:TrackPointExtension>
      <ns2:atemp>12</ns2:atemp>
      <ns2:hr>154</ns2:hr>
      <ns2:cad>90</ns2:cad>
     </ns2:TrackPointExtension>
    </extensions>
   </trkpt>
   <trkpt lat="39.9707220" lon="-105.3017690">
    <ele>2165.2</ele>
    <time>2024-04-17T12:23:58Z</time>
    <extensions>
     <ns2:TrackPointExtension>
      <ns2:atemp>12</ns2:atemp>
      <ns2:hr>154</ns2:hr>
      <ns2:cad>91</ns2:cad>
     </ns2:TrackPointExtension>
    </extensions>
   </trkpt>
   <trkpt lat="39.9707020" lon="-105.3018050">
    <ele>2165.2</ele>
    <time>2024-04-17T12:24:00Z</time>
    <extensions>
     <ns2:TrackPointExtension>
      <ns2:atemp>12</ns2:atemp>
      <ns2:hr>155</ns2:hr>
      <ns2:cad>91</ns2:cad>
     </ns2:TrackPointExtension>
    </extensions>
   </trkpt>
   <trkpt lat="39.9706680" lon="-105.3019250">
    <ele>2165.6</ele>
    <time>2024-04-17T12:24:05Z</time>
    <extensions>
     <ns2:TrackPointExtension>
      <ns2:atemp>13</ns2:atemp>
      <ns2:hr>156</ns2:hr>
      <ns2:cad>89</ns2:cad>
     </ns2:TrackPointExtension>
    </extensions>
   </trkpt>
   <trkpt lat="39.9706420" lon="-105.3020970">
    <ele>2166.4</ele>
    <time>2024-04-17T12:24:12Z</time>
    <extensions>
     <ns2:TrackPointExtension>
      <ns2:atemp>13</ns2:atemp>
      <ns2:hr>159</ns2:hr>
      <ns2:cad>90</ns2:cad>
     </ns2:TrackPointExtension>
    </extensions>
   </trkpt>
   <trkpt lat="39.9706330" lon="-105.3021240">
    <ele>2166.4</ele>
    <time>2024-04-17T12:24:13Z</time>
    <extensions>
     <ns2:TrackPointExtension>
      <ns2:atemp>13</ns2:atemp>
      <ns2:hr>159</ns2:hr>
      <ns2:cad>90</ns2:cad>
     </ns2:TrackPointExtension>
    </extensions>
   </trkpt>
   <trkpt lat="39.9706010" lon="-105.3022210">
    <ele>2166.8</ele>
    <time>2024-04-17T12:24:17Z</time>
    <extensions>
     <ns2:TrackPointExtension>
      <ns2:atemp>13</ns2:atemp>
      <ns2:hr>160</ns2:hr>
      <ns2:cad>90</ns2:cad>
     </ns2:TrackPointExtension>
    </extensions>
   </trkpt>
   <trkpt lat="39.9706270" lon="-105.3022870">
    <ele>2167.0</ele>
    <time>2024-04-17T12:24:19Z</time>
    <extensions>
     <ns2:TrackPointExtension>
      <ns2:atemp>13</ns2:atemp>
      <ns2:hr>160</ns2:hr>
      <ns2:cad>90</ns2:cad>
     </ns2:TrackPointExtension>
    </extensions>
   </trkpt>
   <trkpt lat="39.9706910" lon="-105.3024200">
    <ele>2167.6</ele>
    <time>2024-04-17T12:24:24Z</time>
    <extensions>
     <ns2:TrackPointExtension>
      <ns2:atemp>13</ns2:atemp>
      <ns2:hr>161</ns2:hr>
      <ns2:cad>91</ns2:cad>
     </ns2:TrackPointExtension>
    </extensions>
   </trkpt>
   <trkpt lat="39.9707160" lon="-105.3024750">
    <ele>2167.8</ele>
    <time>2024-04-17T12:24:26Z</time>
    <extensions>
     <ns2:TrackPointExtension>
      <ns2:atemp>12</ns2:atemp>
      <ns2:hr>161</ns2:hr>
      <ns2:cad>93</ns2:cad>
     </ns2:TrackPointExtension>
    </extensions>
   </trkpt>
   <trkpt lat="39.9707870" lon="-105.3025580">
    <ele>2168.8</ele>
    <time>2024-04-17T12:24:30Z</time>
    <extensions>
     <ns2:TrackPointExtension>
      <ns2:atemp>12</ns2:atemp>
      <ns2:hr>162</ns2:hr>
      <ns2:cad>93</ns2:cad>
     </ns2:TrackPointExtension>
    </extensions>
   </trkpt>
   <trkpt lat="39.9708630" lon="-105.3026260">
    <ele>2170.0</ele>
    <time>2024-04-17T12:24:35Z</time>
    <extensions>
     <ns2:TrackPointExtension>
      <ns2:atemp>12</ns2:atemp>
      <ns2:hr>162</ns2:hr>
      <ns2:cad>92</ns2:cad>
     </ns2:TrackPointExtension>
    </extensions>
   </trkpt>
   <trkpt lat="39.9709050" lon="-105.3027000">
    <ele>2171.0</ele>
    <time>2024-04-17T12:24:39Z</time>
    <extensions>
     <ns2:TrackPointExtension>
      <ns2:atemp>12</ns2:atemp>
      <ns2:hr>161</ns2:hr>
      <ns2:cad>90</ns2:cad>
     </ns2:TrackPointExtension>
    </extensions>
   </trkpt>
   <trkpt lat="39.9709310" lon="-105.3027410">
    <ele>2171.0</ele>
    <time>2024-04-17T12:24:41Z</time>
    <extensions>
     <ns2:TrackPointExtension>
      <ns2:atemp>12</ns2:atemp>
      <ns2:hr>160</ns2:hr>
      <ns2:cad>90</ns2:cad>
     </ns2:TrackPointExtension>
    </extensions>
   </trkpt>
   <trkpt lat="39.9709550" lon="-105.3027530">
    <ele>2171.2</ele>
    <time>2024-04-17T12:24:42Z</time>
    <extensions>
     <ns2:TrackPointExtension>
      <ns2:atemp>12</ns2:atemp>
      <ns2:hr>162</ns2:hr>
      <ns2:cad>90</ns2:cad>
     </ns2:TrackPointExtension>
    </extensions>
   </trkpt>
   <trkpt lat="39.9709860" lon="-105.3027470">
    <ele>2171.4</ele>
    <time>2024-04-17T12:24:44Z</time>
    <extensions>
     <ns2:TrackPointExtension>
      <ns2:atemp>12</ns2:atemp>
      <ns2:hr>162</ns2:hr>
      <ns2:cad>90</ns2:cad>
     </ns2:TrackPointExtension>
    </extensions>
   </trkpt>
   <trkpt lat="39.9709900" lon="-105.3027300">
    <ele>2172.0</ele>
    <time>2024-04-17T12:24:45Z</time>
    <extensions>
     <ns2:TrackPointExtension>
      <ns2:atemp>12</ns2:atemp>
      <ns2:hr>160</ns2:hr>
      <ns2:cad>90</ns2:cad>
     </ns2:TrackPointExtension>
    </extensions>
   </trkpt>
   <trkpt lat="39.9709930" lon="-105.3027110">
    <ele>2172.6</ele>
    <time>2024-04-17T12:24:46Z</time>
    <extensions>
     <ns2:TrackPointExtension>
      <ns2:atemp>12</ns2:atemp>
      <ns2:hr>161</ns2:hr>
      <ns2:cad>90</ns2:cad>
     </ns2:TrackPointExtension>
    </extensions>
   </trkpt>
   <trkpt lat="39.9709920" lon="-105.3026940">
    <ele>2173.2</ele>
    <time>2024-04-17T12:24:47Z</time>
    <extensions>
     <ns2:TrackPointExtension>
      <ns2:atemp>12</ns2:atemp>
      <ns2:hr>161</ns2:hr>
      <ns2:cad>90</ns2:cad>
     </ns2:TrackPointExtension>
    </extensions>
   </trkpt>
   <trkpt lat="39.9709830" lon="-105.3026520">
    <ele>2173.6</ele>
    <time>2024-04-17T12:24:49Z</time>
    <extensions>
     <ns2:TrackPointExtension>
      <ns2:atemp>12</ns2:atemp>
      <ns2:hr>159</ns2:hr>
      <ns2:cad>90</ns2:cad>
     </ns2:TrackPointExtension>
    </extensions>
   </trkpt>
   <trkpt lat="39.9709780" lon="-105.3026320">
    <ele>2173.6</ele>
    <time>2024-04-17T12:24:50Z</time>
    <extensions>
     <ns2:TrackPointExtension>
      <ns2:atemp>12</ns2:atemp>
      <ns2:hr>162</ns2:hr>
      <ns2:cad>90</ns2:cad>
     </ns2:TrackPointExtension>
    </extensions>
   </trkpt>
   <trkpt lat="39.9709720" lon="-105.3026100">
    <ele>2173.6</ele>
    <time>2024-04-17T12:24:51Z</time>
    <extensions>
     <ns2:TrackPointExtension>
      <ns2:atemp>12</ns2:atemp>
      <ns2:hr>161</ns2:hr>
      <ns2:cad>87</ns2:cad>
     </ns2:TrackPointExtension>
    </extensions>
   </trkpt>
   <trkpt lat="39.9709580" lon="-105.3025180">
    <ele>2174.0</ele>
    <time>2024-04-17T12:24:55Z</time>
    <extensions>
     <ns2:TrackPointExtension>
      <ns2:atemp>12</ns2:atemp>
      <ns2:hr>161</ns2:hr>
      <ns2:cad>87</ns2:cad>
     </ns2:TrackPointExtension>
    </extensions>
   </trkpt>
   <trkpt lat="39.9709540" lon="-105.3024980">
    <ele>2174.2</ele>
    <time>2024-04-17T12:24:56Z</time>
    <extensions>
     <ns2:TrackPointExtension>
      <ns2:atemp>12</ns2:atemp>
      <ns2:hr>161</ns2:hr>
      <ns2:cad>87</ns2:cad>
     </ns2:TrackPointExtension>
    </extensions>
   </trkpt>
   <trkpt lat="39.9709470" lon="-105.3024510">
    <ele>2174.8</ele>
    <time>2024-04-17T12:24:58Z</time>
    <extensions>
     <ns2:TrackPointExtension>
      <ns2:atemp>12</ns2:atemp>
      <ns2:hr>161</ns2:hr>
      <ns2:cad>88</ns2:cad>
     </ns2:TrackPointExtension>
    </extensions>
   </trkpt>
   <trkpt lat="39.9709180" lon="-105.3023510">
    <ele>2175.4</ele>
    <time>2024-04-17T12:25:03Z</time>
    <extensions>
     <ns2:TrackPointExtension>
      <ns2:atemp>12</ns2:atemp>
      <ns2:hr>160</ns2:hr>
      <ns2:cad>86</ns2:cad>
     </ns2:TrackPointExtension>
    </extensions>
   </trkpt>
   <trkpt lat="39.9709370" lon="-105.3023520">
    <ele>2176.0</ele>
    <time>2024-04-17T12:25:05Z</time>
    <extensions>
     <ns2:TrackPointExtension>
      <ns2:atemp>12</ns2:atemp>
      <ns2:hr>160</ns2:hr>
      <ns2:cad>86</ns2:cad>
     </ns2:TrackPointExtension>
    </extensions>
   </trkpt>
   <trkpt lat="39.9709620" lon="-105.3023810">
    <ele>2177.0</ele>
    <time>2024-04-17T12:25:07Z</time>
    <extensions>
     <ns2:TrackPointExtension>
      <ns2:atemp>12</ns2:atemp>
      <ns2:hr>160</ns2:hr>
      <ns2:cad>86</ns2:cad>
     </ns2:TrackPointExtension>
    </extensions>
   </trkpt>
   <trkpt lat="39.9709650" lon="-105.3024080">
    <ele>2177.2</ele>
    <time>2024-04-17T12:25:08Z</time>
    <extensions>
     <ns2:TrackPointExtension>
      <ns2:atemp>12</ns2:atemp>
      <ns2:hr>159</ns2:hr>
      <ns2:cad>86</ns2:cad>
     </ns2:TrackPointExtension>
    </extensions>
   </trkpt>
   <trkpt lat="39.9710150" lon="-105.3025010">
    <ele>2177.6</ele>
    <time>2024-04-17T12:25:12Z</time>
    <extensions>
     <ns2:TrackPointExtension>
      <ns2:atemp>12</ns2:atemp>
      <ns2:hr>159</ns2:hr>
      <ns2:cad>91</ns2:cad>
     </ns2:TrackPointExtension>
    </extensions>
   </trkpt>
   <trkpt lat="39.9710470" lon="-105.3025590">
    <ele>2178.2</ele>
    <time>2024-04-17T12:25:15Z</time>
    <extensions>
     <ns2:TrackPointExtension>
      <ns2:atemp>12</ns2:atemp>
      <ns2:hr>158</ns2:hr>
      <ns2:cad>91</ns2:cad>
     </ns2:TrackPointExtension>
    </extensions>
   </trkpt>
   <trkpt lat="39.9710780" lon="-105.3026350">
    <ele>2178.8</ele>
    <time>2024-04-17T12:25:18Z</time>
    <extensions>
     <ns2:TrackPointExtension>
      <ns2:atemp>12</ns2:atemp>
      <ns2:hr>158</ns2:hr>
      <ns2:cad>92</ns2:cad>
     </ns2:TrackPointExtension>
    </extensions>
   </trkpt>
   <trkpt lat="39.9711370" lon="-105.3027110">
    <ele>2179.2</ele>
    <time>2024-04-17T12:25:22Z</time>
    <extensions>
     <ns2:TrackPointExtension>
      <ns2:atemp>12</ns2:atemp>
      <ns2:hr>158</ns2:hr>
      <ns2:cad>92</ns2:cad>
     </ns2:TrackPointExtension>
    </extensions>
   </trkpt>
   <trkpt lat="39.9711710" lon="-105.3027710">
    <ele>2180.2</ele>
    <time>2024-04-17T12:25:25Z</time>
    <extensions>
     <ns2:TrackPointExtension>
      <ns2:atemp>12</ns2:atemp>
      <ns2:hr>157</ns2:hr>
      <ns2:cad>92</ns2:cad>
     </ns2:TrackPointExtension>
    </extensions>
   </trkpt>
   <trkpt lat="39.9711830" lon="-105.3027890">
    <ele>2180.2</ele>
    <time>2024-04-17T12:25:26Z</time>
    <extensions>
     <ns2:TrackPointExtension>
      <ns2:atemp>12</ns2:atemp>
      <ns2:hr>157</ns2:hr>
      <ns2:cad>92</ns2:cad>
     </ns2:TrackPointExtension>
    </extensions>
   </trkpt>
   <trkpt lat="39.9712540" lon="-105.3028870">
    <ele>2181.2</ele>
    <time>2024-04-17T12:25:32Z</time>
    <extensions>
     <ns2:TrackPointExtension>
      <ns2:atemp>12</ns2:atemp>
      <ns2:hr>158</ns2:hr>
      <ns2:cad>93</ns2:cad>
     </ns2:TrackPointExtension>
    </extensions>
   </trkpt>
   <trkpt lat="39.9712740" lon="-105.3029000">
    <ele>2181.4</ele>
    <time>2024-04-17T12:25:33Z</time>
    <extensions>
     <ns2:TrackPointExtension>
      <ns2:atemp>12</ns2:atemp>
      <ns2:hr>158</ns2:hr>
      <ns2:cad>93</ns2:cad>
     </ns2:TrackPointExtension>
    </extensions>
   </trkpt>
   <trkpt lat="39.9713480" lon="-105.3028910">
    <ele>2181.4</ele>
    <time>2024-04-17T12:25:36Z</time>
    <extensions>
     <ns2:TrackPointExtension>
      <ns2:atemp>12</ns2:atemp>
      <ns2:hr>159</ns2:hr>
      <ns2:cad>93</ns2:cad>
     </ns2:TrackPointExtension>
    </extensions>
   </trkpt>
   <trkpt lat="39.9715140" lon="-105.3029640">
    <ele>2181.4</ele>
    <time>2024-04-17T12:25:43Z</time>
    <extensions>
     <ns2:TrackPointExtension>
      <ns2:atemp>12</ns2:atemp>
      <ns2:hr>161</ns2:hr>
      <ns2:cad>89</ns2:cad>
     </ns2:TrackPointExtension>
    </extensions>
   </trkpt>
   <trkpt lat="39.9716570" lon="-105.3030410">
    <ele>2181.6</ele>
    <time>2024-04-17T12:25:50Z</time>
    <extensions>
     <ns2:TrackPointExtension>
      <ns2:atemp>12</ns2:atemp>
      <ns2:hr>162</ns2:hr>
      <ns2:cad>89</ns2:cad>
     </ns2:TrackPointExtension>
    </extensions>
   </trkpt>
   <trkpt lat="39.9716770" lon="-105.3031380">
    <ele>2182.4</ele>
    <time>2024-04-17T12:25:54Z</time>
    <extensions>
     <ns2:TrackPointExtension>
      <ns2:atemp>12</ns2:atemp>
      <ns2:hr>162</ns2:hr>
      <ns2:cad>93</ns2:cad>
     </ns2:TrackPointExtension>
    </extensions>
   </trkpt>
   <trkpt lat="39.9716780" lon="-105.3031570">
    <ele>2182.6</ele>
    <time>2024-04-17T12:25:55Z</time>
    <extensions>
     <ns2:TrackPointExtension>
      <ns2:atemp>12</ns2:atemp>
      <ns2:hr>162</ns2:hr>
      <ns2:cad>93</ns2:cad>
     </ns2:TrackPointExtension>
    </extensions>
   </trkpt>
   <trkpt lat="39.9716830" lon="-105.3031730">
    <ele>2183.0</ele>
    <time>2024-04-17T12:25:56Z</time>
    <extensions>
     <ns2:TrackPointExtension>
      <ns2:atemp>12</ns2:atemp>
      <ns2:hr>162</ns2:hr>
      <ns2:cad>93</ns2:cad>
     </ns2:TrackPointExtension>
    </extensions>
   </trkpt>
   <trkpt lat="39.9716990" lon="-105.3032050">
    <ele>2183.8</ele>
    <time>2024-04-17T12:25:58Z</time>
    <extensions>
     <ns2:TrackPointExtension>
      <ns2:atemp>12</ns2:atemp>
      <ns2:hr>162</ns2:hr>
      <ns2:cad>93</ns2:cad>
     </ns2:TrackPointExtension>
    </extensions>
   </trkpt>
   <trkpt lat="39.9717080" lon="-105.3032510">
    <ele>2184.4</ele>
    <time>2024-04-17T12:26:00Z</time>
    <extensions>
     <ns2:TrackPointExtension>
      <ns2:atemp>12</ns2:atemp>
      <ns2:hr>161</ns2:hr>
      <ns2:cad>87</ns2:cad>
     </ns2:TrackPointExtension>
    </extensions>
   </trkpt>
   <trkpt lat="39.9716990" lon="-105.3034280">
    <ele>2184.6</ele>
    <time>2024-04-17T12:26:06Z</time>
    <extensions>
     <ns2:TrackPointExtension>
      <ns2:atemp>12</ns2:atemp>
      <ns2:hr>160</ns2:hr>
      <ns2:cad>88</ns2:cad>
     </ns2:TrackPointExtension>
    </extensions>
   </trkpt>
   <trkpt lat="39.9717110" lon="-105.3036570">
    <ele>2184.4</ele>
    <time>2024-04-17T12:26:14Z</time>
    <extensions>
     <ns2:TrackPointExtension>
      <ns2:atemp>12</ns2:atemp>
      <ns2:hr>159</ns2:hr>
      <ns2:cad>90</ns2:cad>
     </ns2:TrackPointExtension>
    </extensions>
   </trkpt>
   <trkpt lat="39.9717440" lon="-105.3036980">
    <ele>2185.0</ele>
    <time>2024-04-17T12:26:16Z</time>
    <extensions>
     <ns2:TrackPointExtension>
      <ns2:atemp>12</ns2:atemp>
      <ns2:hr>158</ns2:hr>
      <ns2:cad>90</ns2:cad>
     </ns2:TrackPointExtension>
    </extensions>
   </trkpt>
   <trkpt lat="39.9718840" lon="-105.3038630">
    <ele>2185.6</ele>
    <time>2024-04-17T12:26:24Z</time>
    <extensions>
     <ns2:TrackPointExtension>
      <ns2:atemp>12</ns2:atemp>
      <ns2:hr>159</ns2:hr>
      <ns2:cad>89</ns2:cad>
     </ns2:TrackPointExtension>
    </extensions>
   </trkpt>
   <trkpt lat="39.9719750" lon="-105.3038900">
    <ele>2186.0</ele>
    <time>2024-04-17T12:26:28Z</time>
    <extensions>
     <ns2:TrackPointExtension>
      <ns2:atemp>12</ns2:atemp>
      <ns2:hr>159</ns2:hr>
      <ns2:cad>89</ns2:cad>
     </ns2:TrackPointExtension>
    </extensions>
   </trkpt>
   <trkpt lat="39.9719930" lon="-105.3038860">
    <ele>2186.6</ele>
    <time>2024-04-17T12:26:29Z</time>
    <extensions>
     <ns2:TrackPointExtension>
      <ns2:atemp>12</ns2:atemp>
      <ns2:hr>162</ns2:hr>
      <ns2:cad>90</ns2:cad>
     </ns2:TrackPointExtension>
    </extensions>
   </trkpt>
   <trkpt lat="39.9720120" lon="-105.3038780">
    <ele>2187.2</ele>
    <time>2024-04-17T12:26:30Z</time>
    <extensions>
     <ns2:TrackPointExtension>
      <ns2:atemp>12</ns2:atemp>
      <ns2:hr>160</ns2:hr>
      <ns2:cad>90</ns2:cad>
     </ns2:TrackPointExtension>
    </extensions>
   </trkpt>
   <trkpt lat="39.9721070" lon="-105.3038540">
    <ele>2188.2</ele>
    <time>2024-04-17T12:26:35Z</time>
    <extensions>
     <ns2:TrackPointExtension>
      <ns2:atemp>12</ns2:atemp>
      <ns2:hr>160</ns2:hr>
      <ns2:cad>90</ns2:cad>
     </ns2:TrackPointExtension>
    </extensions>
   </trkpt>
   <trkpt lat="39.9721220" lon="-105.3038620">
    <ele>2188.4</ele>
    <time>2024-04-17T12:26:36Z</time>
    <extensions>
     <ns2:TrackPointExtension>
      <ns2:atemp>12</ns2:atemp>
      <ns2:hr>160</ns2:hr>
      <ns2:cad>91</ns2:cad>
     </ns2:TrackPointExtension>
    </extensions>
   </trkpt>
   <trkpt lat="39.9721420" lon="-105.3038930">
    <ele>2188.8</ele>
    <time>2024-04-17T12:26:38Z</time>
    <extensions>
     <ns2:TrackPointExtension>
      <ns2:atemp>12</ns2:atemp>
      <ns2:hr>160</ns2:hr>
      <ns2:cad>91</ns2:cad>
     </ns2:TrackPointExtension>
    </extensions>
   </trkpt>
   <trkpt lat="39.9721510" lon="-105.3039410">
    <ele>2189.2</ele>
    <time>2024-04-17T12:26:40Z</time>
    <extensions>
     <ns2:TrackPointExtension>
      <ns2:atemp>11</ns2:atemp>
      <ns2:hr>160</ns2:hr>
      <ns2:cad>92</ns2:cad>
     </ns2:TrackPointExtension>
    </extensions>
   </trkpt>
   <trkpt lat="39.9721580" lon="-105.3039680">
    <ele>2189.4</ele>
    <time>2024-04-17T12:26:41Z</time>
    <extensions>
     <ns2:TrackPointExtension>
      <ns2:atemp>12</ns2:atemp>
      <ns2:hr>160</ns2:hr>
      <ns2:cad>93</ns2:cad>
     </ns2:TrackPointExtension>
    </extensions>
   </trkpt>
   <trkpt lat="39.9721660" lon="-105.3041140">
    <ele>2190.4</ele>
    <time>2024-04-17T12:26:47Z</time>
    <extensions>
     <ns2:TrackPointExtension>
      <ns2:atemp>11</ns2:atemp>
      <ns2:hr>161</ns2:hr>
      <ns2:cad>91</ns2:cad>
     </ns2:TrackPointExtension>
    </extensions>
   </trkpt>
   <trkpt lat="39.9721670" lon="-105.3041420">
    <ele>2190.8</ele>
    <time>2024-04-17T12:26:48Z</time>
    <extensions>
     <ns2:TrackPointExtension>
      <ns2:atemp>11</ns2:atemp>
      <ns2:hr>158</ns2:hr>
      <ns2:cad>92</ns2:cad>
     </ns2:TrackPointExtension>
    </extensions>
   </trkpt>
   <trkpt lat="39.9721630" lon="-105.3041690">
    <ele>2191.0</ele>
    <time>2024-04-17T12:26:49Z</time>
    <extensions>
     <ns2:TrackPointExtension>
      <ns2:atemp>11</ns2:atemp>
      <ns2:hr>161</ns2:hr>
      <ns2:cad>92</ns2:cad>
     </ns2:TrackPointExtension>
    </extensions>
   </trkpt>
   <trkpt lat="39.9721690" lon="-105.3042410">
    <ele>2191.6</ele>
    <time>2024-04-17T12:26:52Z</time>
    <extensions>
     <ns2:TrackPointExtension>
      <ns2:atemp>11</ns2:atemp>
      <ns2:hr>161</ns2:hr>
      <ns2:cad>93</ns2:cad>
     </ns2:TrackPointExtension>
    </extensions>
   </trkpt>
   <trkpt lat="39.9721680" lon="-105.3043100">
    <ele>2192.0</ele>
    <time>2024-04-17T12:26:55Z</time>
    <extensions>
     <ns2:TrackPointExtension>
      <ns2:atemp>11</ns2:atemp>
      <ns2:hr>161</ns2:hr>
      <ns2:cad>91</ns2:cad>
     </ns2:TrackPointExtension>
    </extensions>
   </trkpt>
   <trkpt lat="39.9721250" lon="-105.3044640">
    <ele>2192.0</ele>
    <time>2024-04-17T12:27:02Z</time>
    <extensions>
     <ns2:TrackPointExtension>
      <ns2:atemp>11</ns2:atemp>
      <ns2:hr>163</ns2:hr>
      <ns2:cad>88</ns2:cad>
     </ns2:TrackPointExtension>
    </extensions>
   </trkpt>
   <trkpt lat="39.9721460" lon="-105.3045010">
    <ele>2191.6</ele>
    <time>2024-04-17T12:27:04Z</time>
    <extensions>
     <ns2:TrackPointExtension>
      <ns2:atemp>11</ns2:atemp>
      <ns2:hr>162</ns2:hr>
      <ns2:cad>90</ns2:cad>
     </ns2:TrackPointExtension>
    </extensions>
   </trkpt>
   <trkpt lat="39.9721950" lon="-105.3045140">
    <ele>2191.2</ele>
    <time>2024-04-17T12:27:06Z</time>
    <extensions>
     <ns2:TrackPointExtension>
      <ns2:atemp>11</ns2:atemp>
      <ns2:hr>162</ns2:hr>
      <ns2:cad>90</ns2:cad>
     </ns2:TrackPointExtension>
    </extensions>
   </trkpt>
   <trkpt lat="39.9723070" lon="-105.3045490">
    <ele>2190.4</ele>
    <time>2024-04-17T12:27:10Z</time>
    <extensions>
     <ns2:TrackPointExtension>
      <ns2:atemp>11</ns2:atemp>
      <ns2:hr>161</ns2:hr>
      <ns2:cad>90</ns2:cad>
     </ns2:TrackPointExtension>
    </extensions>
   </trkpt>
   <trkpt lat="39.9724120" lon="-105.3045940">
    <ele>2189.8</ele>
    <time>2024-04-17T12:27:14Z</time>
    <extensions>
     <ns2:TrackPointExtension>
      <ns2:atemp>11</ns2:atemp>
      <ns2:hr>161</ns2:hr>
      <ns2:cad>90</ns2:cad>
     </ns2:TrackPointExtension>
    </extensions>
   </trkpt>
   <trkpt lat="39.9724630" lon="-105.3046180">
    <ele>2189.4</ele>
    <time>2024-04-17T12:27:16Z</time>
    <extensions>
     <ns2:TrackPointExtension>
      <ns2:atemp>11</ns2:atemp>
      <ns2:hr>161</ns2:hr>
      <ns2:cad>90</ns2:cad>
     </ns2:TrackPointExtension>
    </extensions>
   </trkpt>
   <trkpt lat="39.9725280" lon="-105.3046430">
    <ele>2188.4</ele>
    <time>2024-04-17T12:27:19Z</time>
    <extensions>
     <ns2:TrackPointExtension>
      <ns2:atemp>11</ns2:atemp>
      <ns2:hr>160</ns2:hr>
      <ns2:cad>90</ns2:cad>
     </ns2:TrackPointExtension>
    </extensions>
   </trkpt>
   <trkpt lat="39.9725770" lon="-105.3046350">
    <ele>2187.8</ele>
    <time>2024-04-17T12:27:21Z</time>
    <extensions>
     <ns2:TrackPointExtension>
      <ns2:atemp>11</ns2:atemp>
      <ns2:hr>160</ns2:hr>
      <ns2:cad>90</ns2:cad>
     </ns2:TrackPointExtension>
    </extensions>
   </trkpt>
   <trkpt lat="39.9727460" lon="-105.3045670">
    <ele>2187.6</ele>
    <time>2024-04-17T12:27:28Z</time>
    <extensions>
     <ns2:TrackPointExtension>
      <ns2:atemp>11</ns2:atemp>
      <ns2:hr>159</ns2:hr>
      <ns2:cad>92</ns2:cad>
     </ns2:TrackPointExtension>
    </extensions>
   </trkpt>
   <trkpt lat="39.9729130" lon="-105.3045630">
    <ele>2187.2</ele>
    <time>2024-04-17T12:27:35Z</time>
    <extensions>
     <ns2:TrackPointExtension>
      <ns2:atemp>11</ns2:atemp>
      <ns2:hr>156</ns2:hr>
      <ns2:cad>88</ns2:cad>
     </ns2:TrackPointExtension>
    </extensions>
   </trkpt>
   <trkpt lat="39.9730290" lon="-105.3045600">
    <ele>2187.2</ele>
    <time>2024-04-17T12:27:40Z</time>
    <extensions>
     <ns2:TrackPointExtension>
      <ns2:atemp>11</ns2:atemp>
      <ns2:hr>156</ns2:hr>
      <ns2:cad>90</ns2:cad>
     </ns2:TrackPointExtension>
    </extensions>
   </trkpt>
   <trkpt lat="39.9730480" lon="-105.3045610">
    <ele>2187.4</ele>
    <time>2024-04-17T12:27:41Z</time>
    <extensions>
     <ns2:TrackPointExtension>
      <ns2:atemp>11</ns2:atemp>
      <ns2:hr>154</ns2:hr>
      <ns2:cad>90</ns2:cad>
     </ns2:TrackPointExtension>
    </extensions>
   </trkpt>
   <trkpt lat="39.9731540" lon="-105.3045860">
    <ele>2187.8</ele>
    <time>2024-04-17T12:27:46Z</time>
    <extensions>
     <ns2:TrackPointExtension>
      <ns2:atemp>11</ns2:atemp>
      <ns2:hr>153</ns2:hr>
      <ns2:cad>92</ns2:cad>
     </ns2:TrackPointExtension>
    </extensions>
   </trkpt>
   <trkpt lat="39.9732760" lon="-105.3045450">
    <ele>2187.4</ele>
    <time>2024-04-17T12:27:51Z</time>
    <extensions>
     <ns2:TrackPointExtension>
      <ns2:atemp>11</ns2:atemp>
      <ns2:hr>155</ns2:hr>
      <ns2:cad>91</ns2:cad>
     </ns2:TrackPointExtension>
    </extensions>
   </trkpt>
   <trkpt lat="39.9733570" lon="-105.3045360">
    <ele>2186.2</ele>
    <time>2024-04-17T12:27:56Z</time>
    <extensions>
     <ns2:TrackPointExtension>
      <ns2:atemp>11</ns2:atemp>
      <ns2:hr>156</ns2:hr>
      <ns2:cad>87</ns2:cad>
     </ns2:TrackPointExtension>
    </extensions>
   </trkpt>
   <trkpt lat="39.9733770" lon="-105.3045300">
    <ele>2186.2</ele>
    <time>2024-04-17T12:27:57Z</time>
    <extensions>
     <ns2:TrackPointExtension>
      <ns2:atemp>11</ns2:atemp>
      <ns2:hr>156</ns2:hr>
      <ns2:cad>87</ns2:cad>
     </ns2:TrackPointExtension>
    </extensions>
   </trkpt>
   <trkpt lat="39.9734560" lon="-105.3045160">
    <ele>2187.4</ele>
    <time>2024-04-17T12:28:02Z</time>
    <extensions>
     <ns2:TrackPointExtension>
      <ns2:atemp>11</ns2:atemp>
      <ns2:hr>157</ns2:hr>
      <ns2:cad>90</ns2:cad>
     </ns2:TrackPointExtension>
    </extensions>
   </trkpt>
   <trkpt lat="39.9734790" lon="-105.3045160">
    <ele>2188.4</ele>
    <time>2024-04-17T12:28:04Z</time>
    <extensions>
     <ns2:TrackPointExtension>
      <ns2:atemp>11</ns2:atemp>
      <ns2:hr>159</ns2:hr>
      <ns2:cad>90</ns2:cad>
     </ns2:TrackPointExtension>
    </extensions>
   </trkpt>
   <trkpt lat="39.9734930" lon="-105.3045160">
    <ele>2188.6</ele>
    <time>2024-04-17T12:28:05Z</time>
    <extensions>
     <ns2:TrackPointExtension>
      <ns2:atemp>11</ns2:atemp>
      <ns2:hr>158</ns2:hr>
      <ns2:cad>90</ns2:cad>
     </ns2:TrackPointExtension>
    </extensions>
   </trkpt>
   <trkpt lat="39.9735190" lon="-105.3045220">
    <ele>2189.4</ele>
    <time>2024-04-17T12:28:07Z</time>
    <extensions>
     <ns2:TrackPointExtension>
      <ns2:atemp>11</ns2:atemp>
      <ns2:hr>158</ns2:hr>
      <ns2:cad>90</ns2:cad>
     </ns2:TrackPointExtension>
    </extensions>
   </trkpt>
   <trkpt lat="39.9735320" lon="-105.3045310">
    <ele>2189.6</ele>
    <time>2024-04-17T12:28:08Z</time>
    <extensions>
     <ns2:TrackPointExtension>
      <ns2:atemp>11</ns2:atemp>
      <ns2:hr>156</ns2:hr>
      <ns2:cad>90</ns2:cad>
     </ns2:TrackPointExtension>
    </extensions>
   </trkpt>
   <trkpt lat="39.9735670" lon="-105.3045550">
    <ele>2190.2</ele>
    <time>2024-04-17T12:28:10Z</time>
    <extensions>
     <ns2:TrackPointExtension>
      <ns2:atemp>11</ns2:atemp>
      <ns2:hr>156</ns2:hr>
      <ns2:cad>88</ns2:cad>
     </ns2:TrackPointExtension>
    </extensions>
   </trkpt>
   <trkpt lat="39.9735970" lon="-105.3045880">
    <ele>2190.6</ele>
    <time>2024-04-17T12:28:12Z</time>
    <extensions>
     <ns2:TrackPointExtension>
      <ns2:atemp>11</ns2:atemp>
      <ns2:hr>156</ns2:hr>
      <ns2:cad>88</ns2:cad>
     </ns2:TrackPointExtension>
    </extensions>
   </trkpt>
   <trkpt lat="39.9736500" lon="-105.3046410">
    <ele>2191.2</ele>
    <time>2024-04-17T12:28:16Z</time>
    <extensions>
     <ns2:TrackPointExtension>
      <ns2:atemp>11</ns2:atemp>
      <ns2:hr>157</ns2:hr>
      <ns2:cad>43</ns2:cad>
     </ns2:TrackPointExtension>
    </extensions>
   </trkpt>
   <trkpt lat="39.9736560" lon="-105.3046470">
    <ele>2191.2</ele>
    <time>2024-04-17T12:28:17Z</time>
    <extensions>
     <ns2:TrackPointExtension>
      <ns2:atemp>11</ns2:atemp>
      <ns2:hr>159</ns2:hr>
      <ns2:cad>43</ns2:cad>
     </ns2:TrackPointExtension>
    </extensions>
   </trkpt>
   <trkpt lat="39.9736610" lon="-105.3046570">
    <ele>2191.0</ele>
    <time>2024-04-17T12:28:18Z</time>
    <extensions>
     <ns2:TrackPointExtension>
      <ns2:atemp>11</ns2:atemp>
      <ns2:hr>157</ns2:hr>
      <ns2:cad>42</ns2:cad>
     </ns2:TrackPointExtension>
    </extensions>
   </trkpt>
   <trkpt lat="39.9736790" lon="-105.3047560">
    <ele>2190.0</ele>
    <time>2024-04-17T12:28:22Z</time>
    <extensions>
     <ns2:TrackPointExtension>
      <ns2:atemp>11</ns2:atemp>
      <ns2:hr>157</ns2:hr>
      <ns2:cad>42</ns2:cad>
     </ns2:TrackPointExtension>
    </extensions>
   </trkpt>
   <trkpt lat="39.9736680" lon="-105.3047720">
    <ele>2190.0</ele>
    <time>2024-04-17T12:28:23Z</time>
    <extensions>
     <ns2:TrackPointExtension>
      <ns2:atemp>11</ns2:atemp>
      <ns2:hr>157</ns2:hr>
      <ns2:cad>42</ns2:cad>
     </ns2:TrackPointExtension>
    </extensions>
   </trkpt>
   <trkpt lat="39.9736130" lon="-105.3047580">
    <ele>2189.8</ele>
    <time>2024-04-17T12:28:26Z</time>
    <extensions>
     <ns2:TrackPointExtension>
      <ns2:atemp>11</ns2:atemp>
      <ns2:hr>159</ns2:hr>
      <ns2:cad>91</ns2:cad>
     </ns2:TrackPointExtension>
    </extensions>
   </trkpt>
   <trkpt lat="39.9735090" lon="-105.3048040">
    <ele>2190.4</ele>
    <time>2024-04-17T12:28:31Z</time>
    <extensions>
     <ns2:TrackPointExtension>
      <ns2:atemp>11</ns2:atemp>
      <ns2:hr>160</ns2:hr>
      <ns2:cad>94</ns2:cad>
     </ns2:TrackPointExtension>
    </extensions>
   </trkpt>
   <trkpt lat="39.9734710" lon="-105.3048420">
    <ele>2191.0</ele>
    <time>2024-04-17T12:28:33Z</time>
    <extensions>
     <ns2:TrackPointExtension>
      <ns2:atemp>11</ns2:atemp>
      <ns2:hr>161</ns2:hr>
      <ns2:cad>94</ns2:cad>
     </ns2:TrackPointExtension>
    </extensions>
   </trkpt>
   <trkpt lat="39.9734280" lon="-105.3049230">
    <ele>2191.8</ele>
    <time>2024-04-17T12:28:37Z</time>
    <extensions>
     <ns2:TrackPointExtension>
      <ns2:atemp>11</ns2:atemp>
      <ns2:hr>161</ns2:hr>
      <ns2:cad>88</ns2:cad>
     </ns2:TrackPointExtension>
    </extensions>
   </trkpt>
   <trkpt lat="39.9734260" lon="-105.3049370">
    <ele>2192.0</ele>
    <time>2024-04-17T12:28:38Z</time>
    <extensions>
     <ns2:TrackPointExtension>
      <ns2:atemp>11</ns2:atemp>
      <ns2:hr>162</ns2:hr>
      <ns2:cad>88</ns2:cad>
     </ns2:TrackPointExtension>
    </extensions>
   </trkpt>
   <trkpt lat="39.9733760" lon="-105.3049820">
    <ele>2193.0</ele>
    <time>2024-04-17T12:28:42Z</time>
    <extensions>
     <ns2:TrackPointExtension>
      <ns2:atemp>11</ns2:atemp>
      <ns2:hr>163</ns2:hr>
      <ns2:cad>92</ns2:cad>
     </ns2:TrackPointExtension>
    </extensions>
   </trkpt>
   <trkpt lat="39.9733280" lon="-105.3050220">
    <ele>2193.4</ele>
    <time>2024-04-17T12:28:45Z</time>
    <extensions>
     <ns2:TrackPointExtension>
      <ns2:atemp>11</ns2:atemp>
      <ns2:hr>164</ns2:hr>
      <ns2:cad>92</ns2:cad>
     </ns2:TrackPointExtension>
    </extensions>
   </trkpt>
   <trkpt lat="39.9732600" lon="-105.3051560">
    <ele>2193.4</ele>
    <time>2024-04-17T12:28:51Z</time>
    <extensions>
     <ns2:TrackPointExtension>
      <ns2:atemp>11</ns2:atemp>
      <ns2:hr>168</ns2:hr>
      <ns2:cad>89</ns2:cad>
     </ns2:TrackPointExtension>
    </extensions>
   </trkpt>
   <trkpt lat="39.9732450" lon="-105.3051990">
    <ele>2193.4</ele>
    <time>2024-04-17T12:28:53Z</time>
    <extensions>
     <ns2:TrackPointExtension>
      <ns2:atemp>11</ns2:atemp>
      <ns2:hr>165</ns2:hr>
      <ns2:cad>89</ns2:cad>
     </ns2:TrackPointExtension>
    </extensions>
   </trkpt>
   <trkpt lat="39.9732400" lon="-105.3052160">
    <ele>2193.2</ele>
    <time>2024-04-17T12:28:54Z</time>
    <extensions>
     <ns2:TrackPointExtension>
      <ns2:atemp>11</ns2:atemp>
      <ns2:hr>165</ns2:hr>
      <ns2:cad>87</ns2:cad>
     </ns2:TrackPointExtension>
    </extensions>
   </trkpt>
   <trkpt lat="39.9732180" lon="-105.3052470">
    <ele>2192.6</ele>
    <time>2024-04-17T12:28:56Z</time>
    <extensions>
     <ns2:TrackPointExtension>
      <ns2:atemp>11</ns2:atemp>
      <ns2:hr>164</ns2:hr>
      <ns2:cad>82</ns2:cad>
     </ns2:TrackPointExtension>
    </extensions>
   </trkpt>
   <trkpt lat="39.9732150" lon="-105.3052740">
    <ele>2192.4</ele>
    <time>2024-04-17T12:28:57Z</time>
    <extensions>
     <ns2:TrackPointExtension>
      <ns2:atemp>11</ns2:atemp>
      <ns2:hr>164</ns2:hr>
      <ns2:cad>82</ns2:cad>
     </ns2:TrackPointExtension>
    </extensions>
   </trkpt>
   <trkpt lat="39.9732300" lon="-105.3053310">
    <ele>2191.6</ele>
    <time>2024-04-17T12:28:59Z</time>
    <extensions>
     <ns2:TrackPointExtension>
      <ns2:atemp>11</ns2:atemp>
      <ns2:hr>163</ns2:hr>
      <ns2:cad>86</ns2:cad>
     </ns2:TrackPointExtension>
    </extensions>
   </trkpt>
   <trkpt lat="39.9732390" lon="-105.3053560">
    <ele>2191.2</ele>
    <time>2024-04-17T12:29:00Z</time>
    <extensions>
     <ns2:TrackPointExtension>
      <ns2:atemp>11</ns2:atemp>
      <ns2:hr>162</ns2:hr>
      <ns2:cad>86</ns2:cad>
     </ns2:TrackPointExtension>
    </extensions>
   </trkpt>
   <trkpt lat="39.9732670" lon="-105.3054090">
    <ele>2190.6</ele>
    <time>2024-04-17T12:29:02Z</time>
    <extensions>
     <ns2:TrackPointExtension>
      <ns2:atemp>11</ns2:atemp>
      <ns2:hr>160</ns2:hr>
      <ns2:cad>86</ns2:cad>
     </ns2:TrackPointExtension>
    </extensions>
   </trkpt>
   <trkpt lat="39.9733370" lon="-105.3054950">
    <ele>2190.2</ele>
    <time>2024-04-17T12:29:06Z</time>
    <extensions>
     <ns2:TrackPointExtension>
      <ns2:atemp>11</ns2:atemp>
      <ns2:hr>158</ns2:hr>
      <ns2:cad>89</ns2:cad>
     </ns2:TrackPointExtension>
    </extensions>
   </trkpt>
   <trkpt lat="39.9734130" lon="-105.3055870">
    <ele>2191.2</ele>
    <time>2024-04-17T12:29:12Z</time>
    <extensions>
     <ns2:TrackPointExtension>
      <ns2:atemp>11</ns2:atemp>
      <ns2:hr>156</ns2:hr>
      <ns2:cad>91</ns2:cad>
     </ns2:TrackPointExtension>
    </extensions>
   </trkpt>
   <trkpt lat="39.9734220" lon="-105.3056000">
    <ele>2191.6</ele>
    <time>2024-04-17T12:29:13Z</time>
    <extensions>
     <ns2:TrackPointExtension>
      <ns2:atemp>11</ns2:atemp>
      <ns2:hr>156</ns2:hr>
      <ns2:cad>91</ns2:cad>
     </ns2:TrackPointExtension>
    </extensions>
   </trkpt>
   <trkpt lat="39.9734320" lon="-105.3056170">
    <ele>2192.0</ele>
    <time>2024-04-17T12:29:14Z</time>
    <extensions>
     <ns2:TrackPointExtension>
      <ns2:atemp>11</ns2:atemp>
      <ns2:hr>156</ns2:hr>
      <ns2:cad>91</ns2:cad>
     </ns2:TrackPointExtension>
    </extensions>
   </trkpt>
   <trkpt lat="39.9734500" lon="-105.3056550">
    <ele>2192.8</ele>
    <time>2024-04-17T12:29:16Z</time>
    <extensions>
     <ns2:TrackPointExtension>
      <ns2:atemp>11</ns2:atemp>
      <ns2:hr>155</ns2:hr>
      <ns2:cad>89</ns2:cad>
     </ns2:TrackPointExtension>
    </extensions>
   </trkpt>
   <trkpt lat="39.9734730" lon="-105.3056900">
    <ele>2193.0</ele>
    <time>2024-04-17T12:29:18Z</time>
    <extensions>
     <ns2:TrackPointExtension>
      <ns2:atemp>11</ns2:atemp>
      <ns2:hr>155</ns2:hr>
      <ns2:cad>88</ns2:cad>
     </ns2:TrackPointExtension>
    </extensions>
   </trkpt>
   <trkpt lat="39.9735070" lon="-105.3057710">
    <ele>2193.8</ele>
    <time>2024-04-17T12:29:22Z</time>
    <extensions>
     <ns2:TrackPointExtension>
      <ns2:atemp>11</ns2:atemp>
      <ns2:hr>155</ns2:hr>
      <ns2:cad>91</ns2:cad>
     </ns2:TrackPointExtension>
    </extensions>
   </trkpt>
   <trkpt lat="39.9735100" lon="-105.3057910">
    <ele>2194.2</ele>
    <time>2024-04-17T12:29:23Z</time>
    <extensions>
     <ns2:TrackPointExtension>
      <ns2:atemp>11</ns2:atemp>
      <ns2:hr>158</ns2:hr>
      <ns2:cad>91</ns2:cad>
     </ns2:TrackPointExtension>
    </extensions>
   </trkpt>
   <trkpt lat="39.9735140" lon="-105.3058110">
    <ele>2194.2</ele>
    <time>2024-04-17T12:29:24Z</time>
    <extensions>
     <ns2:TrackPointExtension>
      <ns2:atemp>11</ns2:atemp>
      <ns2:hr>156</ns2:hr>
      <ns2:cad>91</ns2:cad>
     </ns2:TrackPointExtension>
    </extensions>
   </trkpt>
   <trkpt lat="39.9735220" lon="-105.3058560">
    <ele>2194.8</ele>
    <time>2024-04-17T12:29:26Z</time>
    <extensions>
     <ns2:TrackPointExtension>
      <ns2:atemp>11</ns2:atemp>
      <ns2:hr>153</ns2:hr>
      <ns2:cad>91</ns2:cad>
     </ns2:TrackPointExtension>
    </extensions>
   </trkpt>
   <trkpt lat="39.9735260" lon="-105.3058790">
    <ele>2195.0</ele>
    <time>2024-04-17T12:29:27Z</time>
    <extensions>
     <ns2:TrackPointExtension>
      <ns2:atemp>11</ns2:atemp>
      <ns2:hr>156</ns2:hr>
      <ns2:cad>91</ns2:cad>
     </ns2:TrackPointExtension>
    </extensions>
   </trkpt>
   <trkpt lat="39.9735520" lon="-105.3059620">
    <ele>2196.2</ele>
    <time>2024-04-17T12:29:31Z</time>
    <extensions>
     <ns2:TrackPointExtension>
      <ns2:atemp>11</ns2:atemp>
      <ns2:hr>158</ns2:hr>
      <ns2:cad>91</ns2:cad>
     </ns2:TrackPointExtension>
    </extensions>
   </trkpt>
   <trkpt lat="39.9735650" lon="-105.3060250">
    <ele>2197.0</ele>
    <time>2024-04-17T12:29:34Z</time>
    <extensions>
     <ns2:TrackPointExtension>
      <ns2:atemp>11</ns2:atemp>
      <ns2:hr>159</ns2:hr>
      <ns2:cad>91</ns2:cad>
     </ns2:TrackPointExtension>
    </extensions>
   </trkpt>
   <trkpt lat="39.9735560" lon="-105.3060930">
    <ele>2197.2</ele>
    <time>2024-04-17T12:29:36Z</time>
    <extensions>
     <ns2:TrackPointExtension>
      <ns2:atemp>11</ns2:atemp>
      <ns2:hr>160</ns2:hr>
      <ns2:cad>89</ns2:cad>
     </ns2:TrackPointExtension>
    </extensions>
   </trkpt>
   <trkpt lat="39.9735370" lon="-105.3062400">
    <ele>2198.2</ele>
    <time>2024-04-17T12:29:43Z</time>
    <extensions>
     <ns2:TrackPointExtension>
      <ns2:atemp>11</ns2:atemp>
      <ns2:hr>163</ns2:hr>
      <ns2:cad>88</ns2:cad>
     </ns2:TrackPointExtension>
    </extensions>
   </trkpt>
   <trkpt lat="39.9735360" lon="-105.3062660">
    <ele>2198.2</ele>
    <time>2024-04-17T12:29:44Z</time>
    <extensions>
     <ns2:TrackPointExtension>
      <ns2:atemp>11</ns2:atemp>
      <ns2:hr>163</ns2:hr>
      <ns2:cad>88</ns2:cad>
     </ns2:TrackPointExtension>
    </extensions>
   </trkpt>
   <trkpt lat="39.9735320" lon="-105.3062830">
    <ele>2198.6</ele>
    <time>2024-04-17T12:29:45Z</time>
    <extensions>
     <ns2:TrackPointExtension>
      <ns2:atemp>11</ns2:atemp>
      <ns2:hr>164</ns2:hr>
      <ns2:cad>89</ns2:cad>
     </ns2:TrackPointExtension>
    </extensions>
   </trkpt>
   <trkpt lat="39.9735260" lon="-105.3063560">
    <ele>2199.2</ele>
    <time>2024-04-17T12:29:48Z</time>
    <extensions>
     <ns2:TrackPointExtension>
      <ns2:atemp>11</ns2:atemp>
      <ns2:hr>167</ns2:hr>
      <ns2:cad>91</ns2:cad>
     </ns2:TrackPointExtension>
    </extensions>
   </trkpt>
   <trkpt lat="39.9735270" lon="-105.3063790">
    <ele>2199.4</ele>
    <time>2024-04-17T12:29:49Z</time>
    <extensions>
     <ns2:TrackPointExtension>
      <ns2:atemp>11</ns2:atemp>
      <ns2:hr>167</ns2:hr>
      <ns2:cad>90</ns2:cad>
     </ns2:TrackPointExtension>
    </extensions>
   </trkpt>
   <trkpt lat="39.9735180" lon="-105.3064650">
    <ele>2199.2</ele>
    <time>2024-04-17T12:29:53Z</time>
    <extensions>
     <ns2:TrackPointExtension>
      <ns2:atemp>11</ns2:atemp>
      <ns2:hr>170</ns2:hr>
      <ns2:cad>89</ns2:cad>
     </ns2:TrackPointExtension>
    </extensions>
   </trkpt>
   <trkpt lat="39.9735030" lon="-105.3064960">
    <ele>2199.0</ele>
    <time>2024-04-17T12:29:54Z</time>
    <extensions>
     <ns2:TrackPointExtension>
      <ns2:atemp>11</ns2:atemp>
      <ns2:hr>170</ns2:hr>
      <ns2:cad>89</ns2:cad>
     </ns2:TrackPointExtension>
    </extensions>
   </trkpt>
   <trkpt lat="39.9734200" lon="-105.3066010">
    <ele>2199.6</ele>
    <time>2024-04-17T12:30:00Z</time>
    <extensions>
     <ns2:TrackPointExtension>
      <ns2:atemp>11</ns2:atemp>
      <ns2:hr>171</ns2:hr>
      <ns2:cad>91</ns2:cad>
     </ns2:TrackPointExtension>
    </extensions>
   </trkpt>
   <trkpt lat="39.9733300" lon="-105.3066820">
    <ele>2200.4</ele>
    <time>2024-04-17T12:30:06Z</time>
    <extensions>
     <ns2:TrackPointExtension>
      <ns2:atemp>11</ns2:atemp>
      <ns2:hr>172</ns2:hr>
      <ns2:cad>91</ns2:cad>
     </ns2:TrackPointExtension>
    </extensions>
   </trkpt>
   <trkpt lat="39.9733000" lon="-105.3067080">
    <ele>2200.8</ele>
    <time>2024-04-17T12:30:08Z</time>
    <extensions>
     <ns2:TrackPointExtension>
      <ns2:atemp>11</ns2:atemp>
      <ns2:hr>172</ns2:hr>
      <ns2:cad>90</ns2:cad>
     </ns2:TrackPointExtension>
    </extensions>
   </trkpt>
   <trkpt lat="39.9732720" lon="-105.3067750">
    <ele>2201.2</ele>
    <time>2024-04-17T12:30:15Z</time>
    <extensions>
     <ns2:TrackPointExtension>
      <ns2:atemp>11</ns2:atemp>
      <ns2:hr>173</ns2:hr>
      <ns2:cad>0</ns2:cad>
     </ns2:TrackPointExtension>
    </extensions>
   </trkpt>
   <trkpt lat="39.9732710" lon="-105.3067770">
    <ele>2201.2</ele>
    <time>2024-04-17T12:30:16Z</time>
    <extensions>
     <ns2:TrackPointExtension>
      <ns2:atemp>11</ns2:atemp>
      <ns2:hr>172</ns2:hr>
      <ns2:cad>0</ns2:cad>
     </ns2:TrackPointExtension>
    </extensions>
   </trkpt>
   <trkpt lat="39.9732680" lon="-105.3067840">
    <ele>2201.2</ele>
    <time>2024-04-17T12:30:21Z</time>
    <extensions>
     <ns2:TrackPointExtension>
      <ns2:atemp>11</ns2:atemp>
      <ns2:hr>170</ns2:hr>
      <ns2:cad>0</ns2:cad>
     </ns2:TrackPointExtension>
    </extensions>
   </trkpt>
   <trkpt lat="39.9732660" lon="-105.3067950">
    <ele>2201.2</ele>
    <time>2024-04-17T12:30:24Z</time>
    <extensions>
     <ns2:TrackPointExtension>
      <ns2:atemp>11</ns2:atemp>
      <ns2:hr>167</ns2:hr>
      <ns2:cad>0</ns2:cad>
     </ns2:TrackPointExtension>
    </extensions>
   </trkpt>
   <trkpt lat="39.9732650" lon="-105.3068020">
    <ele>2201.2</ele>
    <time>2024-04-17T12:30:27Z</time>
    <extensions>
     <ns2:TrackPointExtension>
      <ns2:atemp>11</ns2:atemp>
      <ns2:hr>164</ns2:hr>
      <ns2:cad>0</ns2:cad>
     </ns2:TrackPointExtension>
    </extensions>
   </trkpt>
   <trkpt lat="39.9732580" lon="-105.3068030">
    <ele>2201.2</ele>
    <time>2024-04-17T12:30:30Z</time>
    <extensions>
     <ns2:TrackPointExtension>
      <ns2:atemp>11</ns2:atemp>
      <ns2:hr>161</ns2:hr>
      <ns2:cad>0</ns2:cad>
     </ns2:TrackPointExtension>
    </extensions>
   </trkpt>
   <trkpt lat="39.9732560" lon="-105.3068020">
    <ele>2201.0</ele>
    <time>2024-04-17T12:30:35Z</time>
    <extensions>
     <ns2:TrackPointExtension>
      <ns2:atemp>11</ns2:atemp>
      <ns2:hr>158</ns2:hr>
      <ns2:cad>0</ns2:cad>
     </ns2:TrackPointExtension>
    </extensions>
   </trkpt>
   <trkpt lat="39.9732560" lon="-105.3068020">
    <ele>2201.0</ele>
    <time>2024-04-17T12:30:39Z</time>
    <extensions>
     <ns2:TrackPointExtension>
      <ns2:atemp>11</ns2:atemp>
      <ns2:hr>157</ns2:hr>
      <ns2:cad>0</ns2:cad>
     </ns2:TrackPointExtension>
    </extensions>
   </trkpt>
   <trkpt lat="39.9732560" lon="-105.3068020">
    <ele>2201.0</ele>
    <time>2024-04-17T12:30:44Z</time>
    <extensions>
     <ns2:TrackPointExtension>
      <ns2:atemp>11</ns2:atemp>
      <ns2:hr>154</ns2:hr>
      <ns2:cad>0</ns2:cad>
     </ns2:TrackPointExtension>
    </extensions>
   </trkpt>
   <trkpt lat="39.9732560" lon="-105.3068020">
    <ele>2201.2</ele>
    <time>2024-04-17T12:30:48Z</time>
    <extensions>
     <ns2:TrackPointExtension>
      <ns2:atemp>11</ns2:atemp>
      <ns2:hr>151</ns2:hr>
      <ns2:cad>0</ns2:cad>
     </ns2:TrackPointExtension>
    </extensions>
   </trkpt>
   <trkpt lat="39.9732560" lon="-105.3068020">
    <ele>2201.0</ele>
    <time>2024-04-17T12:30:51Z</time>
    <extensions>
     <ns2:TrackPointExtension>
      <ns2:atemp>11</ns2:atemp>
      <ns2:hr>148</ns2:hr>
      <ns2:cad>0</ns2:cad>
     </ns2:TrackPointExtension>
    </extensions>
   </trkpt>
   <trkpt lat="39.9732550" lon="-105.3068020">
    <ele>2201.0</ele>
    <time>2024-04-17T12:30:55Z</time>
    <extensions>
     <ns2:TrackPointExtension>
      <ns2:atemp>11</ns2:atemp>
      <ns2:hr>145</ns2:hr>
      <ns2:cad>0</ns2:cad>
     </ns2:TrackPointExtension>
    </extensions>
   </trkpt>
   <trkpt lat="39.9732520" lon="-105.3068020">
    <ele>2200.8</ele>
    <time>2024-04-17T12:30:58Z</time>
    <extensions>
     <ns2:TrackPointExtension>
      <ns2:atemp>11</ns2:atemp>
      <ns2:hr>142</ns2:hr>
      <ns2:cad>0</ns2:cad>
     </ns2:TrackPointExtension>
    </extensions>
   </trkpt>
   <trkpt lat="39.9732520" lon="-105.3068010">
    <ele>2200.8</ele>
    <time>2024-04-17T12:31:00Z</time>
    <extensions>
     <ns2:TrackPointExtension>
      <ns2:atemp>11</ns2:atemp>
      <ns2:hr>139</ns2:hr>
      <ns2:cad>0</ns2:cad>
     </ns2:TrackPointExtension>
    </extensions>
   </trkpt>
   <trkpt lat="39.9732510" lon="-105.3068000">
    <ele>2200.8</ele>
    <time>2024-04-17T12:31:03Z</time>
    <extensions>
     <ns2:TrackPointExtension>
      <ns2:atemp>11</ns2:atemp>
      <ns2:hr>136</ns2:hr>
      <ns2:cad>0</ns2:cad>
     </ns2:TrackPointExtension>
    </extensions>
   </trkpt>
   <trkpt lat="39.9732510" lon="-105.3067990">
    <ele>2200.8</ele>
    <time>2024-04-17T12:31:05Z</time>
    <extensions>
     <ns2:TrackPointExtension>
      <ns2:atemp>11</ns2:atemp>
      <ns2:hr>133</ns2:hr>
      <ns2:cad>0</ns2:cad>
     </ns2:TrackPointExtension>
    </extensions>
   </trkpt>
   <trkpt lat="39.9732470" lon="-105.3067980">
    <ele>2200.6</ele>
    <time>2024-04-17T12:31:10Z</time>
    <extensions>
     <ns2:TrackPointExtension>
      <ns2:atemp>11</ns2:atemp>
      <ns2:hr>130</ns2:hr>
      <ns2:cad>0</ns2:cad>
     </ns2:TrackPointExtension>
    </extensions>
   </trkpt>
   <trkpt lat="39.9732420" lon="-105.3067980">
    <ele>2200.6</ele>
    <time>2024-04-17T12:31:14Z</time>
    <extensions>
     <ns2:TrackPointExtension>
      <ns2:atemp>11</ns2:atemp>
      <ns2:hr>127</ns2:hr>
      <ns2:cad>0</ns2:cad>
     </ns2:TrackPointExtension>
    </extensions>
   </trkpt>
   <trkpt lat="39.9732400" lon="-105.3067970">
    <ele>2200.6</ele>
    <time>2024-04-17T12:31:22Z</time>
    <extensions>
     <ns2:TrackPointExtension>
      <ns2:atemp>11</ns2:atemp>
      <ns2:hr>124</ns2:hr>
      <ns2:cad>0</ns2:cad>
     </ns2:TrackPointExtension>
    </extensions>
   </trkpt>
   <trkpt lat="39.9732400" lon="-105.3067970">
    <ele>2200.6</ele>
    <time>2024-04-17T12:31:25Z</time>
    <extensions>
     <ns2:TrackPointExtension>
      <ns2:atemp>11</ns2:atemp>
      <ns2:hr>121</ns2:hr>
      <ns2:cad>0</ns2:cad>
     </ns2:TrackPointExtension>
    </extensions>
   </trkpt>
   <trkpt lat="39.9732380" lon="-105.3067970">
    <ele>2200.6</ele>
    <time>2024-04-17T12:31:29Z</time>
    <extensions>
     <ns2:TrackPointExtension>
      <ns2:atemp>11</ns2:atemp>
      <ns2:hr>118</ns2:hr>
      <ns2:cad>0</ns2:cad>
     </ns2:TrackPointExtension>
    </extensions>
   </trkpt>
   <trkpt lat="39.9732370" lon="-105.3067970">
    <ele>2200.6</ele>
    <time>2024-04-17T12:31:35Z</time>
    <extensions>
     <ns2:TrackPointExtension>
      <ns2:atemp>11</ns2:atemp>
      <ns2:hr>114</ns2:hr>
      <ns2:cad>0</ns2:cad>
     </ns2:TrackPointExtension>
    </extensions>
   </trkpt>
   <trkpt lat="39.9732370" lon="-105.3067960">
    <ele>2200.8</ele>
    <time>2024-04-17T12:31:38Z</time>
    <extensions>
     <ns2:TrackPointExtension>
      <ns2:atemp>11</ns2:atemp>
      <ns2:hr>111</ns2:hr>
      <ns2:cad>0</ns2:cad>
     </ns2:TrackPointExtension>
    </extensions>
   </trkpt>
   <trkpt lat="39.9732350" lon="-105.3067960">
    <ele>2200.8</ele>
    <time>2024-04-17T12:31:43Z</time>
    <extensions>
     <ns2:TrackPointExtension>
      <ns2:atemp>11</ns2:atemp>
      <ns2:hr>108</ns2:hr>
      <ns2:cad>0</ns2:cad>
     </ns2:TrackPointExtension>
    </extensions>
   </trkpt>
   <trkpt lat="39.9732350" lon="-105.3067950">
    <ele>2200.8</ele>
    <time>2024-04-17T12:31:47Z</time>
    <extensions>
     <ns2:TrackPointExtension>
      <ns2:atemp>11</ns2:atemp>
      <ns2:hr>105</ns2:hr>
      <ns2:cad>0</ns2:cad>
     </ns2:TrackPointExtension>
    </extensions>
   </trkpt>
   <trkpt lat="39.9733410" lon="-105.3067240">
    <ele>2200.2</ele>
    <time>2024-04-17T12:32:06Z</time>
    <extensions>
     <ns2:TrackPointExtension>
      <ns2:atemp>11</ns2:atemp>
      <ns2:hr>105</ns2:hr>
      <ns2:cad>0</ns2:cad>
     </ns2:TrackPointExtension>
    </extensions>
   </trkpt>
   <trkpt lat="39.9735010" lon="-105.3066400">
    <ele>2199.2</ele>
    <time>2024-04-17T12:32:11Z</time>
    <extensions>
     <ns2:TrackPointExtension>
      <ns2:atemp>11</ns2:atemp>
      <ns2:hr>103</ns2:hr>
      <ns2:cad>87</ns2:cad>
     </ns2:TrackPointExtension>
    </extensions>
   </trkpt>
   <trkpt lat="39.9735240" lon="-105.3066330">
    <ele>2199.0</ele>
    <time>2024-04-17T12:32:12Z</time>
    <extensions>
     <ns2:TrackPointExtension>
      <ns2:atemp>11</ns2:atemp>
      <ns2:hr>105</ns2:hr>
      <ns2:cad>87</ns2:cad>
     </ns2:TrackPointExtension>
    </extensions>
   </trkpt>
   <trkpt lat="39.9735810" lon="-105.3065830">
    <ele>2198.6</ele>
    <time>2024-04-17T12:32:15Z</time>
    <extensions>
     <ns2:TrackPointExtension>
      <ns2:atemp>11</ns2:atemp>
      <ns2:hr>108</ns2:hr>
      <ns2:cad>90</ns2:cad>
     </ns2:TrackPointExtension>
    </extensions>
   </trkpt>
   <trkpt lat="39.9736070" lon="-105.3065380">
    <ele>2198.4</ele>
    <time>2024-04-17T12:32:17Z</time>
    <extensions>
     <ns2:TrackPointExtension>
      <ns2:atemp>11</ns2:atemp>
      <ns2:hr>111</ns2:hr>
      <ns2:cad>90</ns2:cad>
     </ns2:TrackPointExtension>
    </extensions>
   </trkpt>
   <trkpt lat="39.9736150" lon="-105.3065130">
    <ele>2198.4</ele>
    <time>2024-04-17T12:32:18Z</time>
    <extensions>
     <ns2:TrackPointExtension>
      <ns2:atemp>11</ns2:atemp>
      <ns2:hr>112</ns2:hr>
      <ns2:cad>90</ns2:cad>
     </ns2:TrackPointExtension>
    </extensions>
   </trkpt>
   <trkpt lat="39.9736310" lon="-105.3064300">
    <ele>2198.6</ele>
    <time>2024-04-17T12:32:21Z</time>
    <extensions>
     <ns2:TrackPointExtension>
      <ns2:atemp>11</ns2:atemp>
      <ns2:hr>115</ns2:hr>
      <ns2:cad>93</ns2:cad>
     </ns2:TrackPointExtension>
    </extensions>
   </trkpt>
   <trkpt lat="39.9736550" lon="-105.3063390">
    <ele>2198.6</ele>
    <time>2024-04-17T12:32:24Z</time>
    <extensions>
     <ns2:TrackPointExtension>
      <ns2:atemp>11</ns2:atemp>
      <ns2:hr>118</ns2:hr>
      <ns2:cad>90</ns2:cad>
     </ns2:TrackPointExtension>
    </extensions>
   </trkpt>
   <trkpt lat="39.9736660" lon="-105.3061970">
    <ele>2198.0</ele>
    <time>2024-04-17T12:32:29Z</time>
    <extensions>
     <ns2:TrackPointExtension>
      <ns2:atemp>11</ns2:atemp>
      <ns2:hr>121</ns2:hr>
      <ns2:cad>89</ns2:cad>
     </ns2:TrackPointExtension>
    </extensions>
   </trkpt>
   <trkpt lat="39.9736590" lon="-105.3061310">
    <ele>2197.6</ele>
    <time>2024-04-17T12:32:32Z</time>
    <extensions>
     <ns2:TrackPointExtension>
      <ns2:atemp>11</ns2:atemp>
      <ns2:hr>122</ns2:hr>
      <ns2:cad>90</ns2:cad>
     </ns2:TrackPointExtension>
    </extensions>
   </trkpt>
   <trkpt lat="39.9736570" lon="-105.3060050">
    <ele>2197.0</ele>
    <time>2024-04-17T12:32:36Z</time>
    <extensions>
     <ns2:TrackPointExtension>
      <ns2:atemp>11</ns2:atemp>
      <ns2:hr>125</ns2:hr>
      <ns2:cad>91</ns2:cad>
     </ns2:TrackPointExtension>
    </extensions>
   </trkpt>
   <trkpt lat="39.9736290" lon="-105.3059050">
    <ele>2196.4</ele>
    <time>2024-04-17T12:32:39Z</time>
    <extensions>
     <ns2:TrackPointExtension>
      <ns2:atemp>11</ns2:atemp>
      <ns2:hr>127</ns2:hr>
      <ns2:cad>89</ns2:cad>
     </ns2:TrackPointExtension>
    </extensions>
   </trkpt>
   <trkpt lat="39.9736070" lon="-105.3058330">
    <ele>2195.6</ele>
    <time>2024-04-17T12:32:41Z</time>
    <extensions>
     <ns2:TrackPointExtension>
      <ns2:atemp>11</ns2:atemp>
      <ns2:hr>128</ns2:hr>
      <ns2:cad>87</ns2:cad>
     </ns2:TrackPointExtension>
    </extensions>
   </trkpt>
   <trkpt lat="39.9735830" lon="-105.3057650">
    <ele>2194.4</ele>
    <time>2024-04-17T12:32:43Z</time>
    <extensions>
     <ns2:TrackPointExtension>
      <ns2:atemp>11</ns2:atemp>
      <ns2:hr>130</ns2:hr>
      <ns2:cad>0</ns2:cad>
     </ns2:TrackPointExtension>
    </extensions>
   </trkpt>
   <trkpt lat="39.9735420" lon="-105.3056760">
    <ele>2193.8</ele>
    <time>2024-04-17T12:32:46Z</time>
    <extensions>
     <ns2:TrackPointExtension>
      <ns2:atemp>11</ns2:atemp>
      <ns2:hr>131</ns2:hr>
      <ns2:cad>46</ns2:cad>
     </ns2:TrackPointExtension>
    </extensions>
   </trkpt>
   <trkpt lat="39.9735180" lon="-105.3056250">
    <ele>2193.2</ele>
    <time>2024-04-17T12:32:48Z</time>
    <extensions>
     <ns2:TrackPointExtension>
      <ns2:atemp>11</ns2:atemp>
      <ns2:hr>134</ns2:hr>
      <ns2:cad>97</ns2:cad>
     </ns2:TrackPointExtension>
    </extensions>
   </trkpt>
   <trkpt lat="39.9734740" lon="-105.3055620">
    <ele>2192.2</ele>
    <time>2024-04-17T12:32:51Z</time>
    <extensions>
     <ns2:TrackPointExtension>
      <ns2:atemp>11</ns2:atemp>
      <ns2:hr>136</ns2:hr>
      <ns2:cad>91</ns2:cad>
     </ns2:TrackPointExtension>
    </extensions>
   </trkpt>
   <trkpt lat="39.9734220" lon="-105.3054900">
    <ele>2191.2</ele>
    <time>2024-04-17T12:32:54Z</time>
    <extensions>
     <ns2:TrackPointExtension>
      <ns2:atemp>11</ns2:atemp>
      <ns2:hr>138</ns2:hr>
      <ns2:cad>93</ns2:cad>
     </ns2:TrackPointExtension>
    </extensions>
   </trkpt>
   <trkpt lat="39.9734040" lon="-105.3054670">
    <ele>2190.6</ele>
    <time>2024-04-17T12:32:55Z</time>
    <extensions>
     <ns2:TrackPointExtension>
      <ns2:atemp>11</ns2:atemp>
      <ns2:hr>139</ns2:hr>
      <ns2:cad>93</ns2:cad>
     </ns2:TrackPointExtension>
    </extensions>
   </trkpt>
   <trkpt lat="39.9733710" lon="-105.3054280">
    <ele>2190.2</ele>
    <time>2024-04-17T12:32:57Z</time>
    <extensions>
     <ns2:TrackPointExtension>
      <ns2:atemp>11</ns2:atemp>
      <ns2:hr>142</ns2:hr>
      <ns2:cad>92</ns2:cad>
     </ns2:TrackPointExtension>
    </extensions>
   </trkpt>
   <trkpt lat="39.9733310" lon="-105.3053620">
    <ele>2190.0</ele>
    <time>2024-04-17T12:33:00Z</time>
    <extensions>
     <ns2:TrackPointExtension>
      <ns2:atemp>11</ns2:atemp>
      <ns2:hr>144</ns2:hr>
      <ns2:cad>90</ns2:cad>
     </ns2:TrackPointExtension>
    </extensions>
   </trkpt>
   <trkpt lat="39.9733220" lon="-105.3053120">
    <ele>2190.4</ele>
    <time>2024-04-17T12:33:02Z</time>
    <extensions>
     <ns2:TrackPointExtension>
      <ns2:atemp>11</ns2:atemp>
      <ns2:hr>141</ns2:hr>
      <ns2:cad>90</ns2:cad>
     </ns2:TrackPointExtension>
    </extensions>
   </trkpt>
   <trkpt lat="39.9733160" lon="-105.3052880">
    <ele>2191.0</ele>
    <time>2024-04-17T12:33:03Z</time>
    <extensions>
     <ns2:TrackPointExtension>
      <ns2:atemp>11</ns2:atemp>
      <ns2:hr>145</ns2:hr>
      <ns2:cad>90</ns2:cad>
     </ns2:TrackPointExtension>
    </extensions>
   </trkpt>
   <trkpt lat="39.9733190" lon="-105.3052430">
    <ele>2191.6</ele>
    <time>2024-04-17T12:33:06Z</time>
    <extensions>
     <ns2:TrackPointExtension>
      <ns2:atemp>11</ns2:atemp>
      <ns2:hr>143</ns2:hr>
      <ns2:cad>90</ns2:cad>
     </ns2:TrackPointExtension>
    </extensions>
   </trkpt>
   <trkpt lat="39.9733260" lon="-105.3052430">
    <ele>2191.8</ele>
    <time>2024-04-17T12:33:07Z</time>
    <extensions>
     <ns2:TrackPointExtension>
      <ns2:atemp>11</ns2:atemp>
      <ns2:hr>141</ns2:hr>
      <ns2:cad>87</ns2:cad>
     </ns2:TrackPointExtension>
    </extensions>
   </trkpt>
   <trkpt lat="39.9733340" lon="-105.3052370">
    <ele>2192.2</ele>
    <time>2024-04-17T12:33:08Z</time>
    <extensions>
     <ns2:TrackPointExtension>
      <ns2:atemp>11</ns2:atemp>
      <ns2:hr>146</ns2:hr>
      <ns2:cad>86</ns2:cad>
     </ns2:TrackPointExtension>
    </extensions>
   </trkpt>
   <trkpt lat="39.9733490" lon="-105.3052010">
    <ele>2192.8</ele>
    <time>2024-04-17T12:33:10Z</time>
    <extensions>
     <ns2:TrackPointExtension>
      <ns2:atemp>11</ns2:atemp>
      <ns2:hr>147</ns2:hr>
      <ns2:cad>86</ns2:cad>
     </ns2:TrackPointExtension>
    </extensions>
   </trkpt>
   <trkpt lat="39.9734240" lon="-105.3050860">
    <ele>2193.2</ele>
    <time>2024-04-17T12:33:17Z</time>
    <extensions>
     <ns2:TrackPointExtension>
      <ns2:atemp>11</ns2:atemp>
      <ns2:hr>150</ns2:hr>
      <ns2:cad>86</ns2:cad>
     </ns2:TrackPointExtension>
    </extensions>
   </trkpt>
   <trkpt lat="39.9735340" lon="-105.3049830">
    <ele>2192.2</ele>
    <time>2024-04-17T12:33:23Z</time>
    <extensions>
     <ns2:TrackPointExtension>
      <ns2:atemp>11</ns2:atemp>
      <ns2:hr>150</ns2:hr>
      <ns2:cad>87</ns2:cad>
     </ns2:TrackPointExtension>
    </extensions>
   </trkpt>
   <trkpt lat="39.9735710" lon="-105.3049340">
    <ele>2191.6</ele>
    <time>2024-04-17T12:33:25Z</time>
    <extensions>
     <ns2:TrackPointExtension>
      <ns2:atemp>11</ns2:atemp>
      <ns2:hr>152</ns2:hr>
      <ns2:cad>87</ns2:cad>
     </ns2:TrackPointExtension>
    </extensions>
   </trkpt>
   <trkpt lat="39.9735750" lon="-105.3049070">
    <ele>2191.4</ele>
    <time>2024-04-17T12:33:26Z</time>
    <extensions>
     <ns2:TrackPointExtension>
      <ns2:atemp>11</ns2:atemp>
      <ns2:hr>151</ns2:hr>
      <ns2:cad>87</ns2:cad>
     </ns2:TrackPointExtension>
    </extensions>
   </trkpt>
   <trkpt lat="39.9735840" lon="-105.3048620">
    <ele>2191.0</ele>
    <time>2024-04-17T12:33:28Z</time>
    <extensions>
     <ns2:TrackPointExtension>
      <ns2:atemp>11</ns2:atemp>
      <ns2:hr>150</ns2:hr>
      <ns2:cad>87</ns2:cad>
     </ns2:TrackPointExtension>
    </extensions>
   </trkpt>
   <trkpt lat="39.9736070" lon="-105.3048480">
    <ele>2190.4</ele>
    <time>2024-04-17T12:33:29Z</time>
    <extensions>
     <ns2:TrackPointExtension>
      <ns2:atemp>11</ns2:atemp>
      <ns2:hr>151</ns2:hr>
      <ns2:cad>89</ns2:cad>
     </ns2:TrackPointExtension>
    </extensions>
   </trkpt>
   <trkpt lat="39.9736960" lon="-105.3048020">
    <ele>2189.4</ele>
    <time>2024-04-17T12:33:33Z</time>
    <extensions>
     <ns2:TrackPointExtension>
      <ns2:atemp>11</ns2:atemp>
      <ns2:hr>152</ns2:hr>
      <ns2:cad>91</ns2:cad>
     </ns2:TrackPointExtension>
    </extensions>
   </trkpt>
   <trkpt lat="39.9737510" lon="-105.3046150">
    <ele>2190.0</ele>
    <time>2024-04-17T12:33:39Z</time>
    <extensions>
     <ns2:TrackPointExtension>
      <ns2:atemp>11</ns2:atemp>
      <ns2:hr>149</ns2:hr>
      <ns2:cad>93</ns2:cad>
     </ns2:TrackPointExtension>
    </extensions>
   </trkpt>
   <trkpt lat="39.9737500" lon="-105.3045920">
    <ele>2190.4</ele>
    <time>2024-04-17T12:33:40Z</time>
    <extensions>
     <ns2:TrackPointExtension>
      <ns2:atemp>11</ns2:atemp>
      <ns2:hr>149</ns2:hr>
      <ns2:cad>93</ns2:cad>
     </ns2:TrackPointExtension>
    </extensions>
   </trkpt>
   <trkpt lat="39.9737180" lon="-105.3045420">
    <ele>2191.0</ele>
    <time>2024-04-17T12:33:43Z</time>
    <extensions>
     <ns2:TrackPointExtension>
      <ns2:atemp>11</ns2:atemp>
      <ns2:hr>148</ns2:hr>
      <ns2:cad>80</ns2:cad>
     </ns2:TrackPointExtension>
    </extensions>
   </trkpt>
   <trkpt lat="39.9736330" lon="-105.3044650">
    <ele>2190.0</ele>
    <time>2024-04-17T12:33:48Z</time>
    <extensions>
     <ns2:TrackPointExtension>
      <ns2:atemp>11</ns2:atemp>
      <ns2:hr>146</ns2:hr>
      <ns2:cad>87</ns2:cad>
     </ns2:TrackPointExtension>
    </extensions>
   </trkpt>
   <trkpt lat="39.9735780" lon="-105.3044400">
    <ele>2189.4</ele>
    <time>2024-04-17T12:33:51Z</time>
    <extensions>
     <ns2:TrackPointExtension>
      <ns2:atemp>11</ns2:atemp>
      <ns2:hr>145</ns2:hr>
      <ns2:cad>43</ns2:cad>
     </ns2:TrackPointExtension>
    </extensions>
   </trkpt>
   <trkpt lat="39.9735190" lon="-105.3044310">
    <ele>2187.8</ele>
    <time>2024-04-17T12:33:54Z</time>
    <extensions>
     <ns2:TrackPointExtension>
      <ns2:atemp>11</ns2:atemp>
      <ns2:hr>145</ns2:hr>
      <ns2:cad>43</ns2:cad>
     </ns2:TrackPointExtension>
    </extensions>
   </trkpt>
   <trkpt lat="39.9735020" lon="-105.3044280">
    <ele>2187.6</ele>
    <time>2024-04-17T12:33:55Z</time>
    <extensions>
     <ns2:TrackPointExtension>
      <ns2:atemp>11</ns2:atemp>
      <ns2:hr>145</ns2:hr>
      <ns2:cad>86</ns2:cad>
     </ns2:TrackPointExtension>
    </extensions>
   </trkpt>
   <trkpt lat="39.9734530" lon="-105.3044180">
    <ele>2186.6</ele>
    <time>2024-04-17T12:33:58Z</time>
    <extensions>
     <ns2:TrackPointExtension>
      <ns2:atemp>11</ns2:atemp>
      <ns2:hr>144</ns2:hr>
      <ns2:cad>89</ns2:cad>
     </ns2:TrackPointExtension>
    </extensions>
   </trkpt>
   <trkpt lat="39.9733930" lon="-105.3044230">
    <ele>2186.6</ele>
    <time>2024-04-17T12:34:01Z</time>
    <extensions>
     <ns2:TrackPointExtension>
      <ns2:atemp>11</ns2:atemp>
      <ns2:hr>141</ns2:hr>
      <ns2:cad>90</ns2:cad>
     </ns2:TrackPointExtension>
    </extensions>
   </trkpt>
   <trkpt lat="39.9733490" lon="-105.3044120">
    <ele>2186.8</ele>
    <time>2024-04-17T12:34:03Z</time>
    <extensions>
     <ns2:TrackPointExtension>
      <ns2:atemp>11</ns2:atemp>
      <ns2:hr>141</ns2:hr>
      <ns2:cad>90</ns2:cad>
     </ns2:TrackPointExtension>
    </extensions>
   </trkpt>
   <trkpt lat="39.9732420" lon="-105.3044240">
    <ele>2187.8</ele>
    <time>2024-04-17T12:34:07Z</time>
    <extensions>
     <ns2:TrackPointExtension>
      <ns2:atemp>11</ns2:atemp>
      <ns2:hr>141</ns2:hr>
      <ns2:cad>90</ns2:cad>
     </ns2:TrackPointExtension>
    </extensions>
   </trkpt>
   <trkpt lat="39.9731640" lon="-105.3044090">
    <ele>2188.0</ele>
    <time>2024-04-17T12:34:10Z</time>
    <extensions>
     <ns2:TrackPointExtension>
      <ns2:atemp>11</ns2:atemp>
      <ns2:hr>143</ns2:hr>
      <ns2:cad>88</ns2:cad>
     </ns2:TrackPointExtension>
    </extensions>
   </trkpt>
   <trkpt lat="39.9730430" lon="-105.3044040">
    <ele>2187.6</ele>
    <time>2024-04-17T12:34:17Z</time>
    <extensions>
     <ns2:TrackPointExtension>
      <ns2:atemp>11</ns2:atemp>
      <ns2:hr>145</ns2:hr>
      <ns2:cad>88</ns2:cad>
     </ns2:TrackPointExtension>
    </extensions>
   </trkpt>
   <trkpt lat="39.9728580" lon="-105.3044070">
    <ele>2187.8</ele>
    <time>2024-04-17T12:34:24Z</time>
    <extensions>
     <ns2:TrackPointExtension>
      <ns2:atemp>11</ns2:atemp>
      <ns2:hr>145</ns2:hr>
      <ns2:cad>91</ns2:cad>
     </ns2:TrackPointExtension>
    </extensions>
   </trkpt>
   <trkpt lat="39.9727760" lon="-105.3044420">
    <ele>2188.0</ele>
    <time>2024-04-17T12:34:28Z</time>
    <extensions>
     <ns2:TrackPointExtension>
      <ns2:atemp>11</ns2:atemp>
      <ns2:hr>142</ns2:hr>
      <ns2:cad>91</ns2:cad>
     </ns2:TrackPointExtension>
    </extensions>
   </trkpt>
   <trkpt lat="39.9726190" lon="-105.3045540">
    <ele>2188.2</ele>
    <time>2024-04-17T12:34:36Z</time>
    <extensions>
     <ns2:TrackPointExtension>
      <ns2:atemp>11</ns2:atemp>
      <ns2:hr>140</ns2:hr>
      <ns2:cad>91</ns2:cad>
     </ns2:TrackPointExtension>
    </extensions>
   </trkpt>
   <trkpt lat="39.9725270" lon="-105.3045320">
    <ele>2189.2</ele>
    <time>2024-04-17T12:34:41Z</time>
    <extensions>
     <ns2:TrackPointExtension>
      <ns2:atemp>11</ns2:atemp>
      <ns2:hr>142</ns2:hr>
      <ns2:cad>91</ns2:cad>
     </ns2:TrackPointExtension>
    </extensions>
   </trkpt>
   <trkpt lat="39.9725070" lon="-105.3045230">
    <ele>2189.4</ele>
    <time>2024-04-17T12:34:42Z</time>
    <extensions>
     <ns2:TrackPointExtension>
      <ns2:atemp>11</ns2:atemp>
      <ns2:hr>142</ns2:hr>
      <ns2:cad>92</ns2:cad>
     </ns2:TrackPointExtension>
    </extensions>
   </trkpt>
   <trkpt lat="39.9724440" lon="-105.3045150">
    <ele>2190.0</ele>
    <time>2024-04-17T12:34:45Z</time>
    <extensions>
     <ns2:TrackPointExtension>
      <ns2:atemp>11</ns2:atemp>
      <ns2:hr>145</ns2:hr>
      <ns2:cad>91</ns2:cad>
     </ns2:TrackPointExtension>
    </extensions>
   </trkpt>
   <trkpt lat="39.9724010" lon="-105.3045030">
    <ele>2190.2</ele>
    <time>2024-04-17T12:34:47Z</time>
    <extensions>
     <ns2:TrackPointExtension>
      <ns2:atemp>11</ns2:atemp>
      <ns2:hr>144</ns2:hr>
      <ns2:cad>91</ns2:cad>
     </ns2:TrackPointExtension>
    </extensions>
   </trkpt>
   <trkpt lat="39.9722930" lon="-105.3044820">
    <ele>2190.8</ele>
    <time>2024-04-17T12:34:52Z</time>
    <extensions>
     <ns2:TrackPointExtension>
      <ns2:atemp>11</ns2:atemp>
      <ns2:hr>146</ns2:hr>
      <ns2:cad>92</ns2:cad>
     </ns2:TrackPointExtension>
    </extensions>
   </trkpt>
   <trkpt lat="39.9722300" lon="-105.3044620">
    <ele>2191.6</ele>
    <time>2024-04-17T12:34:55Z</time>
    <extensions>
     <ns2:TrackPointExtension>
      <ns2:atemp>11</ns2:atemp>
      <ns2:hr>147</ns2:hr>
      <ns2:cad>93</ns2:cad>
     </ns2:TrackPointExtension>
    </extensions>
   </trkpt>
   <trkpt lat="39.9722110" lon="-105.3044350">
    <ele>2192.0</ele>
    <time>2024-04-17T12:34:57Z</time>
    <extensions>
     <ns2:TrackPointExtension>
      <ns2:atemp>11</ns2:atemp>
      <ns2:hr>147</ns2:hr>
      <ns2:cad>93</ns2:cad>
     </ns2:TrackPointExtension>
    </extensions>
   </trkpt>
   <trkpt lat="39.9722130" lon="-105.3044190">
    <ele>2192.0</ele>
    <time>2024-04-17T12:34:58Z</time>
    <extensions>
     <ns2:TrackPointExtension>
      <ns2:atemp>11</ns2:atemp>
      <ns2:hr>147</ns2:hr>
      <ns2:cad>92</ns2:cad>
     </ns2:TrackPointExtension>
    </extensions>
   </trkpt>
   <trkpt lat="39.9722630" lon="-105.3042980">
    <ele>2192.2</ele>
    <time>2024-04-17T12:35:04Z</time>
    <extensions>
     <ns2:TrackPointExtension>
      <ns2:atemp>11</ns2:atemp>
      <ns2:hr>147</ns2:hr>
      <ns2:cad>89</ns2:cad>
     </ns2:TrackPointExtension>
    </extensions>
   </trkpt>
   <trkpt lat="39.9722910" lon="-105.3040660">
    <ele>2190.8</ele>
    <time>2024-04-17T12:35:11Z</time>
    <extensions>
     <ns2:TrackPointExtension>
      <ns2:atemp>11</ns2:atemp>
      <ns2:hr>149</ns2:hr>
      <ns2:cad>87</ns2:cad>
     </ns2:TrackPointExtension>
    </extensions>
   </trkpt>
   <trkpt lat="39.9722900" lon="-105.3039890">
    <ele>2190.2</ele>
    <time>2024-04-17T12:35:13Z</time>
    <extensions>
     <ns2:TrackPointExtension>
      <ns2:atemp>11</ns2:atemp>
      <ns2:hr>149</ns2:hr>
      <ns2:cad>87</ns2:cad>
     </ns2:TrackPointExtension>
    </extensions>
   </trkpt>
   <trkpt lat="39.9722560" lon="-105.3038130">
    <ele>2189.4</ele>
    <time>2024-04-17T12:35:19Z</time>
    <extensions>
     <ns2:TrackPointExtension>
      <ns2:atemp>11</ns2:atemp>
      <ns2:hr>149</ns2:hr>
      <ns2:cad>89</ns2:cad>
     </ns2:TrackPointExtension>
    </extensions>
   </trkpt>
   <trkpt lat="39.9722370" lon="-105.3037890">
    <ele>2189.0</ele>
    <time>2024-04-17T12:35:20Z</time>
    <extensions>
     <ns2:TrackPointExtension>
      <ns2:atemp>11</ns2:atemp>
      <ns2:hr>149</ns2:hr>
      <ns2:cad>89</ns2:cad>
     </ns2:TrackPointExtension>
    </extensions>
   </trkpt>
   <trkpt lat="39.9721890" lon="-105.3037620">
    <ele>2188.6</ele>
    <time>2024-04-17T12:35:22Z</time>
    <extensions>
     <ns2:TrackPointExtension>
      <ns2:atemp>11</ns2:atemp>
      <ns2:hr>146</ns2:hr>
      <ns2:cad>86</ns2:cad>
     </ns2:TrackPointExtension>
    </extensions>
   </trkpt>
   <trkpt lat="39.9721470" lon="-105.3037650">
    <ele>2188.6</ele>
    <time>2024-04-17T12:35:23Z</time>
    <extensions>
     <ns2:TrackPointExtension>
      <ns2:atemp>11</ns2:atemp>
      <ns2:hr>149</ns2:hr>
      <ns2:cad>86</ns2:cad>
     </ns2:TrackPointExtension>
    </extensions>
   </trkpt>
   <trkpt lat="39.9720780" lon="-105.3037810">
    <ele>2188.0</ele>
    <time>2024-04-17T12:35:25Z</time>
    <extensions>
     <ns2:TrackPointExtension>
      <ns2:atemp>11</ns2:atemp>
      <ns2:hr>149</ns2:hr>
      <ns2:cad>89</ns2:cad>
     </ns2:TrackPointExtension>
    </extensions>
   </trkpt>
   <trkpt lat="39.9719950" lon="-105.3038020">
    <ele>2187.2</ele>
    <time>2024-04-17T12:35:28Z</time>
    <extensions>
     <ns2:TrackPointExtension>
      <ns2:atemp>11</ns2:atemp>
      <ns2:hr>152</ns2:hr>
      <ns2:cad>89</ns2:cad>
     </ns2:TrackPointExtension>
    </extensions>
   </trkpt>
   <trkpt lat="39.9719730" lon="-105.3038060">
    <ele>2186.8</ele>
    <time>2024-04-17T12:35:29Z</time>
    <extensions>
     <ns2:TrackPointExtension>
      <ns2:atemp>11</ns2:atemp>
      <ns2:hr>151</ns2:hr>
      <ns2:cad>93</ns2:cad>
     </ns2:TrackPointExtension>
    </extensions>
   </trkpt>
   <trkpt lat="39.9719350" lon="-105.3037860">
    <ele>2186.0</ele>
    <time>2024-04-17T12:35:31Z</time>
    <extensions>
     <ns2:TrackPointExtension>
      <ns2:atemp>11</ns2:atemp>
      <ns2:hr>148</ns2:hr>
      <ns2:cad>93</ns2:cad>
     </ns2:TrackPointExtension>
    </extensions>
   </trkpt>
   <trkpt lat="39.9719020" lon="-105.3037570">
    <ele>2185.8</ele>
    <time>2024-04-17T12:35:33Z</time>
    <extensions>
     <ns2:TrackPointExtension>
      <ns2:atemp>11</ns2:atemp>
      <ns2:hr>147</ns2:hr>
      <ns2:cad>93</ns2:cad>
     </ns2:TrackPointExtension>
    </extensions>
   </trkpt>
   <trkpt lat="39.9718760" lon="-105.3037130">
    <ele>2185.8</ele>
    <time>2024-04-17T12:35:35Z</time>
    <extensions>
     <ns2:TrackPointExtension>
      <ns2:atemp>11</ns2:atemp>
      <ns2:hr>146</ns2:hr>
      <ns2:cad>93</ns2:cad>
     </ns2:TrackPointExtension>
    </extensions>
   </trkpt>
   <trkpt lat="39.9718000" lon="-105.3035900">
    <ele>2184.8</ele>
    <time>2024-04-17T12:35:40Z</time>
    <extensions>
     <ns2:TrackPointExtension>
      <ns2:atemp>11</ns2:atemp>
      <ns2:hr>145</ns2:hr>
      <ns2:cad>86</ns2:cad>
     </ns2:TrackPointExtension>
    </extensions>
   </trkpt>
   <trkpt lat="39.9717580" lon="-105.3035180">
    <ele>2184.2</ele>
    <time>2024-04-17T12:35:43Z</time>
    <extensions>
     <ns2:TrackPointExtension>
      <ns2:atemp>11</ns2:atemp>
      <ns2:hr>146</ns2:hr>
      <ns2:cad>86</ns2:cad>
     </ns2:TrackPointExtension>
    </extensions>
   </trkpt>
   <trkpt lat="39.9717780" lon="-105.3033310">
    <ele>2184.2</ele>
    <time>2024-04-17T12:35:49Z</time>
    <extensions>
     <ns2:TrackPointExtension>
      <ns2:atemp>11</ns2:atemp>
      <ns2:hr>147</ns2:hr>
      <ns2:cad>91</ns2:cad>
     </ns2:TrackPointExtension>
    </extensions>
   </trkpt>
   <trkpt lat="39.9717790" lon="-105.3032260">
    <ele>2184.4</ele>
    <time>2024-04-17T12:35:52Z</time>
    <extensions>
     <ns2:TrackPointExtension>
      <ns2:atemp>11</ns2:atemp>
      <ns2:hr>150</ns2:hr>
      <ns2:cad>92</ns2:cad>
     </ns2:TrackPointExtension>
    </extensions>
   </trkpt>
   <trkpt lat="39.9717670" lon="-105.3031350">
    <ele>2184.4</ele>
    <time>2024-04-17T12:35:56Z</time>
    <extensions>
     <ns2:TrackPointExtension>
      <ns2:atemp>11</ns2:atemp>
      <ns2:hr>149</ns2:hr>
      <ns2:cad>92</ns2:cad>
     </ns2:TrackPointExtension>
    </extensions>
   </trkpt>
   <trkpt lat="39.9717490" lon="-105.3030760">
    <ele>2183.8</ele>
    <time>2024-04-17T12:35:59Z</time>
    <extensions>
     <ns2:TrackPointExtension>
      <ns2:atemp>11</ns2:atemp>
      <ns2:hr>148</ns2:hr>
      <ns2:cad>92</ns2:cad>
     </ns2:TrackPointExtension>
    </extensions>
   </trkpt>
   <trkpt lat="39.9717460" lon="-105.3030170">
    <ele>2182.8</ele>
    <time>2024-04-17T12:36:01Z</time>
    <extensions>
     <ns2:TrackPointExtension>
      <ns2:atemp>11</ns2:atemp>
      <ns2:hr>147</ns2:hr>
      <ns2:cad>92</ns2:cad>
     </ns2:TrackPointExtension>
    </extensions>
   </trkpt>
   <trkpt lat="39.9717430" lon="-105.3029850">
    <ele>2182.4</ele>
    <time>2024-04-17T12:36:02Z</time>
    <extensions>
     <ns2:TrackPointExtension>
      <ns2:atemp>11</ns2:atemp>
      <ns2:hr>149</ns2:hr>
      <ns2:cad>92</ns2:cad>
     </ns2:TrackPointExtension>
    </extensions>
   </trkpt>
   <trkpt lat="39.9716790" lon="-105.3029130">
    <ele>2181.6</ele>
    <time>2024-04-17T12:36:06Z</time>
    <extensions>
     <ns2:TrackPointExtension>
      <ns2:atemp>11</ns2:atemp>
      <ns2:hr>152</ns2:hr>
      <ns2:cad>90</ns2:cad>
     </ns2:TrackPointExtension>
    </extensions>
   </trkpt>
   <trkpt lat="39.9716590" lon="-105.3029030">
    <ele>2181.6</ele>
    <time>2024-04-17T12:36:07Z</time>
    <extensions>
     <ns2:TrackPointExtension>
      <ns2:atemp>11</ns2:atemp>
      <ns2:hr>153</ns2:hr>
      <ns2:cad>90</ns2:cad>
     </ns2:TrackPointExtension>
    </extensions>
   </trkpt>
   <trkpt lat="39.9716140" lon="-105.3028860">
    <ele>2181.4</ele>
    <time>2024-04-17T12:36:09Z</time>
    <extensions>
     <ns2:TrackPointExtension>
      <ns2:atemp>11</ns2:atemp>
      <ns2:hr>152</ns2:hr>
      <ns2:cad>90</ns2:cad>
     </ns2:TrackPointExtension>
    </extensions>
   </trkpt>
   <trkpt lat="39.9715180" lon="-105.3028310">
    <ele>2181.4</ele>
    <time>2024-04-17T12:36:14Z</time>
    <extensions>
     <ns2:TrackPointExtension>
      <ns2:atemp>11</ns2:atemp>
      <ns2:hr>150</ns2:hr>
      <ns2:cad>91</ns2:cad>
     </ns2:TrackPointExtension>
    </extensions>
   </trkpt>
   <trkpt lat="39.9713880" lon="-105.3027760">
    <ele>2181.2</ele>
    <time>2024-04-17T12:36:21Z</time>
    <extensions>
     <ns2:TrackPointExtension>
      <ns2:atemp>11</ns2:atemp>
      <ns2:hr>148</ns2:hr>
      <ns2:cad>90</ns2:cad>
     </ns2:TrackPointExtension>
    </extensions>
   </trkpt>
   <trkpt lat="39.9712830" lon="-105.3026640">
    <ele>2180.4</ele>
    <time>2024-04-17T12:36:27Z</time>
    <extensions>
     <ns2:TrackPointExtension>
      <ns2:atemp>11</ns2:atemp>
      <ns2:hr>149</ns2:hr>
      <ns2:cad>88</ns2:cad>
     </ns2:TrackPointExtension>
    </extensions>
   </trkpt>
   <trkpt lat="39.9712680" lon="-105.3026440">
    <ele>2180.0</ele>
    <time>2024-04-17T12:36:28Z</time>
    <extensions>
     <ns2:TrackPointExtension>
      <ns2:atemp>11</ns2:atemp>
      <ns2:hr>150</ns2:hr>
      <ns2:cad>88</ns2:cad>
     </ns2:TrackPointExtension>
    </extensions>
   </trkpt>
   <trkpt lat="39.9711880" lon="-105.3025620">
    <ele>2179.0</ele>
    <time>2024-04-17T12:36:32Z</time>
    <extensions>
     <ns2:TrackPointExtension>
      <ns2:atemp>11</ns2:atemp>
      <ns2:hr>151</ns2:hr>
      <ns2:cad>88</ns2:cad>
     </ns2:TrackPointExtension>
    </extensions>
   </trkpt>
   <trkpt lat="39.9711250" lon="-105.3024600">
    <ele>2178.2</ele>
    <time>2024-04-17T12:36:36Z</time>
    <extensions>
     <ns2:TrackPointExtension>
      <ns2:atemp>11</ns2:atemp>
      <ns2:hr>152</ns2:hr>
      <ns2:cad>88</ns2:cad>
     </ns2:TrackPointExtension>
    </extensions>
   </trkpt>
   <trkpt lat="39.9711090" lon="-105.3024380">
    <ele>2178.0</ele>
    <time>2024-04-17T12:36:37Z</time>
    <extensions>
     <ns2:TrackPointExtension>
      <ns2:atemp>11</ns2:atemp>
      <ns2:hr>152</ns2:hr>
      <ns2:cad>89</ns2:cad>
     </ns2:TrackPointExtension>
    </extensions>
   </trkpt>
   <trkpt lat="39.9710200" lon="-105.3023480">
    <ele>2176.8</ele>
    <time>2024-04-17T12:36:42Z</time>
    <extensions>
     <ns2:TrackPointExtension>
      <ns2:atemp>11</ns2:atemp>
      <ns2:hr>153</ns2:hr>
      <ns2:cad>87</ns2:cad>
     </ns2:TrackPointExtension>
    </extensions>
   </trkpt>
   <trkpt lat="39.9709660" lon="-105.3023020">
    <ele>2176.2</ele>
    <time>2024-04-17T12:36:45Z</time>
    <extensions>
     <ns2:TrackPointExtension>
      <ns2:atemp>11</ns2:atemp>
      <ns2:hr>153</ns2:hr>
      <ns2:cad>92</ns2:cad>
     </ns2:TrackPointExtension>
    </extensions>
   </trkpt>
   <trkpt lat="39.9709340" lon="-105.3022940">
    <ele>2176.0</ele>
    <time>2024-04-17T12:36:47Z</time>
    <extensions>
     <ns2:TrackPointExtension>
      <ns2:atemp>11</ns2:atemp>
      <ns2:hr>154</ns2:hr>
      <ns2:cad>91</ns2:cad>
     </ns2:TrackPointExtension>
    </extensions>
   </trkpt>
   <trkpt lat="39.9709200" lon="-105.3022980">
    <ele>2175.6</ele>
    <time>2024-04-17T12:36:48Z</time>
    <extensions>
     <ns2:TrackPointExtension>
      <ns2:atemp>11</ns2:atemp>
      <ns2:hr>154</ns2:hr>
      <ns2:cad>91</ns2:cad>
     </ns2:TrackPointExtension>
    </extensions>
   </trkpt>
   <trkpt lat="39.9709190" lon="-105.3023160">
    <ele>2175.4</ele>
    <time>2024-04-17T12:36:49Z</time>
    <extensions>
     <ns2:TrackPointExtension>
      <ns2:atemp>11</ns2:atemp>
      <ns2:hr>154</ns2:hr>
      <ns2:cad>91</ns2:cad>
     </ns2:TrackPointExtension>
    </extensions>
   </trkpt>
   <trkpt lat="39.9709210" lon="-105.3023440">
    <ele>2175.0</ele>
    <time>2024-04-17T12:36:50Z</time>
    <extensions>
     <ns2:TrackPointExtension>
      <ns2:atemp>11</ns2:atemp>
      <ns2:hr>154</ns2:hr>
      <ns2:cad>91</ns2:cad>
     </ns2:TrackPointExtension>
    </extensions>
   </trkpt>
   <trkpt lat="39.9709220" lon="-105.3024020">
    <ele>2174.4</ele>
    <time>2024-04-17T12:36:52Z</time>
    <extensions>
     <ns2:TrackPointExtension>
      <ns2:atemp>11</ns2:atemp>
      <ns2:hr>152</ns2:hr>
      <ns2:cad>91</ns2:cad>
     </ns2:TrackPointExtension>
    </extensions>
   </trkpt>
   <trkpt lat="39.9709280" lon="-105.3024700">
    <ele>2174.2</ele>
    <time>2024-04-17T12:36:54Z</time>
    <extensions>
     <ns2:TrackPointExtension>
      <ns2:atemp>11</ns2:atemp>
      <ns2:hr>148</ns2:hr>
      <ns2:cad>88</ns2:cad>
     </ns2:TrackPointExtension>
    </extensions>
   </trkpt>
   <trkpt lat="39.9709530" lon="-105.3025720">
    <ele>2173.2</ele>
    <time>2024-04-17T12:36:57Z</time>
    <extensions>
     <ns2:TrackPointExtension>
      <ns2:atemp>11</ns2:atemp>
      <ns2:hr>146</ns2:hr>
      <ns2:cad>87</ns2:cad>
     </ns2:TrackPointExtension>
    </extensions>
   </trkpt>
   <trkpt lat="39.9710100" lon="-105.3026660">
    <ele>2172.4</ele>
    <time>2024-04-17T12:37:01Z</time>
    <extensions>
     <ns2:TrackPointExtension>
      <ns2:atemp>11</ns2:atemp>
      <ns2:hr>149</ns2:hr>
      <ns2:cad>88</ns2:cad>
     </ns2:TrackPointExtension>
    </extensions>
   </trkpt>
   <trkpt lat="39.9710270" lon="-105.3026760">
    <ele>2172.2</ele>
    <time>2024-04-17T12:37:02Z</time>
    <extensions>
     <ns2:TrackPointExtension>
      <ns2:atemp>11</ns2:atemp>
      <ns2:hr>149</ns2:hr>
      <ns2:cad>45</ns2:cad>
     </ns2:TrackPointExtension>
    </extensions>
   </trkpt>
   <trkpt lat="39.9710350" lon="-105.3027040">
    <ele>2171.6</ele>
    <time>2024-04-17T12:37:04Z</time>
    <extensions>
     <ns2:TrackPointExtension>
      <ns2:atemp>11</ns2:atemp>
      <ns2:hr>148</ns2:hr>
      <ns2:cad>45</ns2:cad>
     </ns2:TrackPointExtension>
    </extensions>
   </trkpt>
   <trkpt lat="39.9710200" lon="-105.3027080">
    <ele>2171.0</ele>
    <time>2024-04-17T12:37:06Z</time>
    <extensions>
     <ns2:TrackPointExtension>
      <ns2:atemp>11</ns2:atemp>
      <ns2:hr>148</ns2:hr>
      <ns2:cad>45</ns2:cad>
     </ns2:TrackPointExtension>
    </extensions>
   </trkpt>
   <trkpt lat="39.9710110" lon="-105.3026860">
    <ele>2170.2</ele>
    <time>2024-04-17T12:37:08Z</time>
    <extensions>
     <ns2:TrackPointExtension>
      <ns2:atemp>11</ns2:atemp>
      <ns2:hr>146</ns2:hr>
      <ns2:cad>45</ns2:cad>
     </ns2:TrackPointExtension>
    </extensions>
   </trkpt>
   <trkpt lat="39.9710030" lon="-105.3026680">
    <ele>2169.8</ele>
    <time>2024-04-17T12:37:09Z</time>
    <extensions>
     <ns2:TrackPointExtension>
      <ns2:atemp>11</ns2:atemp>
      <ns2:hr>147</ns2:hr>
      <ns2:cad>45</ns2:cad>
     </ns2:TrackPointExtension>
    </extensions>
   </trkpt>
   <trkpt lat="39.9709680" lon="-105.3026170">
    <ele>2169.4</ele>
    <time>2024-04-17T12:37:12Z</time>
    <extensions>
     <ns2:TrackPointExtension>
      <ns2:atemp>11</ns2:atemp>
      <ns2:hr>148</ns2:hr>
      <ns2:cad>85</ns2:cad>
     </ns2:TrackPointExtension>
    </extensions>
   </trkpt>
   <trkpt lat="39.9709350" lon="-105.3025930">
    <ele>2169.4</ele>
    <time>2024-04-17T12:37:14Z</time>
    <extensions>
     <ns2:TrackPointExtension>
      <ns2:atemp>11</ns2:atemp>
      <ns2:hr>146</ns2:hr>
      <ns2:cad>85</ns2:cad>
     </ns2:TrackPointExtension>
    </extensions>
   </trkpt>
   <trkpt lat="39.9708950" lon="-105.3025580">
    <ele>2168.6</ele>
    <time>2024-04-17T12:37:16Z</time>
    <extensions>
     <ns2:TrackPointExtension>
      <ns2:atemp>11</ns2:atemp>
      <ns2:hr>146</ns2:hr>
      <ns2:cad>90</ns2:cad>
     </ns2:TrackPointExtension>
    </extensions>
   </trkpt>
   <trkpt lat="39.9708370" lon="-105.3024870">
    <ele>2167.6</ele>
    <time>2024-04-17T12:37:19Z</time>
    <extensions>
     <ns2:TrackPointExtension>
      <ns2:atemp>11</ns2:atemp>
      <ns2:hr>147</ns2:hr>
      <ns2:cad>90</ns2:cad>
     </ns2:TrackPointExtension>
    </extensions>
   </trkpt>
   <trkpt lat="39.9708170" lon="-105.3024640">
    <ele>2167.2</ele>
    <time>2024-04-17T12:37:20Z</time>
    <extensions>
     <ns2:TrackPointExtension>
      <ns2:atemp>11</ns2:atemp>
      <ns2:hr>147</ns2:hr>
      <ns2:cad>90</ns2:cad>
     </ns2:TrackPointExtension>
    </extensions>
   </trkpt>
   <trkpt lat="39.9707870" lon="-105.3024150">
    <ele>2166.4</ele>
    <time>2024-04-17T12:37:22Z</time>
    <extensions>
     <ns2:TrackPointExtension>
      <ns2:atemp>11</ns2:atemp>
      <ns2:hr>148</ns2:hr>
      <ns2:cad>91</ns2:cad>
     </ns2:TrackPointExtension>
    </extensions>
   </trkpt>
   <trkpt lat="39.9707330" lon="-105.3023020">
    <ele>2165.4</ele>
    <time>2024-04-17T12:37:26Z</time>
    <extensions>
     <ns2:TrackPointExtension>
      <ns2:atemp>11</ns2:atemp>
      <ns2:hr>148</ns2:hr>
      <ns2:cad>91</ns2:cad>
     </ns2:TrackPointExtension>
    </extensions>
   </trkpt>
   <trkpt lat="39.9707290" lon="-105.3022710">
    <ele>2165.2</ele>
    <time>2024-04-17T12:37:27Z</time>
    <extensions>
     <ns2:TrackPointExtension>
      <ns2:atemp>11</ns2:atemp>
      <ns2:hr>149</ns2:hr>
      <ns2:cad>89</ns2:cad>
     </ns2:TrackPointExtension>
    </extensions>
   </trkpt>
   <trkpt lat="39.9707340" lon="-105.3022390">
    <ele>2165.2</ele>
    <time>2024-04-17T12:37:28Z</time>
    <extensions>
     <ns2:TrackPointExtension>
      <ns2:atemp>11</ns2:atemp>
      <ns2:hr>149</ns2:hr>
      <ns2:cad>89</ns2:cad>
     </ns2:TrackPointExtension>
    </extensions>
   </trkpt>
   <trkpt lat="39.9707490" lon="-105.3021150">
    <ele>2164.2</ele>
    <time>2024-04-17T12:37:32Z</time>
    <extensions>
     <ns2:TrackPointExtension>
      <ns2:atemp>11</ns2:atemp>
      <ns2:hr>150</ns2:hr>
      <ns2:cad>86</ns2:cad>
     </ns2:TrackPointExtension>
    </extensions>
   </trkpt>
   <trkpt lat="39.9708090" lon="-105.3018950">
    <ele>2163.4</ele>
    <time>2024-04-17T12:37:39Z</time>
    <extensions>
     <ns2:TrackPointExtension>
      <ns2:atemp>11</ns2:atemp>
      <ns2:hr>151</ns2:hr>
      <ns2:cad>89</ns2:cad>
     </ns2:TrackPointExtension>
    </extensions>
   </trkpt>
   <trkpt lat="39.9708350" lon="-105.3018330">
    <ele>2163.2</ele>
    <time>2024-04-17T12:37:41Z</time>
    <extensions>
     <ns2:TrackPointExtension>
      <ns2:atemp>11</ns2:atemp>
      <ns2:hr>152</ns2:hr>
      <ns2:cad>90</ns2:cad>
     </ns2:TrackPointExtension>
    </extensions>
   </trkpt>
   <trkpt lat="39.9708630" lon="-105.3017280">
    <ele>2162.8</ele>
    <time>2024-04-17T12:37:46Z</time>
    <extensions>
     <ns2:TrackPointExtension>
      <ns2:atemp>11</ns2:atemp>
      <ns2:hr>153</ns2:hr>
      <ns2:cad>89</ns2:cad>
     </ns2:TrackPointExtension>
    </extensions>
   </trkpt>
   <trkpt lat="39.9709060" lon="-105.3016680">
    <ele>2162.2</ele>
    <time>2024-04-17T12:37:49Z</time>
    <extensions>
     <ns2:TrackPointExtension>
      <ns2:atemp>11</ns2:atemp>
      <ns2:hr>153</ns2:hr>
      <ns2:cad>88</ns2:cad>
     </ns2:TrackPointExtension>
    </extensions>
   </trkpt>
   <trkpt lat="39.9709330" lon="-105.3015700">
    <ele>2161.6</ele>
    <time>2024-04-17T12:37:52Z</time>
    <extensions>
     <ns2:TrackPointExtension>
      <ns2:atemp>11</ns2:atemp>
      <ns2:hr>154</ns2:hr>
      <ns2:cad>88</ns2:cad>
     </ns2:TrackPointExtension>
    </extensions>
   </trkpt>
   <trkpt lat="39.9709550" lon="-105.3014030">
    <ele>2161.0</ele>
    <time>2024-04-17T12:37:57Z</time>
    <extensions>
     <ns2:TrackPointExtension>
      <ns2:atemp>11</ns2:atemp>
      <ns2:hr>151</ns2:hr>
      <ns2:cad>88</ns2:cad>
     </ns2:TrackPointExtension>
    </extensions>
   </trkpt>
   <trkpt lat="39.9709590" lon="-105.3013100">
    <ele>2159.8</ele>
    <time>2024-04-17T12:38:00Z</time>
    <extensions>
     <ns2:TrackPointExtension>
      <ns2:atemp>11</ns2:atemp>
      <ns2:hr>150</ns2:hr>
      <ns2:cad>86</ns2:cad>
     </ns2:TrackPointExtension>
    </extensions>
   </trkpt>
   <trkpt lat="39.9709570" lon="-105.3012240">
    <ele>2158.2</ele>
    <time>2024-04-17T12:38:04Z</time>
    <extensions>
     <ns2:TrackPointExtension>
      <ns2:atemp>11</ns2:atemp>
      <ns2:hr>147</ns2:hr>
      <ns2:cad>93</ns2:cad>
     </ns2:TrackPointExtension>
    </extensions>
   </trkpt>
   <trkpt lat="39.9709390" lon="-105.3011480">
    <ele>2157.4</ele>
    <time>2024-04-17T12:38:07Z</time>
    <extensions>
     <ns2:TrackPointExtension>
      <ns2:atemp>11</ns2:atemp>
      <ns2:hr>144</ns2:hr>
      <ns2:cad>93</ns2:cad>
     </ns2:TrackPointExtension>
    </extensions>
   </trkpt>
   <trkpt lat="39.9709360" lon="-105.3011190">
    <ele>2157.2</ele>
    <time>2024-04-17T12:38:08Z</time>
    <extensions>
     <ns2:TrackPointExtension>
      <ns2:atemp>11</ns2:atemp>
      <ns2:hr>144</ns2:hr>
      <ns2:cad>93</ns2:cad>
     </ns2:TrackPointExtension>
    </extensions>
   </trkpt>
   <trkpt lat="39.9708850" lon="-105.3008900">
    <ele>2156.8</ele>
    <time>2024-04-17T12:38:16Z</time>
    <extensions>
     <ns2:TrackPointExtension>
      <ns2:atemp>11</ns2:atemp>
      <ns2:hr>142</ns2:hr>
      <ns2:cad>88</ns2:cad>
     </ns2:TrackPointExtension>
    </extensions>
   </trkpt>
   <trkpt lat="39.9708700" lon="-105.3007620">
    <ele>2156.2</ele>
    <time>2024-04-17T12:38:20Z</time>
    <extensions>
     <ns2:TrackPointExtension>
      <ns2:atemp>11</ns2:atemp>
      <ns2:hr>142</ns2:hr>
      <ns2:cad>89</ns2:cad>
     </ns2:TrackPointExtension>
    </extensions>
   </trkpt>
   <trkpt lat="39.9708560" lon="-105.3006480">
    <ele>2155.0</ele>
    <time>2024-04-17T12:38:23Z</time>
    <extensions>
     <ns2:TrackPointExtension>
      <ns2:atemp>11</ns2:atemp>
      <ns2:hr>141</ns2:hr>
      <ns2:cad>89</ns2:cad>
     </ns2:TrackPointExtension>
    </extensions>
   </trkpt>
   <trkpt lat="39.9708500" lon="-105.3006220">
    <ele>2154.8</ele>
    <time>2024-04-17T12:38:24Z</time>
    <extensions>
     <ns2:TrackPointExtension>
      <ns2:atemp>11</ns2:atemp>
      <ns2:hr>141</ns2:hr>
      <ns2:cad>89</ns2:cad>
     </ns2:TrackPointExtension>
    </extensions>
   </trkpt>
   <trkpt lat="39.9708280" lon="-105.3005160">
    <ele>2153.8</ele>
    <time>2024-04-17T12:38:28Z</time>
    <extensions>
     <ns2:TrackPointExtension>
      <ns2:atemp>11</ns2:atemp>
      <ns2:hr>140</ns2:hr>
      <ns2:cad>88</ns2:cad>
     </ns2:TrackPointExtension>
    </extensions>
   </trkpt>
   <trkpt lat="39.9708160" lon="-105.3005080">
    <ele>2153.4</ele>
    <time>2024-04-17T12:38:29Z</time>
    <extensions>
     <ns2:TrackPointExtension>
      <ns2:atemp>11</ns2:atemp>
      <ns2:hr>140</ns2:hr>
      <ns2:cad>88</ns2:cad>
     </ns2:TrackPointExtension>
    </extensions>
   </trkpt>
   <trkpt lat="39.9708020" lon="-105.3005120">
    <ele>2153.2</ele>
    <time>2024-04-17T12:38:30Z</time>
    <extensions>
     <ns2:TrackPointExtension>
      <ns2:atemp>11</ns2:atemp>
      <ns2:hr>143</ns2:hr>
      <ns2:cad>88</ns2:cad>
     </ns2:TrackPointExtension>
    </extensions>
   </trkpt>
   <trkpt lat="39.9707870" lon="-105.3005200">
    <ele>2152.8</ele>
    <time>2024-04-17T12:38:31Z</time>
    <extensions>
     <ns2:TrackPointExtension>
      <ns2:atemp>11</ns2:atemp>
      <ns2:hr>140</ns2:hr>
      <ns2:cad>88</ns2:cad>
     </ns2:TrackPointExtension>
    </extensions>
   </trkpt>
   <trkpt lat="39.9707610" lon="-105.3005420">
    <ele>2152.4</ele>
    <time>2024-04-17T12:38:32Z</time>
    <extensions>
     <ns2:TrackPointExtension>
      <ns2:atemp>11</ns2:atemp>
      <ns2:hr>140</ns2:hr>
      <ns2:cad>88</ns2:cad>
     </ns2:TrackPointExtension>
    </extensions>
   </trkpt>
   <trkpt lat="39.9707300" lon="-105.3006420">
    <ele>2151.6</ele>
    <time>2024-04-17T12:38:35Z</time>
    <extensions>
     <ns2:TrackPointExtension>
      <ns2:atemp>11</ns2:atemp>
      <ns2:hr>138</ns2:hr>
      <ns2:cad>88</ns2:cad>
     </ns2:TrackPointExtension>
    </extensions>
   </trkpt>
   <trkpt lat="39.9707400" lon="-105.3007330">
    <ele>2151.4</ele>
    <time>2024-04-17T12:38:38Z</time>
    <extensions>
     <ns2:TrackPointExtension>
      <ns2:atemp>11</ns2:atemp>
      <ns2:hr>141</ns2:hr>
      <ns2:cad>89</ns2:cad>
     </ns2:TrackPointExtension>
    </extensions>
   </trkpt>
   <trkpt lat="39.9707400" lon="-105.3007640">
    <ele>2151.4</ele>
    <time>2024-04-17T12:38:39Z</time>
    <extensions>
     <ns2:TrackPointExtension>
      <ns2:atemp>11</ns2:atemp>
      <ns2:hr>142</ns2:hr>
      <ns2:cad>89</ns2:cad>
     </ns2:TrackPointExtension>
    </extensions>
   </trkpt>
   <trkpt lat="39.9707350" lon="-105.3007910">
    <ele>2151.2</ele>
    <time>2024-04-17T12:38:40Z</time>
    <extensions>
     <ns2:TrackPointExtension>
      <ns2:atemp>11</ns2:atemp>
      <ns2:hr>139</ns2:hr>
      <ns2:cad>90</ns2:cad>
     </ns2:TrackPointExtension>
    </extensions>
   </trkpt>
   <trkpt lat="39.9707060" lon="-105.3008640">
    <ele>2150.8</ele>
    <time>2024-04-17T12:38:43Z</time>
    <extensions>
     <ns2:TrackPointExtension>
      <ns2:atemp>11</ns2:atemp>
      <ns2:hr>139</ns2:hr>
      <ns2:cad>89</ns2:cad>
     </ns2:TrackPointExtension>
    </extensions>
   </trkpt>
   <trkpt lat="39.9706900" lon="-105.3009470">
    <ele>2150.2</ele>
    <time>2024-04-17T12:38:46Z</time>
    <extensions>
     <ns2:TrackPointExtension>
      <ns2:atemp>11</ns2:atemp>
      <ns2:hr>141</ns2:hr>
      <ns2:cad>89</ns2:cad>
     </ns2:TrackPointExtension>
    </extensions>
   </trkpt>
   <trkpt lat="39.9706840" lon="-105.3010130">
    <ele>2150.0</ele>
    <time>2024-04-17T12:38:48Z</time>
    <extensions>
     <ns2:TrackPointExtension>
      <ns2:atemp>11</ns2:atemp>
      <ns2:hr>144</ns2:hr>
      <ns2:cad>92</ns2:cad>
     </ns2:TrackPointExtension>
    </extensions>
   </trkpt>
   <trkpt lat="39.9706930" lon="-105.3010870">
    <ele>2150.0</ele>
    <time>2024-04-17T12:38:51Z</time>
    <extensions>
     <ns2:TrackPointExtension>
      <ns2:atemp>11</ns2:atemp>
      <ns2:hr>141</ns2:hr>
      <ns2:cad>92</ns2:cad>
     </ns2:TrackPointExtension>
    </extensions>
   </trkpt>
   <trkpt lat="39.9706280" lon="-105.3012450">
    <ele>2149.4</ele>
    <time>2024-04-17T12:38:57Z</time>
    <extensions>
     <ns2:TrackPointExtension>
      <ns2:atemp>11</ns2:atemp>
      <ns2:hr>141</ns2:hr>
      <ns2:cad>90</ns2:cad>
     </ns2:TrackPointExtension>
    </extensions>
   </trkpt>
   <trkpt lat="39.9706120" lon="-105.3012710">
    <ele>2149.2</ele>
    <time>2024-04-17T12:38:58Z</time>
    <extensions>
     <ns2:TrackPointExtension>
      <ns2:atemp>11</ns2:atemp>
      <ns2:hr>141</ns2:hr>
      <ns2:cad>90</ns2:cad>
     </ns2:TrackPointExtension>
    </extensions>
   </trkpt>
   <trkpt lat="39.9705930" lon="-105.3014870">
    <ele>2148.2</ele>
    <time>2024-04-17T12:39:03Z</time>
    <extensions>
     <ns2:TrackPointExtension>
      <ns2:atemp>11</ns2:atemp>
      <ns2:hr>144</ns2:hr>
      <ns2:cad>86</ns2:cad>
     </ns2:TrackPointExtension>
    </extensions>
   </trkpt>
   <trkpt lat="39.9705850" lon="-105.3015120">
    <ele>2148.0</ele>
    <time>2024-04-17T12:39:04Z</time>
    <extensions>
     <ns2:TrackPointExtension>
      <ns2:atemp>11</ns2:atemp>
      <ns2:hr>144</ns2:hr>
      <ns2:cad>86</ns2:cad>
     </ns2:TrackPointExtension>
    </extensions>
   </trkpt>
   <trkpt lat="39.9705460" lon="-105.3015380">
    <ele>2147.8</ele>
    <time>2024-04-17T12:39:07Z</time>
    <extensions>
     <ns2:TrackPointExtension>
      <ns2:atemp>11</ns2:atemp>
      <ns2:hr>143</ns2:hr>
      <ns2:cad>89</ns2:cad>
     </ns2:TrackPointExtension>
    </extensions>
   </trkpt>
   <trkpt lat="39.9705380" lon="-105.3015540">
    <ele>2147.8</ele>
    <time>2024-04-17T12:39:08Z</time>
    <extensions>
     <ns2:TrackPointExtension>
      <ns2:atemp>11</ns2:atemp>
      <ns2:hr>143</ns2:hr>
      <ns2:cad>89</ns2:cad>
     </ns2:TrackPointExtension>
    </extensions>
   </trkpt>
   <trkpt lat="39.9705040" lon="-105.3016350">
    <ele>2146.8</ele>
    <time>2024-04-17T12:39:11Z</time>
    <extensions>
     <ns2:TrackPointExtension>
      <ns2:atemp>11</ns2:atemp>
      <ns2:hr>144</ns2:hr>
      <ns2:cad>87</ns2:cad>
     </ns2:TrackPointExtension>
    </extensions>
   </trkpt>
   <trkpt lat="39.9704570" lon="-105.3017080">
    <ele>2146.4</ele>
    <time>2024-04-17T12:39:14Z</time>
    <extensions>
     <ns2:TrackPointExtension>
      <ns2:atemp>11</ns2:atemp>
      <ns2:hr>145</ns2:hr>
      <ns2:cad>93</ns2:cad>
     </ns2:TrackPointExtension>
    </extensions>
   </trkpt>
   <trkpt lat="39.9704320" lon="-105.3017530">
    <ele>2145.8</ele>
    <time>2024-04-17T12:39:16Z</time>
    <extensions>
     <ns2:TrackPointExtension>
      <ns2:atemp>11</ns2:atemp>
      <ns2:hr>145</ns2:hr>
      <ns2:cad>93</ns2:cad>
     </ns2:TrackPointExtension>
    </extensions>
   </trkpt>
   <trkpt lat="39.9703370" lon="-105.3018840">
    <ele>2144.8</ele>
    <time>2024-04-17T12:39:21Z</time>
    <extensions>
     <ns2:TrackPointExtension>
      <ns2:atemp>11</ns2:atemp>
      <ns2:hr>146</ns2:hr>
      <ns2:cad>88</ns2:cad>
     </ns2:TrackPointExtension>
    </extensions>
   </trkpt>
   <trkpt lat="39.9702870" lon="-105.3020200">
    <ele>2144.4</ele>
    <time>2024-04-17T12:39:26Z</time>
    <extensions>
     <ns2:TrackPointExtension>
      <ns2:atemp>11</ns2:atemp>
      <ns2:hr>148</ns2:hr>
      <ns2:cad>95</ns2:cad>
     </ns2:TrackPointExtension>
    </extensions>
   </trkpt>
   <trkpt lat="39.9702350" lon="-105.3021810">
    <ele>2144.6</ele>
    <time>2024-04-17T12:39:32Z</time>
    <extensions>
     <ns2:TrackPointExtension>
      <ns2:atemp>11</ns2:atemp>
      <ns2:hr>145</ns2:hr>
      <ns2:cad>91</ns2:cad>
     </ns2:TrackPointExtension>
    </extensions>
   </trkpt>
   <trkpt lat="39.9702170" lon="-105.3022790">
    <ele>2144.6</ele>
    <time>2024-04-17T12:39:35Z</time>
    <extensions>
     <ns2:TrackPointExtension>
      <ns2:atemp>10</ns2:atemp>
      <ns2:hr>143</ns2:hr>
      <ns2:cad>91</ns2:cad>
     </ns2:TrackPointExtension>
    </extensions>
   </trkpt>
   <trkpt lat="39.9701870" lon="-105.3024690">
    <ele>2144.0</ele>
    <time>2024-04-17T12:39:41Z</time>
    <extensions>
     <ns2:TrackPointExtension>
      <ns2:atemp>10</ns2:atemp>
      <ns2:hr>140</ns2:hr>
      <ns2:cad>90</ns2:cad>
     </ns2:TrackPointExtension>
    </extensions>
   </trkpt>
   <trkpt lat="39.9701890" lon="-105.3025330">
    <ele>2143.6</ele>
    <time>2024-04-17T12:39:43Z</time>
    <extensions>
     <ns2:TrackPointExtension>
      <ns2:atemp>10</ns2:atemp>
      <ns2:hr>140</ns2:hr>
      <ns2:cad>89</ns2:cad>
     </ns2:TrackPointExtension>
    </extensions>
   </trkpt>
   <trkpt lat="39.9701940" lon="-105.3025690">
    <ele>2143.4</ele>
    <time>2024-04-17T12:39:44Z</time>
    <extensions>
     <ns2:TrackPointExtension>
      <ns2:atemp>10</ns2:atemp>
      <ns2:hr>139</ns2:hr>
      <ns2:cad>89</ns2:cad>
     </ns2:TrackPointExtension>
    </extensions>
   </trkpt>
   <trkpt lat="39.9701880" lon="-105.3027390">
    <ele>2142.4</ele>
    <time>2024-04-17T12:39:50Z</time>
    <extensions>
     <ns2:TrackPointExtension>
      <ns2:atemp>10</ns2:atemp>
      <ns2:hr>141</ns2:hr>
      <ns2:cad>87</ns2:cad>
     </ns2:TrackPointExtension>
    </extensions>
   </trkpt>
   <trkpt lat="39.9701920" lon="-105.3027450">
    <ele>2142.0</ele>
    <time>2024-04-17T12:39:51Z</time>
    <extensions>
     <ns2:TrackPointExtension>
      <ns2:atemp>10</ns2:atemp>
      <ns2:hr>141</ns2:hr>
      <ns2:cad>88</ns2:cad>
     </ns2:TrackPointExtension>
    </extensions>
   </trkpt>
   <trkpt lat="39.9702020" lon="-105.3027110">
    <ele>2141.2</ele>
    <time>2024-04-17T12:39:53Z</time>
    <extensions>
     <ns2:TrackPointExtension>
      <ns2:atemp>10</ns2:atemp>
      <ns2:hr>143</ns2:hr>
      <ns2:cad>88</ns2:cad>
     </ns2:TrackPointExtension>
    </extensions>
   </trkpt>
   <trkpt lat="39.9702050" lon="-105.3026820">
    <ele>2141.2</ele>
    <time>2024-04-17T12:39:54Z</time>
    <extensions>
     <ns2:TrackPointExtension>
      <ns2:atemp>10</ns2:atemp>
      <ns2:hr>143</ns2:hr>
      <ns2:cad>88</ns2:cad>
     </ns2:TrackPointExtension>
    </extensions>
   </trkpt>
   <trkpt lat="39.9702040" lon="-105.3025460">
    <ele>2140.2</ele>
    <time>2024-04-17T12:39:58Z</time>
    <extensions>
     <ns2:TrackPointExtension>
      <ns2:atemp>10</ns2:atemp>
      <ns2:hr>143</ns2:hr>
      <ns2:cad>85</ns2:cad>
     </ns2:TrackPointExtension>
    </extensions>
   </trkpt>
   <trkpt lat="39.9702080" lon="-105.3024290">
    <ele>2139.4</ele>
    <time>2024-04-17T12:40:02Z</time>
    <extensions>
     <ns2:TrackPointExtension>
      <ns2:atemp>10</ns2:atemp>
      <ns2:hr>143</ns2:hr>
      <ns2:cad>44</ns2:cad>
     </ns2:TrackPointExtension>
    </extensions>
   </trkpt>
   <trkpt lat="39.9702030" lon="-105.3023750">
    <ele>2139.0</ele>
    <time>2024-04-17T12:40:04Z</time>
    <extensions>
     <ns2:TrackPointExtension>
      <ns2:atemp>10</ns2:atemp>
      <ns2:hr>145</ns2:hr>
      <ns2:cad>44</ns2:cad>
     </ns2:TrackPointExtension>
    </extensions>
   </trkpt>
   <trkpt lat="39.9702100" lon="-105.3022950">
    <ele>2138.2</ele>
    <time>2024-04-17T12:40:07Z</time>
    <extensions>
     <ns2:TrackPointExtension>
      <ns2:atemp>10</ns2:atemp>
      <ns2:hr>146</ns2:hr>
      <ns2:cad>94</ns2:cad>
     </ns2:TrackPointExtension>
    </extensions>
   </trkpt>
   <trkpt lat="39.9702250" lon="-105.3022750">
    <ele>2138.2</ele>
    <time>2024-04-17T12:40:08Z</time>
    <extensions>
     <ns2:TrackPointExtension>
      <ns2:atemp>10</ns2:atemp>
      <ns2:hr>147</ns2:hr>
      <ns2:cad>94</ns2:cad>
     </ns2:TrackPointExtension>
    </extensions>
   </trkpt>
   <trkpt lat="39.9702920" lon="-105.3021600">
    <ele>2138.2</ele>
    <time>2024-04-17T12:40:12Z</time>
    <extensions>
     <ns2:TrackPointExtension>
      <ns2:atemp>10</ns2:atemp>
      <ns2:hr>150</ns2:hr>
      <ns2:cad>92</ns2:cad>
     </ns2:TrackPointExtension>
    </extensions>
   </trkpt>
   <trkpt lat="39.9702940" lon="-105.3021270">
    <ele>2138.2</ele>
    <time>2024-04-17T12:40:13Z</time>
    <extensions>
     <ns2:TrackPointExtension>
      <ns2:atemp>10</ns2:atemp>
      <ns2:hr>149</ns2:hr>
      <ns2:cad>92</ns2:cad>
     </ns2:TrackPointExtension>
    </extensions>
   </trkpt>
   <trkpt lat="39.9702920" lon="-105.3020610">
    <ele>2137.8</ele>
    <time>2024-04-17T12:40:15Z</time>
    <extensions>
     <ns2:TrackPointExtension>
      <ns2:atemp>10</ns2:atemp>
      <ns2:hr>149</ns2:hr>
      <ns2:cad>90</ns2:cad>
     </ns2:TrackPointExtension>
    </extensions>
   </trkpt>
   <trkpt lat="39.9703060" lon="-105.3019770">
    <ele>2136.8</ele>
    <time>2024-04-17T12:40:18Z</time>
    <extensions>
     <ns2:TrackPointExtension>
      <ns2:atemp>10</ns2:atemp>
      <ns2:hr>148</ns2:hr>
      <ns2:cad>90</ns2:cad>
     </ns2:TrackPointExtension>
    </extensions>
   </trkpt>
   <trkpt lat="39.9703160" lon="-105.3019520">
    <ele>2136.4</ele>
    <time>2024-04-17T12:40:19Z</time>
    <extensions>
     <ns2:TrackPointExtension>
      <ns2:atemp>10</ns2:atemp>
      <ns2:hr>149</ns2:hr>
      <ns2:cad>90</ns2:cad>
     </ns2:TrackPointExtension>
    </extensions>
   </trkpt>
   <trkpt lat="39.9703430" lon="-105.3018960">
    <ele>2136.2</ele>
    <time>2024-04-17T12:40:21Z</time>
    <extensions>
     <ns2:TrackPointExtension>
      <ns2:atemp>10</ns2:atemp>
      <ns2:hr>153</ns2:hr>
      <ns2:cad>90</ns2:cad>
     </ns2:TrackPointExtension>
    </extensions>
   </trkpt>
   <trkpt lat="39.9703700" lon="-105.3017830">
    <ele>2136.0</ele>
    <time>2024-04-17T12:40:25Z</time>
    <extensions>
     <ns2:TrackPointExtension>
      <ns2:atemp>10</ns2:atemp>
      <ns2:hr>151</ns2:hr>
      <ns2:cad>87</ns2:cad>
     </ns2:TrackPointExtension>
    </extensions>
   </trkpt>
   <trkpt lat="39.9703930" lon="-105.3017180">
    <ele>2135.8</ele>
    <time>2024-04-17T12:40:27Z</time>
    <extensions>
     <ns2:TrackPointExtension>
      <ns2:atemp>10</ns2:atemp>
      <ns2:hr>147</ns2:hr>
      <ns2:cad>87</ns2:cad>
     </ns2:TrackPointExtension>
    </extensions>
   </trkpt>
   <trkpt lat="39.9704070" lon="-105.3016880">
    <ele>2135.6</ele>
    <time>2024-04-17T12:40:28Z</time>
    <extensions>
     <ns2:TrackPointExtension>
      <ns2:atemp>10</ns2:atemp>
      <ns2:hr>147</ns2:hr>
      <ns2:cad>87</ns2:cad>
     </ns2:TrackPointExtension>
    </extensions>
   </trkpt>
   <trkpt lat="39.9704680" lon="-105.3015710">
    <ele>2135.2</ele>
    <time>2024-04-17T12:40:32Z</time>
    <extensions>
     <ns2:TrackPointExtension>
      <ns2:atemp>10</ns2:atemp>
      <ns2:hr>150</ns2:hr>
      <ns2:cad>87</ns2:cad>
     </ns2:TrackPointExtension>
    </extensions>
   </trkpt>
   <trkpt lat="39.9704860" lon="-105.3015160">
    <ele>2134.4</ele>
    <time>2024-04-17T12:40:35Z</time>
    <extensions>
     <ns2:TrackPointExtension>
      <ns2:atemp>10</ns2:atemp>
      <ns2:hr>148</ns2:hr>
      <ns2:cad>86</ns2:cad>
     </ns2:TrackPointExtension>
    </extensions>
   </trkpt>
   <trkpt lat="39.9705050" lon="-105.3014770">
    <ele>2133.6</ele>
    <time>2024-04-17T12:40:37Z</time>
    <extensions>
     <ns2:TrackPointExtension>
      <ns2:atemp>10</ns2:atemp>
      <ns2:hr>150</ns2:hr>
      <ns2:cad>86</ns2:cad>
     </ns2:TrackPointExtension>
    </extensions>
   </trkpt>
   <trkpt lat="39.9705160" lon="-105.3014530">
    <ele>2133.4</ele>
    <time>2024-04-17T12:40:38Z</time>
    <extensions>
     <ns2:TrackPointExtension>
      <ns2:atemp>10</ns2:atemp>
      <ns2:hr>151</ns2:hr>
      <ns2:cad>86</ns2:cad>
     </ns2:TrackPointExtension>
    </extensions>
   </trkpt>
   <trkpt lat="39.9705290" lon="-105.3013160">
    <ele>2132.8</ele>
    <time>2024-04-17T12:40:42Z</time>
    <extensions>
     <ns2:TrackPointExtension>
      <ns2:atemp>10</ns2:atemp>
      <ns2:hr>154</ns2:hr>
      <ns2:cad>91</ns2:cad>
     </ns2:TrackPointExtension>
    </extensions>
   </trkpt>
   <trkpt lat="39.9705310" lon="-105.3012750">
    <ele>2132.8</ele>
    <time>2024-04-17T12:40:43Z</time>
    <extensions>
     <ns2:TrackPointExtension>
      <ns2:atemp>10</ns2:atemp>
      <ns2:hr>154</ns2:hr>
      <ns2:cad>91</ns2:cad>
     </ns2:TrackPointExtension>
    </extensions>
   </trkpt>
   <trkpt lat="39.9705350" lon="-105.3011060">
    <ele>2132.2</ele>
    <time>2024-04-17T12:40:47Z</time>
    <extensions>
     <ns2:TrackPointExtension>
      <ns2:atemp>10</ns2:atemp>
      <ns2:hr>154</ns2:hr>
      <ns2:cad>87</ns2:cad>
     </ns2:TrackPointExtension>
    </extensions>
   </trkpt>
   <trkpt lat="39.9705170" lon="-105.3010170">
    <ele>2131.4</ele>
    <time>2024-04-17T12:40:50Z</time>
    <extensions>
     <ns2:TrackPointExtension>
      <ns2:atemp>10</ns2:atemp>
      <ns2:hr>154</ns2:hr>
      <ns2:cad>44</ns2:cad>
     </ns2:TrackPointExtension>
    </extensions>
   </trkpt>
   <trkpt lat="39.9704980" lon="-105.3010030">
    <ele>2131.2</ele>
    <time>2024-04-17T12:40:51Z</time>
    <extensions>
     <ns2:TrackPointExtension>
      <ns2:atemp>10</ns2:atemp>
      <ns2:hr>153</ns2:hr>
      <ns2:cad>44</ns2:cad>
     </ns2:TrackPointExtension>
    </extensions>
   </trkpt>
   <trkpt lat="39.9704770" lon="-105.3010000">
    <ele>2130.8</ele>
    <time>2024-04-17T12:40:52Z</time>
    <extensions>
     <ns2:TrackPointExtension>
      <ns2:atemp>10</ns2:atemp>
      <ns2:hr>154</ns2:hr>
      <ns2:cad>90</ns2:cad>
     </ns2:TrackPointExtension>
    </extensions>
   </trkpt>
   <trkpt lat="39.9704590" lon="-105.3010120">
    <ele>2130.4</ele>
    <time>2024-04-17T12:40:53Z</time>
    <extensions>
     <ns2:TrackPointExtension>
      <ns2:atemp>10</ns2:atemp>
      <ns2:hr>154</ns2:hr>
      <ns2:cad>90</ns2:cad>
     </ns2:TrackPointExtension>
    </extensions>
   </trkpt>
   <trkpt lat="39.9704280" lon="-105.3010880">
    <ele>2129.6</ele>
    <time>2024-04-17T12:40:56Z</time>
    <extensions>
     <ns2:TrackPointExtension>
      <ns2:atemp>10</ns2:atemp>
      <ns2:hr>155</ns2:hr>
      <ns2:cad>90</ns2:cad>
     </ns2:TrackPointExtension>
    </extensions>
   </trkpt>
   <trkpt lat="39.9704120" lon="-105.3011400">
    <ele>2129.0</ele>
    <time>2024-04-17T12:40:58Z</time>
    <extensions>
     <ns2:TrackPointExtension>
      <ns2:atemp>10</ns2:atemp>
      <ns2:hr>156</ns2:hr>
      <ns2:cad>90</ns2:cad>
     </ns2:TrackPointExtension>
    </extensions>
   </trkpt>
   <trkpt lat="39.9703770" lon="-105.3012560">
    <ele>2128.6</ele>
    <time>2024-04-17T12:41:02Z</time>
    <extensions>
     <ns2:TrackPointExtension>
      <ns2:atemp>10</ns2:atemp>
      <ns2:hr>154</ns2:hr>
      <ns2:cad>92</ns2:cad>
     </ns2:TrackPointExtension>
    </extensions>
   </trkpt>
   <trkpt lat="39.9703620" lon="-105.3012910">
    <ele>2128.4</ele>
    <time>2024-04-17T12:41:03Z</time>
    <extensions>
     <ns2:TrackPointExtension>
      <ns2:atemp>10</ns2:atemp>
      <ns2:hr>155</ns2:hr>
      <ns2:cad>89</ns2:cad>
     </ns2:TrackPointExtension>
    </extensions>
   </trkpt>
   <trkpt lat="39.9703380" lon="-105.3013100">
    <ele>2128.4</ele>
    <time>2024-04-17T12:41:04Z</time>
    <extensions>
     <ns2:TrackPointExtension>
      <ns2:atemp>10</ns2:atemp>
      <ns2:hr>155</ns2:hr>
      <ns2:cad>88</ns2:cad>
     </ns2:TrackPointExtension>
    </extensions>
   </trkpt>
   <trkpt lat="39.9702530" lon="-105.3014320">
    <ele>2128.0</ele>
    <time>2024-04-17T12:41:09Z</time>
    <extensions>
     <ns2:TrackPointExtension>
      <ns2:atemp>10</ns2:atemp>
      <ns2:hr>158</ns2:hr>
      <ns2:cad>88</ns2:cad>
     </ns2:TrackPointExtension>
    </extensions>
   </trkpt>
   <trkpt lat="39.9702320" lon="-105.3014620">
    <ele>2127.4</ele>
    <time>2024-04-17T12:41:10Z</time>
    <extensions>
     <ns2:TrackPointExtension>
      <ns2:atemp>10</ns2:atemp>
      <ns2:hr>156</ns2:hr>
      <ns2:cad>88</ns2:cad>
     </ns2:TrackPointExtension>
    </extensions>
   </trkpt>
   <trkpt lat="39.9702090" lon="-105.3014880">
    <ele>2127.0</ele>
    <time>2024-04-17T12:41:11Z</time>
    <extensions>
     <ns2:TrackPointExtension>
      <ns2:atemp>10</ns2:atemp>
      <ns2:hr>157</ns2:hr>
      <ns2:cad>88</ns2:cad>
     </ns2:TrackPointExtension>
    </extensions>
   </trkpt>
   <trkpt lat="39.9701280" lon="-105.3015870">
    <ele>2126.0</ele>
    <time>2024-04-17T12:41:15Z</time>
    <extensions>
     <ns2:TrackPointExtension>
      <ns2:atemp>10</ns2:atemp>
      <ns2:hr>156</ns2:hr>
      <ns2:cad>90</ns2:cad>
     </ns2:TrackPointExtension>
    </extensions>
   </trkpt>
   <trkpt lat="39.9700850" lon="-105.3016350">
    <ele>2125.2</ele>
    <time>2024-04-17T12:41:17Z</time>
    <extensions>
     <ns2:TrackPointExtension>
      <ns2:atemp>10</ns2:atemp>
      <ns2:hr>156</ns2:hr>
      <ns2:cad>89</ns2:cad>
     </ns2:TrackPointExtension>
    </extensions>
   </trkpt>
   <trkpt lat="39.9700540" lon="-105.3016810">
    <ele>2124.6</ele>
    <time>2024-04-17T12:41:19Z</time>
    <extensions>
     <ns2:TrackPointExtension>
      <ns2:atemp>10</ns2:atemp>
      <ns2:hr>154</ns2:hr>
      <ns2:cad>89</ns2:cad>
     </ns2:TrackPointExtension>
    </extensions>
   </trkpt>
   <trkpt lat="39.9700280" lon="-105.3017440">
    <ele>2123.4</ele>
    <time>2024-04-17T12:41:23Z</time>
    <extensions>
     <ns2:TrackPointExtension>
      <ns2:atemp>10</ns2:atemp>
      <ns2:hr>153</ns2:hr>
      <ns2:cad>45</ns2:cad>
     </ns2:TrackPointExtension>
    </extensions>
   </trkpt>
   <trkpt lat="39.9700590" lon="-105.3017160">
    <ele>2122.8</ele>
    <time>2024-04-17T12:41:26Z</time>
    <extensions>
     <ns2:TrackPointExtension>
      <ns2:atemp>10</ns2:atemp>
      <ns2:hr>153</ns2:hr>
      <ns2:cad>45</ns2:cad>
     </ns2:TrackPointExtension>
    </extensions>
   </trkpt>
   <trkpt lat="39.9700980" lon="-105.3016450">
    <ele>2122.2</ele>
    <time>2024-04-17T12:41:29Z</time>
    <extensions>
     <ns2:TrackPointExtension>
      <ns2:atemp>10</ns2:atemp>
      <ns2:hr>152</ns2:hr>
      <ns2:cad>45</ns2:cad>
     </ns2:TrackPointExtension>
    </extensions>
   </trkpt>
   <trkpt lat="39.9701270" lon="-105.3015740">
    <ele>2121.8</ele>
    <time>2024-04-17T12:41:31Z</time>
    <extensions>
     <ns2:TrackPointExtension>
      <ns2:atemp>10</ns2:atemp>
      <ns2:hr>150</ns2:hr>
      <ns2:cad>88</ns2:cad>
     </ns2:TrackPointExtension>
    </extensions>
   </trkpt>
   <trkpt lat="39.9701740" lon="-105.3014300">
    <ele>2121.2</ele>
    <time>2024-04-17T12:41:36Z</time>
    <extensions>
     <ns2:TrackPointExtension>
      <ns2:atemp>10</ns2:atemp>
      <ns2:hr>149</ns2:hr>
      <ns2:cad>88</ns2:cad>
     </ns2:TrackPointExtension>
    </extensions>
   </trkpt>
   <trkpt lat="39.9701940" lon="-105.3013980">
    <ele>2121.2</ele>
    <time>2024-04-17T12:41:37Z</time>
    <extensions>
     <ns2:TrackPointExtension>
      <ns2:atemp>10</ns2:atemp>
      <ns2:hr>149</ns2:hr>
      <ns2:cad>88</ns2:cad>
     </ns2:TrackPointExtension>
    </extensions>
   </trkpt>
   <trkpt lat="39.9702430" lon="-105.3012430">
    <ele>2121.2</ele>
    <time>2024-04-17T12:41:43Z</time>
    <extensions>
     <ns2:TrackPointExtension>
      <ns2:atemp>10</ns2:atemp>
      <ns2:hr>150</ns2:hr>
      <ns2:cad>90</ns2:cad>
     </ns2:TrackPointExtension>
    </extensions>
   </trkpt>
   <trkpt lat="39.9702630" lon="-105.3010770">
    <ele>2120.4</ele>
    <time>2024-04-17T12:41:49Z</time>
    <extensions>
     <ns2:TrackPointExtension>
      <ns2:atemp>10</ns2:atemp>
      <ns2:hr>150</ns2:hr>
      <ns2:cad>90</ns2:cad>
     </ns2:TrackPointExtension>
    </extensions>
   </trkpt>
   <trkpt lat="39.9702770" lon="-105.3010140">
    <ele>2120.2</ele>
    <time>2024-04-17T12:41:51Z</time>
    <extensions>
     <ns2:TrackPointExtension>
      <ns2:atemp>10</ns2:atemp>
      <ns2:hr>150</ns2:hr>
      <ns2:cad>90</ns2:cad>
     </ns2:TrackPointExtension>
    </extensions>
   </trkpt>
   <trkpt lat="39.9702880" lon="-105.3008750">
    <ele>2119.2</ele>
    <time>2024-04-17T12:41:56Z</time>
    <extensions>
     <ns2:TrackPointExtension>
      <ns2:atemp>10</ns2:atemp>
      <ns2:hr>151</ns2:hr>
      <ns2:cad>86</ns2:cad>
     </ns2:TrackPointExtension>
    </extensions>
   </trkpt>
   <trkpt lat="39.9702890" lon="-105.3008100">
    <ele>2118.6</ele>
    <time>2024-04-17T12:41:58Z</time>
    <extensions>
     <ns2:TrackPointExtension>
      <ns2:atemp>10</ns2:atemp>
      <ns2:hr>151</ns2:hr>
      <ns2:cad>88</ns2:cad>
     </ns2:TrackPointExtension>
    </extensions>
   </trkpt>
   <trkpt lat="39.9702870" lon="-105.3007530">
    <ele>2118.0</ele>
    <time>2024-04-17T12:42:00Z</time>
    <extensions>
     <ns2:TrackPointExtension>
      <ns2:atemp>10</ns2:atemp>
      <ns2:hr>151</ns2:hr>
      <ns2:cad>44</ns2:cad>
     </ns2:TrackPointExtension>
    </extensions>
   </trkpt>
   <trkpt lat="39.9702600" lon="-105.3006390">
    <ele>2117.0</ele>
    <time>2024-04-17T12:42:04Z</time>
    <extensions>
     <ns2:TrackPointExtension>
      <ns2:atemp>10</ns2:atemp>
      <ns2:hr>151</ns2:hr>
      <ns2:cad>90</ns2:cad>
     </ns2:TrackPointExtension>
    </extensions>
   </trkpt>
   <trkpt lat="39.9702560" lon="-105.3005870">
    <ele>2116.2</ele>
    <time>2024-04-17T12:42:06Z</time>
    <extensions>
     <ns2:TrackPointExtension>
      <ns2:atemp>10</ns2:atemp>
      <ns2:hr>152</ns2:hr>
      <ns2:cad>87</ns2:cad>
     </ns2:TrackPointExtension>
    </extensions>
   </trkpt>
   <trkpt lat="39.9702510" lon="-105.3005550">
    <ele>2115.6</ele>
    <time>2024-04-17T12:42:08Z</time>
    <extensions>
     <ns2:TrackPointExtension>
      <ns2:atemp>10</ns2:atemp>
      <ns2:hr>152</ns2:hr>
      <ns2:cad>87</ns2:cad>
     </ns2:TrackPointExtension>
    </extensions>
   </trkpt>
   <trkpt lat="39.9702090" lon="-105.3004080">
    <ele>2114.2</ele>
    <time>2024-04-17T12:42:12Z</time>
    <extensions>
     <ns2:TrackPointExtension>
      <ns2:atemp>10</ns2:atemp>
      <ns2:hr>151</ns2:hr>
      <ns2:cad>92</ns2:cad>
     </ns2:TrackPointExtension>
    </extensions>
   </trkpt>
   <trkpt lat="39.9701970" lon="-105.3003210">
    <ele>2113.8</ele>
    <time>2024-04-17T12:42:15Z</time>
    <extensions>
     <ns2:TrackPointExtension>
      <ns2:atemp>10</ns2:atemp>
      <ns2:hr>151</ns2:hr>
      <ns2:cad>87</ns2:cad>
     </ns2:TrackPointExtension>
    </extensions>
   </trkpt>
   <trkpt lat="39.9702120" lon="-105.3001380">
    <ele>2114.4</ele>
    <time>2024-04-17T12:42:22Z</time>
    <extensions>
     <ns2:TrackPointExtension>
      <ns2:atemp>10</ns2:atemp>
      <ns2:hr>149</ns2:hr>
      <ns2:cad>82</ns2:cad>
     </ns2:TrackPointExtension>
    </extensions>
   </trkpt>
   <trkpt lat="39.9701930" lon="-105.3001240">
    <ele>2114.4</ele>
    <time>2024-04-17T12:42:23Z</time>
    <extensions>
     <ns2:TrackPointExtension>
      <ns2:atemp>10</ns2:atemp>
      <ns2:hr>149</ns2:hr>
      <ns2:cad>82</ns2:cad>
     </ns2:TrackPointExtension>
    </extensions>
   </trkpt>
   <trkpt lat="39.9701270" lon="-105.3000940">
    <ele>2114.0</ele>
    <time>2024-04-17T12:42:26Z</time>
    <extensions>
     <ns2:TrackPointExtension>
      <ns2:atemp>10</ns2:atemp>
      <ns2:hr>147</ns2:hr>
      <ns2:cad>86</ns2:cad>
     </ns2:TrackPointExtension>
    </extensions>
   </trkpt>
   <trkpt lat="39.9700990" lon="-105.3000420">
    <ele>2113.2</ele>
    <time>2024-04-17T12:42:29Z</time>
    <extensions>
     <ns2:TrackPointExtension>
      <ns2:atemp>10</ns2:atemp>
      <ns2:hr>148</ns2:hr>
      <ns2:cad>43</ns2:cad>
     </ns2:TrackPointExtension>
    </extensions>
   </trkpt>
   <trkpt lat="39.9700590" lon="-105.2999440">
    <ele>2112.2</ele>
    <time>2024-04-17T12:42:34Z</time>
    <extensions>
     <ns2:TrackPointExtension>
      <ns2:atemp>10</ns2:atemp>
      <ns2:hr>148</ns2:hr>
      <ns2:cad>43</ns2:cad>
     </ns2:TrackPointExtension>
    </extensions>
   </trkpt>
   <trkpt lat="39.9700550" lon="-105.2999210">
    <ele>2111.8</ele>
    <time>2024-04-17T12:42:35Z</time>
    <extensions>
     <ns2:TrackPointExtension>
      <ns2:atemp>10</ns2:atemp>
      <ns2:hr>148</ns2:hr>
      <ns2:cad>43</ns2:cad>
     </ns2:TrackPointExtension>
    </extensions>
   </trkpt>
   <trkpt lat="39.9700260" lon="-105.2998440">
    <ele>2110.6</ele>
    <time>2024-04-17T12:42:39Z</time>
    <extensions>
     <ns2:TrackPointExtension>
      <ns2:atemp>10</ns2:atemp>
      <ns2:hr>146</ns2:hr>
      <ns2:cad>43</ns2:cad>
     </ns2:TrackPointExtension>
    </extensions>
   </trkpt>
   <trkpt lat="39.9700060" lon="-105.2997940">
    <ele>2109.8</ele>
    <time>2024-04-17T12:42:42Z</time>
    <extensions>
     <ns2:TrackPointExtension>
      <ns2:atemp>10</ns2:atemp>
      <ns2:hr>145</ns2:hr>
      <ns2:cad>43</ns2:cad>
     </ns2:TrackPointExtension>
    </extensions>
   </trkpt>
   <trkpt lat="39.9699960" lon="-105.2997810">
    <ele>2109.2</ele>
    <time>2024-04-17T12:42:43Z</time>
    <extensions>
     <ns2:TrackPointExtension>
      <ns2:atemp>10</ns2:atemp>
      <ns2:hr>145</ns2:hr>
      <ns2:cad>43</ns2:cad>
     </ns2:TrackPointExtension>
    </extensions>
   </trkpt>
   <trkpt lat="39.9699680" lon="-105.2997240">
    <ele>2108.0</ele>
    <time>2024-04-17T12:42:46Z</time>
    <extensions>
     <ns2:TrackPointExtension>
      <ns2:atemp>10</ns2:atemp>
      <ns2:hr>145</ns2:hr>
      <ns2:cad>43</ns2:cad>
     </ns2:TrackPointExtension>
    </extensions>
   </trkpt>
   <trkpt lat="39.9699110" lon="-105.2996340">
    <ele>2107.2</ele>
    <time>2024-04-17T12:42:51Z</time>
    <extensions>
     <ns2:TrackPointExtension>
      <ns2:atemp>10</ns2:atemp>
      <ns2:hr>146</ns2:hr>
      <ns2:cad>87</ns2:cad>
     </ns2:TrackPointExtension>
    </extensions>
   </trkpt>
   <trkpt lat="39.9698830" lon="-105.2995960">
    <ele>2107.0</ele>
    <time>2024-04-17T12:42:53Z</time>
    <extensions>
     <ns2:TrackPointExtension>
      <ns2:atemp>10</ns2:atemp>
      <ns2:hr>146</ns2:hr>
      <ns2:cad>87</ns2:cad>
     </ns2:TrackPointExtension>
    </extensions>
   </trkpt>
   <trkpt lat="39.9698430" lon="-105.2995380">
    <ele>2106.0</ele>
    <time>2024-04-17T12:42:56Z</time>
    <extensions>
     <ns2:TrackPointExtension>
      <ns2:atemp>10</ns2:atemp>
      <ns2:hr>145</ns2:hr>
      <ns2:cad>87</ns2:cad>
     </ns2:TrackPointExtension>
    </extensions>
   </trkpt>
   <trkpt lat="39.9698330" lon="-105.2995150">
    <ele>2105.8</ele>
    <time>2024-04-17T12:42:57Z</time>
    <extensions>
     <ns2:TrackPointExtension>
      <ns2:atemp>10</ns2:atemp>
      <ns2:hr>145</ns2:hr>
      <ns2:cad>85</ns2:cad>
     </ns2:TrackPointExtension>
    </extensions>
   </trkpt>
   <trkpt lat="39.9698270" lon="-105.2994930">
    <ele>2105.4</ele>
    <time>2024-04-17T12:42:58Z</time>
    <extensions>
     <ns2:TrackPointExtension>
      <ns2:atemp>10</ns2:atemp>
      <ns2:hr>146</ns2:hr>
      <ns2:cad>85</ns2:cad>
     </ns2:TrackPointExtension>
    </extensions>
   </trkpt>
   <trkpt lat="39.9697750" lon="-105.2993770">
    <ele>2104.8</ele>
    <time>2024-04-17T12:43:04Z</time>
    <extensions>
     <ns2:TrackPointExtension>
      <ns2:atemp>10</ns2:atemp>
      <ns2:hr>143</ns2:hr>
      <ns2:cad>91</ns2:cad>
     </ns2:TrackPointExtension>
    </extensions>
   </trkpt>
   <trkpt lat="39.9697500" lon="-105.2993600">
    <ele>2104.8</ele>
    <time>2024-04-17T12:43:05Z</time>
    <extensions>
     <ns2:TrackPointExtension>
      <ns2:atemp>10</ns2:atemp>
      <ns2:hr>143</ns2:hr>
      <ns2:cad>91</ns2:cad>
     </ns2:TrackPointExtension>
    </extensions>
   </trkpt>
   <trkpt lat="39.9697030" lon="-105.2993460">
    <ele>2104.6</ele>
    <time>2024-04-17T12:43:07Z</time>
    <extensions>
     <ns2:TrackPointExtension>
      <ns2:atemp>10</ns2:atemp>
      <ns2:hr>141</ns2:hr>
      <ns2:cad>90</ns2:cad>
     </ns2:TrackPointExtension>
    </extensions>
   </trkpt>
   <trkpt lat="39.9696580" lon="-105.2993310">
    <ele>2103.4</ele>
    <time>2024-04-17T12:43:10Z</time>
    <extensions>
     <ns2:TrackPointExtension>
      <ns2:atemp>10</ns2:atemp>
      <ns2:hr>138</ns2:hr>
      <ns2:cad>89</ns2:cad>
     </ns2:TrackPointExtension>
    </extensions>
   </trkpt>
   <trkpt lat="39.9696440" lon="-105.2993300">
    <ele>2102.8</ele>
    <time>2024-04-17T12:43:11Z</time>
    <extensions>
     <ns2:TrackPointExtension>
      <ns2:atemp>10</ns2:atemp>
      <ns2:hr>137</ns2:hr>
      <ns2:cad>89</ns2:cad>
     </ns2:TrackPointExtension>
    </extensions>
   </trkpt>
   <trkpt lat="39.9696240" lon="-105.2993340">
    <ele>2102.6</ele>
    <time>2024-04-17T12:43:12Z</time>
    <extensions>
     <ns2:TrackPointExtension>
      <ns2:atemp>10</ns2:atemp>
      <ns2:hr>137</ns2:hr>
      <ns2:cad>89</ns2:cad>
     </ns2:TrackPointExtension>
    </extensions>
   </trkpt>
   <trkpt lat="39.9696070" lon="-105.2993360">
    <ele>2102.4</ele>
    <time>2024-04-17T12:43:13Z</time>
    <extensions>
     <ns2:TrackPointExtension>
      <ns2:atemp>10</ns2:atemp>
      <ns2:hr>136</ns2:hr>
      <ns2:cad>89</ns2:cad>
     </ns2:TrackPointExtension>
    </extensions>
   </trkpt>
   <trkpt lat="39.9695960" lon="-105.2993400">
    <ele>2102.0</ele>
    <time>2024-04-17T12:43:14Z</time>
    <extensions>
     <ns2:TrackPointExtension>
      <ns2:atemp>10</ns2:atemp>
      <ns2:hr>135</ns2:hr>
      <ns2:cad>89</ns2:cad>
     </ns2:TrackPointExtension>
    </extensions>
   </trkpt>
   <trkpt lat="39.9695800" lon="-105.2993390">
    <ele>2101.4</ele>
    <time>2024-04-17T12:43:15Z</time>
    <extensions>
     <ns2:TrackPointExtension>
      <ns2:atemp>10</ns2:atemp>
      <ns2:hr>134</ns2:hr>
      <ns2:cad>89</ns2:cad>
     </ns2:TrackPointExtension>
    </extensions>
   </trkpt>
   <trkpt lat="39.9695630" lon="-105.2993370">
    <ele>2101.0</ele>
    <time>2024-04-17T12:43:16Z</time>
    <extensions>
     <ns2:TrackPointExtension>
      <ns2:atemp>10</ns2:atemp>
      <ns2:hr>133</ns2:hr>
      <ns2:cad>48</ns2:cad>
     </ns2:TrackPointExtension>
    </extensions>
   </trkpt>
   <trkpt lat="39.9695270" lon="-105.2993190">
    <ele>2100.0</ele>
    <time>2024-04-17T12:43:18Z</time>
    <extensions>
     <ns2:TrackPointExtension>
      <ns2:atemp>10</ns2:atemp>
      <ns2:hr>133</ns2:hr>
      <ns2:cad>47</ns2:cad>
     </ns2:TrackPointExtension>
    </extensions>
   </trkpt>
   <trkpt lat="39.9694790" lon="-105.2992930">
    <ele>2099.0</ele>
    <time>2024-04-17T12:43:20Z</time>
    <extensions>
     <ns2:TrackPointExtension>
      <ns2:atemp>10</ns2:atemp>
      <ns2:hr>132</ns2:hr>
      <ns2:cad>47</ns2:cad>
     </ns2:TrackPointExtension>
    </extensions>
   </trkpt>
   <trkpt lat="39.9694570" lon="-105.2992370">
    <ele>2097.8</ele>
    <time>2024-04-17T12:43:23Z</time>
    <extensions>
     <ns2:TrackPointExtension>
      <ns2:atemp>10</ns2:atemp>
      <ns2:hr>132</ns2:hr>
      <ns2:cad>88</ns2:cad>
     </ns2:TrackPointExtension>
    </extensions>
   </trkpt>
   <trkpt lat="39.9694590" lon="-105.2992030">
    <ele>2097.4</ele>
    <time>2024-04-17T12:43:24Z</time>
    <extensions>
     <ns2:TrackPointExtension>
      <ns2:atemp>10</ns2:atemp>
      <ns2:hr>132</ns2:hr>
      <ns2:cad>88</ns2:cad>
     </ns2:TrackPointExtension>
    </extensions>
   </trkpt>
   <trkpt lat="39.9694210" lon="-105.2991030">
    <ele>2096.8</ele>
    <time>2024-04-17T12:43:27Z</time>
    <extensions>
     <ns2:TrackPointExtension>
      <ns2:atemp>10</ns2:atemp>
      <ns2:hr>132</ns2:hr>
      <ns2:cad>87</ns2:cad>
     </ns2:TrackPointExtension>
    </extensions>
   </trkpt>
   <trkpt lat="39.9693880" lon="-105.2990600">
    <ele>2096.6</ele>
    <time>2024-04-17T12:43:29Z</time>
    <extensions>
     <ns2:TrackPointExtension>
      <ns2:atemp>10</ns2:atemp>
      <ns2:hr>133</ns2:hr>
      <ns2:cad>91</ns2:cad>
     </ns2:TrackPointExtension>
    </extensions>
   </trkpt>
   <trkpt lat="39.9693730" lon="-105.2989840">
    <ele>2096.0</ele>
    <time>2024-04-17T12:43:33Z</time>
    <extensions>
     <ns2:TrackPointExtension>
      <ns2:atemp>10</ns2:atemp>
      <ns2:hr>132</ns2:hr>
      <ns2:cad>0</ns2:cad>
     </ns2:TrackPointExtension>
    </extensions>
   </trkpt>
   <trkpt lat="39.9693690" lon="-105.2989710">
    <ele>2096.0</ele>
    <time>2024-04-17T12:43:34Z</time>
    <extensions>
     <ns2:TrackPointExtension>
      <ns2:atemp>10</ns2:atemp>
      <ns2:hr>132</ns2:hr>
      <ns2:cad>0</ns2:cad>
     </ns2:TrackPointExtension>
    </extensions>
   </trkpt>
   <trkpt lat="39.9693690" lon="-105.2989550">
    <ele>2095.8</ele>
    <time>2024-04-17T12:43:35Z</time>
    <extensions>
     <ns2:TrackPointExtension>
      <ns2:atemp>10</ns2:atemp>
      <ns2:hr>132</ns2:hr>
      <ns2:cad>0</ns2:cad>
     </ns2:TrackPointExtension>
    </extensions>
   </trkpt>
   <trkpt lat="39.9693690" lon="-105.2989210">
    <ele>2094.6</ele>
    <time>2024-04-17T12:43:37Z</time>
    <extensions>
     <ns2:TrackPointExtension>
      <ns2:atemp>10</ns2:atemp>
      <ns2:hr>132</ns2:hr>
      <ns2:cad>0</ns2:cad>
     </ns2:TrackPointExtension>
    </extensions>
   </trkpt>
   <trkpt lat="39.9693560" lon="-105.2988700">
    <ele>2093.6</ele>
    <time>2024-04-17T12:43:40Z</time>
    <extensions>
     <ns2:TrackPointExtension>
      <ns2:atemp>10</ns2:atemp>
      <ns2:hr>130</ns2:hr>
      <ns2:cad>0</ns2:cad>
     </ns2:TrackPointExtension>
    </extensions>
   </trkpt>
   <trkpt lat="39.9693300" lon="-105.2988450">
    <ele>2092.6</ele>
    <time>2024-04-17T12:43:42Z</time>
    <extensions>
     <ns2:TrackPointExtension>
      <ns2:atemp>10</ns2:atemp>
      <ns2:hr>129</ns2:hr>
      <ns2:cad>0</ns2:cad>
     </ns2:TrackPointExtension>
    </extensions>
   </trkpt>
   <trkpt lat="39.9693150" lon="-105.2988350">
    <ele>2092.4</ele>
    <time>2024-04-17T12:43:43Z</time>
    <extensions>
     <ns2:TrackPointExtension>
      <ns2:atemp>10</ns2:atemp>
      <ns2:hr>129</ns2:hr>
      <ns2:cad>0</ns2:cad>
     </ns2:TrackPointExtension>
    </extensions>
   </trkpt>
   <trkpt lat="39.9693020" lon="-105.2987970">
    <ele>2091.0</ele>
    <time>2024-04-17T12:43:45Z</time>
    <extensions>
     <ns2:TrackPointExtension>
      <ns2:atemp>10</ns2:atemp>
      <ns2:hr>129</ns2:hr>
      <ns2:cad>0</ns2:cad>
     </ns2:TrackPointExtension>
    </extensions>
   </trkpt>
   <trkpt lat="39.9692690" lon="-105.2987550">
    <ele>2090.0</ele>
    <time>2024-04-17T12:43:48Z</time>
    <extensions>
     <ns2:TrackPointExtension>
      <ns2:atemp>10</ns2:atemp>
      <ns2:hr>130</ns2:hr>
      <ns2:cad>88</ns2:cad>
     </ns2:TrackPointExtension>
    </extensions>
   </trkpt>
   <trkpt lat="39.9692570" lon="-105.2987400">
    <ele>2089.6</ele>
    <time>2024-04-17T12:43:49Z</time>
    <extensions>
     <ns2:TrackPointExtension>
      <ns2:atemp>10</ns2:atemp>
      <ns2:hr>130</ns2:hr>
      <ns2:cad>88</ns2:cad>
     </ns2:TrackPointExtension>
    </extensions>
   </trkpt>
   <trkpt lat="39.9692100" lon="-105.2986660">
    <ele>2089.0</ele>
    <time>2024-04-17T12:43:53Z</time>
    <extensions>
     <ns2:TrackPointExtension>
      <ns2:atemp>10</ns2:atemp>
      <ns2:hr>131</ns2:hr>
      <ns2:cad>87</ns2:cad>
     </ns2:TrackPointExtension>
    </extensions>
   </trkpt>
   <trkpt lat="39.9691790" lon="-105.2986030">
    <ele>2088.2</ele>
    <time>2024-04-17T12:43:56Z</time>
    <extensions>
     <ns2:TrackPointExtension>
      <ns2:atemp>10</ns2:atemp>
      <ns2:hr>130</ns2:hr>
      <ns2:cad>87</ns2:cad>
     </ns2:TrackPointExtension>
    </extensions>
   </trkpt>
   <trkpt lat="39.9691680" lon="-105.2985880">
    <ele>2087.6</ele>
    <time>2024-04-17T12:43:57Z</time>
    <extensions>
     <ns2:TrackPointExtension>
      <ns2:atemp>10</ns2:atemp>
      <ns2:hr>129</ns2:hr>
      <ns2:cad>87</ns2:cad>
     </ns2:TrackPointExtension>
    </extensions>
   </trkpt>
   <trkpt lat="39.9691360" lon="-105.2985190">
    <ele>2086.8</ele>
    <time>2024-04-17T12:44:00Z</time>
    <extensions>
     <ns2:TrackPointExtension>
      <ns2:atemp>10</ns2:atemp>
      <ns2:hr>128</ns2:hr>
      <ns2:cad>48</ns2:cad>
     </ns2:TrackPointExtension>
    </extensions>
   </trkpt>
   <trkpt lat="39.9691300" lon="-105.2984930">
    <ele>2086.4</ele>
    <time>2024-04-17T12:44:01Z</time>
    <extensions>
     <ns2:TrackPointExtension>
      <ns2:atemp>10</ns2:atemp>
      <ns2:hr>128</ns2:hr>
      <ns2:cad>82</ns2:cad>
     </ns2:TrackPointExtension>
    </extensions>
   </trkpt>
   <trkpt lat="39.9691220" lon="-105.2984650">
    <ele>2086.2</ele>
    <time>2024-04-17T12:44:02Z</time>
    <extensions>
     <ns2:TrackPointExtension>
      <ns2:atemp>10</ns2:atemp>
      <ns2:hr>128</ns2:hr>
      <ns2:cad>82</ns2:cad>
     </ns2:TrackPointExtension>
    </extensions>
   </trkpt>
   <trkpt lat="39.9691130" lon="-105.2984240">
    <ele>2085.4</ele>
    <time>2024-04-17T12:44:04Z</time>
    <extensions>
     <ns2:TrackPointExtension>
      <ns2:atemp>10</ns2:atemp>
      <ns2:hr>127</ns2:hr>
      <ns2:cad>82</ns2:cad>
     </ns2:TrackPointExtension>
    </extensions>
   </trkpt>
   <trkpt lat="39.9691220" lon="-105.2983310">
    <ele>2084.6</ele>
    <time>2024-04-17T12:44:09Z</time>
    <extensions>
     <ns2:TrackPointExtension>
      <ns2:atemp>10</ns2:atemp>
      <ns2:hr>128</ns2:hr>
      <ns2:cad>85</ns2:cad>
     </ns2:TrackPointExtension>
    </extensions>
   </trkpt>
   <trkpt lat="39.9691280" lon="-105.2983100">
    <ele>2084.0</ele>
    <time>2024-04-17T12:44:10Z</time>
    <extensions>
     <ns2:TrackPointExtension>
      <ns2:atemp>10</ns2:atemp>
      <ns2:hr>128</ns2:hr>
      <ns2:cad>85</ns2:cad>
     </ns2:TrackPointExtension>
    </extensions>
   </trkpt>
   <trkpt lat="39.9691550" lon="-105.2982250">
    <ele>2083.0</ele>
    <time>2024-04-17T12:44:16Z</time>
    <extensions>
     <ns2:TrackPointExtension>
      <ns2:atemp>10</ns2:atemp>
      <ns2:hr>129</ns2:hr>
      <ns2:cad>85</ns2:cad>
     </ns2:TrackPointExtension>
    </extensions>
   </trkpt>
   <trkpt lat="39.9691620" lon="-105.2982120">
    <ele>2082.8</ele>
    <time>2024-04-17T12:44:17Z</time>
    <extensions>
     <ns2:TrackPointExtension>
      <ns2:atemp>10</ns2:atemp>
      <ns2:hr>129</ns2:hr>
      <ns2:cad>0</ns2:cad>
     </ns2:TrackPointExtension>
    </extensions>
   </trkpt>
   <trkpt lat="39.9691950" lon="-105.2981480">
    <ele>2081.6</ele>
    <time>2024-04-17T12:44:22Z</time>
    <extensions>
     <ns2:TrackPointExtension>
      <ns2:atemp>10</ns2:atemp>
      <ns2:hr>128</ns2:hr>
      <ns2:cad>0</ns2:cad>
     </ns2:TrackPointExtension>
    </extensions>
   </trkpt>
   <trkpt lat="39.9692000" lon="-105.2981280">
    <ele>2081.4</ele>
    <time>2024-04-17T12:44:23Z</time>
    <extensions>
     <ns2:TrackPointExtension>
      <ns2:atemp>10</ns2:atemp>
      <ns2:hr>128</ns2:hr>
      <ns2:cad>71</ns2:cad>
     </ns2:TrackPointExtension>
    </extensions>
   </trkpt>
   <trkpt lat="39.9692080" lon="-105.2981150">
    <ele>2081.0</ele>
    <time>2024-04-17T12:44:24Z</time>
    <extensions>
     <ns2:TrackPointExtension>
      <ns2:atemp>10</ns2:atemp>
      <ns2:hr>127</ns2:hr>
      <ns2:cad>71</ns2:cad>
     </ns2:TrackPointExtension>
    </extensions>
   </trkpt>
   <trkpt lat="39.9692470" lon="-105.2980280">
    <ele>2080.6</ele>
    <time>2024-04-17T12:44:29Z</time>
    <extensions>
     <ns2:TrackPointExtension>
      <ns2:atemp>10</ns2:atemp>
      <ns2:hr>124</ns2:hr>
      <ns2:cad>70</ns2:cad>
     </ns2:TrackPointExtension>
    </extensions>
   </trkpt>
   <trkpt lat="39.9692920" lon="-105.2979880">
    <ele>2079.6</ele>
    <time>2024-04-17T12:44:33Z</time>
    <extensions>
     <ns2:TrackPointExtension>
      <ns2:atemp>10</ns2:atemp>
      <ns2:hr>122</ns2:hr>
      <ns2:cad>70</ns2:cad>
     </ns2:TrackPointExtension>
    </extensions>
   </trkpt>
   <trkpt lat="39.9693320" lon="-105.2979580">
    <ele>2079.4</ele>
    <time>2024-04-17T12:44:35Z</time>
    <extensions>
     <ns2:TrackPointExtension>
      <ns2:atemp>10</ns2:atemp>
      <ns2:hr>120</ns2:hr>
      <ns2:cad>42</ns2:cad>
     </ns2:TrackPointExtension>
    </extensions>
   </trkpt>
   <trkpt lat="39.9693800" lon="-105.2978750">
    <ele>2078.6</ele>
    <time>2024-04-17T12:44:40Z</time>
    <extensions>
     <ns2:TrackPointExtension>
      <ns2:atemp>10</ns2:atemp>
      <ns2:hr>119</ns2:hr>
      <ns2:cad>42</ns2:cad>
     </ns2:TrackPointExtension>
    </extensions>
   </trkpt>
   <trkpt lat="39.9693870" lon="-105.2978670">
    <ele>2078.4</ele>
    <time>2024-04-17T12:44:41Z</time>
    <extensions>
     <ns2:TrackPointExtension>
      <ns2:atemp>10</ns2:atemp>
      <ns2:hr>120</ns2:hr>
      <ns2:cad>43</ns2:cad>
     </ns2:TrackPointExtension>
    </extensions>
   </trkpt>
   <trkpt lat="39.9694180" lon="-105.2977940">
    <ele>2078.0</ele>
    <time>2024-04-17T12:44:46Z</time>
    <extensions>
     <ns2:TrackPointExtension>
      <ns2:atemp>10</ns2:atemp>
      <ns2:hr>117</ns2:hr>
      <ns2:cad>69</ns2:cad>
     </ns2:TrackPointExtension>
    </extensions>
   </trkpt>
   <trkpt lat="39.9694370" lon="-105.2977560">
    <ele>2077.8</ele>
    <time>2024-04-17T12:44:48Z</time>
    <extensions>
     <ns2:TrackPointExtension>
      <ns2:atemp>10</ns2:atemp>
      <ns2:hr>118</ns2:hr>
      <ns2:cad>66</ns2:cad>
     </ns2:TrackPointExtension>
    </extensions>
   </trkpt>
   <trkpt lat="39.9694460" lon="-105.2977080">
    <ele>2077.4</ele>
    <time>2024-04-17T12:44:50Z</time>
    <extensions>
     <ns2:TrackPointExtension>
      <ns2:atemp>10</ns2:atemp>
      <ns2:hr>116</ns2:hr>
      <ns2:cad>66</ns2:cad>
     </ns2:TrackPointExtension>
    </extensions>
   </trkpt>
   <trkpt lat="39.9694810" lon="-105.2976320">
    <ele>2076.2</ele>
    <time>2024-04-17T12:44:55Z</time>
    <extensions>
     <ns2:TrackPointExtension>
      <ns2:atemp>11</ns2:atemp>
      <ns2:hr>115</ns2:hr>
      <ns2:cad>66</ns2:cad>
     </ns2:TrackPointExtension>
    </extensions>
   </trkpt>
   <trkpt lat="39.9694910" lon="-105.2976140">
    <ele>2076.2</ele>
    <time>2024-04-17T12:44:56Z</time>
    <extensions>
     <ns2:TrackPointExtension>
      <ns2:atemp>11</ns2:atemp>
      <ns2:hr>115</ns2:hr>
      <ns2:cad>66</ns2:cad>
     </ns2:TrackPointExtension>
    </extensions>
   </trkpt>
   <trkpt lat="39.9695110" lon="-105.2975440">
    <ele>2075.0</ele>
    <time>2024-04-17T12:45:00Z</time>
    <extensions>
     <ns2:TrackPointExtension>
      <ns2:atemp>11</ns2:atemp>
      <ns2:hr>113</ns2:hr>
      <ns2:cad>82</ns2:cad>
     </ns2:TrackPointExtension>
    </extensions>
   </trkpt>
   <trkpt lat="39.9695790" lon="-105.2974860">
    <ele>2074.8</ele>
    <time>2024-04-17T12:45:03Z</time>
    <extensions>
     <ns2:TrackPointExtension>
      <ns2:atemp>11</ns2:atemp>
      <ns2:hr>114</ns2:hr>
      <ns2:cad>87</ns2:cad>
     </ns2:TrackPointExtension>
    </extensions>
   </trkpt>
   <trkpt lat="39.9696370" lon="-105.2974240">
    <ele>2074.8</ele>
    <time>2024-04-17T12:45:07Z</time>
    <extensions>
     <ns2:TrackPointExtension>
      <ns2:atemp>11</ns2:atemp>
      <ns2:hr>117</ns2:hr>
      <ns2:cad>89</ns2:cad>
     </ns2:TrackPointExtension>
    </extensions>
   </trkpt>
   <trkpt lat="39.9696790" lon="-105.2973680">
    <ele>2075.0</ele>
    <time>2024-04-17T12:45:10Z</time>
    <extensions>
     <ns2:TrackPointExtension>
      <ns2:atemp>11</ns2:atemp>
      <ns2:hr>120</ns2:hr>
      <ns2:cad>89</ns2:cad>
     </ns2:TrackPointExtension>
    </extensions>
   </trkpt>
   <trkpt lat="39.9697300" lon="-105.2973020">
    <ele>2075.0</ele>
    <time>2024-04-17T12:45:13Z</time>
    <extensions>
     <ns2:TrackPointExtension>
      <ns2:atemp>11</ns2:atemp>
      <ns2:hr>122</ns2:hr>
      <ns2:cad>88</ns2:cad>
     </ns2:TrackPointExtension>
    </extensions>
   </trkpt>
   <trkpt lat="39.9697580" lon="-105.2972000">
    <ele>2075.0</ele>
    <time>2024-04-17T12:45:17Z</time>
    <extensions>
     <ns2:TrackPointExtension>
      <ns2:atemp>11</ns2:atemp>
      <ns2:hr>125</ns2:hr>
      <ns2:cad>87</ns2:cad>
     </ns2:TrackPointExtension>
    </extensions>
   </trkpt>
   <trkpt lat="39.9697830" lon="-105.2971650">
    <ele>2074.8</ele>
    <time>2024-04-17T12:45:19Z</time>
    <extensions>
     <ns2:TrackPointExtension>
      <ns2:atemp>11</ns2:atemp>
      <ns2:hr>125</ns2:hr>
      <ns2:cad>87</ns2:cad>
     </ns2:TrackPointExtension>
    </extensions>
   </trkpt>
   <trkpt lat="39.9698010" lon="-105.2971090">
    <ele>2074.6</ele>
    <time>2024-04-17T12:45:21Z</time>
    <extensions>
     <ns2:TrackPointExtension>
      <ns2:atemp>11</ns2:atemp>
      <ns2:hr>128</ns2:hr>
      <ns2:cad>44</ns2:cad>
     </ns2:TrackPointExtension>
    </extensions>
   </trkpt>
   <trkpt lat="39.9698030" lon="-105.2970540">
    <ele>2074.6</ele>
    <time>2024-04-17T12:45:24Z</time>
    <extensions>
     <ns2:TrackPointExtension>
      <ns2:atemp>11</ns2:atemp>
      <ns2:hr>130</ns2:hr>
      <ns2:cad>0</ns2:cad>
     </ns2:TrackPointExtension>
    </extensions>
   </trkpt>
   <trkpt lat="39.9698300" lon="-105.2969440">
    <ele>2074.6</ele>
    <time>2024-04-17T12:45:31Z</time>
    <extensions>
     <ns2:TrackPointExtension>
      <ns2:atemp>11</ns2:atemp>
      <ns2:hr>127</ns2:hr>
      <ns2:cad>66</ns2:cad>
     </ns2:TrackPointExtension>
    </extensions>
   </trkpt>
   <trkpt lat="39.9698370" lon="-105.2969270">
    <ele>2074.6</ele>
    <time>2024-04-17T12:45:32Z</time>
    <extensions>
     <ns2:TrackPointExtension>
      <ns2:atemp>11</ns2:atemp>
      <ns2:hr>128</ns2:hr>
      <ns2:cad>66</ns2:cad>
     </ns2:TrackPointExtension>
    </extensions>
   </trkpt>
   <trkpt lat="39.9699070" lon="-105.2967180">
    <ele>2073.8</ele>
    <time>2024-04-17T12:45:41Z</time>
    <extensions>
     <ns2:TrackPointExtension>
      <ns2:atemp>11</ns2:atemp>
      <ns2:hr>127</ns2:hr>
      <ns2:cad>86</ns2:cad>
     </ns2:TrackPointExtension>
    </extensions>
   </trkpt>
   <trkpt lat="39.9699130" lon="-105.2966870">
    <ele>2073.6</ele>
    <time>2024-04-17T12:45:42Z</time>
    <extensions>
     <ns2:TrackPointExtension>
      <ns2:atemp>11</ns2:atemp>
      <ns2:hr>129</ns2:hr>
      <ns2:cad>86</ns2:cad>
     </ns2:TrackPointExtension>
    </extensions>
   </trkpt>
   <trkpt lat="39.9699280" lon="-105.2966280">
    <ele>2073.0</ele>
    <time>2024-04-17T12:45:44Z</time>
    <extensions>
     <ns2:TrackPointExtension>
      <ns2:atemp>11</ns2:atemp>
      <ns2:hr>126</ns2:hr>
      <ns2:cad>87</ns2:cad>
     </ns2:TrackPointExtension>
    </extensions>
   </trkpt>
   <trkpt lat="39.9699340" lon="-105.2965660">
    <ele>2072.8</ele>
    <time>2024-04-17T12:45:46Z</time>
    <extensions>
     <ns2:TrackPointExtension>
      <ns2:atemp>11</ns2:atemp>
      <ns2:hr>126</ns2:hr>
      <ns2:cad>88</ns2:cad>
     </ns2:TrackPointExtension>
    </extensions>
   </trkpt>
   <trkpt lat="39.9699210" lon="-105.2964710">
    <ele>2072.2</ele>
    <time>2024-04-17T12:45:49Z</time>
    <extensions>
     <ns2:TrackPointExtension>
      <ns2:atemp>11</ns2:atemp>
      <ns2:hr>128</ns2:hr>
      <ns2:cad>88</ns2:cad>
     </ns2:TrackPointExtension>
    </extensions>
   </trkpt>
   <trkpt lat="39.9699250" lon="-105.2963740">
    <ele>2071.6</ele>
    <time>2024-04-17T12:45:52Z</time>
    <extensions>
     <ns2:TrackPointExtension>
      <ns2:atemp>11</ns2:atemp>
      <ns2:hr>129</ns2:hr>
      <ns2:cad>89</ns2:cad>
     </ns2:TrackPointExtension>
    </extensions>
   </trkpt>
   <trkpt lat="39.9699200" lon="-105.2963150">
    <ele>2071.0</ele>
    <time>2024-04-17T12:45:54Z</time>
    <extensions>
     <ns2:TrackPointExtension>
      <ns2:atemp>11</ns2:atemp>
      <ns2:hr>131</ns2:hr>
      <ns2:cad>89</ns2:cad>
     </ns2:TrackPointExtension>
    </extensions>
   </trkpt>
   <trkpt lat="39.9699120" lon="-105.2962500">
    <ele>2070.6</ele>
    <time>2024-04-17T12:45:58Z</time>
    <extensions>
     <ns2:TrackPointExtension>
      <ns2:atemp>11</ns2:atemp>
      <ns2:hr>134</ns2:hr>
      <ns2:cad>89</ns2:cad>
     </ns2:TrackPointExtension>
    </extensions>
   </trkpt>
   <trkpt lat="39.9699090" lon="-105.2962360">
    <ele>2070.4</ele>
    <time>2024-04-17T12:45:59Z</time>
    <extensions>
     <ns2:TrackPointExtension>
      <ns2:atemp>11</ns2:atemp>
      <ns2:hr>135</ns2:hr>
      <ns2:cad>43</ns2:cad>
     </ns2:TrackPointExtension>
    </extensions>
   </trkpt>
   <trkpt lat="39.9698940" lon="-105.2961820">
    <ele>2069.4</ele>
    <time>2024-04-17T12:46:02Z</time>
    <extensions>
     <ns2:TrackPointExtension>
      <ns2:atemp>11</ns2:atemp>
      <ns2:hr>136</ns2:hr>
      <ns2:cad>87</ns2:cad>
     </ns2:TrackPointExtension>
    </extensions>
   </trkpt>
   <trkpt lat="39.9699160" lon="-105.2961060">
    <ele>2069.4</ele>
    <time>2024-04-17T12:46:05Z</time>
    <extensions>
     <ns2:TrackPointExtension>
      <ns2:atemp>11</ns2:atemp>
      <ns2:hr>131</ns2:hr>
      <ns2:cad>87</ns2:cad>
     </ns2:TrackPointExtension>
    </extensions>
   </trkpt>
   <trkpt lat="39.9699380" lon="-105.2960700">
    <ele>2069.6</ele>
    <time>2024-04-17T12:46:07Z</time>
    <extensions>
     <ns2:TrackPointExtension>
      <ns2:atemp>11</ns2:atemp>
      <ns2:hr>127</ns2:hr>
      <ns2:cad>92</ns2:cad>
     </ns2:TrackPointExtension>
    </extensions>
   </trkpt>
   <trkpt lat="39.9699810" lon="-105.2959710">
    <ele>2069.2</ele>
    <time>2024-04-17T12:46:11Z</time>
    <extensions>
     <ns2:TrackPointExtension>
      <ns2:atemp>11</ns2:atemp>
      <ns2:hr>127</ns2:hr>
      <ns2:cad>92</ns2:cad>
     </ns2:TrackPointExtension>
    </extensions>
   </trkpt>
   <trkpt lat="39.9699890" lon="-105.2959390">
    <ele>2068.8</ele>
    <time>2024-04-17T12:46:13Z</time>
    <extensions>
     <ns2:TrackPointExtension>
      <ns2:atemp>11</ns2:atemp>
      <ns2:hr>128</ns2:hr>
      <ns2:cad>85</ns2:cad>
     </ns2:TrackPointExtension>
    </extensions>
   </trkpt>
   <trkpt lat="39.9700050" lon="-105.2958750">
    <ele>2068.0</ele>
    <time>2024-04-17T12:46:16Z</time>
    <extensions>
     <ns2:TrackPointExtension>
      <ns2:atemp>11</ns2:atemp>
      <ns2:hr>128</ns2:hr>
      <ns2:cad>85</ns2:cad>
     </ns2:TrackPointExtension>
    </extensions>
   </trkpt>
   <trkpt lat="39.9700390" lon="-105.2957970">
    <ele>2067.2</ele>
    <time>2024-04-17T12:46:19Z</time>
    <extensions>
     <ns2:TrackPointExtension>
      <ns2:atemp>11</ns2:atemp>
      <ns2:hr>126</ns2:hr>
      <ns2:cad>90</ns2:cad>
     </ns2:TrackPointExtension>
    </extensions>
   </trkpt>
   <trkpt lat="39.9700440" lon="-105.2957720">
    <ele>2067.0</ele>
    <time>2024-04-17T12:46:20Z</time>
    <extensions>
     <ns2:TrackPointExtension>
      <ns2:atemp>11</ns2:atemp>
      <ns2:hr>126</ns2:hr>
      <ns2:cad>90</ns2:cad>
     </ns2:TrackPointExtension>
    </extensions>
   </trkpt>
   <trkpt lat="39.9700810" lon="-105.2956700">
    <ele>2065.8</ele>
    <time>2024-04-17T12:46:24Z</time>
    <extensions>
     <ns2:TrackPointExtension>
      <ns2:atemp>11</ns2:atemp>
      <ns2:hr>127</ns2:hr>
      <ns2:cad>88</ns2:cad>
     </ns2:TrackPointExtension>
    </extensions>
   </trkpt>
   <trkpt lat="39.9701010" lon="-105.2956210">
    <ele>2065.4</ele>
    <time>2024-04-17T12:46:26Z</time>
    <extensions>
     <ns2:TrackPointExtension>
      <ns2:atemp>11</ns2:atemp>
      <ns2:hr>128</ns2:hr>
      <ns2:cad>88</ns2:cad>
     </ns2:TrackPointExtension>
    </extensions>
   </trkpt>
   <trkpt lat="39.9701370" lon="-105.2955250">
    <ele>2064.8</ele>
    <time>2024-04-17T12:46:30Z</time>
    <extensions>
     <ns2:TrackPointExtension>
      <ns2:atemp>11</ns2:atemp>
      <ns2:hr>130</ns2:hr>
      <ns2:cad>87</ns2:cad>
     </ns2:TrackPointExtension>
    </extensions>
   </trkpt>
   <trkpt lat="39.9701670" lon="-105.2954540">
    <ele>2063.8</ele>
    <time>2024-04-17T12:46:33Z</time>
    <extensions>
     <ns2:TrackPointExtension>
      <ns2:atemp>11</ns2:atemp>
      <ns2:hr>132</ns2:hr>
      <ns2:cad>87</ns2:cad>
     </ns2:TrackPointExtension>
    </extensions>
   </trkpt>
   <trkpt lat="39.9701720" lon="-105.2954240">
    <ele>2063.4</ele>
    <time>2024-04-17T12:46:34Z</time>
    <extensions>
     <ns2:TrackPointExtension>
      <ns2:atemp>11</ns2:atemp>
      <ns2:hr>133</ns2:hr>
      <ns2:cad>87</ns2:cad>
     </ns2:TrackPointExtension>
    </extensions>
   </trkpt>
   <trkpt lat="39.9702160" lon="-105.2952840">
    <ele>2062.8</ele>
    <time>2024-04-17T12:46:39Z</time>
    <extensions>
     <ns2:TrackPointExtension>
      <ns2:atemp>11</ns2:atemp>
      <ns2:hr>135</ns2:hr>
      <ns2:cad>88</ns2:cad>
     </ns2:TrackPointExtension>
    </extensions>
   </trkpt>
   <trkpt lat="39.9702380" lon="-105.2952050">
    <ele>2062.4</ele>
    <time>2024-04-17T12:46:42Z</time>
    <extensions>
     <ns2:TrackPointExtension>
      <ns2:atemp>11</ns2:atemp>
      <ns2:hr>136</ns2:hr>
      <ns2:cad>86</ns2:cad>
     </ns2:TrackPointExtension>
    </extensions>
   </trkpt>
   <trkpt lat="39.9702510" lon="-105.2950890">
    <ele>2061.2</ele>
    <time>2024-04-17T12:46:47Z</time>
    <extensions>
     <ns2:TrackPointExtension>
      <ns2:atemp>11</ns2:atemp>
      <ns2:hr>138</ns2:hr>
      <ns2:cad>86</ns2:cad>
     </ns2:TrackPointExtension>
    </extensions>
   </trkpt>
   <trkpt lat="39.9702490" lon="-105.2950220">
    <ele>2060.4</ele>
    <time>2024-04-17T12:46:50Z</time>
    <extensions>
     <ns2:TrackPointExtension>
      <ns2:atemp>11</ns2:atemp>
      <ns2:hr>142</ns2:hr>
      <ns2:cad>87</ns2:cad>
     </ns2:TrackPointExtension>
    </extensions>
   </trkpt>
   <trkpt lat="39.9702440" lon="-105.2950090">
    <ele>2060.2</ele>
    <time>2024-04-17T12:46:51Z</time>
    <extensions>
     <ns2:TrackPointExtension>
      <ns2:atemp>11</ns2:atemp>
      <ns2:hr>139</ns2:hr>
      <ns2:cad>87</ns2:cad>
     </ns2:TrackPointExtension>
    </extensions>
   </trkpt>
   <trkpt lat="39.9702300" lon="-105.2950070">
    <ele>2060.0</ele>
    <time>2024-04-17T12:46:52Z</time>
    <extensions>
     <ns2:TrackPointExtension>
      <ns2:atemp>11</ns2:atemp>
      <ns2:hr>141</ns2:hr>
      <ns2:cad>87</ns2:cad>
     </ns2:TrackPointExtension>
    </extensions>
   </trkpt>
   <trkpt lat="39.9702170" lon="-105.2950130">
    <ele>2060.0</ele>
    <time>2024-04-17T12:46:53Z</time>
    <extensions>
     <ns2:TrackPointExtension>
      <ns2:atemp>11</ns2:atemp>
      <ns2:hr>140</ns2:hr>
      <ns2:cad>87</ns2:cad>
     </ns2:TrackPointExtension>
    </extensions>
   </trkpt>
   <trkpt lat="39.9700700" lon="-105.2951180">
    <ele>2059.0</ele>
    <time>2024-04-17T12:46:59Z</time>
    <extensions>
     <ns2:TrackPointExtension>
      <ns2:atemp>11</ns2:atemp>
      <ns2:hr>139</ns2:hr>
      <ns2:cad>87</ns2:cad>
     </ns2:TrackPointExtension>
    </extensions>
   </trkpt>
   <trkpt lat="39.9700550" lon="-105.2951440">
    <ele>2058.6</ele>
    <time>2024-04-17T12:47:00Z</time>
    <extensions>
     <ns2:TrackPointExtension>
      <ns2:atemp>11</ns2:atemp>
      <ns2:hr>142</ns2:hr>
      <ns2:cad>87</ns2:cad>
     </ns2:TrackPointExtension>
    </extensions>
   </trkpt>
   <trkpt lat="39.9700030" lon="-105.2952480">
    <ele>2057.6</ele>
    <time>2024-04-17T12:47:04Z</time>
    <extensions>
     <ns2:TrackPointExtension>
      <ns2:atemp>11</ns2:atemp>
      <ns2:hr>141</ns2:hr>
      <ns2:cad>90</ns2:cad>
     </ns2:TrackPointExtension>
    </extensions>
   </trkpt>
   <trkpt lat="39.9699900" lon="-105.2952630">
    <ele>2057.0</ele>
    <time>2024-04-17T12:47:05Z</time>
    <extensions>
     <ns2:TrackPointExtension>
      <ns2:atemp>11</ns2:atemp>
      <ns2:hr>144</ns2:hr>
      <ns2:cad>90</ns2:cad>
     </ns2:TrackPointExtension>
    </extensions>
   </trkpt>
   <trkpt lat="39.9699890" lon="-105.2952750">
    <ele>2056.8</ele>
    <time>2024-04-17T12:47:06Z</time>
    <extensions>
     <ns2:TrackPointExtension>
      <ns2:atemp>11</ns2:atemp>
      <ns2:hr>144</ns2:hr>
      <ns2:cad>90</ns2:cad>
     </ns2:TrackPointExtension>
    </extensions>
   </trkpt>
   <trkpt lat="39.9700060" lon="-105.2952630">
    <ele>2056.6</ele>
    <time>2024-04-17T12:47:07Z</time>
    <extensions>
     <ns2:TrackPointExtension>
      <ns2:atemp>11</ns2:atemp>
      <ns2:hr>145</ns2:hr>
      <ns2:cad>90</ns2:cad>
     </ns2:TrackPointExtension>
    </extensions>
   </trkpt>
   <trkpt lat="39.9700270" lon="-105.2952610">
    <ele>2056.2</ele>
    <time>2024-04-17T12:47:08Z</time>
    <extensions>
     <ns2:TrackPointExtension>
      <ns2:atemp>11</ns2:atemp>
      <ns2:hr>142</ns2:hr>
      <ns2:cad>89</ns2:cad>
     </ns2:TrackPointExtension>
    </extensions>
   </trkpt>
   <trkpt lat="39.9700610" lon="-105.2952570">
    <ele>2056.2</ele>
    <time>2024-04-17T12:47:09Z</time>
    <extensions>
     <ns2:TrackPointExtension>
      <ns2:atemp>11</ns2:atemp>
      <ns2:hr>142</ns2:hr>
      <ns2:cad>88</ns2:cad>
     </ns2:TrackPointExtension>
    </extensions>
   </trkpt>
   <trkpt lat="39.9701600" lon="-105.2951090">
    <ele>2055.2</ele>
    <time>2024-04-17T12:47:15Z</time>
    <extensions>
     <ns2:TrackPointExtension>
      <ns2:atemp>11</ns2:atemp>
      <ns2:hr>142</ns2:hr>
      <ns2:cad>85</ns2:cad>
     </ns2:TrackPointExtension>
    </extensions>
   </trkpt>
   <trkpt lat="39.9702060" lon="-105.2949900">
    <ele>2053.8</ele>
    <time>2024-04-17T12:47:19Z</time>
    <extensions>
     <ns2:TrackPointExtension>
      <ns2:atemp>11</ns2:atemp>
      <ns2:hr>141</ns2:hr>
      <ns2:cad>90</ns2:cad>
     </ns2:TrackPointExtension>
    </extensions>
   </trkpt>
   <trkpt lat="39.9702180" lon="-105.2949080">
    <ele>2053.2</ele>
    <time>2024-04-17T12:47:22Z</time>
    <extensions>
     <ns2:TrackPointExtension>
      <ns2:atemp>11</ns2:atemp>
      <ns2:hr>144</ns2:hr>
      <ns2:cad>45</ns2:cad>
     </ns2:TrackPointExtension>
    </extensions>
   </trkpt>
   <trkpt lat="39.9702030" lon="-105.2949130">
    <ele>2053.2</ele>
    <time>2024-04-17T12:47:23Z</time>
    <extensions>
     <ns2:TrackPointExtension>
      <ns2:atemp>11</ns2:atemp>
      <ns2:hr>141</ns2:hr>
      <ns2:cad>45</ns2:cad>
     </ns2:TrackPointExtension>
    </extensions>
   </trkpt>
   <trkpt lat="39.9701590" lon="-105.2949320">
    <ele>2052.6</ele>
    <time>2024-04-17T12:47:25Z</time>
    <extensions>
     <ns2:TrackPointExtension>
      <ns2:atemp>11</ns2:atemp>
      <ns2:hr>140</ns2:hr>
      <ns2:cad>45</ns2:cad>
     </ns2:TrackPointExtension>
    </extensions>
   </trkpt>
   <trkpt lat="39.9701050" lon="-105.2949990">
    <ele>2052.2</ele>
    <time>2024-04-17T12:47:28Z</time>
    <extensions>
     <ns2:TrackPointExtension>
      <ns2:atemp>11</ns2:atemp>
      <ns2:hr>140</ns2:hr>
      <ns2:cad>45</ns2:cad>
     </ns2:TrackPointExtension>
    </extensions>
   </trkpt>
   <trkpt lat="39.9700300" lon="-105.2950610">
    <ele>2051.6</ele>
    <time>2024-04-17T12:47:31Z</time>
    <extensions>
     <ns2:TrackPointExtension>
      <ns2:atemp>11</ns2:atemp>
      <ns2:hr>137</ns2:hr>
      <ns2:cad>45</ns2:cad>
     </ns2:TrackPointExtension>
    </extensions>
   </trkpt>
   <trkpt lat="39.9699910" lon="-105.2950990">
    <ele>2051.2</ele>
    <time>2024-04-17T12:47:33Z</time>
    <extensions>
     <ns2:TrackPointExtension>
      <ns2:atemp>11</ns2:atemp>
      <ns2:hr>139</ns2:hr>
      <ns2:cad>45</ns2:cad>
     </ns2:TrackPointExtension>
    </extensions>
   </trkpt>
   <trkpt lat="39.9699890" lon="-105.2950900">
    <ele>2051.0</ele>
    <time>2024-04-17T12:47:35Z</time>
    <extensions>
     <ns2:TrackPointExtension>
      <ns2:atemp>11</ns2:atemp>
      <ns2:hr>139</ns2:hr>
      <ns2:cad>90</ns2:cad>
     </ns2:TrackPointExtension>
    </extensions>
   </trkpt>
   <trkpt lat="39.9700300" lon="-105.2950680">
    <ele>2050.4</ele>
    <time>2024-04-17T12:47:37Z</time>
    <extensions>
     <ns2:TrackPointExtension>
      <ns2:atemp>11</ns2:atemp>
      <ns2:hr>139</ns2:hr>
      <ns2:cad>90</ns2:cad>
     </ns2:TrackPointExtension>
    </extensions>
   </trkpt>
   <trkpt lat="39.9700680" lon="-105.2949920">
    <ele>2049.4</ele>
    <time>2024-04-17T12:47:41Z</time>
    <extensions>
     <ns2:TrackPointExtension>
      <ns2:atemp>10</ns2:atemp>
      <ns2:hr>138</ns2:hr>
      <ns2:cad>88</ns2:cad>
     </ns2:TrackPointExtension>
    </extensions>
   </trkpt>
   <trkpt lat="39.9700740" lon="-105.2949720">
    <ele>2049.2</ele>
    <time>2024-04-17T12:47:42Z</time>
    <extensions>
     <ns2:TrackPointExtension>
      <ns2:atemp>10</ns2:atemp>
      <ns2:hr>139</ns2:hr>
      <ns2:cad>88</ns2:cad>
     </ns2:TrackPointExtension>
    </extensions>
   </trkpt>
   <trkpt lat="39.9701080" lon="-105.2948490">
    <ele>2048.2</ele>
    <time>2024-04-17T12:47:47Z</time>
    <extensions>
     <ns2:TrackPointExtension>
      <ns2:atemp>10</ns2:atemp>
      <ns2:hr>139</ns2:hr>
      <ns2:cad>88</ns2:cad>
     </ns2:TrackPointExtension>
    </extensions>
   </trkpt>
   <trkpt lat="39.9701180" lon="-105.2948070">
    <ele>2047.8</ele>
    <time>2024-04-17T12:47:49Z</time>
    <extensions>
     <ns2:TrackPointExtension>
      <ns2:atemp>10</ns2:atemp>
      <ns2:hr>139</ns2:hr>
      <ns2:cad>88</ns2:cad>
     </ns2:TrackPointExtension>
    </extensions>
   </trkpt>
   <trkpt lat="39.9701140" lon="-105.2947640">
    <ele>2046.8</ele>
    <time>2024-04-17T12:47:51Z</time>
    <extensions>
     <ns2:TrackPointExtension>
      <ns2:atemp>10</ns2:atemp>
      <ns2:hr>140</ns2:hr>
      <ns2:cad>88</ns2:cad>
     </ns2:TrackPointExtension>
    </extensions>
   </trkpt>
   <trkpt lat="39.9701000" lon="-105.2947210">
    <ele>2046.2</ele>
    <time>2024-04-17T12:47:53Z</time>
    <extensions>
     <ns2:TrackPointExtension>
      <ns2:atemp>10</ns2:atemp>
      <ns2:hr>140</ns2:hr>
      <ns2:cad>88</ns2:cad>
     </ns2:TrackPointExtension>
    </extensions>
   </trkpt>
   <trkpt lat="39.9700830" lon="-105.2946890">
    <ele>2045.8</ele>
    <time>2024-04-17T12:47:55Z</time>
    <extensions>
     <ns2:TrackPointExtension>
      <ns2:atemp>10</ns2:atemp>
      <ns2:hr>140</ns2:hr>
      <ns2:cad>88</ns2:cad>
     </ns2:TrackPointExtension>
    </extensions>
   </trkpt>
   <trkpt lat="39.9700850" lon="-105.2946750">
    <ele>2045.8</ele>
    <time>2024-04-17T12:47:56Z</time>
    <extensions>
     <ns2:TrackPointExtension>
      <ns2:atemp>10</ns2:atemp>
      <ns2:hr>141</ns2:hr>
      <ns2:cad>88</ns2:cad>
     </ns2:TrackPointExtension>
    </extensions>
   </trkpt>
   <trkpt lat="39.9700870" lon="-105.2946560">
    <ele>2045.8</ele>
    <time>2024-04-17T12:47:57Z</time>
    <extensions>
     <ns2:TrackPointExtension>
      <ns2:atemp>10</ns2:atemp>
      <ns2:hr>140</ns2:hr>
      <ns2:cad>0</ns2:cad>
     </ns2:TrackPointExtension>
    </extensions>
   </trkpt>
   <trkpt lat="39.9701330" lon="-105.2945660">
    <ele>2045.0</ele>
    <time>2024-04-17T12:48:01Z</time>
    <extensions>
     <ns2:TrackPointExtension>
      <ns2:atemp>10</ns2:atemp>
      <ns2:hr>141</ns2:hr>
      <ns2:cad>0</ns2:cad>
     </ns2:TrackPointExtension>
    </extensions>
   </trkpt>
   <trkpt lat="39.9701870" lon="-105.2945070">
    <ele>2044.6</ele>
    <time>2024-04-17T12:48:03Z</time>
    <extensions>
     <ns2:TrackPointExtension>
      <ns2:atemp>11</ns2:atemp>
      <ns2:hr>141</ns2:hr>
      <ns2:cad>86</ns2:cad>
     </ns2:TrackPointExtension>
    </extensions>
   </trkpt>
   <trkpt lat="39.9702320" lon="-105.2943800">
    <ele>2043.8</ele>
    <time>2024-04-17T12:48:08Z</time>
    <extensions>
     <ns2:TrackPointExtension>
      <ns2:atemp>11</ns2:atemp>
      <ns2:hr>141</ns2:hr>
      <ns2:cad>88</ns2:cad>
     </ns2:TrackPointExtension>
    </extensions>
   </trkpt>
   <trkpt lat="39.9702290" lon="-105.2943610">
    <ele>2043.6</ele>
    <time>2024-04-17T12:48:09Z</time>
    <extensions>
     <ns2:TrackPointExtension>
      <ns2:atemp>11</ns2:atemp>
      <ns2:hr>142</ns2:hr>
      <ns2:cad>88</ns2:cad>
     </ns2:TrackPointExtension>
    </extensions>
   </trkpt>
   <trkpt lat="39.9702220" lon="-105.2943070">
    <ele>2042.2</ele>
    <time>2024-04-17T12:48:12Z</time>
    <extensions>
     <ns2:TrackPointExtension>
      <ns2:atemp>11</ns2:atemp>
      <ns2:hr>142</ns2:hr>
      <ns2:cad>88</ns2:cad>
     </ns2:TrackPointExtension>
    </extensions>
   </trkpt>
   <trkpt lat="39.9702260" lon="-105.2942520">
    <ele>2041.0</ele>
    <time>2024-04-17T12:48:15Z</time>
    <extensions>
     <ns2:TrackPointExtension>
      <ns2:atemp>11</ns2:atemp>
      <ns2:hr>140</ns2:hr>
      <ns2:cad>88</ns2:cad>
     </ns2:TrackPointExtension>
    </extensions>
   </trkpt>
   <trkpt lat="39.9702420" lon="-105.2941930">
    <ele>2039.8</ele>
    <time>2024-04-17T12:48:18Z</time>
    <extensions>
     <ns2:TrackPointExtension>
      <ns2:atemp>11</ns2:atemp>
      <ns2:hr>142</ns2:hr>
      <ns2:cad>86</ns2:cad>
     </ns2:TrackPointExtension>
    </extensions>
   </trkpt>
   <trkpt lat="39.9702840" lon="-105.2941500">
    <ele>2039.2</ele>
    <time>2024-04-17T12:48:21Z</time>
    <extensions>
     <ns2:TrackPointExtension>
      <ns2:atemp>11</ns2:atemp>
      <ns2:hr>141</ns2:hr>
      <ns2:cad>42</ns2:cad>
     </ns2:TrackPointExtension>
    </extensions>
   </trkpt>
   <trkpt lat="39.9703020" lon="-105.2941130">
    <ele>2038.6</ele>
    <time>2024-04-17T12:48:23Z</time>
    <extensions>
     <ns2:TrackPointExtension>
      <ns2:atemp>11</ns2:atemp>
      <ns2:hr>141</ns2:hr>
      <ns2:cad>82</ns2:cad>
     </ns2:TrackPointExtension>
    </extensions>
   </trkpt>
   <trkpt lat="39.9703090" lon="-105.2940870">
    <ele>2038.0</ele>
    <time>2024-04-17T12:48:25Z</time>
    <extensions>
     <ns2:TrackPointExtension>
      <ns2:atemp>11</ns2:atemp>
      <ns2:hr>138</ns2:hr>
      <ns2:cad>83</ns2:cad>
     </ns2:TrackPointExtension>
    </extensions>
   </trkpt>
   <trkpt lat="39.9702970" lon="-105.2940810">
    <ele>2037.8</ele>
    <time>2024-04-17T12:48:26Z</time>
    <extensions>
     <ns2:TrackPointExtension>
      <ns2:atemp>11</ns2:atemp>
      <ns2:hr>137</ns2:hr>
      <ns2:cad>83</ns2:cad>
     </ns2:TrackPointExtension>
    </extensions>
   </trkpt>
   <trkpt lat="39.9702770" lon="-105.2940820">
    <ele>2037.8</ele>
    <time>2024-04-17T12:48:27Z</time>
    <extensions>
     <ns2:TrackPointExtension>
      <ns2:atemp>11</ns2:atemp>
      <ns2:hr>141</ns2:hr>
      <ns2:cad>84</ns2:cad>
     </ns2:TrackPointExtension>
    </extensions>
   </trkpt>
   <trkpt lat="39.9702610" lon="-105.2940850">
    <ele>2037.6</ele>
    <time>2024-04-17T12:48:28Z</time>
    <extensions>
     <ns2:TrackPointExtension>
      <ns2:atemp>11</ns2:atemp>
      <ns2:hr>142</ns2:hr>
      <ns2:cad>85</ns2:cad>
     </ns2:TrackPointExtension>
    </extensions>
   </trkpt>
   <trkpt lat="39.9702560" lon="-105.2940760">
    <ele>2037.0</ele>
    <time>2024-04-17T12:48:31Z</time>
    <extensions>
     <ns2:TrackPointExtension>
      <ns2:atemp>11</ns2:atemp>
      <ns2:hr>141</ns2:hr>
      <ns2:cad>84</ns2:cad>
     </ns2:TrackPointExtension>
    </extensions>
   </trkpt>
   <trkpt lat="39.9702670" lon="-105.2940620">
    <ele>2036.6</ele>
    <time>2024-04-17T12:48:32Z</time>
    <extensions>
     <ns2:TrackPointExtension>
      <ns2:atemp>11</ns2:atemp>
      <ns2:hr>143</ns2:hr>
      <ns2:cad>83</ns2:cad>
     </ns2:TrackPointExtension>
    </extensions>
   </trkpt>
   <trkpt lat="39.9703280" lon="-105.2939910">
    <ele>2035.8</ele>
    <time>2024-04-17T12:48:36Z</time>
    <extensions>
     <ns2:TrackPointExtension>
      <ns2:atemp>11</ns2:atemp>
      <ns2:hr>143</ns2:hr>
      <ns2:cad>85</ns2:cad>
     </ns2:TrackPointExtension>
    </extensions>
   </trkpt>
   <trkpt lat="39.9703630" lon="-105.2939580">
    <ele>2035.6</ele>
    <time>2024-04-17T12:48:38Z</time>
    <extensions>
     <ns2:TrackPointExtension>
      <ns2:atemp>11</ns2:atemp>
      <ns2:hr>140</ns2:hr>
      <ns2:cad>87</ns2:cad>
     </ns2:TrackPointExtension>
    </extensions>
   </trkpt>
   <trkpt lat="39.9704470" lon="-105.2938690">
    <ele>2035.2</ele>
    <time>2024-04-17T12:48:44Z</time>
    <extensions>
     <ns2:TrackPointExtension>
      <ns2:atemp>11</ns2:atemp>
      <ns2:hr>139</ns2:hr>
      <ns2:cad>85</ns2:cad>
     </ns2:TrackPointExtension>
    </extensions>
   </trkpt>
   <trkpt lat="39.9705080" lon="-105.2938030">
    <ele>2034.4</ele>
    <time>2024-04-17T12:48:48Z</time>
    <extensions>
     <ns2:TrackPointExtension>
      <ns2:atemp>11</ns2:atemp>
      <ns2:hr>140</ns2:hr>
      <ns2:cad>81</ns2:cad>
     </ns2:TrackPointExtension>
    </extensions>
   </trkpt>
   <trkpt lat="39.9705180" lon="-105.2937820">
    <ele>2034.4</ele>
    <time>2024-04-17T12:48:49Z</time>
    <extensions>
     <ns2:TrackPointExtension>
      <ns2:atemp>11</ns2:atemp>
      <ns2:hr>139</ns2:hr>
      <ns2:cad>81</ns2:cad>
     </ns2:TrackPointExtension>
    </extensions>
   </trkpt>
   <trkpt lat="39.9705250" lon="-105.2937590">
    <ele>2034.2</ele>
    <time>2024-04-17T12:48:50Z</time>
    <extensions>
     <ns2:TrackPointExtension>
      <ns2:atemp>11</ns2:atemp>
      <ns2:hr>140</ns2:hr>
      <ns2:cad>81</ns2:cad>
     </ns2:TrackPointExtension>
    </extensions>
   </trkpt>
   <trkpt lat="39.9705360" lon="-105.2936570">
    <ele>2033.4</ele>
    <time>2024-04-17T12:48:54Z</time>
    <extensions>
     <ns2:TrackPointExtension>
      <ns2:atemp>11</ns2:atemp>
      <ns2:hr>137</ns2:hr>
      <ns2:cad>85</ns2:cad>
     </ns2:TrackPointExtension>
    </extensions>
   </trkpt>
   <trkpt lat="39.9705420" lon="-105.2936380">
    <ele>2033.2</ele>
    <time>2024-04-17T12:48:55Z</time>
    <extensions>
     <ns2:TrackPointExtension>
      <ns2:atemp>11</ns2:atemp>
      <ns2:hr>136</ns2:hr>
      <ns2:cad>85</ns2:cad>
     </ns2:TrackPointExtension>
    </extensions>
   </trkpt>
   <trkpt lat="39.9705580" lon="-105.2935580">
    <ele>2031.6</ele>
    <time>2024-04-17T12:48:59Z</time>
    <extensions>
     <ns2:TrackPointExtension>
      <ns2:atemp>11</ns2:atemp>
      <ns2:hr>134</ns2:hr>
      <ns2:cad>85</ns2:cad>
     </ns2:TrackPointExtension>
    </extensions>
   </trkpt>
   <trkpt lat="39.9705660" lon="-105.2935080">
    <ele>2030.8</ele>
    <time>2024-04-17T12:49:01Z</time>
    <extensions>
     <ns2:TrackPointExtension>
      <ns2:atemp>11</ns2:atemp>
      <ns2:hr>133</ns2:hr>
      <ns2:cad>84</ns2:cad>
     </ns2:TrackPointExtension>
    </extensions>
   </trkpt>
   <trkpt lat="39.9705670" lon="-105.2934520">
    <ele>2030.4</ele>
    <time>2024-04-17T12:49:03Z</time>
    <extensions>
     <ns2:TrackPointExtension>
      <ns2:atemp>11</ns2:atemp>
      <ns2:hr>133</ns2:hr>
      <ns2:cad>87</ns2:cad>
     </ns2:TrackPointExtension>
    </extensions>
   </trkpt>
   <trkpt lat="39.9705820" lon="-105.2933230">
    <ele>2029.4</ele>
    <time>2024-04-17T12:49:08Z</time>
    <extensions>
     <ns2:TrackPointExtension>
      <ns2:atemp>11</ns2:atemp>
      <ns2:hr>136</ns2:hr>
      <ns2:cad>43</ns2:cad>
     </ns2:TrackPointExtension>
    </extensions>
   </trkpt>
   <trkpt lat="39.9705780" lon="-105.2932990">
    <ele>2029.4</ele>
    <time>2024-04-17T12:49:09Z</time>
    <extensions>
     <ns2:TrackPointExtension>
      <ns2:atemp>11</ns2:atemp>
      <ns2:hr>137</ns2:hr>
      <ns2:cad>43</ns2:cad>
     </ns2:TrackPointExtension>
    </extensions>
   </trkpt>
   <trkpt lat="39.9705770" lon="-105.2932770">
    <ele>2028.8</ele>
    <time>2024-04-17T12:49:10Z</time>
    <extensions>
     <ns2:TrackPointExtension>
      <ns2:atemp>11</ns2:atemp>
      <ns2:hr>134</ns2:hr>
      <ns2:cad>0</ns2:cad>
     </ns2:TrackPointExtension>
    </extensions>
   </trkpt>
   <trkpt lat="39.9705730" lon="-105.2932170">
    <ele>2028.2</ele>
    <time>2024-04-17T12:49:13Z</time>
    <extensions>
     <ns2:TrackPointExtension>
      <ns2:atemp>11</ns2:atemp>
      <ns2:hr>137</ns2:hr>
      <ns2:cad>0</ns2:cad>
     </ns2:TrackPointExtension>
    </extensions>
   </trkpt>
   <trkpt lat="39.9705850" lon="-105.2931780">
    <ele>2027.6</ele>
    <time>2024-04-17T12:49:15Z</time>
    <extensions>
     <ns2:TrackPointExtension>
      <ns2:atemp>11</ns2:atemp>
      <ns2:hr>135</ns2:hr>
      <ns2:cad>0</ns2:cad>
     </ns2:TrackPointExtension>
    </extensions>
   </trkpt>
   <trkpt lat="39.9705990" lon="-105.2931520">
    <ele>2027.2</ele>
    <time>2024-04-17T12:49:16Z</time>
    <extensions>
     <ns2:TrackPointExtension>
      <ns2:atemp>11</ns2:atemp>
      <ns2:hr>134</ns2:hr>
      <ns2:cad>0</ns2:cad>
     </ns2:TrackPointExtension>
    </extensions>
   </trkpt>
   <trkpt lat="39.9706130" lon="-105.2931270">
    <ele>2026.6</ele>
    <time>2024-04-17T12:49:17Z</time>
    <extensions>
     <ns2:TrackPointExtension>
      <ns2:atemp>11</ns2:atemp>
      <ns2:hr>133</ns2:hr>
      <ns2:cad>0</ns2:cad>
     </ns2:TrackPointExtension>
    </extensions>
   </trkpt>
   <trkpt lat="39.9706200" lon="-105.2931050">
    <ele>2026.2</ele>
    <time>2024-04-17T12:49:18Z</time>
    <extensions>
     <ns2:TrackPointExtension>
      <ns2:atemp>11</ns2:atemp>
      <ns2:hr>136</ns2:hr>
      <ns2:cad>0</ns2:cad>
     </ns2:TrackPointExtension>
    </extensions>
   </trkpt>
   <trkpt lat="39.9706310" lon="-105.2930810">
    <ele>2025.8</ele>
    <time>2024-04-17T12:49:19Z</time>
    <extensions>
     <ns2:TrackPointExtension>
      <ns2:atemp>11</ns2:atemp>
      <ns2:hr>133</ns2:hr>
      <ns2:cad>0</ns2:cad>
     </ns2:TrackPointExtension>
    </extensions>
   </trkpt>
   <trkpt lat="39.9706510" lon="-105.2930410">
    <ele>2025.6</ele>
    <time>2024-04-17T12:49:21Z</time>
    <extensions>
     <ns2:TrackPointExtension>
      <ns2:atemp>11</ns2:atemp>
      <ns2:hr>133</ns2:hr>
      <ns2:cad>82</ns2:cad>
     </ns2:TrackPointExtension>
    </extensions>
   </trkpt>
   <trkpt lat="39.9706600" lon="-105.2930030">
    <ele>2025.2</ele>
    <time>2024-04-17T12:49:23Z</time>
    <extensions>
     <ns2:TrackPointExtension>
      <ns2:atemp>11</ns2:atemp>
      <ns2:hr>133</ns2:hr>
      <ns2:cad>82</ns2:cad>
     </ns2:TrackPointExtension>
    </extensions>
   </trkpt>
   <trkpt lat="39.9706930" lon="-105.2929510">
    <ele>2024.2</ele>
    <time>2024-04-17T12:49:26Z</time>
    <extensions>
     <ns2:TrackPointExtension>
      <ns2:atemp>11</ns2:atemp>
      <ns2:hr>134</ns2:hr>
      <ns2:cad>87</ns2:cad>
     </ns2:TrackPointExtension>
    </extensions>
   </trkpt>
   <trkpt lat="39.9707290" lon="-105.2928880">
    <ele>2023.0</ele>
    <time>2024-04-17T12:49:30Z</time>
    <extensions>
     <ns2:TrackPointExtension>
      <ns2:atemp>11</ns2:atemp>
      <ns2:hr>134</ns2:hr>
      <ns2:cad>87</ns2:cad>
     </ns2:TrackPointExtension>
    </extensions>
   </trkpt>
   <trkpt lat="39.9707520" lon="-105.2927750">
    <ele>2021.8</ele>
    <time>2024-04-17T12:49:34Z</time>
    <extensions>
     <ns2:TrackPointExtension>
      <ns2:atemp>11</ns2:atemp>
      <ns2:hr>134</ns2:hr>
      <ns2:cad>87</ns2:cad>
     </ns2:TrackPointExtension>
    </extensions>
   </trkpt>
   <trkpt lat="39.9707690" lon="-105.2927360">
    <ele>2021.2</ele>
    <time>2024-04-17T12:49:36Z</time>
    <extensions>
     <ns2:TrackPointExtension>
      <ns2:atemp>11</ns2:atemp>
      <ns2:hr>134</ns2:hr>
      <ns2:cad>87</ns2:cad>
     </ns2:TrackPointExtension>
    </extensions>
   </trkpt>
   <trkpt lat="39.9708110" lon="-105.2926880">
    <ele>2020.6</ele>
    <time>2024-04-17T12:49:40Z</time>
    <extensions>
     <ns2:TrackPointExtension>
      <ns2:atemp>11</ns2:atemp>
      <ns2:hr>133</ns2:hr>
      <ns2:cad>88</ns2:cad>
     </ns2:TrackPointExtension>
    </extensions>
   </trkpt>
   <trkpt lat="39.9708310" lon="-105.2926560">
    <ele>2020.2</ele>
    <time>2024-04-17T12:49:42Z</time>
    <extensions>
     <ns2:TrackPointExtension>
      <ns2:atemp>11</ns2:atemp>
      <ns2:hr>132</ns2:hr>
      <ns2:cad>88</ns2:cad>
     </ns2:TrackPointExtension>
    </extensions>
   </trkpt>
   <trkpt lat="39.9708490" lon="-105.2926290">
    <ele>2019.4</ele>
    <time>2024-04-17T12:49:44Z</time>
    <extensions>
     <ns2:TrackPointExtension>
      <ns2:atemp>11</ns2:atemp>
      <ns2:hr>129</ns2:hr>
      <ns2:cad>88</ns2:cad>
     </ns2:TrackPointExtension>
    </extensions>
   </trkpt>
   <trkpt lat="39.9709080" lon="-105.2925720">
    <ele>2018.2</ele>
    <time>2024-04-17T12:49:48Z</time>
    <extensions>
     <ns2:TrackPointExtension>
      <ns2:atemp>11</ns2:atemp>
      <ns2:hr>131</ns2:hr>
      <ns2:cad>88</ns2:cad>
     </ns2:TrackPointExtension>
    </extensions>
   </trkpt>
   <trkpt lat="39.9709400" lon="-105.2925300">
    <ele>2017.8</ele>
    <time>2024-04-17T12:49:50Z</time>
    <extensions>
     <ns2:TrackPointExtension>
      <ns2:atemp>11</ns2:atemp>
      <ns2:hr>133</ns2:hr>
      <ns2:cad>88</ns2:cad>
     </ns2:TrackPointExtension>
    </extensions>
   </trkpt>
   <trkpt lat="39.9709910" lon="-105.2924400">
    <ele>2017.0</ele>
    <time>2024-04-17T12:49:54Z</time>
    <extensions>
     <ns2:TrackPointExtension>
      <ns2:atemp>11</ns2:atemp>
      <ns2:hr>135</ns2:hr>
      <ns2:cad>88</ns2:cad>
     </ns2:TrackPointExtension>
    </extensions>
   </trkpt>
   <trkpt lat="39.9710110" lon="-105.2923840">
    <ele>2016.8</ele>
    <time>2024-04-17T12:49:57Z</time>
    <extensions>
     <ns2:TrackPointExtension>
      <ns2:atemp>11</ns2:atemp>
      <ns2:hr>136</ns2:hr>
      <ns2:cad>89</ns2:cad>
     </ns2:TrackPointExtension>
    </extensions>
   </trkpt>
   <trkpt lat="39.9710120" lon="-105.2923700">
    <ele>2016.8</ele>
    <time>2024-04-17T12:50:02Z</time>
    <extensions>
     <ns2:TrackPointExtension>
      <ns2:atemp>11</ns2:atemp>
      <ns2:hr>136</ns2:hr>
      <ns2:cad>0</ns2:cad>
     </ns2:TrackPointExtension>
    </extensions>
   </trkpt>
   <trkpt lat="39.9710130" lon="-105.2923700">
    <ele>2016.8</ele>
    <time>2024-04-17T12:50:07Z</time>
    <extensions>
     <ns2:TrackPointExtension>
      <ns2:atemp>11</ns2:atemp>
      <ns2:hr>133</ns2:hr>
      <ns2:cad>0</ns2:cad>
     </ns2:TrackPointExtension>
    </extensions>
   </trkpt>
   <trkpt lat="39.9710140" lon="-105.2923700">
    <ele>2016.8</ele>
    <time>2024-04-17T12:50:08Z</time>
    <extensions>
     <ns2:TrackPointExtension>
      <ns2:atemp>11</ns2:atemp>
      <ns2:hr>132</ns2:hr>
      <ns2:cad>0</ns2:cad>
     </ns2:TrackPointExtension>
    </extensions>
   </trkpt>
   <trkpt lat="39.9710150" lon="-105.2923710">
    <ele>2016.8</ele>
    <time>2024-04-17T12:50:14Z</time>
    <extensions>
     <ns2:TrackPointExtension>
      <ns2:atemp>11</ns2:atemp>
      <ns2:hr>129</ns2:hr>
      <ns2:cad>0</ns2:cad>
     </ns2:TrackPointExtension>
    </extensions>
   </trkpt>
   <trkpt lat="39.9710130" lon="-105.2923700">
    <ele>2016.8</ele>
    <time>2024-04-17T12:50:20Z</time>
    <extensions>
     <ns2:TrackPointExtension>
      <ns2:atemp>11</ns2:atemp>
      <ns2:hr>126</ns2:hr>
      <ns2:cad>0</ns2:cad>
     </ns2:TrackPointExtension>
    </extensions>
   </trkpt>
   <trkpt lat="39.9710120" lon="-105.2923690">
    <ele>2016.6</ele>
    <time>2024-04-17T12:50:28Z</time>
    <extensions>
     <ns2:TrackPointExtension>
      <ns2:atemp>11</ns2:atemp>
      <ns2:hr>123</ns2:hr>
      <ns2:cad>0</ns2:cad>
     </ns2:TrackPointExtension>
    </extensions>
   </trkpt>
   <trkpt lat="39.9710600" lon="-105.2922980">
    <ele>2016.8</ele>
    <time>2024-04-17T12:50:33Z</time>
    <extensions>
     <ns2:TrackPointExtension>
      <ns2:atemp>11</ns2:atemp>
      <ns2:hr>124</ns2:hr>
      <ns2:cad>87</ns2:cad>
     </ns2:TrackPointExtension>
    </extensions>
   </trkpt>
   <trkpt lat="39.9711690" lon="-105.2921810">
    <ele>2017.0</ele>
    <time>2024-04-17T12:50:39Z</time>
    <extensions>
     <ns2:TrackPointExtension>
      <ns2:atemp>11</ns2:atemp>
      <ns2:hr>124</ns2:hr>
      <ns2:cad>90</ns2:cad>
     </ns2:TrackPointExtension>
    </extensions>
   </trkpt>
   <trkpt lat="39.9712850" lon="-105.2922040">
    <ele>2016.2</ele>
    <time>2024-04-17T12:50:45Z</time>
    <extensions>
     <ns2:TrackPointExtension>
      <ns2:atemp>11</ns2:atemp>
      <ns2:hr>125</ns2:hr>
      <ns2:cad>92</ns2:cad>
     </ns2:TrackPointExtension>
    </extensions>
   </trkpt>
   <trkpt lat="39.9713310" lon="-105.2921930">
    <ele>2016.0</ele>
    <time>2024-04-17T12:50:48Z</time>
    <extensions>
     <ns2:TrackPointExtension>
      <ns2:atemp>11</ns2:atemp>
      <ns2:hr>126</ns2:hr>
      <ns2:cad>91</ns2:cad>
     </ns2:TrackPointExtension>
    </extensions>
   </trkpt>
   <trkpt lat="39.9713600" lon="-105.2921700">
    <ele>2015.6</ele>
    <time>2024-04-17T12:50:50Z</time>
    <extensions>
     <ns2:TrackPointExtension>
      <ns2:atemp>11</ns2:atemp>
      <ns2:hr>130</ns2:hr>
      <ns2:cad>90</ns2:cad>
     </ns2:TrackPointExtension>
    </extensions>
   </trkpt>
   <trkpt lat="39.9713740" lon="-105.2921590">
    <ele>2015.6</ele>
    <time>2024-04-17T12:50:51Z</time>
    <extensions>
     <ns2:TrackPointExtension>
      <ns2:atemp>11</ns2:atemp>
      <ns2:hr>127</ns2:hr>
      <ns2:cad>90</ns2:cad>
     </ns2:TrackPointExtension>
    </extensions>
   </trkpt>
   <trkpt lat="39.9714160" lon="-105.2921350">
    <ele>2015.6</ele>
    <time>2024-04-17T12:50:54Z</time>
    <extensions>
     <ns2:TrackPointExtension>
      <ns2:atemp>11</ns2:atemp>
      <ns2:hr>126</ns2:hr>
      <ns2:cad>89</ns2:cad>
     </ns2:TrackPointExtension>
    </extensions>
   </trkpt>
   <trkpt lat="39.9714500" lon="-105.2921230">
    <ele>2014.8</ele>
    <time>2024-04-17T12:50:56Z</time>
    <extensions>
     <ns2:TrackPointExtension>
      <ns2:atemp>11</ns2:atemp>
      <ns2:hr>126</ns2:hr>
      <ns2:cad>89</ns2:cad>
     </ns2:TrackPointExtension>
    </extensions>
   </trkpt>
   <trkpt lat="39.9714660" lon="-105.2921160">
    <ele>2014.6</ele>
    <time>2024-04-17T12:50:57Z</time>
    <extensions>
     <ns2:TrackPointExtension>
      <ns2:atemp>11</ns2:atemp>
      <ns2:hr>129</ns2:hr>
      <ns2:cad>89</ns2:cad>
     </ns2:TrackPointExtension>
    </extensions>
   </trkpt>
   <trkpt lat="39.9715830" lon="-105.2919800">
    <ele>2014.0</ele>
    <time>2024-04-17T12:51:03Z</time>
    <extensions>
     <ns2:TrackPointExtension>
      <ns2:atemp>11</ns2:atemp>
      <ns2:hr>132</ns2:hr>
      <ns2:cad>92</ns2:cad>
     </ns2:TrackPointExtension>
    </extensions>
   </trkpt>
   <trkpt lat="39.9716080" lon="-105.2919460">
    <ele>2014.0</ele>
    <time>2024-04-17T12:51:04Z</time>
    <extensions>
     <ns2:TrackPointExtension>
      <ns2:atemp>11</ns2:atemp>
      <ns2:hr>132</ns2:hr>
      <ns2:cad>92</ns2:cad>
     </ns2:TrackPointExtension>
    </extensions>
   </trkpt>
   <trkpt lat="39.9716270" lon="-105.2919320">
    <ele>2013.8</ele>
    <time>2024-04-17T12:51:05Z</time>
    <extensions>
     <ns2:TrackPointExtension>
      <ns2:atemp>11</ns2:atemp>
      <ns2:hr>134</ns2:hr>
      <ns2:cad>92</ns2:cad>
     </ns2:TrackPointExtension>
    </extensions>
   </trkpt>
   <trkpt lat="39.9717200" lon="-105.2918870">
    <ele>2013.6</ele>
    <time>2024-04-17T12:51:09Z</time>
    <extensions>
     <ns2:TrackPointExtension>
      <ns2:atemp>11</ns2:atemp>
      <ns2:hr>137</ns2:hr>
      <ns2:cad>88</ns2:cad>
     </ns2:TrackPointExtension>
    </extensions>
   </trkpt>
   <trkpt lat="39.9717700" lon="-105.2918190">
    <ele>2013.8</ele>
    <time>2024-04-17T12:51:12Z</time>
    <extensions>
     <ns2:TrackPointExtension>
      <ns2:atemp>11</ns2:atemp>
      <ns2:hr>139</ns2:hr>
      <ns2:cad>90</ns2:cad>
     </ns2:TrackPointExtension>
    </extensions>
   </trkpt>
   <trkpt lat="39.9718340" lon="-105.2916700">
    <ele>2013.8</ele>
    <time>2024-04-17T12:51:17Z</time>
    <extensions>
     <ns2:TrackPointExtension>
      <ns2:atemp>11</ns2:atemp>
      <ns2:hr>142</ns2:hr>
      <ns2:cad>88</ns2:cad>
     </ns2:TrackPointExtension>
    </extensions>
   </trkpt>
   <trkpt lat="39.9718370" lon="-105.2916610">
    <ele>2013.6</ele>
    <time>2024-04-17T12:51:18Z</time>
    <extensions>
     <ns2:TrackPointExtension>
      <ns2:atemp>11</ns2:atemp>
      <ns2:hr>140</ns2:hr>
      <ns2:cad>88</ns2:cad>
     </ns2:TrackPointExtension>
    </extensions>
   </trkpt>
   <trkpt lat="39.9718620" lon="-105.2916270">
    <ele>2013.6</ele>
    <time>2024-04-17T12:51:20Z</time>
    <extensions>
     <ns2:TrackPointExtension>
      <ns2:atemp>11</ns2:atemp>
      <ns2:hr>142</ns2:hr>
      <ns2:cad>90</ns2:cad>
     </ns2:TrackPointExtension>
    </extensions>
   </trkpt>
   <trkpt lat="39.9718720" lon="-105.2915400">
    <ele>2013.4</ele>
    <time>2024-04-17T12:51:23Z</time>
    <extensions>
     <ns2:TrackPointExtension>
      <ns2:atemp>11</ns2:atemp>
      <ns2:hr>141</ns2:hr>
      <ns2:cad>90</ns2:cad>
     </ns2:TrackPointExtension>
    </extensions>
   </trkpt>
   <trkpt lat="39.9718790" lon="-105.2914940">
    <ele>2012.4</ele>
    <time>2024-04-17T12:51:25Z</time>
    <extensions>
     <ns2:TrackPointExtension>
      <ns2:atemp>11</ns2:atemp>
      <ns2:hr>141</ns2:hr>
      <ns2:cad>90</ns2:cad>
     </ns2:TrackPointExtension>
    </extensions>
   </trkpt>
   <trkpt lat="39.9718850" lon="-105.2913430">
    <ele>2011.4</ele>
    <time>2024-04-17T12:51:31Z</time>
    <extensions>
     <ns2:TrackPointExtension>
      <ns2:atemp>11</ns2:atemp>
      <ns2:hr>143</ns2:hr>
      <ns2:cad>90</ns2:cad>
     </ns2:TrackPointExtension>
    </extensions>
   </trkpt>
   <trkpt lat="39.9718750" lon="-105.2912760">
    <ele>2010.6</ele>
    <time>2024-04-17T12:51:34Z</time>
    <extensions>
     <ns2:TrackPointExtension>
      <ns2:atemp>11</ns2:atemp>
      <ns2:hr>143</ns2:hr>
      <ns2:cad>87</ns2:cad>
     </ns2:TrackPointExtension>
    </extensions>
   </trkpt>
   <trkpt lat="39.9718690" lon="-105.2912480">
    <ele>2010.6</ele>
    <time>2024-04-17T12:51:35Z</time>
    <extensions>
     <ns2:TrackPointExtension>
      <ns2:atemp>11</ns2:atemp>
      <ns2:hr>142</ns2:hr>
      <ns2:cad>87</ns2:cad>
     </ns2:TrackPointExtension>
    </extensions>
   </trkpt>
   <trkpt lat="39.9718530" lon="-105.2912090">
    <ele>2010.4</ele>
    <time>2024-04-17T12:51:37Z</time>
    <extensions>
     <ns2:TrackPointExtension>
      <ns2:atemp>11</ns2:atemp>
      <ns2:hr>142</ns2:hr>
      <ns2:cad>89</ns2:cad>
     </ns2:TrackPointExtension>
    </extensions>
   </trkpt>
   <trkpt lat="39.9718580" lon="-105.2911910">
    <ele>2010.2</ele>
    <time>2024-04-17T12:51:38Z</time>
    <extensions>
     <ns2:TrackPointExtension>
      <ns2:atemp>11</ns2:atemp>
      <ns2:hr>143</ns2:hr>
      <ns2:cad>89</ns2:cad>
     </ns2:TrackPointExtension>
    </extensions>
   </trkpt>
   <trkpt lat="39.9718670" lon="-105.2911680">
    <ele>2010.2</ele>
    <time>2024-04-17T12:51:39Z</time>
    <extensions>
     <ns2:TrackPointExtension>
      <ns2:atemp>11</ns2:atemp>
      <ns2:hr>143</ns2:hr>
      <ns2:cad>89</ns2:cad>
     </ns2:TrackPointExtension>
    </extensions>
   </trkpt>
   <trkpt lat="39.9719060" lon="-105.2910310">
    <ele>2009.4</ele>
    <time>2024-04-17T12:51:45Z</time>
    <extensions>
     <ns2:TrackPointExtension>
      <ns2:atemp>11</ns2:atemp>
      <ns2:hr>143</ns2:hr>
      <ns2:cad>43</ns2:cad>
     </ns2:TrackPointExtension>
    </extensions>
   </trkpt>
   <trkpt lat="39.9719100" lon="-105.2910140">
    <ele>2009.0</ele>
    <time>2024-04-17T12:51:46Z</time>
    <extensions>
     <ns2:TrackPointExtension>
      <ns2:atemp>11</ns2:atemp>
      <ns2:hr>143</ns2:hr>
      <ns2:cad>43</ns2:cad>
     </ns2:TrackPointExtension>
    </extensions>
   </trkpt>
   <trkpt lat="39.9719220" lon="-105.2909710">
    <ele>2008.2</ele>
    <time>2024-04-17T12:51:48Z</time>
    <extensions>
     <ns2:TrackPointExtension>
      <ns2:atemp>11</ns2:atemp>
      <ns2:hr>142</ns2:hr>
      <ns2:cad>79</ns2:cad>
     </ns2:TrackPointExtension>
    </extensions>
   </trkpt>
   <trkpt lat="39.9719370" lon="-105.2909310">
    <ele>2007.0</ele>
    <time>2024-04-17T12:51:50Z</time>
    <extensions>
     <ns2:TrackPointExtension>
      <ns2:atemp>11</ns2:atemp>
      <ns2:hr>142</ns2:hr>
      <ns2:cad>79</ns2:cad>
     </ns2:TrackPointExtension>
    </extensions>
   </trkpt>
   <trkpt lat="39.9719690" lon="-105.2908690">
    <ele>2006.2</ele>
    <time>2024-04-17T12:51:53Z</time>
    <extensions>
     <ns2:TrackPointExtension>
      <ns2:atemp>11</ns2:atemp>
      <ns2:hr>141</ns2:hr>
      <ns2:cad>79</ns2:cad>
     </ns2:TrackPointExtension>
    </extensions>
   </trkpt>
   <trkpt lat="39.9719870" lon="-105.2908170">
    <ele>2006.0</ele>
    <time>2024-04-17T12:51:55Z</time>
    <extensions>
     <ns2:TrackPointExtension>
      <ns2:atemp>11</ns2:atemp>
      <ns2:hr>141</ns2:hr>
      <ns2:cad>88</ns2:cad>
     </ns2:TrackPointExtension>
    </extensions>
   </trkpt>
   <trkpt lat="39.9720230" lon="-105.2906590">
    <ele>2005.0</ele>
    <time>2024-04-17T12:52:00Z</time>
    <extensions>
     <ns2:TrackPointExtension>
      <ns2:atemp>11</ns2:atemp>
      <ns2:hr>141</ns2:hr>
      <ns2:cad>87</ns2:cad>
     </ns2:TrackPointExtension>
    </extensions>
   </trkpt>
   <trkpt lat="39.9720480" lon="-105.2905100">
    <ele>2003.8</ele>
    <time>2024-04-17T12:52:05Z</time>
    <extensions>
     <ns2:TrackPointExtension>
      <ns2:atemp>11</ns2:atemp>
      <ns2:hr>143</ns2:hr>
      <ns2:cad>88</ns2:cad>
     </ns2:TrackPointExtension>
    </extensions>
   </trkpt>
   <trkpt lat="39.9720590" lon="-105.2904840">
    <ele>2003.8</ele>
    <time>2024-04-17T12:52:06Z</time>
    <extensions>
     <ns2:TrackPointExtension>
      <ns2:atemp>11</ns2:atemp>
      <ns2:hr>142</ns2:hr>
      <ns2:cad>89</ns2:cad>
     </ns2:TrackPointExtension>
    </extensions>
   </trkpt>
   <trkpt lat="39.9720700" lon="-105.2904120">
    <ele>2003.0</ele>
    <time>2024-04-17T12:52:09Z</time>
    <extensions>
     <ns2:TrackPointExtension>
      <ns2:atemp>11</ns2:atemp>
      <ns2:hr>141</ns2:hr>
      <ns2:cad>89</ns2:cad>
     </ns2:TrackPointExtension>
    </extensions>
   </trkpt>
   <trkpt lat="39.9720520" lon="-105.2904010">
    <ele>2002.6</ele>
    <time>2024-04-17T12:52:10Z</time>
    <extensions>
     <ns2:TrackPointExtension>
      <ns2:atemp>11</ns2:atemp>
      <ns2:hr>142</ns2:hr>
      <ns2:cad>89</ns2:cad>
     </ns2:TrackPointExtension>
    </extensions>
   </trkpt>
   <trkpt lat="39.9720360" lon="-105.2904070">
    <ele>2002.6</ele>
    <time>2024-04-17T12:52:11Z</time>
    <extensions>
     <ns2:TrackPointExtension>
      <ns2:atemp>11</ns2:atemp>
      <ns2:hr>142</ns2:hr>
      <ns2:cad>89</ns2:cad>
     </ns2:TrackPointExtension>
    </extensions>
   </trkpt>
   <trkpt lat="39.9719750" lon="-105.2904220">
    <ele>2002.2</ele>
    <time>2024-04-17T12:52:13Z</time>
    <extensions>
     <ns2:TrackPointExtension>
      <ns2:atemp>11</ns2:atemp>
      <ns2:hr>141</ns2:hr>
      <ns2:cad>89</ns2:cad>
     </ns2:TrackPointExtension>
    </extensions>
   </trkpt>
   <trkpt lat="39.9719580" lon="-105.2904390">
    <ele>2002.2</ele>
    <time>2024-04-17T12:52:14Z</time>
    <extensions>
     <ns2:TrackPointExtension>
      <ns2:atemp>11</ns2:atemp>
      <ns2:hr>141</ns2:hr>
      <ns2:cad>89</ns2:cad>
     </ns2:TrackPointExtension>
    </extensions>
   </trkpt>
   <trkpt lat="39.9719230" lon="-105.2905160">
    <ele>2001.4</ele>
    <time>2024-04-17T12:52:18Z</time>
    <extensions>
     <ns2:TrackPointExtension>
      <ns2:atemp>11</ns2:atemp>
      <ns2:hr>143</ns2:hr>
      <ns2:cad>89</ns2:cad>
     </ns2:TrackPointExtension>
    </extensions>
   </trkpt>
   <trkpt lat="39.9718910" lon="-105.2905530">
    <ele>2000.6</ele>
    <time>2024-04-17T12:52:21Z</time>
    <extensions>
     <ns2:TrackPointExtension>
      <ns2:atemp>11</ns2:atemp>
      <ns2:hr>145</ns2:hr>
      <ns2:cad>90</ns2:cad>
     </ns2:TrackPointExtension>
    </extensions>
   </trkpt>
   <trkpt lat="39.9718760" lon="-105.2905770">
    <ele>2000.2</ele>
    <time>2024-04-17T12:52:22Z</time>
    <extensions>
     <ns2:TrackPointExtension>
      <ns2:atemp>11</ns2:atemp>
      <ns2:hr>143</ns2:hr>
      <ns2:cad>90</ns2:cad>
     </ns2:TrackPointExtension>
    </extensions>
   </trkpt>
   <trkpt lat="39.9717740" lon="-105.2907020">
    <ele>1999.2</ele>
    <time>2024-04-17T12:52:28Z</time>
    <extensions>
     <ns2:TrackPointExtension>
      <ns2:atemp>11</ns2:atemp>
      <ns2:hr>145</ns2:hr>
      <ns2:cad>92</ns2:cad>
     </ns2:TrackPointExtension>
    </extensions>
   </trkpt>
   <trkpt lat="39.9717210" lon="-105.2907430">
    <ele>1998.2</ele>
    <time>2024-04-17T12:52:32Z</time>
    <extensions>
     <ns2:TrackPointExtension>
      <ns2:atemp>11</ns2:atemp>
      <ns2:hr>147</ns2:hr>
      <ns2:cad>91</ns2:cad>
     </ns2:TrackPointExtension>
    </extensions>
   </trkpt>
   <trkpt lat="39.9716890" lon="-105.2907480">
    <ele>1998.0</ele>
    <time>2024-04-17T12:52:34Z</time>
    <extensions>
     <ns2:TrackPointExtension>
      <ns2:atemp>11</ns2:atemp>
      <ns2:hr>145</ns2:hr>
      <ns2:cad>89</ns2:cad>
     </ns2:TrackPointExtension>
    </extensions>
   </trkpt>
   <trkpt lat="39.9716780" lon="-105.2907460">
    <ele>1997.8</ele>
    <time>2024-04-17T12:52:35Z</time>
    <extensions>
     <ns2:TrackPointExtension>
      <ns2:atemp>11</ns2:atemp>
      <ns2:hr>145</ns2:hr>
      <ns2:cad>89</ns2:cad>
     </ns2:TrackPointExtension>
    </extensions>
   </trkpt>
   <trkpt lat="39.9716830" lon="-105.2907440">
    <ele>1997.0</ele>
    <time>2024-04-17T12:52:37Z</time>
    <extensions>
     <ns2:TrackPointExtension>
      <ns2:atemp>11</ns2:atemp>
      <ns2:hr>145</ns2:hr>
      <ns2:cad>89</ns2:cad>
     </ns2:TrackPointExtension>
    </extensions>
   </trkpt>
   <trkpt lat="39.9717000" lon="-105.2907430">
    <ele>1996.8</ele>
    <time>2024-04-17T12:52:38Z</time>
    <extensions>
     <ns2:TrackPointExtension>
      <ns2:atemp>11</ns2:atemp>
      <ns2:hr>145</ns2:hr>
      <ns2:cad>89</ns2:cad>
     </ns2:TrackPointExtension>
    </extensions>
   </trkpt>
   <trkpt lat="39.9717660" lon="-105.2906960">
    <ele>1995.8</ele>
    <time>2024-04-17T12:52:42Z</time>
    <extensions>
     <ns2:TrackPointExtension>
      <ns2:atemp>11</ns2:atemp>
      <ns2:hr>145</ns2:hr>
      <ns2:cad>89</ns2:cad>
     </ns2:TrackPointExtension>
    </extensions>
   </trkpt>
   <trkpt lat="39.9717840" lon="-105.2906490">
    <ele>1995.0</ele>
    <time>2024-04-17T12:52:45Z</time>
    <extensions>
     <ns2:TrackPointExtension>
      <ns2:atemp>11</ns2:atemp>
      <ns2:hr>143</ns2:hr>
      <ns2:cad>89</ns2:cad>
     </ns2:TrackPointExtension>
    </extensions>
   </trkpt>
   <trkpt lat="39.9717800" lon="-105.2906420">
    <ele>1994.6</ele>
    <time>2024-04-17T12:52:46Z</time>
    <extensions>
     <ns2:TrackPointExtension>
      <ns2:atemp>11</ns2:atemp>
      <ns2:hr>143</ns2:hr>
      <ns2:cad>89</ns2:cad>
     </ns2:TrackPointExtension>
    </extensions>
   </trkpt>
   <trkpt lat="39.9717760" lon="-105.2906330">
    <ele>1994.0</ele>
    <time>2024-04-17T12:52:47Z</time>
    <extensions>
     <ns2:TrackPointExtension>
      <ns2:atemp>11</ns2:atemp>
      <ns2:hr>142</ns2:hr>
      <ns2:cad>89</ns2:cad>
     </ns2:TrackPointExtension>
    </extensions>
   </trkpt>
   <trkpt lat="39.9717800" lon="-105.2905830">
    <ele>1993.8</ele>
    <time>2024-04-17T12:52:51Z</time>
    <extensions>
     <ns2:TrackPointExtension>
      <ns2:atemp>11</ns2:atemp>
      <ns2:hr>141</ns2:hr>
      <ns2:cad>0</ns2:cad>
     </ns2:TrackPointExtension>
    </extensions>
   </trkpt>
   <trkpt lat="39.9717840" lon="-105.2905240">
    <ele>1993.6</ele>
    <time>2024-04-17T12:52:55Z</time>
    <extensions>
     <ns2:TrackPointExtension>
      <ns2:atemp>11</ns2:atemp>
      <ns2:hr>139</ns2:hr>
      <ns2:cad>0</ns2:cad>
     </ns2:TrackPointExtension>
    </extensions>
   </trkpt>
   <trkpt lat="39.9717800" lon="-105.2904760">
    <ele>1992.8</ele>
    <time>2024-04-17T12:53:00Z</time>
    <extensions>
     <ns2:TrackPointExtension>
      <ns2:atemp>11</ns2:atemp>
      <ns2:hr>137</ns2:hr>
      <ns2:cad>0</ns2:cad>
     </ns2:TrackPointExtension>
    </extensions>
   </trkpt>
   <trkpt lat="39.9717760" lon="-105.2904650">
    <ele>1992.8</ele>
    <time>2024-04-17T12:53:01Z</time>
    <extensions>
     <ns2:TrackPointExtension>
      <ns2:atemp>11</ns2:atemp>
      <ns2:hr>135</ns2:hr>
      <ns2:cad>0</ns2:cad>
     </ns2:TrackPointExtension>
    </extensions>
   </trkpt>
   <trkpt lat="39.9717640" lon="-105.2904460">
    <ele>1992.4</ele>
    <time>2024-04-17T12:53:03Z</time>
    <extensions>
     <ns2:TrackPointExtension>
      <ns2:atemp>11</ns2:atemp>
      <ns2:hr>136</ns2:hr>
      <ns2:cad>0</ns2:cad>
     </ns2:TrackPointExtension>
    </extensions>
   </trkpt>
   <trkpt lat="39.9717560" lon="-105.2904310">
    <ele>1991.8</ele>
    <time>2024-04-17T12:53:05Z</time>
    <extensions>
     <ns2:TrackPointExtension>
      <ns2:atemp>11</ns2:atemp>
      <ns2:hr>135</ns2:hr>
      <ns2:cad>0</ns2:cad>
     </ns2:TrackPointExtension>
    </extensions>
   </trkpt>
   <trkpt lat="39.9717520" lon="-105.2904080">
    <ele>1991.2</ele>
    <time>2024-04-17T12:53:07Z</time>
    <extensions>
     <ns2:TrackPointExtension>
      <ns2:atemp>11</ns2:atemp>
      <ns2:hr>133</ns2:hr>
      <ns2:cad>0</ns2:cad>
     </ns2:TrackPointExtension>
    </extensions>
   </trkpt>
   <trkpt lat="39.9717610" lon="-105.2903580">
    <ele>1990.6</ele>
    <time>2024-04-17T12:53:11Z</time>
    <extensions>
     <ns2:TrackPointExtension>
      <ns2:atemp>11</ns2:atemp>
      <ns2:hr>132</ns2:hr>
      <ns2:cad>0</ns2:cad>
     </ns2:TrackPointExtension>
    </extensions>
   </trkpt>
   <trkpt lat="39.9717450" lon="-105.2903360">
    <ele>1990.2</ele>
    <time>2024-04-17T12:53:13Z</time>
    <extensions>
     <ns2:TrackPointExtension>
      <ns2:atemp>11</ns2:atemp>
      <ns2:hr>131</ns2:hr>
      <ns2:cad>0</ns2:cad>
     </ns2:TrackPointExtension>
    </extensions>
   </trkpt>
   <trkpt lat="39.9717330" lon="-105.2903180">
    <ele>1989.8</ele>
    <time>2024-04-17T12:53:15Z</time>
    <extensions>
     <ns2:TrackPointExtension>
      <ns2:atemp>11</ns2:atemp>
      <ns2:hr>130</ns2:hr>
      <ns2:cad>0</ns2:cad>
     </ns2:TrackPointExtension>
    </extensions>
   </trkpt>
   <trkpt lat="39.9717270" lon="-105.2902900">
    <ele>1989.6</ele>
    <time>2024-04-17T12:53:17Z</time>
    <extensions>
     <ns2:TrackPointExtension>
      <ns2:atemp>11</ns2:atemp>
      <ns2:hr>129</ns2:hr>
      <ns2:cad>0</ns2:cad>
     </ns2:TrackPointExtension>
    </extensions>
   </trkpt>
   <trkpt lat="39.9717110" lon="-105.2902650">
    <ele>1989.2</ele>
    <time>2024-04-17T12:53:19Z</time>
    <extensions>
     <ns2:TrackPointExtension>
      <ns2:atemp>11</ns2:atemp>
      <ns2:hr>128</ns2:hr>
      <ns2:cad>0</ns2:cad>
     </ns2:TrackPointExtension>
    </extensions>
   </trkpt>
   <trkpt lat="39.9717100" lon="-105.2902450">
    <ele>1989.0</ele>
    <time>2024-04-17T12:53:21Z</time>
    <extensions>
     <ns2:TrackPointExtension>
      <ns2:atemp>11</ns2:atemp>
      <ns2:hr>127</ns2:hr>
      <ns2:cad>0</ns2:cad>
     </ns2:TrackPointExtension>
    </extensions>
   </trkpt>
   <trkpt lat="39.9717210" lon="-105.2902230">
    <ele>1988.6</ele>
    <time>2024-04-17T12:53:23Z</time>
    <extensions>
     <ns2:TrackPointExtension>
      <ns2:atemp>11</ns2:atemp>
      <ns2:hr>124</ns2:hr>
      <ns2:cad>0</ns2:cad>
     </ns2:TrackPointExtension>
    </extensions>
   </trkpt>
   <trkpt lat="39.9717410" lon="-105.2902050">
    <ele>1988.4</ele>
    <time>2024-04-17T12:53:26Z</time>
    <extensions>
     <ns2:TrackPointExtension>
      <ns2:atemp>11</ns2:atemp>
      <ns2:hr>125</ns2:hr>
      <ns2:cad>0</ns2:cad>
     </ns2:TrackPointExtension>
    </extensions>
   </trkpt>
   <trkpt lat="39.9717490" lon="-105.2901970">
    <ele>1988.4</ele>
    <time>2024-04-17T12:53:27Z</time>
    <extensions>
     <ns2:TrackPointExtension>
      <ns2:atemp>11</ns2:atemp>
      <ns2:hr>125</ns2:hr>
      <ns2:cad>0</ns2:cad>
     </ns2:TrackPointExtension>
    </extensions>
   </trkpt>
   <trkpt lat="39.9717520" lon="-105.2901820">
    <ele>1988.2</ele>
    <time>2024-04-17T12:53:28Z</time>
    <extensions>
     <ns2:TrackPointExtension>
      <ns2:atemp>11</ns2:atemp>
      <ns2:hr>125</ns2:hr>
      <ns2:cad>0</ns2:cad>
     </ns2:TrackPointExtension>
    </extensions>
   </trkpt>
   <trkpt lat="39.9717490" lon="-105.2901650">
    <ele>1987.8</ele>
    <time>2024-04-17T12:53:29Z</time>
    <extensions>
     <ns2:TrackPointExtension>
      <ns2:atemp>11</ns2:atemp>
      <ns2:hr>123</ns2:hr>
      <ns2:cad>0</ns2:cad>
     </ns2:TrackPointExtension>
    </extensions>
   </trkpt>
   <trkpt lat="39.9717460" lon="-105.2901270">
    <ele>1987.4</ele>
    <time>2024-04-17T12:53:32Z</time>
    <extensions>
     <ns2:TrackPointExtension>
      <ns2:atemp>11</ns2:atemp>
      <ns2:hr>121</ns2:hr>
      <ns2:cad>0</ns2:cad>
     </ns2:TrackPointExtension>
    </extensions>
   </trkpt>
   <trkpt lat="39.9717620" lon="-105.2900860">
    <ele>1986.6</ele>
    <time>2024-04-17T12:53:37Z</time>
    <extensions>
     <ns2:TrackPointExtension>
      <ns2:atemp>11</ns2:atemp>
      <ns2:hr>121</ns2:hr>
      <ns2:cad>60</ns2:cad>
     </ns2:TrackPointExtension>
    </extensions>
   </trkpt>
   <trkpt lat="39.9717590" lon="-105.2900520">
    <ele>1986.4</ele>
    <time>2024-04-17T12:53:39Z</time>
    <extensions>
     <ns2:TrackPointExtension>
      <ns2:atemp>11</ns2:atemp>
      <ns2:hr>120</ns2:hr>
      <ns2:cad>60</ns2:cad>
     </ns2:TrackPointExtension>
    </extensions>
   </trkpt>
   <trkpt lat="39.9717760" lon="-105.2900050">
    <ele>1986.0</ele>
    <time>2024-04-17T12:53:43Z</time>
    <extensions>
     <ns2:TrackPointExtension>
      <ns2:atemp>11</ns2:atemp>
      <ns2:hr>116</ns2:hr>
      <ns2:cad>0</ns2:cad>
     </ns2:TrackPointExtension>
    </extensions>
   </trkpt>
   <trkpt lat="39.9717810" lon="-105.2899850">
    <ele>1985.6</ele>
    <time>2024-04-17T12:53:45Z</time>
    <extensions>
     <ns2:TrackPointExtension>
      <ns2:atemp>11</ns2:atemp>
      <ns2:hr>117</ns2:hr>
      <ns2:cad>0</ns2:cad>
     </ns2:TrackPointExtension>
    </extensions>
   </trkpt>
   <trkpt lat="39.9717850" lon="-105.2899720">
    <ele>1985.2</ele>
    <time>2024-04-17T12:53:46Z</time>
    <extensions>
     <ns2:TrackPointExtension>
      <ns2:atemp>11</ns2:atemp>
      <ns2:hr>117</ns2:hr>
      <ns2:cad>0</ns2:cad>
     </ns2:TrackPointExtension>
    </extensions>
   </trkpt>
   <trkpt lat="39.9718010" lon="-105.2899240">
    <ele>1984.4</ele>
    <time>2024-04-17T12:53:51Z</time>
    <extensions>
     <ns2:TrackPointExtension>
      <ns2:atemp>11</ns2:atemp>
      <ns2:hr>116</ns2:hr>
      <ns2:cad>0</ns2:cad>
     </ns2:TrackPointExtension>
    </extensions>
   </trkpt>
   <trkpt lat="39.9717940" lon="-105.2898900">
    <ele>1983.8</ele>
    <time>2024-04-17T12:53:54Z</time>
    <extensions>
     <ns2:TrackPointExtension>
      <ns2:atemp>11</ns2:atemp>
      <ns2:hr>114</ns2:hr>
      <ns2:cad>0</ns2:cad>
     </ns2:TrackPointExtension>
    </extensions>
   </trkpt>
   <trkpt lat="39.9717970" lon="-105.2898630">
    <ele>1983.6</ele>
    <time>2024-04-17T12:53:56Z</time>
    <extensions>
     <ns2:TrackPointExtension>
      <ns2:atemp>11</ns2:atemp>
      <ns2:hr>113</ns2:hr>
      <ns2:cad>54</ns2:cad>
     </ns2:TrackPointExtension>
    </extensions>
   </trkpt>
   <trkpt lat="39.9717990" lon="-105.2898530">
    <ele>1983.4</ele>
    <time>2024-04-17T12:53:57Z</time>
    <extensions>
     <ns2:TrackPointExtension>
      <ns2:atemp>11</ns2:atemp>
      <ns2:hr>114</ns2:hr>
      <ns2:cad>54</ns2:cad>
     </ns2:TrackPointExtension>
    </extensions>
   </trkpt>
   <trkpt lat="39.9717880" lon="-105.2898190">
    <ele>1983.2</ele>
    <time>2024-04-17T12:54:00Z</time>
    <extensions>
     <ns2:TrackPointExtension>
      <ns2:atemp>11</ns2:atemp>
      <ns2:hr>111</ns2:hr>
      <ns2:cad>0</ns2:cad>
     </ns2:TrackPointExtension>
    </extensions>
   </trkpt>
   <trkpt lat="39.9717850" lon="-105.2897900">
    <ele>1983.0</ele>
    <time>2024-04-17T12:54:02Z</time>
    <extensions>
     <ns2:TrackPointExtension>
      <ns2:atemp>11</ns2:atemp>
      <ns2:hr>112</ns2:hr>
      <ns2:cad>0</ns2:cad>
     </ns2:TrackPointExtension>
    </extensions>
   </trkpt>
   <trkpt lat="39.9717850" lon="-105.2897430">
    <ele>1982.6</ele>
    <time>2024-04-17T12:54:05Z</time>
    <extensions>
     <ns2:TrackPointExtension>
      <ns2:atemp>11</ns2:atemp>
      <ns2:hr>112</ns2:hr>
      <ns2:cad>0</ns2:cad>
     </ns2:TrackPointExtension>
    </extensions>
   </trkpt>
   <trkpt lat="39.9717760" lon="-105.2897140">
    <ele>1982.2</ele>
    <time>2024-04-17T12:54:07Z</time>
    <extensions>
     <ns2:TrackPointExtension>
      <ns2:atemp>11</ns2:atemp>
      <ns2:hr>110</ns2:hr>
      <ns2:cad>0</ns2:cad>
     </ns2:TrackPointExtension>
    </extensions>
   </trkpt>
   <trkpt lat="39.9717670" lon="-105.2897080">
    <ele>1981.6</ele>
    <time>2024-04-17T12:54:08Z</time>
    <extensions>
     <ns2:TrackPointExtension>
      <ns2:atemp>11</ns2:atemp>
      <ns2:hr>110</ns2:hr>
      <ns2:cad>0</ns2:cad>
     </ns2:TrackPointExtension>
    </extensions>
   </trkpt>
   <trkpt lat="39.9717450" lon="-105.2896810">
    <ele>1981.0</ele>
    <time>2024-04-17T12:54:11Z</time>
    <extensions>
     <ns2:TrackPointExtension>
      <ns2:atemp>11</ns2:atemp>
      <ns2:hr>109</ns2:hr>
      <ns2:cad>0</ns2:cad>
     </ns2:TrackPointExtension>
    </extensions>
   </trkpt>
   <trkpt lat="39.9717400" lon="-105.2896690">
    <ele>1980.6</ele>
    <time>2024-04-17T12:54:12Z</time>
    <extensions>
     <ns2:TrackPointExtension>
      <ns2:atemp>11</ns2:atemp>
      <ns2:hr>110</ns2:hr>
      <ns2:cad>0</ns2:cad>
     </ns2:TrackPointExtension>
    </extensions>
   </trkpt>
   <trkpt lat="39.9717030" lon="-105.2896300">
    <ele>1980.0</ele>
    <time>2024-04-17T12:54:15Z</time>
    <extensions>
     <ns2:TrackPointExtension>
      <ns2:atemp>11</ns2:atemp>
      <ns2:hr>108</ns2:hr>
      <ns2:cad>0</ns2:cad>
     </ns2:TrackPointExtension>
    </extensions>
   </trkpt>
   <trkpt lat="39.9716750" lon="-105.2896160">
    <ele>1979.6</ele>
    <time>2024-04-17T12:54:17Z</time>
    <extensions>
     <ns2:TrackPointExtension>
      <ns2:atemp>12</ns2:atemp>
      <ns2:hr>106</ns2:hr>
      <ns2:cad>0</ns2:cad>
     </ns2:TrackPointExtension>
    </extensions>
   </trkpt>
   <trkpt lat="39.9716510" lon="-105.2895780">
    <ele>1978.8</ele>
    <time>2024-04-17T12:54:21Z</time>
    <extensions>
     <ns2:TrackPointExtension>
      <ns2:atemp>12</ns2:atemp>
      <ns2:hr>106</ns2:hr>
      <ns2:cad>0</ns2:cad>
     </ns2:TrackPointExtension>
    </extensions>
   </trkpt>
   <trkpt lat="39.9716030" lon="-105.2895230">
    <ele>1977.6</ele>
    <time>2024-04-17T12:54:27Z</time>
    <extensions>
     <ns2:TrackPointExtension>
      <ns2:atemp>12</ns2:atemp>
      <ns2:hr>106</ns2:hr>
      <ns2:cad>0</ns2:cad>
     </ns2:TrackPointExtension>
    </extensions>
   </trkpt>
   <trkpt lat="39.9715860" lon="-105.2894840">
    <ele>1977.2</ele>
    <time>2024-04-17T12:54:30Z</time>
    <extensions>
     <ns2:TrackPointExtension>
      <ns2:atemp>12</ns2:atemp>
      <ns2:hr>105</ns2:hr>
      <ns2:cad>0</ns2:cad>
     </ns2:TrackPointExtension>
    </extensions>
   </trkpt>
   <trkpt lat="39.9715760" lon="-105.2894720">
    <ele>1976.8</ele>
    <time>2024-04-17T12:54:31Z</time>
    <extensions>
     <ns2:TrackPointExtension>
      <ns2:atemp>12</ns2:atemp>
      <ns2:hr>103</ns2:hr>
      <ns2:cad>0</ns2:cad>
     </ns2:TrackPointExtension>
    </extensions>
   </trkpt>
   <trkpt lat="39.9715670" lon="-105.2894490">
    <ele>1976.4</ele>
    <time>2024-04-17T12:54:33Z</time>
    <extensions>
     <ns2:TrackPointExtension>
      <ns2:atemp>12</ns2:atemp>
      <ns2:hr>103</ns2:hr>
      <ns2:cad>0</ns2:cad>
     </ns2:TrackPointExtension>
    </extensions>
   </trkpt>
   <trkpt lat="39.9715740" lon="-105.2894100">
    <ele>1976.0</ele>
    <time>2024-04-17T12:54:36Z</time>
    <extensions>
     <ns2:TrackPointExtension>
      <ns2:atemp>12</ns2:atemp>
      <ns2:hr>102</ns2:hr>
      <ns2:cad>0</ns2:cad>
     </ns2:TrackPointExtension>
    </extensions>
   </trkpt>
   <trkpt lat="39.9715720" lon="-105.2894010">
    <ele>1975.8</ele>
    <time>2024-04-17T12:54:37Z</time>
    <extensions>
     <ns2:TrackPointExtension>
      <ns2:atemp>12</ns2:atemp>
      <ns2:hr>103</ns2:hr>
      <ns2:cad>0</ns2:cad>
     </ns2:TrackPointExtension>
    </extensions>
   </trkpt>
   <trkpt lat="39.9715690" lon="-105.2893850">
    <ele>1975.2</ele>
    <time>2024-04-17T12:54:39Z</time>
    <extensions>
     <ns2:TrackPointExtension>
      <ns2:atemp>12</ns2:atemp>
      <ns2:hr>102</ns2:hr>
      <ns2:cad>0</ns2:cad>
     </ns2:TrackPointExtension>
    </extensions>
   </trkpt>
   <trkpt lat="39.9715720" lon="-105.2893300">
    <ele>1974.6</ele>
    <time>2024-04-17T12:54:43Z</time>
    <extensions>
     <ns2:TrackPointExtension>
      <ns2:atemp>12</ns2:atemp>
      <ns2:hr>101</ns2:hr>
      <ns2:cad>0</ns2:cad>
     </ns2:TrackPointExtension>
    </extensions>
   </trkpt>
   <trkpt lat="39.9715980" lon="-105.2892570">
    <ele>1974.8</ele>
    <time>2024-04-17T12:54:48Z</time>
    <extensions>
     <ns2:TrackPointExtension>
      <ns2:atemp>12</ns2:atemp>
      <ns2:hr>98</ns2:hr>
      <ns2:cad>0</ns2:cad>
     </ns2:TrackPointExtension>
    </extensions>
   </trkpt>
   <trkpt lat="39.9716060" lon="-105.2892260">
    <ele>1974.8</ele>
    <time>2024-04-17T12:54:50Z</time>
    <extensions>
     <ns2:TrackPointExtension>
      <ns2:atemp>12</ns2:atemp>
      <ns2:hr>101</ns2:hr>
      <ns2:cad>61</ns2:cad>
     </ns2:TrackPointExtension>
    </extensions>
   </trkpt>
   <trkpt lat="39.9716060" lon="-105.2892120">
    <ele>1975.0</ele>
    <time>2024-04-17T12:54:51Z</time>
    <extensions>
     <ns2:TrackPointExtension>
      <ns2:atemp>12</ns2:atemp>
      <ns2:hr>101</ns2:hr>
      <ns2:cad>61</ns2:cad>
     </ns2:TrackPointExtension>
    </extensions>
   </trkpt>
   <trkpt lat="39.9716120" lon="-105.2890800">
    <ele>1975.4</ele>
    <time>2024-04-17T12:55:00Z</time>
    <extensions>
     <ns2:TrackPointExtension>
      <ns2:atemp>12</ns2:atemp>
      <ns2:hr>101</ns2:hr>
      <ns2:cad>61</ns2:cad>
     </ns2:TrackPointExtension>
    </extensions>
   </trkpt>
   <trkpt lat="39.9715960" lon="-105.2890200">
    <ele>1975.2</ele>
    <time>2024-04-17T12:55:03Z</time>
    <extensions>
     <ns2:TrackPointExtension>
      <ns2:atemp>12</ns2:atemp>
      <ns2:hr>101</ns2:hr>
      <ns2:cad>85</ns2:cad>
     </ns2:TrackPointExtension>
    </extensions>
   </trkpt>
   <trkpt lat="39.9715850" lon="-105.2889850">
    <ele>1975.2</ele>
    <time>2024-04-17T12:55:05Z</time>
    <extensions>
     <ns2:TrackPointExtension>
      <ns2:atemp>12</ns2:atemp>
      <ns2:hr>101</ns2:hr>
      <ns2:cad>84</ns2:cad>
     </ns2:TrackPointExtension>
    </extensions>
   </trkpt>
   <trkpt lat="39.9715920" lon="-105.2889690">
    <ele>1975.0</ele>
    <time>2024-04-17T12:55:06Z</time>
    <extensions>
     <ns2:TrackPointExtension>
      <ns2:atemp>12</ns2:atemp>
      <ns2:hr>102</ns2:hr>
      <ns2:cad>84</ns2:cad>
     </ns2:TrackPointExtension>
    </extensions>
   </trkpt>
   <trkpt lat="39.9715830" lon="-105.2888930">
    <ele>1974.0</ele>
    <time>2024-04-17T12:55:11Z</time>
    <extensions>
     <ns2:TrackPointExtension>
      <ns2:atemp>12</ns2:atemp>
      <ns2:hr>102</ns2:hr>
      <ns2:cad>72</ns2:cad>
     </ns2:TrackPointExtension>
    </extensions>
   </trkpt>
   <trkpt lat="39.9715810" lon="-105.2888760">
    <ele>1973.6</ele>
    <time>2024-04-17T12:55:13Z</time>
    <extensions>
     <ns2:TrackPointExtension>
      <ns2:atemp>12</ns2:atemp>
      <ns2:hr>102</ns2:hr>
      <ns2:cad>72</ns2:cad>
     </ns2:TrackPointExtension>
    </extensions>
   </trkpt>
   <trkpt lat="39.9715950" lon="-105.2888330">
    <ele>1972.8</ele>
    <time>2024-04-17T12:55:16Z</time>
    <extensions>
     <ns2:TrackPointExtension>
      <ns2:atemp>12</ns2:atemp>
      <ns2:hr>102</ns2:hr>
      <ns2:cad>72</ns2:cad>
     </ns2:TrackPointExtension>
    </extensions>
   </trkpt>
   <trkpt lat="39.9715970" lon="-105.2888160">
    <ele>1972.4</ele>
    <time>2024-04-17T12:55:17Z</time>
    <extensions>
     <ns2:TrackPointExtension>
      <ns2:atemp>12</ns2:atemp>
      <ns2:hr>101</ns2:hr>
      <ns2:cad>72</ns2:cad>
     </ns2:TrackPointExtension>
    </extensions>
   </trkpt>
   <trkpt lat="39.9716030" lon="-105.2887960">
    <ele>1971.8</ele>
    <time>2024-04-17T12:55:18Z</time>
    <extensions>
     <ns2:TrackPointExtension>
      <ns2:atemp>12</ns2:atemp>
      <ns2:hr>101</ns2:hr>
      <ns2:cad>72</ns2:cad>
     </ns2:TrackPointExtension>
    </extensions>
   </trkpt>
   <trkpt lat="39.9716220" lon="-105.2887470">
    <ele>1971.0</ele>
    <time>2024-04-17T12:55:21Z</time>
    <extensions>
     <ns2:TrackPointExtension>
      <ns2:atemp>12</ns2:atemp>
      <ns2:hr>101</ns2:hr>
      <ns2:cad>76</ns2:cad>
     </ns2:TrackPointExtension>
    </extensions>
   </trkpt>
   <trkpt lat="39.9716420" lon="-105.2887240">
    <ele>1970.6</ele>
    <time>2024-04-17T12:55:23Z</time>
    <extensions>
     <ns2:TrackPointExtension>
      <ns2:atemp>12</ns2:atemp>
      <ns2:hr>101</ns2:hr>
      <ns2:cad>76</ns2:cad>
     </ns2:TrackPointExtension>
    </extensions>
   </trkpt>
   <trkpt lat="39.9716470" lon="-105.2886720">
    <ele>1969.8</ele>
    <time>2024-04-17T12:55:26Z</time>
    <extensions>
     <ns2:TrackPointExtension>
      <ns2:atemp>12</ns2:atemp>
      <ns2:hr>102</ns2:hr>
      <ns2:cad>81</ns2:cad>
     </ns2:TrackPointExtension>
    </extensions>
   </trkpt>
   <trkpt lat="39.9716490" lon="-105.2886570">
    <ele>1969.4</ele>
    <time>2024-04-17T12:55:27Z</time>
    <extensions>
     <ns2:TrackPointExtension>
      <ns2:atemp>12</ns2:atemp>
      <ns2:hr>102</ns2:hr>
      <ns2:cad>81</ns2:cad>
     </ns2:TrackPointExtension>
    </extensions>
   </trkpt>
   <trkpt lat="39.9716610" lon="-105.2885700">
    <ele>1968.2</ele>
    <time>2024-04-17T12:55:32Z</time>
    <extensions>
     <ns2:TrackPointExtension>
      <ns2:atemp>12</ns2:atemp>
      <ns2:hr>103</ns2:hr>
      <ns2:cad>40</ns2:cad>
     </ns2:TrackPointExtension>
    </extensions>
   </trkpt>
   <trkpt lat="39.9716640" lon="-105.2885550">
    <ele>1967.6</ele>
    <time>2024-04-17T12:55:33Z</time>
    <extensions>
     <ns2:TrackPointExtension>
      <ns2:atemp>12</ns2:atemp>
      <ns2:hr>103</ns2:hr>
      <ns2:cad>40</ns2:cad>
     </ns2:TrackPointExtension>
    </extensions>
   </trkpt>
   <trkpt lat="39.9717520" lon="-105.2883740">
    <ele>1967.4</ele>
    <time>2024-04-17T12:55:42Z</time>
    <extensions>
     <ns2:TrackPointExtension>
      <ns2:atemp>12</ns2:atemp>
      <ns2:hr>102</ns2:hr>
      <ns2:cad>87</ns2:cad>
     </ns2:TrackPointExtension>
    </extensions>
   </trkpt>
   <trkpt lat="39.9717970" lon="-105.2882370">
    <ele>1968.2</ele>
    <time>2024-04-17T12:55:49Z</time>
    <extensions>
     <ns2:TrackPointExtension>
      <ns2:atemp>12</ns2:atemp>
      <ns2:hr>102</ns2:hr>
      <ns2:cad>88</ns2:cad>
     </ns2:TrackPointExtension>
    </extensions>
   </trkpt>
   <trkpt lat="39.9718020" lon="-105.2882070">
    <ele>1968.2</ele>
    <time>2024-04-17T12:55:51Z</time>
    <extensions>
     <ns2:TrackPointExtension>
      <ns2:atemp>12</ns2:atemp>
      <ns2:hr>103</ns2:hr>
      <ns2:cad>43</ns2:cad>
     </ns2:TrackPointExtension>
    </extensions>
   </trkpt>
   <trkpt lat="39.9717990" lon="-105.2881760">
    <ele>1968.0</ele>
    <time>2024-04-17T12:55:53Z</time>
    <extensions>
     <ns2:TrackPointExtension>
      <ns2:atemp>12</ns2:atemp>
      <ns2:hr>99</ns2:hr>
      <ns2:cad>62</ns2:cad>
     </ns2:TrackPointExtension>
    </extensions>
   </trkpt>
   <trkpt lat="39.9718000" lon="-105.2881640">
    <ele>1967.8</ele>
    <time>2024-04-17T12:55:54Z</time>
    <extensions>
     <ns2:TrackPointExtension>
      <ns2:atemp>12</ns2:atemp>
      <ns2:hr>102</ns2:hr>
      <ns2:cad>62</ns2:cad>
     </ns2:TrackPointExtension>
    </extensions>
   </trkpt>
   <trkpt lat="39.9718030" lon="-105.2881030">
    <ele>1967.0</ele>
    <time>2024-04-17T12:55:58Z</time>
    <extensions>
     <ns2:TrackPointExtension>
      <ns2:atemp>12</ns2:atemp>
      <ns2:hr>100</ns2:hr>
      <ns2:cad>63</ns2:cad>
     </ns2:TrackPointExtension>
    </extensions>
   </trkpt>
   <trkpt lat="39.9718060" lon="-105.2880540">
    <ele>1966.4</ele>
    <time>2024-04-17T12:56:01Z</time>
    <extensions>
     <ns2:TrackPointExtension>
      <ns2:atemp>12</ns2:atemp>
      <ns2:hr>98</ns2:hr>
      <ns2:cad>63</ns2:cad>
     </ns2:TrackPointExtension>
    </extensions>
   </trkpt>
   <trkpt lat="39.9718010" lon="-105.2880370">
    <ele>1966.0</ele>
    <time>2024-04-17T12:56:02Z</time>
    <extensions>
     <ns2:TrackPointExtension>
      <ns2:atemp>12</ns2:atemp>
      <ns2:hr>99</ns2:hr>
      <ns2:cad>63</ns2:cad>
     </ns2:TrackPointExtension>
    </extensions>
   </trkpt>
   <trkpt lat="39.9718060" lon="-105.2879530">
    <ele>1964.8</ele>
    <time>2024-04-17T12:56:07Z</time>
    <extensions>
     <ns2:TrackPointExtension>
      <ns2:atemp>12</ns2:atemp>
      <ns2:hr>96</ns2:hr>
      <ns2:cad>68</ns2:cad>
     </ns2:TrackPointExtension>
    </extensions>
   </trkpt>
   <trkpt lat="39.9718180" lon="-105.2878990">
    <ele>1964.4</ele>
    <time>2024-04-17T12:56:09Z</time>
    <extensions>
     <ns2:TrackPointExtension>
      <ns2:atemp>12</ns2:atemp>
      <ns2:hr>94</ns2:hr>
      <ns2:cad>68</ns2:cad>
     </ns2:TrackPointExtension>
    </extensions>
   </trkpt>
   <trkpt lat="39.9718260" lon="-105.2878620">
    <ele>1963.6</ele>
    <time>2024-04-17T12:56:11Z</time>
    <extensions>
     <ns2:TrackPointExtension>
      <ns2:atemp>12</ns2:atemp>
      <ns2:hr>93</ns2:hr>
      <ns2:cad>82</ns2:cad>
     </ns2:TrackPointExtension>
    </extensions>
   </trkpt>
   <trkpt lat="39.9718760" lon="-105.2877690">
    <ele>1962.4</ele>
    <time>2024-04-17T12:56:16Z</time>
    <extensions>
     <ns2:TrackPointExtension>
      <ns2:atemp>12</ns2:atemp>
      <ns2:hr>92</ns2:hr>
      <ns2:cad>83</ns2:cad>
     </ns2:TrackPointExtension>
    </extensions>
   </trkpt>
   <trkpt lat="39.9718750" lon="-105.2876660">
    <ele>1961.4</ele>
    <time>2024-04-17T12:56:20Z</time>
    <extensions>
     <ns2:TrackPointExtension>
      <ns2:atemp>12</ns2:atemp>
      <ns2:hr>93</ns2:hr>
      <ns2:cad>83</ns2:cad>
     </ns2:TrackPointExtension>
    </extensions>
   </trkpt>
   <trkpt lat="39.9718760" lon="-105.2875860">
    <ele>1960.4</ele>
    <time>2024-04-17T12:56:24Z</time>
    <extensions>
     <ns2:TrackPointExtension>
      <ns2:atemp>12</ns2:atemp>
      <ns2:hr>93</ns2:hr>
      <ns2:cad>85</ns2:cad>
     </ns2:TrackPointExtension>
    </extensions>
   </trkpt>
   <trkpt lat="39.9718750" lon="-105.2875610">
    <ele>1960.0</ele>
    <time>2024-04-17T12:56:25Z</time>
    <extensions>
     <ns2:TrackPointExtension>
      <ns2:atemp>12</ns2:atemp>
      <ns2:hr>95</ns2:hr>
      <ns2:cad>85</ns2:cad>
     </ns2:TrackPointExtension>
    </extensions>
   </trkpt>
   <trkpt lat="39.9718740" lon="-105.2875210">
    <ele>1959.6</ele>
    <time>2024-04-17T12:56:27Z</time>
    <extensions>
     <ns2:TrackPointExtension>
      <ns2:atemp>12</ns2:atemp>
      <ns2:hr>99</ns2:hr>
      <ns2:cad>85</ns2:cad>
     </ns2:TrackPointExtension>
    </extensions>
   </trkpt>
   <trkpt lat="39.9718730" lon="-105.2874930">
    <ele>1959.2</ele>
    <time>2024-04-17T12:56:28Z</time>
    <extensions>
     <ns2:TrackPointExtension>
      <ns2:atemp>12</ns2:atemp>
      <ns2:hr>102</ns2:hr>
      <ns2:cad>85</ns2:cad>
     </ns2:TrackPointExtension>
    </extensions>
   </trkpt>
   <trkpt lat="39.9718740" lon="-105.2874690">
    <ele>1959.0</ele>
    <time>2024-04-17T12:56:29Z</time>
    <extensions>
     <ns2:TrackPointExtension>
      <ns2:atemp>12</ns2:atemp>
      <ns2:hr>102</ns2:hr>
      <ns2:cad>86</ns2:cad>
     </ns2:TrackPointExtension>
    </extensions>
   </trkpt>
   <trkpt lat="39.9718810" lon="-105.2874430">
    <ele>1958.8</ele>
    <time>2024-04-17T12:56:30Z</time>
    <extensions>
     <ns2:TrackPointExtension>
      <ns2:atemp>12</ns2:atemp>
      <ns2:hr>104</ns2:hr>
      <ns2:cad>87</ns2:cad>
     </ns2:TrackPointExtension>
    </extensions>
   </trkpt>
   <trkpt lat="39.9718830" lon="-105.2874190">
    <ele>1958.6</ele>
    <time>2024-04-17T12:56:31Z</time>
    <extensions>
     <ns2:TrackPointExtension>
      <ns2:atemp>12</ns2:atemp>
      <ns2:hr>107</ns2:hr>
      <ns2:cad>87</ns2:cad>
     </ns2:TrackPointExtension>
    </extensions>
   </trkpt>
   <trkpt lat="39.9718920" lon="-105.2873410">
    <ele>1958.0</ele>
    <time>2024-04-17T12:56:34Z</time>
    <extensions>
     <ns2:TrackPointExtension>
      <ns2:atemp>12</ns2:atemp>
      <ns2:hr>111</ns2:hr>
      <ns2:cad>88</ns2:cad>
     </ns2:TrackPointExtension>
    </extensions>
   </trkpt>
   <trkpt lat="39.9718890" lon="-105.2872830">
    <ele>1957.8</ele>
    <time>2024-04-17T12:56:36Z</time>
    <extensions>
     <ns2:TrackPointExtension>
      <ns2:atemp>12</ns2:atemp>
      <ns2:hr>112</ns2:hr>
      <ns2:cad>88</ns2:cad>
     </ns2:TrackPointExtension>
    </extensions>
   </trkpt>
   <trkpt lat="39.9718880" lon="-105.2872590">
    <ele>1957.8</ele>
    <time>2024-04-17T12:56:37Z</time>
    <extensions>
     <ns2:TrackPointExtension>
      <ns2:atemp>12</ns2:atemp>
      <ns2:hr>114</ns2:hr>
      <ns2:cad>88</ns2:cad>
     </ns2:TrackPointExtension>
    </extensions>
   </trkpt>
   <trkpt lat="39.9718600" lon="-105.2871530">
    <ele>1956.8</ele>
    <time>2024-04-17T12:56:42Z</time>
    <extensions>
     <ns2:TrackPointExtension>
      <ns2:atemp>12</ns2:atemp>
      <ns2:hr>116</ns2:hr>
      <ns2:cad>88</ns2:cad>
     </ns2:TrackPointExtension>
    </extensions>
   </trkpt>
   <trkpt lat="39.9718530" lon="-105.2871370">
    <ele>1956.8</ele>
    <time>2024-04-17T12:56:43Z</time>
    <extensions>
     <ns2:TrackPointExtension>
      <ns2:atemp>12</ns2:atemp>
      <ns2:hr>119</ns2:hr>
      <ns2:cad>88</ns2:cad>
     </ns2:TrackPointExtension>
    </extensions>
   </trkpt>
   <trkpt lat="39.9718480" lon="-105.2871180">
    <ele>1956.6</ele>
    <time>2024-04-17T12:56:44Z</time>
    <extensions>
     <ns2:TrackPointExtension>
      <ns2:atemp>12</ns2:atemp>
      <ns2:hr>118</ns2:hr>
      <ns2:cad>88</ns2:cad>
     </ns2:TrackPointExtension>
    </extensions>
   </trkpt>
   <trkpt lat="39.9718260" lon="-105.2870520">
    <ele>1955.6</ele>
    <time>2024-04-17T12:56:47Z</time>
    <extensions>
     <ns2:TrackPointExtension>
      <ns2:atemp>12</ns2:atemp>
      <ns2:hr>120</ns2:hr>
      <ns2:cad>88</ns2:cad>
     </ns2:TrackPointExtension>
    </extensions>
   </trkpt>
   <trkpt lat="39.9718160" lon="-105.2870310">
    <ele>1955.4</ele>
    <time>2024-04-17T12:56:48Z</time>
    <extensions>
     <ns2:TrackPointExtension>
      <ns2:atemp>12</ns2:atemp>
      <ns2:hr>118</ns2:hr>
      <ns2:cad>88</ns2:cad>
     </ns2:TrackPointExtension>
    </extensions>
   </trkpt>
   <trkpt lat="39.9718040" lon="-105.2869730">
    <ele>1954.4</ele>
    <time>2024-04-17T12:56:51Z</time>
    <extensions>
     <ns2:TrackPointExtension>
      <ns2:atemp>12</ns2:atemp>
      <ns2:hr>121</ns2:hr>
      <ns2:cad>90</ns2:cad>
     </ns2:TrackPointExtension>
    </extensions>
   </trkpt>
   <trkpt lat="39.9717930" lon="-105.2869330">
    <ele>1954.2</ele>
    <time>2024-04-17T12:56:53Z</time>
    <extensions>
     <ns2:TrackPointExtension>
      <ns2:atemp>12</ns2:atemp>
      <ns2:hr>122</ns2:hr>
      <ns2:cad>90</ns2:cad>
     </ns2:TrackPointExtension>
    </extensions>
   </trkpt>
   <trkpt lat="39.9717810" lon="-105.2868730">
    <ele>1953.6</ele>
    <time>2024-04-17T12:56:56Z</time>
    <extensions>
     <ns2:TrackPointExtension>
      <ns2:atemp>12</ns2:atemp>
      <ns2:hr>123</ns2:hr>
      <ns2:cad>43</ns2:cad>
     </ns2:TrackPointExtension>
    </extensions>
   </trkpt>
   <trkpt lat="39.9717800" lon="-105.2868540">
    <ele>1953.2</ele>
    <time>2024-04-17T12:56:57Z</time>
    <extensions>
     <ns2:TrackPointExtension>
      <ns2:atemp>12</ns2:atemp>
      <ns2:hr>121</ns2:hr>
      <ns2:cad>43</ns2:cad>
     </ns2:TrackPointExtension>
    </extensions>
   </trkpt>
   <trkpt lat="39.9717810" lon="-105.2868220">
    <ele>1952.8</ele>
    <time>2024-04-17T12:56:59Z</time>
    <extensions>
     <ns2:TrackPointExtension>
      <ns2:atemp>12</ns2:atemp>
      <ns2:hr>124</ns2:hr>
      <ns2:cad>44</ns2:cad>
     </ns2:TrackPointExtension>
    </extensions>
   </trkpt>
   <trkpt lat="39.9717870" lon="-105.2868050">
    <ele>1952.6</ele>
    <time>2024-04-17T12:57:00Z</time>
    <extensions>
     <ns2:TrackPointExtension>
      <ns2:atemp>12</ns2:atemp>
      <ns2:hr>124</ns2:hr>
      <ns2:cad>44</ns2:cad>
     </ns2:TrackPointExtension>
    </extensions>
   </trkpt>
   <trkpt lat="39.9717860" lon="-105.2867900">
    <ele>1952.4</ele>
    <time>2024-04-17T12:57:01Z</time>
    <extensions>
     <ns2:TrackPointExtension>
      <ns2:atemp>12</ns2:atemp>
      <ns2:hr>123</ns2:hr>
      <ns2:cad>44</ns2:cad>
     </ns2:TrackPointExtension>
    </extensions>
   </trkpt>
   <trkpt lat="39.9717870" lon="-105.2867780">
    <ele>1952.0</ele>
    <time>2024-04-17T12:57:02Z</time>
    <extensions>
     <ns2:TrackPointExtension>
      <ns2:atemp>12</ns2:atemp>
      <ns2:hr>123</ns2:hr>
      <ns2:cad>0</ns2:cad>
     </ns2:TrackPointExtension>
    </extensions>
   </trkpt>
   <trkpt lat="39.9717750" lon="-105.2867290">
    <ele>1950.8</ele>
    <time>2024-04-17T12:57:06Z</time>
    <extensions>
     <ns2:TrackPointExtension>
      <ns2:atemp>12</ns2:atemp>
      <ns2:hr>121</ns2:hr>
      <ns2:cad>0</ns2:cad>
     </ns2:TrackPointExtension>
    </extensions>
   </trkpt>
   <trkpt lat="39.9717690" lon="-105.2866930">
    <ele>1950.2</ele>
    <time>2024-04-17T12:57:09Z</time>
    <extensions>
     <ns2:TrackPointExtension>
      <ns2:atemp>12</ns2:atemp>
      <ns2:hr>119</ns2:hr>
      <ns2:cad>71</ns2:cad>
     </ns2:TrackPointExtension>
    </extensions>
   </trkpt>
   <trkpt lat="39.9717660" lon="-105.2866640">
    <ele>1949.6</ele>
    <time>2024-04-17T12:57:11Z</time>
    <extensions>
     <ns2:TrackPointExtension>
      <ns2:atemp>12</ns2:atemp>
      <ns2:hr>120</ns2:hr>
      <ns2:cad>69</ns2:cad>
     </ns2:TrackPointExtension>
    </extensions>
   </trkpt>
   <trkpt lat="39.9717580" lon="-105.2865950">
    <ele>1948.8</ele>
    <time>2024-04-17T12:57:15Z</time>
    <extensions>
     <ns2:TrackPointExtension>
      <ns2:atemp>12</ns2:atemp>
      <ns2:hr>119</ns2:hr>
      <ns2:cad>71</ns2:cad>
     </ns2:TrackPointExtension>
    </extensions>
   </trkpt>
   <trkpt lat="39.9717540" lon="-105.2865780">
    <ele>1948.4</ele>
    <time>2024-04-17T12:57:16Z</time>
    <extensions>
     <ns2:TrackPointExtension>
      <ns2:atemp>12</ns2:atemp>
      <ns2:hr>118</ns2:hr>
      <ns2:cad>71</ns2:cad>
     </ns2:TrackPointExtension>
    </extensions>
   </trkpt>
   <trkpt lat="39.9717430" lon="-105.2865100">
    <ele>1947.2</ele>
    <time>2024-04-17T12:57:20Z</time>
    <extensions>
     <ns2:TrackPointExtension>
      <ns2:atemp>12</ns2:atemp>
      <ns2:hr>117</ns2:hr>
      <ns2:cad>71</ns2:cad>
     </ns2:TrackPointExtension>
    </extensions>
   </trkpt>
   <trkpt lat="39.9717350" lon="-105.2864820">
    <ele>1946.6</ele>
    <time>2024-04-17T12:57:22Z</time>
    <extensions>
     <ns2:TrackPointExtension>
      <ns2:atemp>12</ns2:atemp>
      <ns2:hr>113</ns2:hr>
      <ns2:cad>0</ns2:cad>
     </ns2:TrackPointExtension>
    </extensions>
   </trkpt>
   <trkpt lat="39.9717340" lon="-105.2864710">
    <ele>1946.4</ele>
    <time>2024-04-17T12:57:23Z</time>
    <extensions>
     <ns2:TrackPointExtension>
      <ns2:atemp>12</ns2:atemp>
      <ns2:hr>113</ns2:hr>
      <ns2:cad>0</ns2:cad>
     </ns2:TrackPointExtension>
    </extensions>
   </trkpt>
   <trkpt lat="39.9717310" lon="-105.2864550">
    <ele>1946.2</ele>
    <time>2024-04-17T12:57:24Z</time>
    <extensions>
     <ns2:TrackPointExtension>
      <ns2:atemp>12</ns2:atemp>
      <ns2:hr>112</ns2:hr>
      <ns2:cad>0</ns2:cad>
     </ns2:TrackPointExtension>
    </extensions>
   </trkpt>
   <trkpt lat="39.9717180" lon="-105.2863630">
    <ele>1944.8</ele>
    <time>2024-04-17T12:57:29Z</time>
    <extensions>
     <ns2:TrackPointExtension>
      <ns2:atemp>12</ns2:atemp>
      <ns2:hr>113</ns2:hr>
      <ns2:cad>60</ns2:cad>
     </ns2:TrackPointExtension>
    </extensions>
   </trkpt>
   <trkpt lat="39.9717160" lon="-105.2863260">
    <ele>1944.6</ele>
    <time>2024-04-17T12:57:31Z</time>
    <extensions>
     <ns2:TrackPointExtension>
      <ns2:atemp>12</ns2:atemp>
      <ns2:hr>115</ns2:hr>
      <ns2:cad>60</ns2:cad>
     </ns2:TrackPointExtension>
    </extensions>
   </trkpt>
   <trkpt lat="39.9717100" lon="-105.2862810">
    <ele>1943.8</ele>
    <time>2024-04-17T12:57:34Z</time>
    <extensions>
     <ns2:TrackPointExtension>
      <ns2:atemp>12</ns2:atemp>
      <ns2:hr>112</ns2:hr>
      <ns2:cad>71</ns2:cad>
     </ns2:TrackPointExtension>
    </extensions>
   </trkpt>
   <trkpt lat="39.9717080" lon="-105.2862720">
    <ele>1943.8</ele>
    <time>2024-04-17T12:57:35Z</time>
    <extensions>
     <ns2:TrackPointExtension>
      <ns2:atemp>12</ns2:atemp>
      <ns2:hr>113</ns2:hr>
      <ns2:cad>71</ns2:cad>
     </ns2:TrackPointExtension>
    </extensions>
   </trkpt>
   <trkpt lat="39.9716920" lon="-105.2862260">
    <ele>1942.6</ele>
    <time>2024-04-17T12:57:39Z</time>
    <extensions>
     <ns2:TrackPointExtension>
      <ns2:atemp>12</ns2:atemp>
      <ns2:hr>110</ns2:hr>
      <ns2:cad>0</ns2:cad>
     </ns2:TrackPointExtension>
    </extensions>
   </trkpt>
   <trkpt lat="39.9716950" lon="-105.2862000">
    <ele>1942.2</ele>
    <time>2024-04-17T12:57:41Z</time>
    <extensions>
     <ns2:TrackPointExtension>
      <ns2:atemp>12</ns2:atemp>
      <ns2:hr>112</ns2:hr>
      <ns2:cad>0</ns2:cad>
     </ns2:TrackPointExtension>
    </extensions>
   </trkpt>
   <trkpt lat="39.9716820" lon="-105.2861580">
    <ele>1941.4</ele>
    <time>2024-04-17T12:57:44Z</time>
    <extensions>
     <ns2:TrackPointExtension>
      <ns2:atemp>12</ns2:atemp>
      <ns2:hr>111</ns2:hr>
      <ns2:cad>0</ns2:cad>
     </ns2:TrackPointExtension>
    </extensions>
   </trkpt>
   <trkpt lat="39.9716740" lon="-105.2861430">
    <ele>1941.2</ele>
    <time>2024-04-17T12:57:45Z</time>
    <extensions>
     <ns2:TrackPointExtension>
      <ns2:atemp>12</ns2:atemp>
      <ns2:hr>111</ns2:hr>
      <ns2:cad>0</ns2:cad>
     </ns2:TrackPointExtension>
    </extensions>
   </trkpt>
   <trkpt lat="39.9716560" lon="-105.2860790">
    <ele>1940.2</ele>
    <time>2024-04-17T12:57:49Z</time>
    <extensions>
     <ns2:TrackPointExtension>
      <ns2:atemp>12</ns2:atemp>
      <ns2:hr>109</ns2:hr>
      <ns2:cad>0</ns2:cad>
     </ns2:TrackPointExtension>
    </extensions>
   </trkpt>
   <trkpt lat="39.9716650" lon="-105.2860500">
    <ele>1939.4</ele>
    <time>2024-04-17T12:57:51Z</time>
    <extensions>
     <ns2:TrackPointExtension>
      <ns2:atemp>12</ns2:atemp>
      <ns2:hr>107</ns2:hr>
      <ns2:cad>65</ns2:cad>
     </ns2:TrackPointExtension>
    </extensions>
   </trkpt>
   <trkpt lat="39.9716590" lon="-105.2860350">
    <ele>1939.2</ele>
    <time>2024-04-17T12:57:52Z</time>
    <extensions>
     <ns2:TrackPointExtension>
      <ns2:atemp>12</ns2:atemp>
      <ns2:hr>107</ns2:hr>
      <ns2:cad>65</ns2:cad>
     </ns2:TrackPointExtension>
    </extensions>
   </trkpt>
   <trkpt lat="39.9716570" lon="-105.2860180">
    <ele>1939.0</ele>
    <time>2024-04-17T12:57:53Z</time>
    <extensions>
     <ns2:TrackPointExtension>
      <ns2:atemp>12</ns2:atemp>
      <ns2:hr>107</ns2:hr>
      <ns2:cad>65</ns2:cad>
     </ns2:TrackPointExtension>
    </extensions>
   </trkpt>
   <trkpt lat="39.9716630" lon="-105.2859750">
    <ele>1938.0</ele>
    <time>2024-04-17T12:57:56Z</time>
    <extensions>
     <ns2:TrackPointExtension>
      <ns2:atemp>12</ns2:atemp>
      <ns2:hr>106</ns2:hr>
      <ns2:cad>65</ns2:cad>
     </ns2:TrackPointExtension>
    </extensions>
   </trkpt>
   <trkpt lat="39.9716790" lon="-105.2859460">
    <ele>1937.0</ele>
    <time>2024-04-17T12:57:59Z</time>
    <extensions>
     <ns2:TrackPointExtension>
      <ns2:atemp>12</ns2:atemp>
      <ns2:hr>106</ns2:hr>
      <ns2:cad>65</ns2:cad>
     </ns2:TrackPointExtension>
    </extensions>
   </trkpt>
   <trkpt lat="39.9716890" lon="-105.2859360">
    <ele>1936.8</ele>
    <time>2024-04-17T12:58:00Z</time>
    <extensions>
     <ns2:TrackPointExtension>
      <ns2:atemp>12</ns2:atemp>
      <ns2:hr>105</ns2:hr>
      <ns2:cad>65</ns2:cad>
     </ns2:TrackPointExtension>
    </extensions>
   </trkpt>
   <trkpt lat="39.9717100" lon="-105.2858860">
    <ele>1935.6</ele>
    <time>2024-04-17T12:58:05Z</time>
    <extensions>
     <ns2:TrackPointExtension>
      <ns2:atemp>13</ns2:atemp>
      <ns2:hr>103</ns2:hr>
      <ns2:cad>0</ns2:cad>
     </ns2:TrackPointExtension>
    </extensions>
   </trkpt>
   <trkpt lat="39.9717320" lon="-105.2858020">
    <ele>1934.4</ele>
    <time>2024-04-17T12:58:10Z</time>
    <extensions>
     <ns2:TrackPointExtension>
      <ns2:atemp>13</ns2:atemp>
      <ns2:hr>99</ns2:hr>
      <ns2:cad>0</ns2:cad>
     </ns2:TrackPointExtension>
    </extensions>
   </trkpt>
   <trkpt lat="39.9717360" lon="-105.2857280">
    <ele>1934.0</ele>
    <time>2024-04-17T12:58:14Z</time>
    <extensions>
     <ns2:TrackPointExtension>
      <ns2:atemp>13</ns2:atemp>
      <ns2:hr>96</ns2:hr>
      <ns2:cad>62</ns2:cad>
     </ns2:TrackPointExtension>
    </extensions>
   </trkpt>
   <trkpt lat="39.9717340" lon="-105.2857110">
    <ele>1933.8</ele>
    <time>2024-04-17T12:58:15Z</time>
    <extensions>
     <ns2:TrackPointExtension>
      <ns2:atemp>13</ns2:atemp>
      <ns2:hr>96</ns2:hr>
      <ns2:cad>61</ns2:cad>
     </ns2:TrackPointExtension>
    </extensions>
   </trkpt>
   <trkpt lat="39.9717350" lon="-105.2856620">
    <ele>1933.4</ele>
    <time>2024-04-17T12:58:18Z</time>
    <extensions>
     <ns2:TrackPointExtension>
      <ns2:atemp>13</ns2:atemp>
      <ns2:hr>95</ns2:hr>
      <ns2:cad>0</ns2:cad>
     </ns2:TrackPointExtension>
    </extensions>
   </trkpt>
   <trkpt lat="39.9717390" lon="-105.2856300">
    <ele>1933.0</ele>
    <time>2024-04-17T12:58:20Z</time>
    <extensions>
     <ns2:TrackPointExtension>
      <ns2:atemp>13</ns2:atemp>
      <ns2:hr>95</ns2:hr>
      <ns2:cad>0</ns2:cad>
     </ns2:TrackPointExtension>
    </extensions>
   </trkpt>
   <trkpt lat="39.9717430" lon="-105.2855650">
    <ele>1932.2</ele>
    <time>2024-04-17T12:58:24Z</time>
    <extensions>
     <ns2:TrackPointExtension>
      <ns2:atemp>13</ns2:atemp>
      <ns2:hr>95</ns2:hr>
      <ns2:cad>0</ns2:cad>
     </ns2:TrackPointExtension>
    </extensions>
   </trkpt>
   <trkpt lat="39.9717420" lon="-105.2855480">
    <ele>1932.0</ele>
    <time>2024-04-17T12:58:25Z</time>
    <extensions>
     <ns2:TrackPointExtension>
      <ns2:atemp>13</ns2:atemp>
      <ns2:hr>98</ns2:hr>
      <ns2:cad>0</ns2:cad>
     </ns2:TrackPointExtension>
    </extensions>
   </trkpt>
   <trkpt lat="39.9717450" lon="-105.2854840">
    <ele>1931.2</ele>
    <time>2024-04-17T12:58:29Z</time>
    <extensions>
     <ns2:TrackPointExtension>
      <ns2:atemp>13</ns2:atemp>
      <ns2:hr>100</ns2:hr>
      <ns2:cad>0</ns2:cad>
     </ns2:TrackPointExtension>
    </extensions>
   </trkpt>
   <trkpt lat="39.9717450" lon="-105.2853830">
    <ele>1930.2</ele>
    <time>2024-04-17T12:58:35Z</time>
    <extensions>
     <ns2:TrackPointExtension>
      <ns2:atemp>13</ns2:atemp>
      <ns2:hr>98</ns2:hr>
      <ns2:cad>0</ns2:cad>
     </ns2:TrackPointExtension>
    </extensions>
   </trkpt>
   <trkpt lat="39.9717400" lon="-105.2853840">
    <ele>1929.8</ele>
    <time>2024-04-17T12:58:36Z</time>
    <extensions>
     <ns2:TrackPointExtension>
      <ns2:atemp>13</ns2:atemp>
      <ns2:hr>97</ns2:hr>
      <ns2:cad>0</ns2:cad>
     </ns2:TrackPointExtension>
    </extensions>
   </trkpt>
   <trkpt lat="39.9717860" lon="-105.2853570">
    <ele>1928.8</ele>
    <time>2024-04-17T12:58:39Z</time>
    <extensions>
     <ns2:TrackPointExtension>
      <ns2:atemp>13</ns2:atemp>
      <ns2:hr>100</ns2:hr>
      <ns2:cad>0</ns2:cad>
     </ns2:TrackPointExtension>
    </extensions>
   </trkpt>
   <trkpt lat="39.9718000" lon="-105.2853430">
    <ele>1928.6</ele>
    <time>2024-04-17T12:58:40Z</time>
    <extensions>
     <ns2:TrackPointExtension>
      <ns2:atemp>13</ns2:atemp>
      <ns2:hr>103</ns2:hr>
      <ns2:cad>0</ns2:cad>
     </ns2:TrackPointExtension>
    </extensions>
   </trkpt>
   <trkpt lat="39.9718100" lon="-105.2853270">
    <ele>1928.4</ele>
    <time>2024-04-17T12:58:41Z</time>
    <extensions>
     <ns2:TrackPointExtension>
      <ns2:atemp>13</ns2:atemp>
      <ns2:hr>105</ns2:hr>
      <ns2:cad>0</ns2:cad>
     </ns2:TrackPointExtension>
    </extensions>
   </trkpt>
   <trkpt lat="39.9718250" lon="-105.2852960">
    <ele>1927.8</ele>
    <time>2024-04-17T12:58:43Z</time>
    <extensions>
     <ns2:TrackPointExtension>
      <ns2:atemp>13</ns2:atemp>
      <ns2:hr>106</ns2:hr>
      <ns2:cad>0</ns2:cad>
     </ns2:TrackPointExtension>
    </extensions>
   </trkpt>
   <trkpt lat="39.9718600" lon="-105.2852050">
    <ele>1927.0</ele>
    <time>2024-04-17T12:58:47Z</time>
    <extensions>
     <ns2:TrackPointExtension>
      <ns2:atemp>13</ns2:atemp>
      <ns2:hr>109</ns2:hr>
      <ns2:cad>43</ns2:cad>
     </ns2:TrackPointExtension>
    </extensions>
   </trkpt>
   <trkpt lat="39.9718610" lon="-105.2851850">
    <ele>1926.8</ele>
    <time>2024-04-17T12:58:48Z</time>
    <extensions>
     <ns2:TrackPointExtension>
      <ns2:atemp>13</ns2:atemp>
      <ns2:hr>106</ns2:hr>
      <ns2:cad>43</ns2:cad>
     </ns2:TrackPointExtension>
    </extensions>
   </trkpt>
   <trkpt lat="39.9718610" lon="-105.2851650">
    <ele>1926.4</ele>
    <time>2024-04-17T12:58:49Z</time>
    <extensions>
     <ns2:TrackPointExtension>
      <ns2:atemp>13</ns2:atemp>
      <ns2:hr>108</ns2:hr>
      <ns2:cad>43</ns2:cad>
     </ns2:TrackPointExtension>
    </extensions>
   </trkpt>
   <trkpt lat="39.9718590" lon="-105.2851380">
    <ele>1926.2</ele>
    <time>2024-04-17T12:58:50Z</time>
    <extensions>
     <ns2:TrackPointExtension>
      <ns2:atemp>13</ns2:atemp>
      <ns2:hr>110</ns2:hr>
      <ns2:cad>43</ns2:cad>
     </ns2:TrackPointExtension>
    </extensions>
   </trkpt>
   <trkpt lat="39.9718640" lon="-105.2851080">
    <ele>1926.0</ele>
    <time>2024-04-17T12:58:52Z</time>
    <extensions>
     <ns2:TrackPointExtension>
      <ns2:atemp>13</ns2:atemp>
      <ns2:hr>113</ns2:hr>
      <ns2:cad>76</ns2:cad>
     </ns2:TrackPointExtension>
    </extensions>
   </trkpt>
   <trkpt lat="39.9718640" lon="-105.2850360">
    <ele>1925.4</ele>
    <time>2024-04-17T12:58:56Z</time>
    <extensions>
     <ns2:TrackPointExtension>
      <ns2:atemp>13</ns2:atemp>
      <ns2:hr>113</ns2:hr>
      <ns2:cad>76</ns2:cad>
     </ns2:TrackPointExtension>
    </extensions>
   </trkpt>
   <trkpt lat="39.9718710" lon="-105.2850040">
    <ele>1925.4</ele>
    <time>2024-04-17T12:58:58Z</time>
    <extensions>
     <ns2:TrackPointExtension>
      <ns2:atemp>13</ns2:atemp>
      <ns2:hr>112</ns2:hr>
      <ns2:cad>76</ns2:cad>
     </ns2:TrackPointExtension>
    </extensions>
   </trkpt>
   <trkpt lat="39.9719060" lon="-105.2849100">
    <ele>1924.8</ele>
    <time>2024-04-17T12:59:04Z</time>
    <extensions>
     <ns2:TrackPointExtension>
      <ns2:atemp>13</ns2:atemp>
      <ns2:hr>109</ns2:hr>
      <ns2:cad>58</ns2:cad>
     </ns2:TrackPointExtension>
    </extensions>
   </trkpt>
   <trkpt lat="39.9719260" lon="-105.2848430">
    <ele>1924.2</ele>
    <time>2024-04-17T12:59:08Z</time>
    <extensions>
     <ns2:TrackPointExtension>
      <ns2:atemp>13</ns2:atemp>
      <ns2:hr>108</ns2:hr>
      <ns2:cad>63</ns2:cad>
     </ns2:TrackPointExtension>
    </extensions>
   </trkpt>
   <trkpt lat="39.9719590" lon="-105.2847220">
    <ele>1923.6</ele>
    <time>2024-04-17T12:59:15Z</time>
    <extensions>
     <ns2:TrackPointExtension>
      <ns2:atemp>13</ns2:atemp>
      <ns2:hr>106</ns2:hr>
      <ns2:cad>82</ns2:cad>
     </ns2:TrackPointExtension>
    </extensions>
   </trkpt>
   <trkpt lat="39.9720220" lon="-105.2846140">
    <ele>1923.4</ele>
    <time>2024-04-17T12:59:23Z</time>
    <extensions>
     <ns2:TrackPointExtension>
      <ns2:atemp>13</ns2:atemp>
      <ns2:hr>104</ns2:hr>
      <ns2:cad>42</ns2:cad>
     </ns2:TrackPointExtension>
    </extensions>
   </trkpt>
   <trkpt lat="39.9720490" lon="-105.2845310">
    <ele>1923.6</ele>
    <time>2024-04-17T12:59:29Z</time>
    <extensions>
     <ns2:TrackPointExtension>
      <ns2:atemp>13</ns2:atemp>
      <ns2:hr>105</ns2:hr>
      <ns2:cad>62</ns2:cad>
     </ns2:TrackPointExtension>
    </extensions>
   </trkpt>
   <trkpt lat="39.9720440" lon="-105.2845040">
    <ele>1923.6</ele>
    <time>2024-04-17T12:59:30Z</time>
    <extensions>
     <ns2:TrackPointExtension>
      <ns2:atemp>13</ns2:atemp>
      <ns2:hr>105</ns2:hr>
      <ns2:cad>62</ns2:cad>
     </ns2:TrackPointExtension>
    </extensions>
   </trkpt>
   <trkpt lat="39.9720290" lon="-105.2844550">
    <ele>1923.2</ele>
    <time>2024-04-17T12:59:32Z</time>
    <extensions>
     <ns2:TrackPointExtension>
      <ns2:atemp>13</ns2:atemp>
      <ns2:hr>105</ns2:hr>
      <ns2:cad>62</ns2:cad>
     </ns2:TrackPointExtension>
    </extensions>
   </trkpt>
   <trkpt lat="39.9719990" lon="-105.2843530">
    <ele>1922.6</ele>
    <time>2024-04-17T12:59:36Z</time>
    <extensions>
     <ns2:TrackPointExtension>
      <ns2:atemp>13</ns2:atemp>
      <ns2:hr>107</ns2:hr>
      <ns2:cad>87</ns2:cad>
     </ns2:TrackPointExtension>
    </extensions>
   </trkpt>
   <trkpt lat="39.9719780" lon="-105.2843010">
    <ele>1922.4</ele>
    <time>2024-04-17T12:59:38Z</time>
    <extensions>
     <ns2:TrackPointExtension>
      <ns2:atemp>13</ns2:atemp>
      <ns2:hr>111</ns2:hr>
      <ns2:cad>89</ns2:cad>
     </ns2:TrackPointExtension>
    </extensions>
   </trkpt>
   <trkpt lat="39.9719600" lon="-105.2842500">
    <ele>1922.4</ele>
    <time>2024-04-17T12:59:40Z</time>
    <extensions>
     <ns2:TrackPointExtension>
      <ns2:atemp>13</ns2:atemp>
      <ns2:hr>114</ns2:hr>
      <ns2:cad>90</ns2:cad>
     </ns2:TrackPointExtension>
    </extensions>
   </trkpt>
   <trkpt lat="39.9719340" lon="-105.2841680">
    <ele>1922.4</ele>
    <time>2024-04-17T12:59:43Z</time>
    <extensions>
     <ns2:TrackPointExtension>
      <ns2:atemp>13</ns2:atemp>
      <ns2:hr>120</ns2:hr>
      <ns2:cad>91</ns2:cad>
     </ns2:TrackPointExtension>
    </extensions>
   </trkpt>
   <trkpt lat="39.9719130" lon="-105.2841180">
    <ele>1922.4</ele>
    <time>2024-04-17T12:59:45Z</time>
    <extensions>
     <ns2:TrackPointExtension>
      <ns2:atemp>13</ns2:atemp>
      <ns2:hr>123</ns2:hr>
      <ns2:cad>91</ns2:cad>
     </ns2:TrackPointExtension>
    </extensions>
   </trkpt>
   <trkpt lat="39.9718960" lon="-105.2840950">
    <ele>1922.6</ele>
    <time>2024-04-17T12:59:46Z</time>
    <extensions>
     <ns2:TrackPointExtension>
      <ns2:atemp>13</ns2:atemp>
      <ns2:hr>120</ns2:hr>
      <ns2:cad>93</ns2:cad>
     </ns2:TrackPointExtension>
    </extensions>
   </trkpt>
   <trkpt lat="39.9718410" lon="-105.2840370">
    <ele>1922.6</ele>
    <time>2024-04-17T12:59:49Z</time>
    <extensions>
     <ns2:TrackPointExtension>
      <ns2:atemp>13</ns2:atemp>
      <ns2:hr>122</ns2:hr>
      <ns2:cad>92</ns2:cad>
     </ns2:TrackPointExtension>
    </extensions>
   </trkpt>
   <trkpt lat="39.9717350" lon="-105.2839420">
    <ele>1922.4</ele>
    <time>2024-04-17T12:59:55Z</time>
    <extensions>
     <ns2:TrackPointExtension>
      <ns2:atemp>13</ns2:atemp>
      <ns2:hr>126</ns2:hr>
      <ns2:cad>91</ns2:cad>
     </ns2:TrackPointExtension>
    </extensions>
   </trkpt>
   <trkpt lat="39.9716870" lon="-105.2838790">
    <ele>1922.2</ele>
    <time>2024-04-17T12:59:58Z</time>
    <extensions>
     <ns2:TrackPointExtension>
      <ns2:atemp>13</ns2:atemp>
      <ns2:hr>125</ns2:hr>
      <ns2:cad>89</ns2:cad>
     </ns2:TrackPointExtension>
    </extensions>
   </trkpt>
   <trkpt lat="39.9716720" lon="-105.2838650">
    <ele>1922.0</ele>
    <time>2024-04-17T12:59:59Z</time>
    <extensions>
     <ns2:TrackPointExtension>
      <ns2:atemp>13</ns2:atemp>
      <ns2:hr>125</ns2:hr>
      <ns2:cad>88</ns2:cad>
     </ns2:TrackPointExtension>
    </extensions>
   </trkpt>
   <trkpt lat="39.9715770" lon="-105.2837600">
    <ele>1921.0</ele>
    <time>2024-04-17T13:00:05Z</time>
    <extensions>
     <ns2:TrackPointExtension>
      <ns2:atemp>13</ns2:atemp>
      <ns2:hr>126</ns2:hr>
      <ns2:cad>85</ns2:cad>
     </ns2:TrackPointExtension>
    </extensions>
   </trkpt>
   <trkpt lat="39.9715030" lon="-105.2836870">
    <ele>1919.6</ele>
    <time>2024-04-17T13:00:09Z</time>
    <extensions>
     <ns2:TrackPointExtension>
      <ns2:atemp>13</ns2:atemp>
      <ns2:hr>127</ns2:hr>
      <ns2:cad>88</ns2:cad>
     </ns2:TrackPointExtension>
    </extensions>
   </trkpt>
   <trkpt lat="39.9714580" lon="-105.2836320">
    <ele>1918.8</ele>
    <time>2024-04-17T13:00:12Z</time>
    <extensions>
     <ns2:TrackPointExtension>
      <ns2:atemp>13</ns2:atemp>
      <ns2:hr>130</ns2:hr>
      <ns2:cad>88</ns2:cad>
     </ns2:TrackPointExtension>
    </extensions>
   </trkpt>
   <trkpt lat="39.9714430" lon="-105.2836130">
    <ele>1918.6</ele>
    <time>2024-04-17T13:00:13Z</time>
    <extensions>
     <ns2:TrackPointExtension>
      <ns2:atemp>13</ns2:atemp>
      <ns2:hr>130</ns2:hr>
      <ns2:cad>88</ns2:cad>
     </ns2:TrackPointExtension>
    </extensions>
   </trkpt>
   <trkpt lat="39.9713620" lon="-105.2835320">
    <ele>1917.8</ele>
    <time>2024-04-17T13:00:17Z</time>
    <extensions>
     <ns2:TrackPointExtension>
      <ns2:atemp>13</ns2:atemp>
      <ns2:hr>133</ns2:hr>
      <ns2:cad>90</ns2:cad>
     </ns2:TrackPointExtension>
    </extensions>
   </trkpt>
   <trkpt lat="39.9713030" lon="-105.2834810">
    <ele>1917.8</ele>
    <time>2024-04-17T13:00:20Z</time>
    <extensions>
     <ns2:TrackPointExtension>
      <ns2:atemp>13</ns2:atemp>
      <ns2:hr>130</ns2:hr>
      <ns2:cad>90</ns2:cad>
     </ns2:TrackPointExtension>
    </extensions>
   </trkpt>
   <trkpt lat="39.9712500" lon="-105.2834430">
    <ele>1918.0</ele>
    <time>2024-04-17T13:00:23Z</time>
    <extensions>
     <ns2:TrackPointExtension>
      <ns2:atemp>13</ns2:atemp>
      <ns2:hr>133</ns2:hr>
      <ns2:cad>94</ns2:cad>
     </ns2:TrackPointExtension>
    </extensions>
   </trkpt>
   <trkpt lat="39.9712180" lon="-105.2834300">
    <ele>1918.0</ele>
    <time>2024-04-17T13:00:26Z</time>
    <extensions>
     <ns2:TrackPointExtension>
      <ns2:atemp>13</ns2:atemp>
      <ns2:hr>135</ns2:hr>
      <ns2:cad>94</ns2:cad>
     </ns2:TrackPointExtension>
    </extensions>
   </trkpt>
   <trkpt lat="39.9711950" lon="-105.2834200">
    <ele>1917.8</ele>
    <time>2024-04-17T13:00:32Z</time>
    <extensions>
     <ns2:TrackPointExtension>
      <ns2:atemp>13</ns2:atemp>
      <ns2:hr>131</ns2:hr>
      <ns2:cad>0</ns2:cad>
     </ns2:TrackPointExtension>
    </extensions>
   </trkpt>
   <trkpt lat="39.9711850" lon="-105.2834150">
    <ele>1917.8</ele>
    <time>2024-04-17T13:00:33Z</time>
    <extensions>
     <ns2:TrackPointExtension>
      <ns2:atemp>13</ns2:atemp>
      <ns2:hr>131</ns2:hr>
      <ns2:cad>0</ns2:cad>
     </ns2:TrackPointExtension>
    </extensions>
   </trkpt>
   <trkpt lat="39.9711690" lon="-105.2833970">
    <ele>1917.6</ele>
    <time>2024-04-17T13:00:36Z</time>
    <extensions>
     <ns2:TrackPointExtension>
      <ns2:atemp>13</ns2:atemp>
      <ns2:hr>129</ns2:hr>
      <ns2:cad>50</ns2:cad>
     </ns2:TrackPointExtension>
    </extensions>
   </trkpt>
   <trkpt lat="39.9711150" lon="-105.2833410">
    <ele>1916.8</ele>
    <time>2024-04-17T13:00:41Z</time>
    <extensions>
     <ns2:TrackPointExtension>
      <ns2:atemp>13</ns2:atemp>
      <ns2:hr>129</ns2:hr>
      <ns2:cad>62</ns2:cad>
     </ns2:TrackPointExtension>
    </extensions>
   </trkpt>
   <trkpt lat="39.9711020" lon="-105.2833270">
    <ele>1916.6</ele>
    <time>2024-04-17T13:00:42Z</time>
    <extensions>
     <ns2:TrackPointExtension>
      <ns2:atemp>13</ns2:atemp>
      <ns2:hr>129</ns2:hr>
      <ns2:cad>62</ns2:cad>
     </ns2:TrackPointExtension>
    </extensions>
   </trkpt>
   <trkpt lat="39.9710700" lon="-105.2832810">
    <ele>1916.2</ele>
    <time>2024-04-17T13:00:44Z</time>
    <extensions>
     <ns2:TrackPointExtension>
      <ns2:atemp>13</ns2:atemp>
      <ns2:hr>126</ns2:hr>
      <ns2:cad>62</ns2:cad>
     </ns2:TrackPointExtension>
    </extensions>
   </trkpt>
   <trkpt lat="39.9710320" lon="-105.2832290">
    <ele>1915.8</ele>
    <time>2024-04-17T13:00:47Z</time>
    <extensions>
     <ns2:TrackPointExtension>
      <ns2:atemp>13</ns2:atemp>
      <ns2:hr>122</ns2:hr>
      <ns2:cad>89</ns2:cad>
     </ns2:TrackPointExtension>
    </extensions>
   </trkpt>
   <trkpt lat="39.9709820" lon="-105.2831700">
    <ele>1915.4</ele>
    <time>2024-04-17T13:00:50Z</time>
    <extensions>
     <ns2:TrackPointExtension>
      <ns2:atemp>13</ns2:atemp>
      <ns2:hr>123</ns2:hr>
      <ns2:cad>92</ns2:cad>
     </ns2:TrackPointExtension>
    </extensions>
   </trkpt>
   <trkpt lat="39.9708970" lon="-105.2830590">
    <ele>1914.8</ele>
    <time>2024-04-17T13:00:55Z</time>
    <extensions>
     <ns2:TrackPointExtension>
      <ns2:atemp>13</ns2:atemp>
      <ns2:hr>122</ns2:hr>
      <ns2:cad>92</ns2:cad>
     </ns2:TrackPointExtension>
    </extensions>
   </trkpt>
   <trkpt lat="39.9708660" lon="-105.2830160">
    <ele>1914.4</ele>
    <time>2024-04-17T13:00:57Z</time>
    <extensions>
     <ns2:TrackPointExtension>
      <ns2:atemp>13</ns2:atemp>
      <ns2:hr>120</ns2:hr>
      <ns2:cad>92</ns2:cad>
     </ns2:TrackPointExtension>
    </extensions>
   </trkpt>
   <trkpt lat="39.9708120" lon="-105.2829050">
    <ele>1913.2</ele>
    <time>2024-04-17T13:01:02Z</time>
    <extensions>
     <ns2:TrackPointExtension>
      <ns2:atemp>13</ns2:atemp>
      <ns2:hr>121</ns2:hr>
      <ns2:cad>91</ns2:cad>
     </ns2:TrackPointExtension>
    </extensions>
   </trkpt>
   <trkpt lat="39.9707570" lon="-105.2827980">
    <ele>1912.0</ele>
    <time>2024-04-17T13:01:06Z</time>
    <extensions>
     <ns2:TrackPointExtension>
      <ns2:atemp>13</ns2:atemp>
      <ns2:hr>123</ns2:hr>
      <ns2:cad>90</ns2:cad>
     </ns2:TrackPointExtension>
    </extensions>
   </trkpt>
   <trkpt lat="39.9707350" lon="-105.2827700">
    <ele>1911.8</ele>
    <time>2024-04-17T13:01:07Z</time>
    <extensions>
     <ns2:TrackPointExtension>
      <ns2:atemp>13</ns2:atemp>
      <ns2:hr>122</ns2:hr>
      <ns2:cad>90</ns2:cad>
     </ns2:TrackPointExtension>
    </extensions>
   </trkpt>
   <trkpt lat="39.9706570" lon="-105.2826460">
    <ele>1911.2</ele>
    <time>2024-04-17T13:01:12Z</time>
    <extensions>
     <ns2:TrackPointExtension>
      <ns2:atemp>13</ns2:atemp>
      <ns2:hr>125</ns2:hr>
      <ns2:cad>90</ns2:cad>
     </ns2:TrackPointExtension>
    </extensions>
   </trkpt>
   <trkpt lat="39.9706570" lon="-105.2826210">
    <ele>1911.2</ele>
    <time>2024-04-17T13:01:13Z</time>
    <extensions>
     <ns2:TrackPointExtension>
      <ns2:atemp>13</ns2:atemp>
      <ns2:hr>125</ns2:hr>
      <ns2:cad>93</ns2:cad>
     </ns2:TrackPointExtension>
    </extensions>
   </trkpt>
   <trkpt lat="39.9706650" lon="-105.2826020">
    <ele>1911.0</ele>
    <time>2024-04-17T13:01:14Z</time>
    <extensions>
     <ns2:TrackPointExtension>
      <ns2:atemp>13</ns2:atemp>
      <ns2:hr>126</ns2:hr>
      <ns2:cad>93</ns2:cad>
     </ns2:TrackPointExtension>
    </extensions>
   </trkpt>
   <trkpt lat="39.9707030" lon="-105.2825760">
    <ele>1911.2</ele>
    <time>2024-04-17T13:01:17Z</time>
    <extensions>
     <ns2:TrackPointExtension>
      <ns2:atemp>13</ns2:atemp>
      <ns2:hr>127</ns2:hr>
      <ns2:cad>93</ns2:cad>
     </ns2:TrackPointExtension>
    </extensions>
   </trkpt>
   <trkpt lat="39.9708020" lon="-105.2825930">
    <ele>1910.6</ele>
    <time>2024-04-17T13:01:23Z</time>
    <extensions>
     <ns2:TrackPointExtension>
      <ns2:atemp>13</ns2:atemp>
      <ns2:hr>128</ns2:hr>
      <ns2:cad>90</ns2:cad>
     </ns2:TrackPointExtension>
    </extensions>
   </trkpt>
   <trkpt lat="39.9708240" lon="-105.2825990">
    <ele>1909.8</ele>
    <time>2024-04-17T13:01:24Z</time>
    <extensions>
     <ns2:TrackPointExtension>
      <ns2:atemp>13</ns2:atemp>
      <ns2:hr>128</ns2:hr>
      <ns2:cad>90</ns2:cad>
     </ns2:TrackPointExtension>
    </extensions>
   </trkpt>
   <trkpt lat="39.9708900" lon="-105.2826200">
    <ele>1908.6</ele>
    <time>2024-04-17T13:01:27Z</time>
    <extensions>
     <ns2:TrackPointExtension>
      <ns2:atemp>13</ns2:atemp>
      <ns2:hr>128</ns2:hr>
      <ns2:cad>100</ns2:cad>
     </ns2:TrackPointExtension>
    </extensions>
   </trkpt>
   <trkpt lat="39.9709370" lon="-105.2826330">
    <ele>1907.2</ele>
    <time>2024-04-17T13:01:29Z</time>
    <extensions>
     <ns2:TrackPointExtension>
      <ns2:atemp>13</ns2:atemp>
      <ns2:hr>127</ns2:hr>
      <ns2:cad>100</ns2:cad>
     </ns2:TrackPointExtension>
    </extensions>
   </trkpt>
   <trkpt lat="39.9710150" lon="-105.2826410">
    <ele>1905.8</ele>
    <time>2024-04-17T13:01:32Z</time>
    <extensions>
     <ns2:TrackPointExtension>
      <ns2:atemp>13</ns2:atemp>
      <ns2:hr>127</ns2:hr>
      <ns2:cad>52</ns2:cad>
     </ns2:TrackPointExtension>
    </extensions>
   </trkpt>
   <trkpt lat="39.9711300" lon="-105.2826590">
    <ele>1904.4</ele>
    <time>2024-04-17T13:01:37Z</time>
    <extensions>
     <ns2:TrackPointExtension>
      <ns2:atemp>13</ns2:atemp>
      <ns2:hr>127</ns2:hr>
      <ns2:cad>0</ns2:cad>
     </ns2:TrackPointExtension>
    </extensions>
   </trkpt>
   <trkpt lat="39.9712140" lon="-105.2826530">
    <ele>1903.2</ele>
    <time>2024-04-17T13:01:40Z</time>
    <extensions>
     <ns2:TrackPointExtension>
      <ns2:atemp>13</ns2:atemp>
      <ns2:hr>128</ns2:hr>
      <ns2:cad>94</ns2:cad>
     </ns2:TrackPointExtension>
    </extensions>
   </trkpt>
   <trkpt lat="39.9712960" lon="-105.2826300">
    <ele>1901.8</ele>
    <time>2024-04-17T13:01:43Z</time>
    <extensions>
     <ns2:TrackPointExtension>
      <ns2:atemp>13</ns2:atemp>
      <ns2:hr>129</ns2:hr>
      <ns2:cad>91</ns2:cad>
     </ns2:TrackPointExtension>
    </extensions>
   </trkpt>
   <trkpt lat="39.9713700" lon="-105.2826120">
    <ele>1900.6</ele>
    <time>2024-04-17T13:01:46Z</time>
    <extensions>
     <ns2:TrackPointExtension>
      <ns2:atemp>13</ns2:atemp>
      <ns2:hr>130</ns2:hr>
      <ns2:cad>92</ns2:cad>
     </ns2:TrackPointExtension>
    </extensions>
   </trkpt>
   <trkpt lat="39.9714210" lon="-105.2826030">
    <ele>1899.6</ele>
    <time>2024-04-17T13:01:48Z</time>
    <extensions>
     <ns2:TrackPointExtension>
      <ns2:atemp>13</ns2:atemp>
      <ns2:hr>130</ns2:hr>
      <ns2:cad>95</ns2:cad>
     </ns2:TrackPointExtension>
    </extensions>
   </trkpt>
   <trkpt lat="39.9714690" lon="-105.2826000">
    <ele>1898.6</ele>
    <time>2024-04-17T13:01:50Z</time>
    <extensions>
     <ns2:TrackPointExtension>
      <ns2:atemp>12</ns2:atemp>
      <ns2:hr>131</ns2:hr>
      <ns2:cad>96</ns2:cad>
     </ns2:TrackPointExtension>
    </extensions>
   </trkpt>
   <trkpt lat="39.9714950" lon="-105.2825980">
    <ele>1898.0</ele>
    <time>2024-04-17T13:01:51Z</time>
    <extensions>
     <ns2:TrackPointExtension>
      <ns2:atemp>12</ns2:atemp>
      <ns2:hr>132</ns2:hr>
      <ns2:cad>96</ns2:cad>
     </ns2:TrackPointExtension>
    </extensions>
   </trkpt>
   <trkpt lat="39.9715390" lon="-105.2825990">
    <ele>1897.0</ele>
    <time>2024-04-17T13:01:53Z</time>
    <extensions>
     <ns2:TrackPointExtension>
      <ns2:atemp>12</ns2:atemp>
      <ns2:hr>135</ns2:hr>
      <ns2:cad>98</ns2:cad>
     </ns2:TrackPointExtension>
    </extensions>
   </trkpt>
   <trkpt lat="39.9716010" lon="-105.2826280">
    <ele>1895.6</ele>
    <time>2024-04-17T13:01:56Z</time>
    <extensions>
     <ns2:TrackPointExtension>
      <ns2:atemp>12</ns2:atemp>
      <ns2:hr>134</ns2:hr>
      <ns2:cad>100</ns2:cad>
     </ns2:TrackPointExtension>
    </extensions>
   </trkpt>
   <trkpt lat="39.9716210" lon="-105.2826460">
    <ele>1895.0</ele>
    <time>2024-04-17T13:01:57Z</time>
    <extensions>
     <ns2:TrackPointExtension>
      <ns2:atemp>12</ns2:atemp>
      <ns2:hr>137</ns2:hr>
      <ns2:cad>100</ns2:cad>
     </ns2:TrackPointExtension>
    </extensions>
   </trkpt>
   <trkpt lat="39.9716380" lon="-105.2826670">
    <ele>1894.4</ele>
    <time>2024-04-17T13:01:58Z</time>
    <extensions>
     <ns2:TrackPointExtension>
      <ns2:atemp>12</ns2:atemp>
      <ns2:hr>135</ns2:hr>
      <ns2:cad>100</ns2:cad>
     </ns2:TrackPointExtension>
    </extensions>
   </trkpt>
   <trkpt lat="39.9716780" lon="-105.2827600">
    <ele>1893.2</ele>
    <time>2024-04-17T13:02:01Z</time>
    <extensions>
     <ns2:TrackPointExtension>
      <ns2:atemp>12</ns2:atemp>
      <ns2:hr>135</ns2:hr>
      <ns2:cad>99</ns2:cad>
     </ns2:TrackPointExtension>
    </extensions>
   </trkpt>
   <trkpt lat="39.9717070" lon="-105.2828320">
    <ele>1892.6</ele>
    <time>2024-04-17T13:02:03Z</time>
    <extensions>
     <ns2:TrackPointExtension>
      <ns2:atemp>12</ns2:atemp>
      <ns2:hr>136</ns2:hr>
      <ns2:cad>100</ns2:cad>
     </ns2:TrackPointExtension>
    </extensions>
   </trkpt>
   <trkpt lat="39.9717840" lon="-105.2829000">
    <ele>1892.2</ele>
    <time>2024-04-17T13:02:06Z</time>
    <extensions>
     <ns2:TrackPointExtension>
      <ns2:atemp>12</ns2:atemp>
      <ns2:hr>137</ns2:hr>
      <ns2:cad>100</ns2:cad>
     </ns2:TrackPointExtension>
    </extensions>
   </trkpt>
   <trkpt lat="39.9718670" lon="-105.2829270">
    <ele>1891.4</ele>
    <time>2024-04-17T13:02:09Z</time>
    <extensions>
     <ns2:TrackPointExtension>
      <ns2:atemp>12</ns2:atemp>
      <ns2:hr>136</ns2:hr>
      <ns2:cad>100</ns2:cad>
     </ns2:TrackPointExtension>
    </extensions>
   </trkpt>
   <trkpt lat="39.9719190" lon="-105.2829300">
    <ele>1891.0</ele>
    <time>2024-04-17T13:02:11Z</time>
    <extensions>
     <ns2:TrackPointExtension>
      <ns2:atemp>12</ns2:atemp>
      <ns2:hr>134</ns2:hr>
      <ns2:cad>100</ns2:cad>
     </ns2:TrackPointExtension>
    </extensions>
   </trkpt>
   <trkpt lat="39.9719450" lon="-105.2829340">
    <ele>1890.6</ele>
    <time>2024-04-17T13:02:12Z</time>
    <extensions>
     <ns2:TrackPointExtension>
      <ns2:atemp>12</ns2:atemp>
      <ns2:hr>133</ns2:hr>
      <ns2:cad>100</ns2:cad>
     </ns2:TrackPointExtension>
    </extensions>
   </trkpt>
   <trkpt lat="39.9719990" lon="-105.2829390">
    <ele>1889.8</ele>
    <time>2024-04-17T13:02:14Z</time>
    <extensions>
     <ns2:TrackPointExtension>
      <ns2:atemp>12</ns2:atemp>
      <ns2:hr>130</ns2:hr>
      <ns2:cad>92</ns2:cad>
     </ns2:TrackPointExtension>
    </extensions>
   </trkpt>
   <trkpt lat="39.9720770" lon="-105.2829800">
    <ele>1888.6</ele>
    <time>2024-04-17T13:02:18Z</time>
    <extensions>
     <ns2:TrackPointExtension>
      <ns2:atemp>12</ns2:atemp>
      <ns2:hr>130</ns2:hr>
      <ns2:cad>92</ns2:cad>
     </ns2:TrackPointExtension>
    </extensions>
   </trkpt>
   <trkpt lat="39.9721360" lon="-105.2830610">
    <ele>1887.4</ele>
    <time>2024-04-17T13:02:22Z</time>
    <extensions>
     <ns2:TrackPointExtension>
      <ns2:atemp>12</ns2:atemp>
      <ns2:hr>127</ns2:hr>
      <ns2:cad>92</ns2:cad>
     </ns2:TrackPointExtension>
    </extensions>
   </trkpt>
   <trkpt lat="39.9722030" lon="-105.2831230">
    <ele>1886.4</ele>
    <time>2024-04-17T13:02:25Z</time>
    <extensions>
     <ns2:TrackPointExtension>
      <ns2:atemp>12</ns2:atemp>
      <ns2:hr>126</ns2:hr>
      <ns2:cad>91</ns2:cad>
     </ns2:TrackPointExtension>
    </extensions>
   </trkpt>
   <trkpt lat="39.9722700" lon="-105.2831610">
    <ele>1885.2</ele>
    <time>2024-04-17T13:02:28Z</time>
    <extensions>
     <ns2:TrackPointExtension>
      <ns2:atemp>12</ns2:atemp>
      <ns2:hr>126</ns2:hr>
      <ns2:cad>91</ns2:cad>
     </ns2:TrackPointExtension>
    </extensions>
   </trkpt>
   <trkpt lat="39.9723150" lon="-105.2831800">
    <ele>1884.2</ele>
    <time>2024-04-17T13:02:30Z</time>
    <extensions>
     <ns2:TrackPointExtension>
      <ns2:atemp>12</ns2:atemp>
      <ns2:hr>127</ns2:hr>
      <ns2:cad>91</ns2:cad>
     </ns2:TrackPointExtension>
    </extensions>
   </trkpt>
   <trkpt lat="39.9723830" lon="-105.2832190">
    <ele>1882.8</ele>
    <time>2024-04-17T13:02:33Z</time>
    <extensions>
     <ns2:TrackPointExtension>
      <ns2:atemp>12</ns2:atemp>
      <ns2:hr>128</ns2:hr>
      <ns2:cad>93</ns2:cad>
     </ns2:TrackPointExtension>
    </extensions>
   </trkpt>
   <trkpt lat="39.9724550" lon="-105.2832600">
    <ele>1881.8</ele>
    <time>2024-04-17T13:02:36Z</time>
    <extensions>
     <ns2:TrackPointExtension>
      <ns2:atemp>12</ns2:atemp>
      <ns2:hr>129</ns2:hr>
      <ns2:cad>93</ns2:cad>
     </ns2:TrackPointExtension>
    </extensions>
   </trkpt>
   <trkpt lat="39.9725180" lon="-105.2833020">
    <ele>1880.8</ele>
    <time>2024-04-17T13:02:39Z</time>
    <extensions>
     <ns2:TrackPointExtension>
      <ns2:atemp>12</ns2:atemp>
      <ns2:hr>127</ns2:hr>
      <ns2:cad>91</ns2:cad>
     </ns2:TrackPointExtension>
    </extensions>
   </trkpt>
   <trkpt lat="39.9725920" lon="-105.2833570">
    <ele>1879.2</ele>
    <time>2024-04-17T13:02:43Z</time>
    <extensions>
     <ns2:TrackPointExtension>
      <ns2:atemp>12</ns2:atemp>
      <ns2:hr>126</ns2:hr>
      <ns2:cad>91</ns2:cad>
     </ns2:TrackPointExtension>
    </extensions>
   </trkpt>
   <trkpt lat="39.9726170" lon="-105.2833710">
    <ele>1879.0</ele>
    <time>2024-04-17T13:02:44Z</time>
    <extensions>
     <ns2:TrackPointExtension>
      <ns2:atemp>12</ns2:atemp>
      <ns2:hr>130</ns2:hr>
      <ns2:cad>91</ns2:cad>
     </ns2:TrackPointExtension>
    </extensions>
   </trkpt>
   <trkpt lat="39.9726990" lon="-105.2834320">
    <ele>1878.0</ele>
    <time>2024-04-17T13:02:48Z</time>
    <extensions>
     <ns2:TrackPointExtension>
      <ns2:atemp>12</ns2:atemp>
      <ns2:hr>130</ns2:hr>
      <ns2:cad>96</ns2:cad>
     </ns2:TrackPointExtension>
    </extensions>
   </trkpt>
   <trkpt lat="39.9727550" lon="-105.2835100">
    <ele>1877.0</ele>
    <time>2024-04-17T13:02:51Z</time>
    <extensions>
     <ns2:TrackPointExtension>
      <ns2:atemp>12</ns2:atemp>
      <ns2:hr>129</ns2:hr>
      <ns2:cad>96</ns2:cad>
     </ns2:TrackPointExtension>
    </extensions>
   </trkpt>
   <trkpt lat="39.9727680" lon="-105.2835320">
    <ele>1876.4</ele>
    <time>2024-04-17T13:02:52Z</time>
    <extensions>
     <ns2:TrackPointExtension>
      <ns2:atemp>12</ns2:atemp>
      <ns2:hr>130</ns2:hr>
      <ns2:cad>96</ns2:cad>
     </ns2:TrackPointExtension>
    </extensions>
   </trkpt>
   <trkpt lat="39.9727830" lon="-105.2835670">
    <ele>1875.8</ele>
    <time>2024-04-17T13:02:54Z</time>
    <extensions>
     <ns2:TrackPointExtension>
      <ns2:atemp>12</ns2:atemp>
      <ns2:hr>127</ns2:hr>
      <ns2:cad>95</ns2:cad>
     </ns2:TrackPointExtension>
    </extensions>
   </trkpt>
   <trkpt lat="39.9727840" lon="-105.2835820">
    <ele>1875.4</ele>
    <time>2024-04-17T13:02:55Z</time>
    <extensions>
     <ns2:TrackPointExtension>
      <ns2:atemp>12</ns2:atemp>
      <ns2:hr>128</ns2:hr>
      <ns2:cad>93</ns2:cad>
     </ns2:TrackPointExtension>
    </extensions>
   </trkpt>
   <trkpt lat="39.9727810" lon="-105.2836060">
    <ele>1875.2</ele>
    <time>2024-04-17T13:02:56Z</time>
    <extensions>
     <ns2:TrackPointExtension>
      <ns2:atemp>12</ns2:atemp>
      <ns2:hr>127</ns2:hr>
      <ns2:cad>92</ns2:cad>
     </ns2:TrackPointExtension>
    </extensions>
   </trkpt>
   <trkpt lat="39.9727680" lon="-105.2836580">
    <ele>1874.6</ele>
    <time>2024-04-17T13:02:58Z</time>
    <extensions>
     <ns2:TrackPointExtension>
      <ns2:atemp>12</ns2:atemp>
      <ns2:hr>126</ns2:hr>
      <ns2:cad>91</ns2:cad>
     </ns2:TrackPointExtension>
    </extensions>
   </trkpt>
   <trkpt lat="39.9727470" lon="-105.2837410">
    <ele>1873.4</ele>
    <time>2024-04-17T13:03:01Z</time>
    <extensions>
     <ns2:TrackPointExtension>
      <ns2:atemp>12</ns2:atemp>
      <ns2:hr>127</ns2:hr>
      <ns2:cad>91</ns2:cad>
     </ns2:TrackPointExtension>
    </extensions>
   </trkpt>
   <trkpt lat="39.9727230" lon="-105.2837960">
    <ele>1873.0</ele>
    <time>2024-04-17T13:03:03Z</time>
    <extensions>
     <ns2:TrackPointExtension>
      <ns2:atemp>12</ns2:atemp>
      <ns2:hr>127</ns2:hr>
      <ns2:cad>95</ns2:cad>
     </ns2:TrackPointExtension>
    </extensions>
   </trkpt>
   <trkpt lat="39.9727040" lon="-105.2838490">
    <ele>1872.2</ele>
    <time>2024-04-17T13:03:05Z</time>
    <extensions>
     <ns2:TrackPointExtension>
      <ns2:atemp>12</ns2:atemp>
      <ns2:hr>126</ns2:hr>
      <ns2:cad>95</ns2:cad>
     </ns2:TrackPointExtension>
    </extensions>
   </trkpt>
   <trkpt lat="39.9726720" lon="-105.2839420">
    <ele>1871.0</ele>
    <time>2024-04-17T13:03:08Z</time>
    <extensions>
     <ns2:TrackPointExtension>
      <ns2:atemp>12</ns2:atemp>
      <ns2:hr>128</ns2:hr>
      <ns2:cad>104</ns2:cad>
     </ns2:TrackPointExtension>
    </extensions>
   </trkpt>
   <trkpt lat="39.9726650" lon="-105.2839760">
    <ele>1870.4</ele>
    <time>2024-04-17T13:03:09Z</time>
    <extensions>
     <ns2:TrackPointExtension>
      <ns2:atemp>12</ns2:atemp>
      <ns2:hr>128</ns2:hr>
      <ns2:cad>104</ns2:cad>
     </ns2:TrackPointExtension>
    </extensions>
   </trkpt>
   <trkpt lat="39.9726630" lon="-105.2840480">
    <ele>1869.6</ele>
    <time>2024-04-17T13:03:11Z</time>
    <extensions>
     <ns2:TrackPointExtension>
      <ns2:atemp>12</ns2:atemp>
      <ns2:hr>129</ns2:hr>
      <ns2:cad>102</ns2:cad>
     </ns2:TrackPointExtension>
    </extensions>
   </trkpt>
   <trkpt lat="39.9726960" lon="-105.2842170">
    <ele>1868.6</ele>
    <time>2024-04-17T13:03:15Z</time>
    <extensions>
     <ns2:TrackPointExtension>
      <ns2:atemp>12</ns2:atemp>
      <ns2:hr>130</ns2:hr>
      <ns2:cad>93</ns2:cad>
     </ns2:TrackPointExtension>
    </extensions>
   </trkpt>
   <trkpt lat="39.9728230" lon="-105.2843260">
    <ele>1868.0</ele>
    <time>2024-04-17T13:03:19Z</time>
    <extensions>
     <ns2:TrackPointExtension>
      <ns2:atemp>12</ns2:atemp>
      <ns2:hr>132</ns2:hr>
      <ns2:cad>102</ns2:cad>
     </ns2:TrackPointExtension>
    </extensions>
   </trkpt>
   <trkpt lat="39.9728910" lon="-105.2843370">
    <ele>1868.0</ele>
    <time>2024-04-17T13:03:21Z</time>
    <extensions>
     <ns2:TrackPointExtension>
      <ns2:atemp>12</ns2:atemp>
      <ns2:hr>135</ns2:hr>
      <ns2:cad>94</ns2:cad>
     </ns2:TrackPointExtension>
    </extensions>
   </trkpt>
   <trkpt lat="39.9730280" lon="-105.2843190">
    <ele>1869.0</ele>
    <time>2024-04-17T13:03:26Z</time>
    <extensions>
     <ns2:TrackPointExtension>
      <ns2:atemp>12</ns2:atemp>
      <ns2:hr>135</ns2:hr>
      <ns2:cad>95</ns2:cad>
     </ns2:TrackPointExtension>
    </extensions>
   </trkpt>
   <trkpt lat="39.9732230" lon="-105.2842710">
    <ele>1868.4</ele>
    <time>2024-04-17T13:03:34Z</time>
    <extensions>
     <ns2:TrackPointExtension>
      <ns2:atemp>12</ns2:atemp>
      <ns2:hr>135</ns2:hr>
      <ns2:cad>92</ns2:cad>
     </ns2:TrackPointExtension>
    </extensions>
   </trkpt>
   <trkpt lat="39.9732510" lon="-105.2842550">
    <ele>1868.2</ele>
    <time>2024-04-17T13:03:35Z</time>
    <extensions>
     <ns2:TrackPointExtension>
      <ns2:atemp>12</ns2:atemp>
      <ns2:hr>135</ns2:hr>
      <ns2:cad>92</ns2:cad>
     </ns2:TrackPointExtension>
    </extensions>
   </trkpt>
   <trkpt lat="39.9733430" lon="-105.2841910">
    <ele>1867.8</ele>
    <time>2024-04-17T13:03:39Z</time>
    <extensions>
     <ns2:TrackPointExtension>
      <ns2:atemp>12</ns2:atemp>
      <ns2:hr>132</ns2:hr>
      <ns2:cad>91</ns2:cad>
     </ns2:TrackPointExtension>
    </extensions>
   </trkpt>
   <trkpt lat="39.9733930" lon="-105.2841490">
    <ele>1867.4</ele>
    <time>2024-04-17T13:03:41Z</time>
    <extensions>
     <ns2:TrackPointExtension>
      <ns2:atemp>12</ns2:atemp>
      <ns2:hr>135</ns2:hr>
      <ns2:cad>91</ns2:cad>
     </ns2:TrackPointExtension>
    </extensions>
   </trkpt>
   <trkpt lat="39.9734590" lon="-105.2840470">
    <ele>1866.8</ele>
    <time>2024-04-17T13:03:44Z</time>
    <extensions>
     <ns2:TrackPointExtension>
      <ns2:atemp>12</ns2:atemp>
      <ns2:hr>133</ns2:hr>
      <ns2:cad>91</ns2:cad>
     </ns2:TrackPointExtension>
    </extensions>
   </trkpt>
   <trkpt lat="39.9735280" lon="-105.2839450">
    <ele>1866.0</ele>
    <time>2024-04-17T13:03:47Z</time>
    <extensions>
     <ns2:TrackPointExtension>
      <ns2:atemp>12</ns2:atemp>
      <ns2:hr>134</ns2:hr>
      <ns2:cad>94</ns2:cad>
     </ns2:TrackPointExtension>
    </extensions>
   </trkpt>
   <trkpt lat="39.9735840" lon="-105.2838690">
    <ele>1864.8</ele>
    <time>2024-04-17T13:03:50Z</time>
    <extensions>
     <ns2:TrackPointExtension>
      <ns2:atemp>12</ns2:atemp>
      <ns2:hr>134</ns2:hr>
      <ns2:cad>91</ns2:cad>
     </ns2:TrackPointExtension>
    </extensions>
   </trkpt>
   <trkpt lat="39.9736480" lon="-105.2838130">
    <ele>1863.6</ele>
    <time>2024-04-17T13:03:53Z</time>
    <extensions>
     <ns2:TrackPointExtension>
      <ns2:atemp>12</ns2:atemp>
      <ns2:hr>134</ns2:hr>
      <ns2:cad>93</ns2:cad>
     </ns2:TrackPointExtension>
    </extensions>
   </trkpt>
   <trkpt lat="39.9737040" lon="-105.2837460">
    <ele>1862.6</ele>
    <time>2024-04-17T13:03:56Z</time>
    <extensions>
     <ns2:TrackPointExtension>
      <ns2:atemp>12</ns2:atemp>
      <ns2:hr>137</ns2:hr>
      <ns2:cad>91</ns2:cad>
     </ns2:TrackPointExtension>
    </extensions>
   </trkpt>
   <trkpt lat="39.9737320" lon="-105.2837010">
    <ele>1862.2</ele>
    <time>2024-04-17T13:03:59Z</time>
    <extensions>
     <ns2:TrackPointExtension>
      <ns2:atemp>12</ns2:atemp>
      <ns2:hr>140</ns2:hr>
      <ns2:cad>93</ns2:cad>
     </ns2:TrackPointExtension>
    </extensions>
   </trkpt>
   <trkpt lat="39.9737710" lon="-105.2836250">
    <ele>1861.4</ele>
    <time>2024-04-17T13:04:02Z</time>
    <extensions>
     <ns2:TrackPointExtension>
      <ns2:atemp>12</ns2:atemp>
      <ns2:hr>140</ns2:hr>
      <ns2:cad>90</ns2:cad>
     </ns2:TrackPointExtension>
    </extensions>
   </trkpt>
   <trkpt lat="39.9737960" lon="-105.2835670">
    <ele>1860.8</ele>
    <time>2024-04-17T13:04:04Z</time>
    <extensions>
     <ns2:TrackPointExtension>
      <ns2:atemp>12</ns2:atemp>
      <ns2:hr>136</ns2:hr>
      <ns2:cad>90</ns2:cad>
     </ns2:TrackPointExtension>
    </extensions>
   </trkpt>
   <trkpt lat="39.9738110" lon="-105.2835400">
    <ele>1860.4</ele>
    <time>2024-04-17T13:04:05Z</time>
    <extensions>
     <ns2:TrackPointExtension>
      <ns2:atemp>12</ns2:atemp>
      <ns2:hr>136</ns2:hr>
      <ns2:cad>91</ns2:cad>
     </ns2:TrackPointExtension>
    </extensions>
   </trkpt>
   <trkpt lat="39.9738500" lon="-105.2834430">
    <ele>1859.4</ele>
    <time>2024-04-17T13:04:08Z</time>
    <extensions>
     <ns2:TrackPointExtension>
      <ns2:atemp>12</ns2:atemp>
      <ns2:hr>137</ns2:hr>
      <ns2:cad>93</ns2:cad>
     </ns2:TrackPointExtension>
    </extensions>
   </trkpt>
   <trkpt lat="39.9739010" lon="-105.2833470">
    <ele>1858.2</ele>
    <time>2024-04-17T13:04:12Z</time>
    <extensions>
     <ns2:TrackPointExtension>
      <ns2:atemp>12</ns2:atemp>
      <ns2:hr>133</ns2:hr>
      <ns2:cad>91</ns2:cad>
     </ns2:TrackPointExtension>
    </extensions>
   </trkpt>
   <trkpt lat="39.9739190" lon="-105.2833250">
    <ele>1858.2</ele>
    <time>2024-04-17T13:04:13Z</time>
    <extensions>
     <ns2:TrackPointExtension>
      <ns2:atemp>12</ns2:atemp>
      <ns2:hr>135</ns2:hr>
      <ns2:cad>91</ns2:cad>
     </ns2:TrackPointExtension>
    </extensions>
   </trkpt>
   <trkpt lat="39.9739710" lon="-105.2832430">
    <ele>1857.2</ele>
    <time>2024-04-17T13:04:16Z</time>
    <extensions>
     <ns2:TrackPointExtension>
      <ns2:atemp>12</ns2:atemp>
      <ns2:hr>135</ns2:hr>
      <ns2:cad>91</ns2:cad>
     </ns2:TrackPointExtension>
    </extensions>
   </trkpt>
   <trkpt lat="39.9740330" lon="-105.2831740">
    <ele>1856.0</ele>
    <time>2024-04-17T13:04:19Z</time>
    <extensions>
     <ns2:TrackPointExtension>
      <ns2:atemp>12</ns2:atemp>
      <ns2:hr>134</ns2:hr>
      <ns2:cad>91</ns2:cad>
     </ns2:TrackPointExtension>
    </extensions>
   </trkpt>
   <trkpt lat="39.9740790" lon="-105.2831380">
    <ele>1855.6</ele>
    <time>2024-04-17T13:04:21Z</time>
    <extensions>
     <ns2:TrackPointExtension>
      <ns2:atemp>12</ns2:atemp>
      <ns2:hr>137</ns2:hr>
      <ns2:cad>94</ns2:cad>
     </ns2:TrackPointExtension>
    </extensions>
   </trkpt>
   <trkpt lat="39.9741410" lon="-105.2830690">
    <ele>1855.0</ele>
    <time>2024-04-17T13:04:24Z</time>
    <extensions>
     <ns2:TrackPointExtension>
      <ns2:atemp>12</ns2:atemp>
      <ns2:hr>136</ns2:hr>
      <ns2:cad>94</ns2:cad>
     </ns2:TrackPointExtension>
    </extensions>
   </trkpt>
   <trkpt lat="39.9741810" lon="-105.2830270">
    <ele>1853.8</ele>
    <time>2024-04-17T13:04:26Z</time>
    <extensions>
     <ns2:TrackPointExtension>
      <ns2:atemp>12</ns2:atemp>
      <ns2:hr>138</ns2:hr>
      <ns2:cad>94</ns2:cad>
     </ns2:TrackPointExtension>
    </extensions>
   </trkpt>
   <trkpt lat="39.9742500" lon="-105.2829880">
    <ele>1853.0</ele>
    <time>2024-04-17T13:04:29Z</time>
    <extensions>
     <ns2:TrackPointExtension>
      <ns2:atemp>12</ns2:atemp>
      <ns2:hr>142</ns2:hr>
      <ns2:cad>94</ns2:cad>
     </ns2:TrackPointExtension>
    </extensions>
   </trkpt>
   <trkpt lat="39.9742740" lon="-105.2829700">
    <ele>1852.8</ele>
    <time>2024-04-17T13:04:30Z</time>
    <extensions>
     <ns2:TrackPointExtension>
      <ns2:atemp>12</ns2:atemp>
      <ns2:hr>142</ns2:hr>
      <ns2:cad>93</ns2:cad>
     </ns2:TrackPointExtension>
    </extensions>
   </trkpt>
   <trkpt lat="39.9743990" lon="-105.2828380">
    <ele>1851.6</ele>
    <time>2024-04-17T13:04:36Z</time>
    <extensions>
     <ns2:TrackPointExtension>
      <ns2:atemp>12</ns2:atemp>
      <ns2:hr>143</ns2:hr>
      <ns2:cad>92</ns2:cad>
     </ns2:TrackPointExtension>
    </extensions>
   </trkpt>
   <trkpt lat="39.9744700" lon="-105.2827830">
    <ele>1850.4</ele>
    <time>2024-04-17T13:04:39Z</time>
    <extensions>
     <ns2:TrackPointExtension>
      <ns2:atemp>12</ns2:atemp>
      <ns2:hr>143</ns2:hr>
      <ns2:cad>91</ns2:cad>
     </ns2:TrackPointExtension>
    </extensions>
   </trkpt>
   <trkpt lat="39.9745650" lon="-105.2827000">
    <ele>1849.4</ele>
    <time>2024-04-17T13:04:43Z</time>
    <extensions>
     <ns2:TrackPointExtension>
      <ns2:atemp>12</ns2:atemp>
      <ns2:hr>145</ns2:hr>
      <ns2:cad>90</ns2:cad>
     </ns2:TrackPointExtension>
    </extensions>
   </trkpt>
   <trkpt lat="39.9745870" lon="-105.2826800">
    <ele>1848.8</ele>
    <time>2024-04-17T13:04:44Z</time>
    <extensions>
     <ns2:TrackPointExtension>
      <ns2:atemp>12</ns2:atemp>
      <ns2:hr>144</ns2:hr>
      <ns2:cad>90</ns2:cad>
     </ns2:TrackPointExtension>
    </extensions>
   </trkpt>
   <trkpt lat="39.9746860" lon="-105.2825670">
    <ele>1847.6</ele>
    <time>2024-04-17T13:04:49Z</time>
    <extensions>
     <ns2:TrackPointExtension>
      <ns2:atemp>12</ns2:atemp>
      <ns2:hr>146</ns2:hr>
      <ns2:cad>90</ns2:cad>
     </ns2:TrackPointExtension>
    </extensions>
   </trkpt>
   <trkpt lat="39.9747520" lon="-105.2824850">
    <ele>1846.4</ele>
    <time>2024-04-17T13:04:52Z</time>
    <extensions>
     <ns2:TrackPointExtension>
      <ns2:atemp>12</ns2:atemp>
      <ns2:hr>144</ns2:hr>
      <ns2:cad>90</ns2:cad>
     </ns2:TrackPointExtension>
    </extensions>
   </trkpt>
   <trkpt lat="39.9748120" lon="-105.2823980">
    <ele>1845.0</ele>
    <time>2024-04-17T13:04:55Z</time>
    <extensions>
     <ns2:TrackPointExtension>
      <ns2:atemp>12</ns2:atemp>
      <ns2:hr>144</ns2:hr>
      <ns2:cad>97</ns2:cad>
     </ns2:TrackPointExtension>
    </extensions>
   </trkpt>
   <trkpt lat="39.9748980" lon="-105.2822960">
    <ele>1843.8</ele>
    <time>2024-04-17T13:04:59Z</time>
    <extensions>
     <ns2:TrackPointExtension>
      <ns2:atemp>12</ns2:atemp>
      <ns2:hr>143</ns2:hr>
      <ns2:cad>92</ns2:cad>
     </ns2:TrackPointExtension>
    </extensions>
   </trkpt>
   <trkpt lat="39.9749220" lon="-105.2822710">
    <ele>1843.2</ele>
    <time>2024-04-17T13:05:00Z</time>
    <extensions>
     <ns2:TrackPointExtension>
      <ns2:atemp>12</ns2:atemp>
      <ns2:hr>144</ns2:hr>
      <ns2:cad>92</ns2:cad>
     </ns2:TrackPointExtension>
    </extensions>
   </trkpt>
   <trkpt lat="39.9749890" lon="-105.2822100">
    <ele>1842.6</ele>
    <time>2024-04-17T13:05:03Z</time>
    <extensions>
     <ns2:TrackPointExtension>
      <ns2:atemp>12</ns2:atemp>
      <ns2:hr>145</ns2:hr>
      <ns2:cad>94</ns2:cad>
     </ns2:TrackPointExtension>
    </extensions>
   </trkpt>
   <trkpt lat="39.9750560" lon="-105.2821430">
    <ele>1841.6</ele>
    <time>2024-04-17T13:05:06Z</time>
    <extensions>
     <ns2:TrackPointExtension>
      <ns2:atemp>12</ns2:atemp>
      <ns2:hr>146</ns2:hr>
      <ns2:cad>94</ns2:cad>
     </ns2:TrackPointExtension>
    </extensions>
   </trkpt>
   <trkpt lat="39.9751240" lon="-105.2820760">
    <ele>1840.4</ele>
    <time>2024-04-17T13:05:09Z</time>
    <extensions>
     <ns2:TrackPointExtension>
      <ns2:atemp>12</ns2:atemp>
      <ns2:hr>143</ns2:hr>
      <ns2:cad>94</ns2:cad>
     </ns2:TrackPointExtension>
    </extensions>
   </trkpt>
   <trkpt lat="39.9751720" lon="-105.2820210">
    <ele>1839.6</ele>
    <time>2024-04-17T13:05:11Z</time>
    <extensions>
     <ns2:TrackPointExtension>
      <ns2:atemp>12</ns2:atemp>
      <ns2:hr>145</ns2:hr>
      <ns2:cad>93</ns2:cad>
     </ns2:TrackPointExtension>
    </extensions>
   </trkpt>
   <trkpt lat="39.9751950" lon="-105.2819950">
    <ele>1839.4</ele>
    <time>2024-04-17T13:05:12Z</time>
    <extensions>
     <ns2:TrackPointExtension>
      <ns2:atemp>12</ns2:atemp>
      <ns2:hr>144</ns2:hr>
      <ns2:cad>93</ns2:cad>
     </ns2:TrackPointExtension>
    </extensions>
   </trkpt>
   <trkpt lat="39.9752710" lon="-105.2818950">
    <ele>1838.2</ele>
    <time>2024-04-17T13:05:16Z</time>
    <extensions>
     <ns2:TrackPointExtension>
      <ns2:atemp>12</ns2:atemp>
      <ns2:hr>144</ns2:hr>
      <ns2:cad>92</ns2:cad>
     </ns2:TrackPointExtension>
    </extensions>
   </trkpt>
   <trkpt lat="39.9753140" lon="-105.2818420">
    <ele>1837.6</ele>
    <time>2024-04-17T13:05:18Z</time>
    <extensions>
     <ns2:TrackPointExtension>
      <ns2:atemp>12</ns2:atemp>
      <ns2:hr>145</ns2:hr>
      <ns2:cad>92</ns2:cad>
     </ns2:TrackPointExtension>
    </extensions>
   </trkpt>
   <trkpt lat="39.9753490" lon="-105.2817790">
    <ele>1837.2</ele>
    <time>2024-04-17T13:05:20Z</time>
    <extensions>
     <ns2:TrackPointExtension>
      <ns2:atemp>12</ns2:atemp>
      <ns2:hr>145</ns2:hr>
      <ns2:cad>92</ns2:cad>
     </ns2:TrackPointExtension>
    </extensions>
   </trkpt>
   <trkpt lat="39.9753770" lon="-105.2816390">
    <ele>1836.2</ele>
    <time>2024-04-17T13:05:24Z</time>
    <extensions>
     <ns2:TrackPointExtension>
      <ns2:atemp>12</ns2:atemp>
      <ns2:hr>144</ns2:hr>
      <ns2:cad>94</ns2:cad>
     </ns2:TrackPointExtension>
    </extensions>
   </trkpt>
   <trkpt lat="39.9753530" lon="-105.2815340">
    <ele>1835.0</ele>
    <time>2024-04-17T13:05:27Z</time>
    <extensions>
     <ns2:TrackPointExtension>
      <ns2:atemp>12</ns2:atemp>
      <ns2:hr>143</ns2:hr>
      <ns2:cad>90</ns2:cad>
     </ns2:TrackPointExtension>
    </extensions>
   </trkpt>
   <trkpt lat="39.9753240" lon="-105.2814630">
    <ele>1833.8</ele>
    <time>2024-04-17T13:05:29Z</time>
    <extensions>
     <ns2:TrackPointExtension>
      <ns2:atemp>12</ns2:atemp>
      <ns2:hr>143</ns2:hr>
      <ns2:cad>106</ns2:cad>
     </ns2:TrackPointExtension>
    </extensions>
   </trkpt>
   <trkpt lat="39.9752950" lon="-105.2813920">
    <ele>1832.6</ele>
    <time>2024-04-17T13:05:31Z</time>
    <extensions>
     <ns2:TrackPointExtension>
      <ns2:atemp>12</ns2:atemp>
      <ns2:hr>143</ns2:hr>
      <ns2:cad>107</ns2:cad>
     </ns2:TrackPointExtension>
    </extensions>
   </trkpt>
   <trkpt lat="39.9752690" lon="-105.2812540">
    <ele>1831.2</ele>
    <time>2024-04-17T13:05:35Z</time>
    <extensions>
     <ns2:TrackPointExtension>
      <ns2:atemp>13</ns2:atemp>
      <ns2:hr>142</ns2:hr>
      <ns2:cad>99</ns2:cad>
     </ns2:TrackPointExtension>
    </extensions>
   </trkpt>
   <trkpt lat="39.9752920" lon="-105.2810870">
    <ele>1830.2</ele>
    <time>2024-04-17T13:05:40Z</time>
    <extensions>
     <ns2:TrackPointExtension>
      <ns2:atemp>12</ns2:atemp>
      <ns2:hr>143</ns2:hr>
      <ns2:cad>94</ns2:cad>
     </ns2:TrackPointExtension>
    </extensions>
   </trkpt>
   <trkpt lat="39.9752900" lon="-105.2810540">
    <ele>1829.8</ele>
    <time>2024-04-17T13:05:41Z</time>
    <extensions>
     <ns2:TrackPointExtension>
      <ns2:atemp>13</ns2:atemp>
      <ns2:hr>143</ns2:hr>
      <ns2:cad>94</ns2:cad>
     </ns2:TrackPointExtension>
    </extensions>
   </trkpt>
   <trkpt lat="39.9752690" lon="-105.2808730">
    <ele>1829.4</ele>
    <time>2024-04-17T13:05:46Z</time>
    <extensions>
     <ns2:TrackPointExtension>
      <ns2:atemp>13</ns2:atemp>
      <ns2:hr>144</ns2:hr>
      <ns2:cad>94</ns2:cad>
     </ns2:TrackPointExtension>
    </extensions>
   </trkpt>
   <trkpt lat="39.9752530" lon="-105.2807690">
    <ele>1828.4</ele>
    <time>2024-04-17T13:05:49Z</time>
    <extensions>
     <ns2:TrackPointExtension>
      <ns2:atemp>13</ns2:atemp>
      <ns2:hr>144</ns2:hr>
      <ns2:cad>91</ns2:cad>
     </ns2:TrackPointExtension>
    </extensions>
   </trkpt>
   <trkpt lat="39.9752320" lon="-105.2806040">
    <ele>1827.2</ele>
    <time>2024-04-17T13:05:54Z</time>
    <extensions>
     <ns2:TrackPointExtension>
      <ns2:atemp>13</ns2:atemp>
      <ns2:hr>145</ns2:hr>
      <ns2:cad>93</ns2:cad>
     </ns2:TrackPointExtension>
    </extensions>
   </trkpt>
   <trkpt lat="39.9752170" lon="-105.2805110">
    <ele>1826.4</ele>
    <time>2024-04-17T13:05:57Z</time>
    <extensions>
     <ns2:TrackPointExtension>
      <ns2:atemp>13</ns2:atemp>
      <ns2:hr>145</ns2:hr>
      <ns2:cad>94</ns2:cad>
     </ns2:TrackPointExtension>
    </extensions>
   </trkpt>
   <trkpt lat="39.9752090" lon="-105.2804810">
    <ele>1825.8</ele>
    <time>2024-04-17T13:05:58Z</time>
    <extensions>
     <ns2:TrackPointExtension>
      <ns2:atemp>13</ns2:atemp>
      <ns2:hr>145</ns2:hr>
      <ns2:cad>94</ns2:cad>
     </ns2:TrackPointExtension>
    </extensions>
   </trkpt>
   <trkpt lat="39.9751890" lon="-105.2803190">
    <ele>1824.6</ele>
    <time>2024-04-17T13:06:03Z</time>
    <extensions>
     <ns2:TrackPointExtension>
      <ns2:atemp>13</ns2:atemp>
      <ns2:hr>145</ns2:hr>
      <ns2:cad>94</ns2:cad>
     </ns2:TrackPointExtension>
    </extensions>
   </trkpt>
   <trkpt lat="39.9751880" lon="-105.2802850">
    <ele>1824.4</ele>
    <time>2024-04-17T13:06:04Z</time>
    <extensions>
     <ns2:TrackPointExtension>
      <ns2:atemp>13</ns2:atemp>
      <ns2:hr>144</ns2:hr>
      <ns2:cad>94</ns2:cad>
     </ns2:TrackPointExtension>
    </extensions>
   </trkpt>
   <trkpt lat="39.9751960" lon="-105.2801420">
    <ele>1823.0</ele>
    <time>2024-04-17T13:06:08Z</time>
    <extensions>
     <ns2:TrackPointExtension>
      <ns2:atemp>13</ns2:atemp>
      <ns2:hr>144</ns2:hr>
      <ns2:cad>92</ns2:cad>
     </ns2:TrackPointExtension>
    </extensions>
   </trkpt>
   <trkpt lat="39.9752030" lon="-105.2800360">
    <ele>1822.4</ele>
    <time>2024-04-17T13:06:11Z</time>
    <extensions>
     <ns2:TrackPointExtension>
      <ns2:atemp>13</ns2:atemp>
      <ns2:hr>146</ns2:hr>
      <ns2:cad>93</ns2:cad>
     </ns2:TrackPointExtension>
    </extensions>
   </trkpt>
   <trkpt lat="39.9752100" lon="-105.2799980">
    <ele>1822.0</ele>
    <time>2024-04-17T13:06:12Z</time>
    <extensions>
     <ns2:TrackPointExtension>
      <ns2:atemp>13</ns2:atemp>
      <ns2:hr>147</ns2:hr>
      <ns2:cad>93</ns2:cad>
     </ns2:TrackPointExtension>
    </extensions>
   </trkpt>
   <trkpt lat="39.9752280" lon="-105.2798940">
    <ele>1821.0</ele>
    <time>2024-04-17T13:06:15Z</time>
    <extensions>
     <ns2:TrackPointExtension>
      <ns2:atemp>13</ns2:atemp>
      <ns2:hr>146</ns2:hr>
      <ns2:cad>93</ns2:cad>
     </ns2:TrackPointExtension>
    </extensions>
   </trkpt>
   <trkpt lat="39.9752440" lon="-105.2797050">
    <ele>1819.8</ele>
    <time>2024-04-17T13:06:20Z</time>
    <extensions>
     <ns2:TrackPointExtension>
      <ns2:atemp>13</ns2:atemp>
      <ns2:hr>146</ns2:hr>
      <ns2:cad>92</ns2:cad>
     </ns2:TrackPointExtension>
    </extensions>
   </trkpt>
   <trkpt lat="39.9752510" lon="-105.2795420">
    <ele>1818.8</ele>
    <time>2024-04-17T13:06:24Z</time>
    <extensions>
     <ns2:TrackPointExtension>
      <ns2:atemp>13</ns2:atemp>
      <ns2:hr>147</ns2:hr>
      <ns2:cad>99</ns2:cad>
     </ns2:TrackPointExtension>
    </extensions>
   </trkpt>
   <trkpt lat="39.9752510" lon="-105.2794600">
    <ele>1818.6</ele>
    <time>2024-04-17T13:06:26Z</time>
    <extensions>
     <ns2:TrackPointExtension>
      <ns2:atemp>13</ns2:atemp>
      <ns2:hr>149</ns2:hr>
      <ns2:cad>98</ns2:cad>
     </ns2:TrackPointExtension>
    </extensions>
   </trkpt>
   <trkpt lat="39.9752490" lon="-105.2793000">
    <ele>1817.8</ele>
    <time>2024-04-17T13:06:30Z</time>
    <extensions>
     <ns2:TrackPointExtension>
      <ns2:atemp>13</ns2:atemp>
      <ns2:hr>147</ns2:hr>
      <ns2:cad>93</ns2:cad>
     </ns2:TrackPointExtension>
    </extensions>
   </trkpt>
   <trkpt lat="39.9752610" lon="-105.2792270">
    <ele>1817.4</ele>
    <time>2024-04-17T13:06:32Z</time>
    <extensions>
     <ns2:TrackPointExtension>
      <ns2:atemp>13</ns2:atemp>
      <ns2:hr>149</ns2:hr>
      <ns2:cad>95</ns2:cad>
     </ns2:TrackPointExtension>
    </extensions>
   </trkpt>
   <trkpt lat="39.9752870" lon="-105.2790680">
    <ele>1817.0</ele>
    <time>2024-04-17T13:06:36Z</time>
    <extensions>
     <ns2:TrackPointExtension>
      <ns2:atemp>13</ns2:atemp>
      <ns2:hr>146</ns2:hr>
      <ns2:cad>93</ns2:cad>
     </ns2:TrackPointExtension>
    </extensions>
   </trkpt>
   <trkpt lat="39.9752900" lon="-105.2789530">
    <ele>1816.6</ele>
    <time>2024-04-17T13:06:39Z</time>
    <extensions>
     <ns2:TrackPointExtension>
      <ns2:atemp>13</ns2:atemp>
      <ns2:hr>148</ns2:hr>
      <ns2:cad>94</ns2:cad>
     </ns2:TrackPointExtension>
    </extensions>
   </trkpt>
   <trkpt lat="39.9752860" lon="-105.2788810">
    <ele>1816.6</ele>
    <time>2024-04-17T13:06:41Z</time>
    <extensions>
     <ns2:TrackPointExtension>
      <ns2:atemp>13</ns2:atemp>
      <ns2:hr>150</ns2:hr>
      <ns2:cad>95</ns2:cad>
     </ns2:TrackPointExtension>
    </extensions>
   </trkpt>
   <trkpt lat="39.9752300" lon="-105.2786770">
    <ele>1815.4</ele>
    <time>2024-04-17T13:06:47Z</time>
    <extensions>
     <ns2:TrackPointExtension>
      <ns2:atemp>13</ns2:atemp>
      <ns2:hr>150</ns2:hr>
      <ns2:cad>93</ns2:cad>
     </ns2:TrackPointExtension>
    </extensions>
   </trkpt>
   <trkpt lat="39.9752190" lon="-105.2786460">
    <ele>1815.2</ele>
    <time>2024-04-17T13:06:48Z</time>
    <extensions>
     <ns2:TrackPointExtension>
      <ns2:atemp>13</ns2:atemp>
      <ns2:hr>148</ns2:hr>
      <ns2:cad>93</ns2:cad>
     </ns2:TrackPointExtension>
    </extensions>
   </trkpt>
   <trkpt lat="39.9751920" lon="-105.2785750">
    <ele>1814.6</ele>
    <time>2024-04-17T13:06:50Z</time>
    <extensions>
     <ns2:TrackPointExtension>
      <ns2:atemp>13</ns2:atemp>
      <ns2:hr>151</ns2:hr>
      <ns2:cad>92</ns2:cad>
     </ns2:TrackPointExtension>
    </extensions>
   </trkpt>
   <trkpt lat="39.9751780" lon="-105.2785380">
    <ele>1814.2</ele>
    <time>2024-04-17T13:06:51Z</time>
    <extensions>
     <ns2:TrackPointExtension>
      <ns2:atemp>13</ns2:atemp>
      <ns2:hr>151</ns2:hr>
      <ns2:cad>92</ns2:cad>
     </ns2:TrackPointExtension>
    </extensions>
   </trkpt>
   <trkpt lat="39.9751340" lon="-105.2783960">
    <ele>1813.0</ele>
    <time>2024-04-17T13:06:55Z</time>
    <extensions>
     <ns2:TrackPointExtension>
      <ns2:atemp>13</ns2:atemp>
      <ns2:hr>152</ns2:hr>
      <ns2:cad>96</ns2:cad>
     </ns2:TrackPointExtension>
    </extensions>
   </trkpt>
   <trkpt lat="39.9750980" lon="-105.2782940">
    <ele>1812.2</ele>
    <time>2024-04-17T13:06:58Z</time>
    <extensions>
     <ns2:TrackPointExtension>
      <ns2:atemp>13</ns2:atemp>
      <ns2:hr>154</ns2:hr>
      <ns2:cad>96</ns2:cad>
     </ns2:TrackPointExtension>
    </extensions>
   </trkpt>
   <trkpt lat="39.9750890" lon="-105.2782620">
    <ele>1811.4</ele>
    <time>2024-04-17T13:06:59Z</time>
    <extensions>
     <ns2:TrackPointExtension>
      <ns2:atemp>13</ns2:atemp>
      <ns2:hr>154</ns2:hr>
      <ns2:cad>96</ns2:cad>
     </ns2:TrackPointExtension>
    </extensions>
   </trkpt>
   <trkpt lat="39.9750640" lon="-105.2781600">
    <ele>1810.4</ele>
    <time>2024-04-17T13:07:02Z</time>
    <extensions>
     <ns2:TrackPointExtension>
      <ns2:atemp>13</ns2:atemp>
      <ns2:hr>154</ns2:hr>
      <ns2:cad>92</ns2:cad>
     </ns2:TrackPointExtension>
    </extensions>
   </trkpt>
   <trkpt lat="39.9750410" lon="-105.2780570">
    <ele>1809.2</ele>
    <time>2024-04-17T13:07:05Z</time>
    <extensions>
     <ns2:TrackPointExtension>
      <ns2:atemp>13</ns2:atemp>
      <ns2:hr>154</ns2:hr>
      <ns2:cad>93</ns2:cad>
     </ns2:TrackPointExtension>
    </extensions>
   </trkpt>
   <trkpt lat="39.9750330" lon="-105.2779820">
    <ele>1808.4</ele>
    <time>2024-04-17T13:07:07Z</time>
    <extensions>
     <ns2:TrackPointExtension>
      <ns2:atemp>13</ns2:atemp>
      <ns2:hr>153</ns2:hr>
      <ns2:cad>92</ns2:cad>
     </ns2:TrackPointExtension>
    </extensions>
   </trkpt>
   <trkpt lat="39.9750340" lon="-105.2779430">
    <ele>1807.8</ele>
    <time>2024-04-17T13:07:08Z</time>
    <extensions>
     <ns2:TrackPointExtension>
      <ns2:atemp>13</ns2:atemp>
      <ns2:hr>154</ns2:hr>
      <ns2:cad>92</ns2:cad>
     </ns2:TrackPointExtension>
    </extensions>
   </trkpt>
   <trkpt lat="39.9750410" lon="-105.2778680">
    <ele>1806.6</ele>
    <time>2024-04-17T13:07:10Z</time>
    <extensions>
     <ns2:TrackPointExtension>
      <ns2:atemp>13</ns2:atemp>
      <ns2:hr>155</ns2:hr>
      <ns2:cad>94</ns2:cad>
     </ns2:TrackPointExtension>
    </extensions>
   </trkpt>
   <trkpt lat="39.9750310" lon="-105.2777620">
    <ele>1805.8</ele>
    <time>2024-04-17T13:07:13Z</time>
    <extensions>
     <ns2:TrackPointExtension>
      <ns2:atemp>13</ns2:atemp>
      <ns2:hr>153</ns2:hr>
      <ns2:cad>95</ns2:cad>
     </ns2:TrackPointExtension>
    </extensions>
   </trkpt>
   <trkpt lat="39.9750220" lon="-105.2777250">
    <ele>1805.4</ele>
    <time>2024-04-17T13:07:14Z</time>
    <extensions>
     <ns2:TrackPointExtension>
      <ns2:atemp>13</ns2:atemp>
      <ns2:hr>153</ns2:hr>
      <ns2:cad>91</ns2:cad>
     </ns2:TrackPointExtension>
    </extensions>
   </trkpt>
   <trkpt lat="39.9749900" lon="-105.2775830">
    <ele>1804.2</ele>
    <time>2024-04-17T13:07:18Z</time>
    <extensions>
     <ns2:TrackPointExtension>
      <ns2:atemp>13</ns2:atemp>
      <ns2:hr>154</ns2:hr>
      <ns2:cad>94</ns2:cad>
     </ns2:TrackPointExtension>
    </extensions>
   </trkpt>
   <trkpt lat="39.9749620" lon="-105.2774750">
    <ele>1803.6</ele>
    <time>2024-04-17T13:07:21Z</time>
    <extensions>
     <ns2:TrackPointExtension>
      <ns2:atemp>13</ns2:atemp>
      <ns2:hr>154</ns2:hr>
      <ns2:cad>91</ns2:cad>
     </ns2:TrackPointExtension>
    </extensions>
   </trkpt>
   <trkpt lat="39.9749560" lon="-105.2773660">
    <ele>1803.2</ele>
    <time>2024-04-17T13:07:24Z</time>
    <extensions>
     <ns2:TrackPointExtension>
      <ns2:atemp>13</ns2:atemp>
      <ns2:hr>154</ns2:hr>
      <ns2:cad>91</ns2:cad>
     </ns2:TrackPointExtension>
    </extensions>
   </trkpt>
   <trkpt lat="39.9749510" lon="-105.2771920">
    <ele>1802.2</ele>
    <time>2024-04-17T13:07:29Z</time>
    <extensions>
     <ns2:TrackPointExtension>
      <ns2:atemp>13</ns2:atemp>
      <ns2:hr>155</ns2:hr>
      <ns2:cad>92</ns2:cad>
     </ns2:TrackPointExtension>
    </extensions>
   </trkpt>
   <trkpt lat="39.9749490" lon="-105.2770110">
    <ele>1801.0</ele>
    <time>2024-04-17T13:07:34Z</time>
    <extensions>
     <ns2:TrackPointExtension>
      <ns2:atemp>13</ns2:atemp>
      <ns2:hr>156</ns2:hr>
      <ns2:cad>92</ns2:cad>
     </ns2:TrackPointExtension>
    </extensions>
   </trkpt>
   <trkpt lat="39.9749530" lon="-105.2769020">
    <ele>1800.6</ele>
    <time>2024-04-17T13:07:37Z</time>
    <extensions>
     <ns2:TrackPointExtension>
      <ns2:atemp>13</ns2:atemp>
      <ns2:hr>156</ns2:hr>
      <ns2:cad>92</ns2:cad>
     </ns2:TrackPointExtension>
    </extensions>
   </trkpt>
   <trkpt lat="39.9749450" lon="-105.2767540">
    <ele>1799.8</ele>
    <time>2024-04-17T13:07:41Z</time>
    <extensions>
     <ns2:TrackPointExtension>
      <ns2:atemp>13</ns2:atemp>
      <ns2:hr>156</ns2:hr>
      <ns2:cad>92</ns2:cad>
     </ns2:TrackPointExtension>
    </extensions>
   </trkpt>
   <trkpt lat="39.9749380" lon="-105.2766800">
    <ele>1799.6</ele>
    <time>2024-04-17T13:07:43Z</time>
    <extensions>
     <ns2:TrackPointExtension>
      <ns2:atemp>13</ns2:atemp>
      <ns2:hr>157</ns2:hr>
      <ns2:cad>92</ns2:cad>
     </ns2:TrackPointExtension>
    </extensions>
   </trkpt>
   <trkpt lat="39.9749210" lon="-105.2765750">
    <ele>1799.2</ele>
    <time>2024-04-17T13:07:46Z</time>
    <extensions>
     <ns2:TrackPointExtension>
      <ns2:atemp>13</ns2:atemp>
      <ns2:hr>157</ns2:hr>
      <ns2:cad>91</ns2:cad>
     </ns2:TrackPointExtension>
    </extensions>
   </trkpt>
   <trkpt lat="39.9748990" lon="-105.2765120">
    <ele>1798.8</ele>
    <time>2024-04-17T13:07:48Z</time>
    <extensions>
     <ns2:TrackPointExtension>
      <ns2:atemp>13</ns2:atemp>
      <ns2:hr>160</ns2:hr>
      <ns2:cad>92</ns2:cad>
     </ns2:TrackPointExtension>
    </extensions>
   </trkpt>
   <trkpt lat="39.9748880" lon="-105.2764800">
    <ele>1798.6</ele>
    <time>2024-04-17T13:07:49Z</time>
    <extensions>
     <ns2:TrackPointExtension>
      <ns2:atemp>13</ns2:atemp>
      <ns2:hr>157</ns2:hr>
      <ns2:cad>94</ns2:cad>
     </ns2:TrackPointExtension>
    </extensions>
   </trkpt>
   <trkpt lat="39.9748590" lon="-105.2763760">
    <ele>1798.0</ele>
    <time>2024-04-17T13:07:52Z</time>
    <extensions>
     <ns2:TrackPointExtension>
      <ns2:atemp>13</ns2:atemp>
      <ns2:hr>158</ns2:hr>
      <ns2:cad>91</ns2:cad>
     </ns2:TrackPointExtension>
    </extensions>
   </trkpt>
   <trkpt lat="39.9748480" lon="-105.2763410">
    <ele>1797.4</ele>
    <time>2024-04-17T13:07:53Z</time>
    <extensions>
     <ns2:TrackPointExtension>
      <ns2:atemp>13</ns2:atemp>
      <ns2:hr>158</ns2:hr>
      <ns2:cad>91</ns2:cad>
     </ns2:TrackPointExtension>
    </extensions>
   </trkpt>
   <trkpt lat="39.9747970" lon="-105.2761650">
    <ele>1796.2</ele>
    <time>2024-04-17T13:07:58Z</time>
    <extensions>
     <ns2:TrackPointExtension>
      <ns2:atemp>13</ns2:atemp>
      <ns2:hr>158</ns2:hr>
      <ns2:cad>91</ns2:cad>
     </ns2:TrackPointExtension>
    </extensions>
   </trkpt>
   <trkpt lat="39.9747500" lon="-105.2760310">
    <ele>1795.8</ele>
    <time>2024-04-17T13:08:02Z</time>
    <extensions>
     <ns2:TrackPointExtension>
      <ns2:atemp>13</ns2:atemp>
      <ns2:hr>158</ns2:hr>
      <ns2:cad>94</ns2:cad>
     </ns2:TrackPointExtension>
    </extensions>
   </trkpt>
   <trkpt lat="39.9747300" lon="-105.2759700">
    <ele>1795.2</ele>
    <time>2024-04-17T13:08:04Z</time>
    <extensions>
     <ns2:TrackPointExtension>
      <ns2:atemp>13</ns2:atemp>
      <ns2:hr>157</ns2:hr>
      <ns2:cad>93</ns2:cad>
     </ns2:TrackPointExtension>
    </extensions>
   </trkpt>
   <trkpt lat="39.9746730" lon="-105.2758040">
    <ele>1794.2</ele>
    <time>2024-04-17T13:08:09Z</time>
    <extensions>
     <ns2:TrackPointExtension>
      <ns2:atemp>13</ns2:atemp>
      <ns2:hr>157</ns2:hr>
      <ns2:cad>91</ns2:cad>
     </ns2:TrackPointExtension>
    </extensions>
   </trkpt>
   <trkpt lat="39.9746630" lon="-105.2757710">
    <ele>1794.0</ele>
    <time>2024-04-17T13:08:10Z</time>
    <extensions>
     <ns2:TrackPointExtension>
      <ns2:atemp>13</ns2:atemp>
      <ns2:hr>157</ns2:hr>
      <ns2:cad>91</ns2:cad>
     </ns2:TrackPointExtension>
    </extensions>
   </trkpt>
   <trkpt lat="39.9746130" lon="-105.2756410">
    <ele>1793.2</ele>
    <time>2024-04-17T13:08:14Z</time>
    <extensions>
     <ns2:TrackPointExtension>
      <ns2:atemp>13</ns2:atemp>
      <ns2:hr>158</ns2:hr>
      <ns2:cad>92</ns2:cad>
     </ns2:TrackPointExtension>
    </extensions>
   </trkpt>
   <trkpt lat="39.9745670" lon="-105.2755040">
    <ele>1792.2</ele>
    <time>2024-04-17T13:08:18Z</time>
    <extensions>
     <ns2:TrackPointExtension>
      <ns2:atemp>13</ns2:atemp>
      <ns2:hr>157</ns2:hr>
      <ns2:cad>91</ns2:cad>
     </ns2:TrackPointExtension>
    </extensions>
   </trkpt>
   <trkpt lat="39.9745550" lon="-105.2754700">
    <ele>1792.0</ele>
    <time>2024-04-17T13:08:19Z</time>
    <extensions>
     <ns2:TrackPointExtension>
      <ns2:atemp>13</ns2:atemp>
      <ns2:hr>157</ns2:hr>
      <ns2:cad>91</ns2:cad>
     </ns2:TrackPointExtension>
    </extensions>
   </trkpt>
   <trkpt lat="39.9744960" lon="-105.2752960">
    <ele>1791.0</ele>
    <time>2024-04-17T13:08:24Z</time>
    <extensions>
     <ns2:TrackPointExtension>
      <ns2:atemp>13</ns2:atemp>
      <ns2:hr>156</ns2:hr>
      <ns2:cad>91</ns2:cad>
     </ns2:TrackPointExtension>
    </extensions>
   </trkpt>
   <trkpt lat="39.9744510" lon="-105.2751570">
    <ele>1790.6</ele>
    <time>2024-04-17T13:08:28Z</time>
    <extensions>
     <ns2:TrackPointExtension>
      <ns2:atemp>13</ns2:atemp>
      <ns2:hr>157</ns2:hr>
      <ns2:cad>94</ns2:cad>
     </ns2:TrackPointExtension>
    </extensions>
   </trkpt>
   <trkpt lat="39.9744250" lon="-105.2750910">
    <ele>1790.0</ele>
    <time>2024-04-17T13:08:30Z</time>
    <extensions>
     <ns2:TrackPointExtension>
      <ns2:atemp>13</ns2:atemp>
      <ns2:hr>156</ns2:hr>
      <ns2:cad>94</ns2:cad>
     </ns2:TrackPointExtension>
    </extensions>
   </trkpt>
   <trkpt lat="39.9743310" lon="-105.2749450">
    <ele>1789.0</ele>
    <time>2024-04-17T13:08:35Z</time>
    <extensions>
     <ns2:TrackPointExtension>
      <ns2:atemp>13</ns2:atemp>
      <ns2:hr>157</ns2:hr>
      <ns2:cad>92</ns2:cad>
     </ns2:TrackPointExtension>
    </extensions>
   </trkpt>
   <trkpt lat="39.9743090" lon="-105.2749210">
    <ele>1788.8</ele>
    <time>2024-04-17T13:08:36Z</time>
    <extensions>
     <ns2:TrackPointExtension>
      <ns2:atemp>13</ns2:atemp>
      <ns2:hr>157</ns2:hr>
      <ns2:cad>92</ns2:cad>
     </ns2:TrackPointExtension>
    </extensions>
   </trkpt>
   <trkpt lat="39.9741460" lon="-105.2747520">
    <ele>1787.8</ele>
    <time>2024-04-17T13:08:43Z</time>
    <extensions>
     <ns2:TrackPointExtension>
      <ns2:atemp>13</ns2:atemp>
      <ns2:hr>156</ns2:hr>
      <ns2:cad>92</ns2:cad>
     </ns2:TrackPointExtension>
    </extensions>
   </trkpt>
   <trkpt lat="39.9740650" lon="-105.2746860">
    <ele>1787.0</ele>
    <time>2024-04-17T13:08:46Z</time>
    <extensions>
     <ns2:TrackPointExtension>
      <ns2:atemp>13</ns2:atemp>
      <ns2:hr>158</ns2:hr>
      <ns2:cad>93</ns2:cad>
     </ns2:TrackPointExtension>
    </extensions>
   </trkpt>
   <trkpt lat="39.9740410" lon="-105.2746660">
    <ele>1786.6</ele>
    <time>2024-04-17T13:08:47Z</time>
    <extensions>
     <ns2:TrackPointExtension>
      <ns2:atemp>13</ns2:atemp>
      <ns2:hr>158</ns2:hr>
      <ns2:cad>93</ns2:cad>
     </ns2:TrackPointExtension>
    </extensions>
   </trkpt>
   <trkpt lat="39.9739690" lon="-105.2745980">
    <ele>1785.8</ele>
    <time>2024-04-17T13:08:50Z</time>
    <extensions>
     <ns2:TrackPointExtension>
      <ns2:atemp>13</ns2:atemp>
      <ns2:hr>155</ns2:hr>
      <ns2:cad>93</ns2:cad>
     </ns2:TrackPointExtension>
    </extensions>
   </trkpt>
   <trkpt lat="39.9739460" lon="-105.2745760">
    <ele>1785.6</ele>
    <time>2024-04-17T13:08:51Z</time>
    <extensions>
     <ns2:TrackPointExtension>
      <ns2:atemp>13</ns2:atemp>
      <ns2:hr>154</ns2:hr>
      <ns2:cad>93</ns2:cad>
     </ns2:TrackPointExtension>
    </extensions>
   </trkpt>
   <trkpt lat="39.9738820" lon="-105.2744990">
    <ele>1785.0</ele>
    <time>2024-04-17T13:08:54Z</time>
    <extensions>
     <ns2:TrackPointExtension>
      <ns2:atemp>13</ns2:atemp>
      <ns2:hr>156</ns2:hr>
      <ns2:cad>92</ns2:cad>
     </ns2:TrackPointExtension>
    </extensions>
   </trkpt>
   <trkpt lat="39.9738640" lon="-105.2744700">
    <ele>1784.4</ele>
    <time>2024-04-17T13:08:55Z</time>
    <extensions>
     <ns2:TrackPointExtension>
      <ns2:atemp>13</ns2:atemp>
      <ns2:hr>155</ns2:hr>
      <ns2:cad>92</ns2:cad>
     </ns2:TrackPointExtension>
    </extensions>
   </trkpt>
   <trkpt lat="39.9737880" lon="-105.2743150">
    <ele>1783.4</ele>
    <time>2024-04-17T13:09:00Z</time>
    <extensions>
     <ns2:TrackPointExtension>
      <ns2:atemp>13</ns2:atemp>
      <ns2:hr>156</ns2:hr>
      <ns2:cad>92</ns2:cad>
     </ns2:TrackPointExtension>
    </extensions>
   </trkpt>
   <trkpt lat="39.9737650" lon="-105.2742530">
    <ele>1783.0</ele>
    <time>2024-04-17T13:09:02Z</time>
    <extensions>
     <ns2:TrackPointExtension>
      <ns2:atemp>13</ns2:atemp>
      <ns2:hr>160</ns2:hr>
      <ns2:cad>93</ns2:cad>
     </ns2:TrackPointExtension>
    </extensions>
   </trkpt>
   <trkpt lat="39.9737200" lon="-105.2741400">
    <ele>1782.6</ele>
    <time>2024-04-17T13:09:05Z</time>
    <extensions>
     <ns2:TrackPointExtension>
      <ns2:atemp>13</ns2:atemp>
      <ns2:hr>156</ns2:hr>
      <ns2:cad>94</ns2:cad>
     </ns2:TrackPointExtension>
    </extensions>
   </trkpt>
   <trkpt lat="39.9737030" lon="-105.2740800">
    <ele>1782.6</ele>
    <time>2024-04-17T13:09:07Z</time>
    <extensions>
     <ns2:TrackPointExtension>
      <ns2:atemp>13</ns2:atemp>
      <ns2:hr>157</ns2:hr>
      <ns2:cad>92</ns2:cad>
     </ns2:TrackPointExtension>
    </extensions>
   </trkpt>
   <trkpt lat="39.9736110" lon="-105.2739100">
    <ele>1782.4</ele>
    <time>2024-04-17T13:09:13Z</time>
    <extensions>
     <ns2:TrackPointExtension>
      <ns2:atemp>13</ns2:atemp>
      <ns2:hr>154</ns2:hr>
      <ns2:cad>93</ns2:cad>
     </ns2:TrackPointExtension>
    </extensions>
   </trkpt>
   <trkpt lat="39.9735890" lon="-105.2738860">
    <ele>1782.2</ele>
    <time>2024-04-17T13:09:14Z</time>
    <extensions>
     <ns2:TrackPointExtension>
      <ns2:atemp>13</ns2:atemp>
      <ns2:hr>154</ns2:hr>
      <ns2:cad>93</ns2:cad>
     </ns2:TrackPointExtension>
    </extensions>
   </trkpt>
   <trkpt lat="39.9734960" lon="-105.2738020">
    <ele>1781.4</ele>
    <time>2024-04-17T13:09:18Z</time>
    <extensions>
     <ns2:TrackPointExtension>
      <ns2:atemp>13</ns2:atemp>
      <ns2:hr>152</ns2:hr>
      <ns2:cad>93</ns2:cad>
     </ns2:TrackPointExtension>
    </extensions>
   </trkpt>
   <trkpt lat="39.9734480" lon="-105.2737580">
    <ele>1780.8</ele>
    <time>2024-04-17T13:09:20Z</time>
    <extensions>
     <ns2:TrackPointExtension>
      <ns2:atemp>13</ns2:atemp>
      <ns2:hr>150</ns2:hr>
      <ns2:cad>92</ns2:cad>
     </ns2:TrackPointExtension>
    </extensions>
   </trkpt>
   <trkpt lat="39.9733990" lon="-105.2737150">
    <ele>1780.4</ele>
    <time>2024-04-17T13:09:22Z</time>
    <extensions>
     <ns2:TrackPointExtension>
      <ns2:atemp>13</ns2:atemp>
      <ns2:hr>152</ns2:hr>
      <ns2:cad>93</ns2:cad>
     </ns2:TrackPointExtension>
    </extensions>
   </trkpt>
   <trkpt lat="39.9733060" lon="-105.2736170">
    <ele>1779.4</ele>
    <time>2024-04-17T13:09:26Z</time>
    <extensions>
     <ns2:TrackPointExtension>
      <ns2:atemp>13</ns2:atemp>
      <ns2:hr>156</ns2:hr>
      <ns2:cad>91</ns2:cad>
     </ns2:TrackPointExtension>
    </extensions>
   </trkpt>
   <trkpt lat="39.9732840" lon="-105.2735890">
    <ele>1779.2</ele>
    <time>2024-04-17T13:09:27Z</time>
    <extensions>
     <ns2:TrackPointExtension>
      <ns2:atemp>13</ns2:atemp>
      <ns2:hr>154</ns2:hr>
      <ns2:cad>92</ns2:cad>
     </ns2:TrackPointExtension>
    </extensions>
   </trkpt>
   <trkpt lat="39.9732150" lon="-105.2734740">
    <ele>1778.8</ele>
    <time>2024-04-17T13:09:31Z</time>
    <extensions>
     <ns2:TrackPointExtension>
      <ns2:atemp>13</ns2:atemp>
      <ns2:hr>156</ns2:hr>
      <ns2:cad>93</ns2:cad>
     </ns2:TrackPointExtension>
    </extensions>
   </trkpt>
   <trkpt lat="39.9731720" lon="-105.2733240">
    <ele>1778.2</ele>
    <time>2024-04-17T13:09:36Z</time>
    <extensions>
     <ns2:TrackPointExtension>
      <ns2:atemp>13</ns2:atemp>
      <ns2:hr>153</ns2:hr>
      <ns2:cad>93</ns2:cad>
     </ns2:TrackPointExtension>
    </extensions>
   </trkpt>
   <trkpt lat="39.9731500" lon="-105.2732200">
    <ele>1777.4</ele>
    <time>2024-04-17T13:09:39Z</time>
    <extensions>
     <ns2:TrackPointExtension>
      <ns2:atemp>13</ns2:atemp>
      <ns2:hr>154</ns2:hr>
      <ns2:cad>90</ns2:cad>
     </ns2:TrackPointExtension>
    </extensions>
   </trkpt>
   <trkpt lat="39.9731420" lon="-105.2731860">
    <ele>1777.0</ele>
    <time>2024-04-17T13:09:40Z</time>
    <extensions>
     <ns2:TrackPointExtension>
      <ns2:atemp>13</ns2:atemp>
      <ns2:hr>151</ns2:hr>
      <ns2:cad>90</ns2:cad>
     </ns2:TrackPointExtension>
    </extensions>
   </trkpt>
   <trkpt lat="39.9731050" lon="-105.2730000">
    <ele>1776.0</ele>
    <time>2024-04-17T13:09:45Z</time>
    <extensions>
     <ns2:TrackPointExtension>
      <ns2:atemp>13</ns2:atemp>
      <ns2:hr>149</ns2:hr>
      <ns2:cad>89</ns2:cad>
     </ns2:TrackPointExtension>
    </extensions>
   </trkpt>
   <trkpt lat="39.9730880" lon="-105.2728950">
    <ele>1774.8</ele>
    <time>2024-04-17T13:09:48Z</time>
    <extensions>
     <ns2:TrackPointExtension>
      <ns2:atemp>13</ns2:atemp>
      <ns2:hr>151</ns2:hr>
      <ns2:cad>89</ns2:cad>
     </ns2:TrackPointExtension>
    </extensions>
   </trkpt>
   <trkpt lat="39.9730850" lon="-105.2728600">
    <ele>1774.4</ele>
    <time>2024-04-17T13:09:49Z</time>
    <extensions>
     <ns2:TrackPointExtension>
      <ns2:atemp>13</ns2:atemp>
      <ns2:hr>150</ns2:hr>
      <ns2:cad>89</ns2:cad>
     </ns2:TrackPointExtension>
    </extensions>
   </trkpt>
   <trkpt lat="39.9730770" lon="-105.2727850">
    <ele>1773.6</ele>
    <time>2024-04-17T13:09:51Z</time>
    <extensions>
     <ns2:TrackPointExtension>
      <ns2:atemp>13</ns2:atemp>
      <ns2:hr>150</ns2:hr>
      <ns2:cad>89</ns2:cad>
     </ns2:TrackPointExtension>
    </extensions>
   </trkpt>
   <trkpt lat="39.9730700" lon="-105.2725720">
    <ele>1772.2</ele>
    <time>2024-04-17T13:09:57Z</time>
    <extensions>
     <ns2:TrackPointExtension>
      <ns2:atemp>13</ns2:atemp>
      <ns2:hr>152</ns2:hr>
      <ns2:cad>93</ns2:cad>
     </ns2:TrackPointExtension>
    </extensions>
   </trkpt>
   <trkpt lat="39.9730720" lon="-105.2725360">
    <ele>1772.2</ele>
    <time>2024-04-17T13:09:58Z</time>
    <extensions>
     <ns2:TrackPointExtension>
      <ns2:atemp>13</ns2:atemp>
      <ns2:hr>153</ns2:hr>
      <ns2:cad>93</ns2:cad>
     </ns2:TrackPointExtension>
    </extensions>
   </trkpt>
   <trkpt lat="39.9730860" lon="-105.2724350">
    <ele>1771.0</ele>
    <time>2024-04-17T13:10:01Z</time>
    <extensions>
     <ns2:TrackPointExtension>
      <ns2:atemp>13</ns2:atemp>
      <ns2:hr>154</ns2:hr>
      <ns2:cad>93</ns2:cad>
     </ns2:TrackPointExtension>
    </extensions>
   </trkpt>
   <trkpt lat="39.9731190" lon="-105.2723400">
    <ele>1770.0</ele>
    <time>2024-04-17T13:10:04Z</time>
    <extensions>
     <ns2:TrackPointExtension>
      <ns2:atemp>13</ns2:atemp>
      <ns2:hr>154</ns2:hr>
      <ns2:cad>92</ns2:cad>
     </ns2:TrackPointExtension>
    </extensions>
   </trkpt>
   <trkpt lat="39.9731420" lon="-105.2722770">
    <ele>1769.4</ele>
    <time>2024-04-17T13:10:06Z</time>
    <extensions>
     <ns2:TrackPointExtension>
      <ns2:atemp>13</ns2:atemp>
      <ns2:hr>151</ns2:hr>
      <ns2:cad>92</ns2:cad>
     </ns2:TrackPointExtension>
    </extensions>
   </trkpt>
   <trkpt lat="39.9731570" lon="-105.2722460">
    <ele>1769.2</ele>
    <time>2024-04-17T13:10:07Z</time>
    <extensions>
     <ns2:TrackPointExtension>
      <ns2:atemp>13</ns2:atemp>
      <ns2:hr>154</ns2:hr>
      <ns2:cad>92</ns2:cad>
     </ns2:TrackPointExtension>
    </extensions>
   </trkpt>
   <trkpt lat="39.9731720" lon="-105.2722130">
    <ele>1768.8</ele>
    <time>2024-04-17T13:10:08Z</time>
    <extensions>
     <ns2:TrackPointExtension>
      <ns2:atemp>13</ns2:atemp>
      <ns2:hr>153</ns2:hr>
      <ns2:cad>93</ns2:cad>
     </ns2:TrackPointExtension>
    </extensions>
   </trkpt>
   <trkpt lat="39.9732080" lon="-105.2721180">
    <ele>1767.8</ele>
    <time>2024-04-17T13:10:11Z</time>
    <extensions>
     <ns2:TrackPointExtension>
      <ns2:atemp>13</ns2:atemp>
      <ns2:hr>154</ns2:hr>
      <ns2:cad>92</ns2:cad>
     </ns2:TrackPointExtension>
    </extensions>
   </trkpt>
   <trkpt lat="39.9732220" lon="-105.2720860">
    <ele>1767.8</ele>
    <time>2024-04-17T13:10:12Z</time>
    <extensions>
     <ns2:TrackPointExtension>
      <ns2:atemp>13</ns2:atemp>
      <ns2:hr>154</ns2:hr>
      <ns2:cad>92</ns2:cad>
     </ns2:TrackPointExtension>
    </extensions>
   </trkpt>
   <trkpt lat="39.9732740" lon="-105.2719590">
    <ele>1766.6</ele>
    <time>2024-04-17T13:10:16Z</time>
    <extensions>
     <ns2:TrackPointExtension>
      <ns2:atemp>13</ns2:atemp>
      <ns2:hr>154</ns2:hr>
      <ns2:cad>92</ns2:cad>
     </ns2:TrackPointExtension>
    </extensions>
   </trkpt>
   <trkpt lat="39.9733150" lon="-105.2718560">
    <ele>1765.8</ele>
    <time>2024-04-17T13:10:19Z</time>
    <extensions>
     <ns2:TrackPointExtension>
      <ns2:atemp>13</ns2:atemp>
      <ns2:hr>153</ns2:hr>
      <ns2:cad>92</ns2:cad>
     </ns2:TrackPointExtension>
    </extensions>
   </trkpt>
   <trkpt lat="39.9733300" lon="-105.2718260">
    <ele>1765.4</ele>
    <time>2024-04-17T13:10:20Z</time>
    <extensions>
     <ns2:TrackPointExtension>
      <ns2:atemp>13</ns2:atemp>
      <ns2:hr>152</ns2:hr>
      <ns2:cad>92</ns2:cad>
     </ns2:TrackPointExtension>
    </extensions>
   </trkpt>
   <trkpt lat="39.9734040" lon="-105.2716660">
    <ele>1764.8</ele>
    <time>2024-04-17T13:10:25Z</time>
    <extensions>
     <ns2:TrackPointExtension>
      <ns2:atemp>13</ns2:atemp>
      <ns2:hr>152</ns2:hr>
      <ns2:cad>93</ns2:cad>
     </ns2:TrackPointExtension>
    </extensions>
   </trkpt>
   <trkpt lat="39.9734400" lon="-105.2715770">
    <ele>1764.4</ele>
    <time>2024-04-17T13:10:28Z</time>
    <extensions>
     <ns2:TrackPointExtension>
      <ns2:atemp>13</ns2:atemp>
      <ns2:hr>151</ns2:hr>
      <ns2:cad>93</ns2:cad>
     </ns2:TrackPointExtension>
    </extensions>
   </trkpt>
   <trkpt lat="39.9734960" lon="-105.2714110">
    <ele>1763.6</ele>
    <time>2024-04-17T13:10:33Z</time>
    <extensions>
     <ns2:TrackPointExtension>
      <ns2:atemp>13</ns2:atemp>
      <ns2:hr>150</ns2:hr>
      <ns2:cad>89</ns2:cad>
     </ns2:TrackPointExtension>
    </extensions>
   </trkpt>
   <trkpt lat="39.9735050" lon="-105.2713750">
    <ele>1763.0</ele>
    <time>2024-04-17T13:10:34Z</time>
    <extensions>
     <ns2:TrackPointExtension>
      <ns2:atemp>13</ns2:atemp>
      <ns2:hr>151</ns2:hr>
      <ns2:cad>91</ns2:cad>
     </ns2:TrackPointExtension>
    </extensions>
   </trkpt>
   <trkpt lat="39.9735240" lon="-105.2712240">
    <ele>1761.4</ele>
    <time>2024-04-17T13:10:38Z</time>
    <extensions>
     <ns2:TrackPointExtension>
      <ns2:atemp>13</ns2:atemp>
      <ns2:hr>150</ns2:hr>
      <ns2:cad>94</ns2:cad>
     </ns2:TrackPointExtension>
    </extensions>
   </trkpt>
   <trkpt lat="39.9735190" lon="-105.2711510">
    <ele>1760.8</ele>
    <time>2024-04-17T13:10:40Z</time>
    <extensions>
     <ns2:TrackPointExtension>
      <ns2:atemp>13</ns2:atemp>
      <ns2:hr>150</ns2:hr>
      <ns2:cad>93</ns2:cad>
     </ns2:TrackPointExtension>
    </extensions>
   </trkpt>
   <trkpt lat="39.9735060" lon="-105.2710650">
    <ele>1760.4</ele>
    <time>2024-04-17T13:10:43Z</time>
    <extensions>
     <ns2:TrackPointExtension>
      <ns2:atemp>13</ns2:atemp>
      <ns2:hr>149</ns2:hr>
      <ns2:cad>91</ns2:cad>
     </ns2:TrackPointExtension>
    </extensions>
   </trkpt>
   <trkpt lat="39.9734890" lon="-105.2709960">
    <ele>1759.8</ele>
    <time>2024-04-17T13:10:46Z</time>
    <extensions>
     <ns2:TrackPointExtension>
      <ns2:atemp>13</ns2:atemp>
      <ns2:hr>150</ns2:hr>
      <ns2:cad>90</ns2:cad>
     </ns2:TrackPointExtension>
    </extensions>
   </trkpt>
   <trkpt lat="39.9734570" lon="-105.2708210">
    <ele>1759.2</ele>
    <time>2024-04-17T13:10:52Z</time>
    <extensions>
     <ns2:TrackPointExtension>
      <ns2:atemp>13</ns2:atemp>
      <ns2:hr>151</ns2:hr>
      <ns2:cad>89</ns2:cad>
     </ns2:TrackPointExtension>
    </extensions>
   </trkpt>
   <trkpt lat="39.9734190" lon="-105.2706250">
    <ele>1758.8</ele>
    <time>2024-04-17T13:10:57Z</time>
    <extensions>
     <ns2:TrackPointExtension>
      <ns2:atemp>13</ns2:atemp>
      <ns2:hr>153</ns2:hr>
      <ns2:cad>93</ns2:cad>
     </ns2:TrackPointExtension>
    </extensions>
   </trkpt>
   <trkpt lat="39.9733840" lon="-105.2704510">
    <ele>1758.6</ele>
    <time>2024-04-17T13:11:01Z</time>
    <extensions>
     <ns2:TrackPointExtension>
      <ns2:atemp>13</ns2:atemp>
      <ns2:hr>154</ns2:hr>
      <ns2:cad>96</ns2:cad>
     </ns2:TrackPointExtension>
    </extensions>
   </trkpt>
   <trkpt lat="39.9733690" lon="-105.2703040">
    <ele>1758.2</ele>
    <time>2024-04-17T13:11:05Z</time>
    <extensions>
     <ns2:TrackPointExtension>
      <ns2:atemp>13</ns2:atemp>
      <ns2:hr>155</ns2:hr>
      <ns2:cad>94</ns2:cad>
     </ns2:TrackPointExtension>
    </extensions>
   </trkpt>
   <trkpt lat="39.9733810" lon="-105.2701300">
    <ele>1757.2</ele>
    <time>2024-04-17T13:11:10Z</time>
    <extensions>
     <ns2:TrackPointExtension>
      <ns2:atemp>13</ns2:atemp>
      <ns2:hr>152</ns2:hr>
      <ns2:cad>95</ns2:cad>
     </ns2:TrackPointExtension>
    </extensions>
   </trkpt>
   <trkpt lat="39.9733890" lon="-105.2700990">
    <ele>1757.2</ele>
    <time>2024-04-17T13:11:11Z</time>
    <extensions>
     <ns2:TrackPointExtension>
      <ns2:atemp>13</ns2:atemp>
      <ns2:hr>155</ns2:hr>
      <ns2:cad>93</ns2:cad>
     </ns2:TrackPointExtension>
    </extensions>
   </trkpt>
   <trkpt lat="39.9733970" lon="-105.2700660">
    <ele>1757.0</ele>
    <time>2024-04-17T13:11:12Z</time>
    <extensions>
     <ns2:TrackPointExtension>
      <ns2:atemp>13</ns2:atemp>
      <ns2:hr>155</ns2:hr>
      <ns2:cad>93</ns2:cad>
     </ns2:TrackPointExtension>
    </extensions>
   </trkpt>
   <trkpt lat="39.9734450" lon="-105.2699470">
    <ele>1756.4</ele>
    <time>2024-04-17T13:11:16Z</time>
    <extensions>
     <ns2:TrackPointExtension>
      <ns2:atemp>13</ns2:atemp>
      <ns2:hr>155</ns2:hr>
      <ns2:cad>91</ns2:cad>
     </ns2:TrackPointExtension>
    </extensions>
   </trkpt>
   <trkpt lat="39.9734920" lon="-105.2698650">
    <ele>1756.0</ele>
    <time>2024-04-17T13:11:19Z</time>
    <extensions>
     <ns2:TrackPointExtension>
      <ns2:atemp>13</ns2:atemp>
      <ns2:hr>157</ns2:hr>
      <ns2:cad>91</ns2:cad>
     </ns2:TrackPointExtension>
    </extensions>
   </trkpt>
   <trkpt lat="39.9735480" lon="-105.2698200">
    <ele>1755.2</ele>
    <time>2024-04-17T13:11:23Z</time>
    <extensions>
     <ns2:TrackPointExtension>
      <ns2:atemp>13</ns2:atemp>
      <ns2:hr>158</ns2:hr>
      <ns2:cad>92</ns2:cad>
     </ns2:TrackPointExtension>
    </extensions>
   </trkpt>
   <trkpt lat="39.9736100" lon="-105.2697640">
    <ele>1755.0</ele>
    <time>2024-04-17T13:11:28Z</time>
    <extensions>
     <ns2:TrackPointExtension>
      <ns2:atemp>13</ns2:atemp>
      <ns2:hr>158</ns2:hr>
      <ns2:cad>91</ns2:cad>
     </ns2:TrackPointExtension>
    </extensions>
   </trkpt>
   <trkpt lat="39.9736780" lon="-105.2696850">
    <ele>1754.0</ele>
    <time>2024-04-17T13:11:32Z</time>
    <extensions>
     <ns2:TrackPointExtension>
      <ns2:atemp>13</ns2:atemp>
      <ns2:hr>155</ns2:hr>
      <ns2:cad>88</ns2:cad>
     </ns2:TrackPointExtension>
    </extensions>
   </trkpt>
   <trkpt lat="39.9736960" lon="-105.2696630">
    <ele>1753.8</ele>
    <time>2024-04-17T13:11:33Z</time>
    <extensions>
     <ns2:TrackPointExtension>
      <ns2:atemp>13</ns2:atemp>
      <ns2:hr>155</ns2:hr>
      <ns2:cad>90</ns2:cad>
     </ns2:TrackPointExtension>
    </extensions>
   </trkpt>
   <trkpt lat="39.9737730" lon="-105.2695830">
    <ele>1753.2</ele>
    <time>2024-04-17T13:11:37Z</time>
    <extensions>
     <ns2:TrackPointExtension>
      <ns2:atemp>13</ns2:atemp>
      <ns2:hr>154</ns2:hr>
      <ns2:cad>91</ns2:cad>
     </ns2:TrackPointExtension>
    </extensions>
   </trkpt>
   <trkpt lat="39.9738150" lon="-105.2695430">
    <ele>1752.8</ele>
    <time>2024-04-17T13:11:39Z</time>
    <extensions>
     <ns2:TrackPointExtension>
      <ns2:atemp>13</ns2:atemp>
      <ns2:hr>154</ns2:hr>
      <ns2:cad>91</ns2:cad>
     </ns2:TrackPointExtension>
    </extensions>
   </trkpt>
   <trkpt lat="39.9739540" lon="-105.2693880">
    <ele>1752.0</ele>
    <time>2024-04-17T13:11:46Z</time>
    <extensions>
     <ns2:TrackPointExtension>
      <ns2:atemp>13</ns2:atemp>
      <ns2:hr>153</ns2:hr>
      <ns2:cad>90</ns2:cad>
     </ns2:TrackPointExtension>
    </extensions>
   </trkpt>
   <trkpt lat="39.9739720" lon="-105.2693620">
    <ele>1751.8</ele>
    <time>2024-04-17T13:11:47Z</time>
    <extensions>
     <ns2:TrackPointExtension>
      <ns2:atemp>13</ns2:atemp>
      <ns2:hr>153</ns2:hr>
      <ns2:cad>90</ns2:cad>
     </ns2:TrackPointExtension>
    </extensions>
   </trkpt>
   <trkpt lat="39.9739890" lon="-105.2693360">
    <ele>1751.6</ele>
    <time>2024-04-17T13:11:48Z</time>
    <extensions>
     <ns2:TrackPointExtension>
      <ns2:atemp>13</ns2:atemp>
      <ns2:hr>153</ns2:hr>
      <ns2:cad>91</ns2:cad>
     </ns2:TrackPointExtension>
    </extensions>
   </trkpt>
   <trkpt lat="39.9740570" lon="-105.2692340">
    <ele>1751.0</ele>
    <time>2024-04-17T13:11:52Z</time>
    <extensions>
     <ns2:TrackPointExtension>
      <ns2:atemp>13</ns2:atemp>
      <ns2:hr>150</ns2:hr>
      <ns2:cad>89</ns2:cad>
     </ns2:TrackPointExtension>
    </extensions>
   </trkpt>
   <trkpt lat="39.9741280" lon="-105.2691490">
    <ele>1750.6</ele>
    <time>2024-04-17T13:11:55Z</time>
    <extensions>
     <ns2:TrackPointExtension>
      <ns2:atemp>13</ns2:atemp>
      <ns2:hr>153</ns2:hr>
      <ns2:cad>89</ns2:cad>
     </ns2:TrackPointExtension>
    </extensions>
   </trkpt>
   <trkpt lat="39.9741810" lon="-105.2690850">
    <ele>1750.2</ele>
    <time>2024-04-17T13:11:57Z</time>
    <extensions>
     <ns2:TrackPointExtension>
      <ns2:atemp>13</ns2:atemp>
      <ns2:hr>152</ns2:hr>
      <ns2:cad>97</ns2:cad>
     </ns2:TrackPointExtension>
    </extensions>
   </trkpt>
   <trkpt lat="39.9742300" lon="-105.2690240">
    <ele>1749.4</ele>
    <time>2024-04-17T13:11:59Z</time>
    <extensions>
     <ns2:TrackPointExtension>
      <ns2:atemp>13</ns2:atemp>
      <ns2:hr>152</ns2:hr>
      <ns2:cad>95</ns2:cad>
     </ns2:TrackPointExtension>
    </extensions>
   </trkpt>
   <trkpt lat="39.9743500" lon="-105.2688750">
    <ele>1748.4</ele>
    <time>2024-04-17T13:12:04Z</time>
    <extensions>
     <ns2:TrackPointExtension>
      <ns2:atemp>13</ns2:atemp>
      <ns2:hr>151</ns2:hr>
      <ns2:cad>94</ns2:cad>
     </ns2:TrackPointExtension>
    </extensions>
   </trkpt>
   <trkpt lat="39.9744930" lon="-105.2686900">
    <ele>1747.4</ele>
    <time>2024-04-17T13:12:10Z</time>
    <extensions>
     <ns2:TrackPointExtension>
      <ns2:atemp>13</ns2:atemp>
      <ns2:hr>152</ns2:hr>
      <ns2:cad>94</ns2:cad>
     </ns2:TrackPointExtension>
    </extensions>
   </trkpt>
   <trkpt lat="39.9745290" lon="-105.2686240">
    <ele>1747.0</ele>
    <time>2024-04-17T13:12:12Z</time>
    <extensions>
     <ns2:TrackPointExtension>
      <ns2:atemp>13</ns2:atemp>
      <ns2:hr>151</ns2:hr>
      <ns2:cad>94</ns2:cad>
     </ns2:TrackPointExtension>
    </extensions>
   </trkpt>
   <trkpt lat="39.9746220" lon="-105.2684480">
    <ele>1746.0</ele>
    <time>2024-04-17T13:12:17Z</time>
    <extensions>
     <ns2:TrackPointExtension>
      <ns2:atemp>13</ns2:atemp>
      <ns2:hr>152</ns2:hr>
      <ns2:cad>92</ns2:cad>
     </ns2:TrackPointExtension>
    </extensions>
   </trkpt>
   <trkpt lat="39.9746660" lon="-105.2683440">
    <ele>1745.4</ele>
    <time>2024-04-17T13:12:20Z</time>
    <extensions>
     <ns2:TrackPointExtension>
      <ns2:atemp>13</ns2:atemp>
      <ns2:hr>152</ns2:hr>
      <ns2:cad>93</ns2:cad>
     </ns2:TrackPointExtension>
    </extensions>
   </trkpt>
   <trkpt lat="39.9746940" lon="-105.2682750">
    <ele>1745.0</ele>
    <time>2024-04-17T13:12:22Z</time>
    <extensions>
     <ns2:TrackPointExtension>
      <ns2:atemp>13</ns2:atemp>
      <ns2:hr>151</ns2:hr>
      <ns2:cad>93</ns2:cad>
     </ns2:TrackPointExtension>
    </extensions>
   </trkpt>
   <trkpt lat="39.9747410" lon="-105.2681440">
    <ele>1744.0</ele>
    <time>2024-04-17T13:12:26Z</time>
    <extensions>
     <ns2:TrackPointExtension>
      <ns2:atemp>13</ns2:atemp>
      <ns2:hr>151</ns2:hr>
      <ns2:cad>92</ns2:cad>
     </ns2:TrackPointExtension>
    </extensions>
   </trkpt>
   <trkpt lat="39.9747500" lon="-105.2681100">
    <ele>1743.8</ele>
    <time>2024-04-17T13:12:27Z</time>
    <extensions>
     <ns2:TrackPointExtension>
      <ns2:atemp>13</ns2:atemp>
      <ns2:hr>151</ns2:hr>
      <ns2:cad>91</ns2:cad>
     </ns2:TrackPointExtension>
    </extensions>
   </trkpt>
   <trkpt lat="39.9748120" lon="-105.2679270">
    <ele>1742.6</ele>
    <time>2024-04-17T13:12:33Z</time>
    <extensions>
     <ns2:TrackPointExtension>
      <ns2:atemp>13</ns2:atemp>
      <ns2:hr>151</ns2:hr>
      <ns2:cad>90</ns2:cad>
     </ns2:TrackPointExtension>
    </extensions>
   </trkpt>
   <trkpt lat="39.9748100" lon="-105.2679060">
    <ele>1742.4</ele>
    <time>2024-04-17T13:12:34Z</time>
    <extensions>
     <ns2:TrackPointExtension>
      <ns2:atemp>13</ns2:atemp>
      <ns2:hr>152</ns2:hr>
      <ns2:cad>90</ns2:cad>
     </ns2:TrackPointExtension>
    </extensions>
   </trkpt>
   <trkpt lat="39.9747810" lon="-105.2678790">
    <ele>1742.0</ele>
    <time>2024-04-17T13:12:37Z</time>
    <extensions>
     <ns2:TrackPointExtension>
      <ns2:atemp>13</ns2:atemp>
      <ns2:hr>152</ns2:hr>
      <ns2:cad>45</ns2:cad>
     </ns2:TrackPointExtension>
    </extensions>
   </trkpt>
   <trkpt lat="39.9747690" lon="-105.2678760">
    <ele>1741.8</ele>
    <time>2024-04-17T13:12:38Z</time>
    <extensions>
     <ns2:TrackPointExtension>
      <ns2:atemp>13</ns2:atemp>
      <ns2:hr>151</ns2:hr>
      <ns2:cad>0</ns2:cad>
     </ns2:TrackPointExtension>
    </extensions>
   </trkpt>
   <trkpt lat="39.9747370" lon="-105.2678650">
    <ele>1741.4</ele>
    <time>2024-04-17T13:12:41Z</time>
    <extensions>
     <ns2:TrackPointExtension>
      <ns2:atemp>13</ns2:atemp>
      <ns2:hr>150</ns2:hr>
      <ns2:cad>0</ns2:cad>
     </ns2:TrackPointExtension>
    </extensions>
   </trkpt>
   <trkpt lat="39.9746810" lon="-105.2678440">
    <ele>1740.4</ele>
    <time>2024-04-17T13:12:46Z</time>
    <extensions>
     <ns2:TrackPointExtension>
      <ns2:atemp>13</ns2:atemp>
      <ns2:hr>148</ns2:hr>
      <ns2:cad>0</ns2:cad>
     </ns2:TrackPointExtension>
    </extensions>
   </trkpt>
   <trkpt lat="39.9746630" lon="-105.2678320">
    <ele>1740.4</ele>
    <time>2024-04-17T13:12:48Z</time>
    <extensions>
     <ns2:TrackPointExtension>
      <ns2:atemp>13</ns2:atemp>
      <ns2:hr>146</ns2:hr>
      <ns2:cad>0</ns2:cad>
     </ns2:TrackPointExtension>
    </extensions>
   </trkpt>
   <trkpt lat="39.9746390" lon="-105.2678030">
    <ele>1739.8</ele>
    <time>2024-04-17T13:12:52Z</time>
    <extensions>
     <ns2:TrackPointExtension>
      <ns2:atemp>13</ns2:atemp>
      <ns2:hr>143</ns2:hr>
      <ns2:cad>61</ns2:cad>
     </ns2:TrackPointExtension>
    </extensions>
   </trkpt>
   <trkpt lat="39.9746210" lon="-105.2677730">
    <ele>1739.2</ele>
    <time>2024-04-17T13:12:55Z</time>
    <extensions>
     <ns2:TrackPointExtension>
      <ns2:atemp>13</ns2:atemp>
      <ns2:hr>142</ns2:hr>
      <ns2:cad>61</ns2:cad>
     </ns2:TrackPointExtension>
    </extensions>
   </trkpt>
   <trkpt lat="39.9746130" lon="-105.2677630">
    <ele>1739.0</ele>
    <time>2024-04-17T13:12:56Z</time>
    <extensions>
     <ns2:TrackPointExtension>
      <ns2:atemp>13</ns2:atemp>
      <ns2:hr>141</ns2:hr>
      <ns2:cad>0</ns2:cad>
     </ns2:TrackPointExtension>
    </extensions>
   </trkpt>
   <trkpt lat="39.9745940" lon="-105.2676920">
    <ele>1738.6</ele>
    <time>2024-04-17T13:13:01Z</time>
    <extensions>
     <ns2:TrackPointExtension>
      <ns2:atemp>13</ns2:atemp>
      <ns2:hr>138</ns2:hr>
      <ns2:cad>60</ns2:cad>
     </ns2:TrackPointExtension>
    </extensions>
   </trkpt>
   <trkpt lat="39.9745830" lon="-105.2676550">
    <ele>1738.4</ele>
    <time>2024-04-17T13:13:04Z</time>
    <extensions>
     <ns2:TrackPointExtension>
      <ns2:atemp>13</ns2:atemp>
      <ns2:hr>137</ns2:hr>
      <ns2:cad>60</ns2:cad>
     </ns2:TrackPointExtension>
    </extensions>
   </trkpt>
   <trkpt lat="39.9745730" lon="-105.2676190">
    <ele>1738.2</ele>
    <time>2024-04-17T13:13:07Z</time>
    <extensions>
     <ns2:TrackPointExtension>
      <ns2:atemp>13</ns2:atemp>
      <ns2:hr>134</ns2:hr>
      <ns2:cad>56</ns2:cad>
     </ns2:TrackPointExtension>
    </extensions>
   </trkpt>
   <trkpt lat="39.9745630" lon="-105.2675780">
    <ele>1738.2</ele>
    <time>2024-04-17T13:13:10Z</time>
    <extensions>
     <ns2:TrackPointExtension>
      <ns2:atemp>13</ns2:atemp>
      <ns2:hr>133</ns2:hr>
      <ns2:cad>57</ns2:cad>
     </ns2:TrackPointExtension>
    </extensions>
   </trkpt>
   <trkpt lat="39.9745420" lon="-105.2675390">
    <ele>1738.0</ele>
    <time>2024-04-17T13:13:13Z</time>
    <extensions>
     <ns2:TrackPointExtension>
      <ns2:atemp>13</ns2:atemp>
      <ns2:hr>131</ns2:hr>
      <ns2:cad>60</ns2:cad>
     </ns2:TrackPointExtension>
    </extensions>
   </trkpt>
   <trkpt lat="39.9745300" lon="-105.2675320">
    <ele>1738.0</ele>
    <time>2024-04-17T13:13:14Z</time>
    <extensions>
     <ns2:TrackPointExtension>
      <ns2:atemp>13</ns2:atemp>
      <ns2:hr>134</ns2:hr>
      <ns2:cad>60</ns2:cad>
     </ns2:TrackPointExtension>
    </extensions>
   </trkpt>
   <trkpt lat="39.9745160" lon="-105.2675230">
    <ele>1738.0</ele>
    <time>2024-04-17T13:13:15Z</time>
    <extensions>
     <ns2:TrackPointExtension>
      <ns2:atemp>13</ns2:atemp>
      <ns2:hr>131</ns2:hr>
      <ns2:cad>62</ns2:cad>
     </ns2:TrackPointExtension>
    </extensions>
   </trkpt>
   <trkpt lat="39.9744690" lon="-105.2674710">
    <ele>1738.4</ele>
    <time>2024-04-17T13:13:20Z</time>
    <extensions>
     <ns2:TrackPointExtension>
      <ns2:atemp>13</ns2:atemp>
      <ns2:hr>128</ns2:hr>
      <ns2:cad>59</ns2:cad>
     </ns2:TrackPointExtension>
    </extensions>
   </trkpt>
   <trkpt lat="39.9744570" lon="-105.2674620">
    <ele>1738.4</ele>
    <time>2024-04-17T13:13:21Z</time>
    <extensions>
     <ns2:TrackPointExtension>
      <ns2:atemp>13</ns2:atemp>
      <ns2:hr>129</ns2:hr>
      <ns2:cad>59</ns2:cad>
     </ns2:TrackPointExtension>
    </extensions>
   </trkpt>
   <trkpt lat="39.9744140" lon="-105.2674010">
    <ele>1738.6</ele>
    <time>2024-04-17T13:13:26Z</time>
    <extensions>
     <ns2:TrackPointExtension>
      <ns2:atemp>13</ns2:atemp>
      <ns2:hr>126</ns2:hr>
      <ns2:cad>59</ns2:cad>
     </ns2:TrackPointExtension>
    </extensions>
   </trkpt>
   <trkpt lat="39.9743990" lon="-105.2673410">
    <ele>1739.0</ele>
    <time>2024-04-17T13:13:31Z</time>
    <extensions>
     <ns2:TrackPointExtension>
      <ns2:atemp>13</ns2:atemp>
      <ns2:hr>126</ns2:hr>
      <ns2:cad>56</ns2:cad>
     </ns2:TrackPointExtension>
    </extensions>
   </trkpt>
   <trkpt lat="39.9743960" lon="-105.2673230">
    <ele>1739.0</ele>
    <time>2024-04-17T13:13:33Z</time>
    <extensions>
     <ns2:TrackPointExtension>
      <ns2:atemp>13</ns2:atemp>
      <ns2:hr>126</ns2:hr>
      <ns2:cad>56</ns2:cad>
     </ns2:TrackPointExtension>
    </extensions>
   </trkpt>
   <trkpt lat="39.9744150" lon="-105.2672970">
    <ele>1739.0</ele>
    <time>2024-04-17T13:13:37Z</time>
    <extensions>
     <ns2:TrackPointExtension>
      <ns2:atemp>13</ns2:atemp>
      <ns2:hr>122</ns2:hr>
      <ns2:cad>54</ns2:cad>
     </ns2:TrackPointExtension>
    </extensions>
   </trkpt>
   <trkpt lat="39.9744510" lon="-105.2672220">
    <ele>1738.4</ele>
    <time>2024-04-17T13:13:44Z</time>
    <extensions>
     <ns2:TrackPointExtension>
      <ns2:atemp>13</ns2:atemp>
      <ns2:hr>119</ns2:hr>
      <ns2:cad>60</ns2:cad>
     </ns2:TrackPointExtension>
    </extensions>
   </trkpt>
   <trkpt lat="39.9744730" lon="-105.2671910">
    <ele>1738.2</ele>
    <time>2024-04-17T13:13:47Z</time>
    <extensions>
     <ns2:TrackPointExtension>
      <ns2:atemp>13</ns2:atemp>
      <ns2:hr>117</ns2:hr>
      <ns2:cad>60</ns2:cad>
     </ns2:TrackPointExtension>
    </extensions>
   </trkpt>
   <trkpt lat="39.9744800" lon="-105.2671800">
    <ele>1738.2</ele>
    <time>2024-04-17T13:13:48Z</time>
    <extensions>
     <ns2:TrackPointExtension>
      <ns2:atemp>14</ns2:atemp>
      <ns2:hr>121</ns2:hr>
      <ns2:cad>60</ns2:cad>
     </ns2:TrackPointExtension>
    </extensions>
   </trkpt>
   <trkpt lat="39.9745240" lon="-105.2670570">
    <ele>1737.2</ele>
    <time>2024-04-17T13:13:56Z</time>
    <extensions>
     <ns2:TrackPointExtension>
      <ns2:atemp>13</ns2:atemp>
      <ns2:hr>119</ns2:hr>
      <ns2:cad>61</ns2:cad>
     </ns2:TrackPointExtension>
    </extensions>
   </trkpt>
   <trkpt lat="39.9745290" lon="-105.2670410">
    <ele>1737.2</ele>
    <time>2024-04-17T13:13:57Z</time>
    <extensions>
     <ns2:TrackPointExtension>
      <ns2:atemp>13</ns2:atemp>
      <ns2:hr>114</ns2:hr>
      <ns2:cad>61</ns2:cad>
     </ns2:TrackPointExtension>
    </extensions>
   </trkpt>
   <trkpt lat="39.9745340" lon="-105.2670260">
    <ele>1737.2</ele>
    <time>2024-04-17T13:13:58Z</time>
    <extensions>
     <ns2:TrackPointExtension>
      <ns2:atemp>14</ns2:atemp>
      <ns2:hr>114</ns2:hr>
      <ns2:cad>61</ns2:cad>
     </ns2:TrackPointExtension>
    </extensions>
   </trkpt>
   <trkpt lat="39.9745390" lon="-105.2670120">
    <ele>1737.0</ele>
    <time>2024-04-17T13:13:59Z</time>
    <extensions>
     <ns2:TrackPointExtension>
      <ns2:atemp>13</ns2:atemp>
      <ns2:hr>114</ns2:hr>
      <ns2:cad>61</ns2:cad>
     </ns2:TrackPointExtension>
    </extensions>
   </trkpt>
   <trkpt lat="39.9745460" lon="-105.2669990">
    <ele>1736.8</ele>
    <time>2024-04-17T13:14:00Z</time>
    <extensions>
     <ns2:TrackPointExtension>
      <ns2:atemp>13</ns2:atemp>
      <ns2:hr>114</ns2:hr>
      <ns2:cad>60</ns2:cad>
     </ns2:TrackPointExtension>
    </extensions>
   </trkpt>
  </trkseg>
 </trk>
</gpx>