<?xml version="1.0" encoding="utf-8"?>
<gpx version="1.1" creator="Movescount - http://www.movescount.com" xmlns:xsi="http://www.w3.org/2001/XMLSchema-instance" xsi:schemaLocation="http://www.topografix.com/GPX/1/1 http://www.topografix.com/GPX/1/1/gpx.xsd http://www.cluetrust.com/XML/GPXDATA/1/0 http://www.cluetrust.com/Schemas/gpxdata10.xsd http://www.garmin.com/xmlschemas/TrackPointExtension/v1 http://www.garmin.com/xmlschemas/TrackPointExtensionv1.xsd" xmlns:gpxdata="http://www.cluetrust.com/XML/GPXDATA/1/0" xmlns:gpxtpx="http://www.garmin.com/xmlschemas/TrackPointExtension/v1" xmlns="http://www.topografix.com/GPX/1/1">
   <rte>
      <name>Annapurna</name>
      <rtept lat="28.239278" lon="84.369681">
         <ele>770</ele>
      </rtept>
      <rtept lat="28.239215" lon="84.370688">
         <ele>760</ele>
      </rtept>
      <rtept lat="28.239161" lon="84.371769">
         <ele>750</ele>
      </rtept>
      <rtept lat="28.239194" lon="84.373285">
         <ele>750</ele>
      </rtept>
      <rtept lat="28.239616" lon="84.373766">
         <ele>750</ele>
      </rtept>
      <rtept lat="28.240233" lon="84.374084">
         <ele>770</ele>
      </rtept>
      <rtept lat="28.240295" lon="84.3749">
         <ele>740</ele>
      </rtept>
      <rtept lat="28.240676" lon="84.375138">
         <ele>750</ele>
      </rtept>
      <rtept lat="28.241007" lon="84.374293">
         <ele>780</ele>
      </rtept>
      <rtept lat="28.241283" lon="84.373366">
         <ele>810</ele>
      </rtept>
      <rtept lat="28.241932" lon="84.372656">
         <ele>820</ele>
      </rtept>
      <rtept lat="28.242791" lon="84.37254">
         <ele>800</ele>
      </rtept>
      <rtept lat="28.244342" lon="84.371935">
         <ele>800</ele>
      </rtept>
      <rtept lat="28.245682" lon="84.372941">
         <ele>730</ele>
      </rtept>
      <rtept lat="28.246191" lon="84.372566">
         <ele>750</ele>
      </rtept>
      <rtept lat="28.24892" lon="84.37086">
         <ele>790</ele>
      </rtept>
      <rtept lat="28.250644" lon="84.370437">
         <ele>760</ele>
      </rtept>
      <rtept lat="28.251068" lon="84.370393">
         <ele>750</ele>
      </rtept>
      <rtept lat="28.25182" lon="84.369638">
         <ele>760</ele>
      </rtept>
      <rtept lat="28.252368" lon="84.36883">
         <ele>780</ele>
      </rtept>
      <rtept lat="28.252754" lon="84.368689">
         <ele>800</ele>
      </rtept>
      <rtept lat="28.254096" lon="84.367646">
         <ele>800</ele>
      </rtept>
      <rtept lat="28.254594" lon="84.36727">
         <ele>810</ele>
      </rtept>
      <rtept lat="28.254751" lon="84.366999">
         <ele>820</ele>
      </rtept>
      <rtept lat="28.258899" lon="84.36437">
         <ele>790</ele>
      </rtept>
      <rtept lat="28.259896" lon="84.364846">
         <ele>750</ele>
      </rtept>
      <rtept lat="28.260456" lon="84.365299">
         <ele>750</ele>
      </rtept>
      <rtept lat="28.260806" lon="84.365733">
         <ele>740</ele>
      </rtept>
      <rtept lat="28.261268" lon="84.365653">
         <ele>750</ele>
      </rtept>
      <rtept lat="28.261359" lon="84.365213">
         <ele>750</ele>
      </rtept>
      <rtept lat="28.263692" lon="84.364333">
         <ele>760</ele>
      </rtept>
      <rtept lat="28.265976" lon="84.363027">
         <ele>760</ele>
      </rtept>
      <rtept lat="28.266431" lon="84.362337">
         <ele>780</ele>
      </rtept>
      <rtept lat="28.267195" lon="84.361535">
         <ele>790</ele>
      </rtept>
      <rtept lat="28.267886" lon="84.361075">
         <ele>790</ele>
      </rtept>
      <rtept lat="28.268144" lon="84.360929">
         <ele>790</ele>
      </rtept>
      <rtept lat="28.268305" lon="84.361221">
         <ele>780</ele>
      </rtept>
      <rtept lat="28.268424" lon="84.361499">
         <ele>770</ele>
      </rtept>
      <rtept lat="28.268556" lon="84.362014">
         <ele>750</ele>
      </rtept>
      <rtept lat="28.269353" lon="84.362223">
         <ele>760</ele>
      </rtept>
      <rtept lat="28.269444" lon="84.361902">
         <ele>760</ele>
      </rtept>
      <rtept lat="28.269485" lon="84.361599">
         <ele>760</ele>
      </rtept>
      <rtept lat="28.269562" lon="84.361053">
         <ele>760</ele>
      </rtept>
      <rtept lat="28.269623" lon="84.360613">
         <ele>780</ele>
      </rtept>
      <rtept lat="28.269743" lon="84.360218">
         <ele>800</ele>
      </rtept>
      <rtept lat="28.269976" lon="84.359814">
         <ele>820</ele>
      </rtept>
      <rtept lat="28.270094" lon="84.358908">
         <ele>840</ele>
      </rtept>
      <rtept lat="28.273428" lon="84.356009">
         <ele>940</ele>
      </rtept>
      <rtept lat="28.274183" lon="84.356216">
         <ele>940</ele>
      </rtept>
      <rtept lat="28.276288" lon="84.357485">
         <ele>900</ele>
      </rtept>
      <rtept lat="28.276675" lon="84.358095">
         <ele>880</ele>
      </rtept>
      <rtept lat="28.277146" lon="84.359289">
         <ele>810</ele>
      </rtept>
      <rtept lat="28.278119" lon="84.360707">
         <ele>770</ele>
      </rtept>
      <rtept lat="28.282645" lon="84.360777">
         <ele>830</ele>
      </rtept>
      <rtept lat="28.28335" lon="84.360915">
         <ele>800</ele>
      </rtept>
      <rtept lat="28.285836" lon="84.361207">
         <ele>790</ele>
      </rtept>
      <rtept lat="28.286157" lon="84.361571">
         <ele>790</ele>
      </rtept>
      <rtept lat="28.286977" lon="84.36249">
         <ele>810</ele>
      </rtept>
      <rtept lat="28.287773" lon="84.362708">
         <ele>820</ele>
      </rtept>
      <rtept lat="28.288099" lon="84.362818">
         <ele>820</ele>
      </rtept>
      <rtept lat="28.288736" lon="84.364189">
         <ele>800</ele>
      </rtept>
      <rtept lat="28.289" lon="84.364307">
         <ele>800</ele>
      </rtept>
      <rtept lat="28.289702" lon="84.36579">
         <ele>800</ele>
      </rtept>
      <rtept lat="28.291227" lon="84.368349">
         <ele>810</ele>
      </rtept>
      <rtept lat="28.291567" lon="84.368988">
         <ele>820</ele>
      </rtept>
      <rtept lat="28.29167" lon="84.369984">
         <ele>820</ele>
      </rtept>
      <rtept lat="28.291566" lon="84.370626">
         <ele>820</ele>
      </rtept>
      <rtept lat="28.291266" lon="84.370851">
         <ele>810</ele>
      </rtept>
      <rtept lat="28.290684" lon="84.370929">
         <ele>810</ele>
      </rtept>
      <rtept lat="28.290634" lon="84.371461">
         <ele>820</ele>
      </rtept>
      <rtept lat="28.290565" lon="84.372249">
         <ele>820</ele>
      </rtept>
      <rtept lat="28.290655" lon="84.373616">
         <ele>820</ele>
      </rtept>
      <rtept lat="28.290923" lon="84.375105">
         <ele>830</ele>
      </rtept>
      <rtept lat="28.291387" lon="84.375939">
         <ele>830</ele>
      </rtept>
      <rtept lat="28.291592" lon="84.376342">
         <ele>830</ele>
      </rtept>
      <rtept lat="28.291882" lon="84.376676">
         <ele>830</ele>
      </rtept>
      <rtept lat="28.291989" lon="84.377773">
         <ele>850</ele>
      </rtept>
      <rtept lat="28.293105" lon="84.379529">
         <ele>870</ele>
      </rtept>
      <rtept lat="28.293729" lon="84.379958">
         <ele>840</ele>
      </rtept>
      <rtept lat="28.294471" lon="84.380368">
         <ele>840</ele>
      </rtept>
      <rtept lat="28.29513" lon="84.380901">
         <ele>850</ele>
      </rtept>
      <rtept lat="28.295842" lon="84.381526">
         <ele>850</ele>
      </rtept>
      <rtept lat="28.29659" lon="84.382322">
         <ele>860</ele>
      </rtept>
      <rtept lat="28.297084" lon="84.383556">
         <ele>860</ele>
      </rtept>
      <rtept lat="28.29737" lon="84.384619">
         <ele>850</ele>
      </rtept>
      <rtept lat="28.297853" lon="84.385452">
         <ele>840</ele>
      </rtept>
      <rtept lat="28.298374" lon="84.386332">
         <ele>860</ele>
      </rtept>
      <rtept lat="28.299097" lon="84.386805">
         <ele>860</ele>
      </rtept>
      <rtept lat="28.299493" lon="84.387318">
         <ele>870</ele>
      </rtept>
      <rtept lat="28.299885" lon="84.387198">
         <ele>860</ele>
      </rtept>
      <rtept lat="28.30245" lon="84.389187">
         <ele>860</ele>
      </rtept>
      <rtept lat="28.302838" lon="84.390106">
         <ele>860</ele>
      </rtept>
      <rtept lat="28.302987" lon="84.391076">
         <ele>870</ele>
      </rtept>
      <rtept lat="28.303305" lon="84.391946">
         <ele>870</ele>
      </rtept>
      <rtept lat="28.303757" lon="84.39295">
         <ele>870</ele>
      </rtept>
      <rtept lat="28.304128" lon="84.393976">
         <ele>880</ele>
      </rtept>
      <rtept lat="28.304531" lon="84.394949">
         <ele>890</ele>
      </rtept>
      <rtept lat="28.305196" lon="84.395665">
         <ele>890</ele>
      </rtept>
      <rtept lat="28.305749" lon="84.396426">
         <ele>890</ele>
      </rtept>
      <rtept lat="28.306433" lon="84.397021">
         <ele>890</ele>
      </rtept>
      <rtept lat="28.306987" lon="84.397797">
         <ele>900</ele>
      </rtept>
      <rtept lat="28.307852" lon="84.399029">
         <ele>910</ele>
      </rtept>
      <rtept lat="28.308424" lon="84.399591">
         <ele>910</ele>
      </rtept>
      <rtept lat="28.309075" lon="84.400083">
         <ele>910</ele>
      </rtept>
      <rtept lat="28.309524" lon="84.400486">
         <ele>910</ele>
      </rtept>
      <rtept lat="28.310093" lon="84.400867">
         <ele>920</ele>
      </rtept>
      <rtept lat="28.311651" lon="84.401032">
         <ele>910</ele>
      </rtept>
      <rtept lat="28.312015" lon="84.40107">
         <ele>910</ele>
      </rtept>
      <rtept lat="28.312817" lon="84.40153">
         <ele>910</ele>
      </rtept>
      <rtept lat="28.313437" lon="84.401713">
         <ele>910</ele>
      </rtept>
      <rtept lat="28.313826" lon="84.401655">
         <ele>910</ele>
      </rtept>
      <rtept lat="28.314357" lon="84.402003">
         <ele>920</ele>
      </rtept>
      <rtept lat="28.315114" lon="84.402362">
         <ele>930</ele>
      </rtept>
      <rtept lat="28.316167" lon="84.40258">
         <ele>960</ele>
      </rtept>
      <rtept lat="28.316496" lon="84.402672">
         <ele>960</ele>
      </rtept>
      <rtept lat="28.31691" lon="84.402625">
         <ele>950</ele>
      </rtept>
      <rtept lat="28.317325" lon="84.402408">
         <ele>940</ele>
      </rtept>
      <rtept lat="28.320612" lon="84.401506">
         <ele>920</ele>
      </rtept>
      <rtept lat="28.321531" lon="84.401706">
         <ele>950</ele>
      </rtept>
      <rtept lat="28.322386" lon="84.401506">
         <ele>930</ele>
      </rtept>
      <rtept lat="28.323297" lon="84.401611">
         <ele>950</ele>
      </rtept>
      <rtept lat="28.32408" lon="84.401684">
         <ele>950</ele>
      </rtept>
      <rtept lat="28.324688" lon="84.401186">
         <ele>950</ele>
      </rtept>
      <rtept lat="28.32514" lon="84.401252">
         <ele>960</ele>
      </rtept>
      <rtept lat="28.325654" lon="84.401158">
         <ele>970</ele>
      </rtept>
      <rtept lat="28.326192" lon="84.40131">
         <ele>1000</ele>
      </rtept>
      <rtept lat="28.326635" lon="84.401741">
         <ele>1050</ele>
      </rtept>
      <rtept lat="28.328121" lon="84.402112">
         <ele>1130</ele>
      </rtept>
      <rtept lat="28.330622" lon="84.401982">
         <ele>1020</ele>
      </rtept>
      <rtept lat="28.330826" lon="84.402272">
         <ele>1040</ele>
      </rtept>
      <rtept lat="28.331091" lon="84.402702">
         <ele>1070</ele>
      </rtept>
      <rtept lat="28.331401" lon="84.402843">
         <ele>1070</ele>
      </rtept>
      <rtept lat="28.33242" lon="84.403255">
         <ele>1050</ele>
      </rtept>
      <rtept lat="28.332855" lon="84.403557">
         <ele>1060</ele>
      </rtept>
      <rtept lat="28.333263" lon="84.403917">
         <ele>1060</ele>
      </rtept>
      <rtept lat="28.333794" lon="84.403615">
         <ele>1060</ele>
      </rtept>
      <rtept lat="28.334312" lon="84.404152">
         <ele>1070</ele>
      </rtept>
      <rtept lat="28.334565" lon="84.404713">
         <ele>1090</ele>
      </rtept>
      <rtept lat="28.334612" lon="84.405184">
         <ele>1100</ele>
      </rtept>
      <rtept lat="28.334774" lon="84.405698">
         <ele>1110</ele>
      </rtept>
      <rtept lat="28.335119" lon="84.406448">
         <ele>1140</ele>
      </rtept>
      <rtept lat="28.335455" lon="84.407113">
         <ele>1150</ele>
      </rtept>
      <rtept lat="28.336455" lon="84.407618">
         <ele>1130</ele>
      </rtept>
      <rtept lat="28.336728" lon="84.407756">
         <ele>1130</ele>
      </rtept>
      <rtept lat="28.337028" lon="84.408168">
         <ele>1140</ele>
      </rtept>
      <rtept lat="28.337264" lon="84.407904">
         <ele>1140</ele>
      </rtept>
      <rtept lat="28.337367" lon="84.407495">
         <ele>1150</ele>
      </rtept>
      <rtept lat="28.338035" lon="84.407433">
         <ele>1170</ele>
      </rtept>
      <rtept lat="28.338386" lon="84.407074">
         <ele>1160</ele>
      </rtept>
      <rtept lat="28.338778" lon="84.406798">
         <ele>1160</ele>
      </rtept>
      <rtept lat="28.338995" lon="84.406566">
         <ele>1170</ele>
      </rtept>
      <rtept lat="28.339338" lon="84.406856">
         <ele>1180</ele>
      </rtept>
      <rtept lat="28.339935" lon="84.406814">
         <ele>1190</ele>
      </rtept>
      <rtept lat="28.340437" lon="84.406342">
         <ele>1190</ele>
      </rtept>
      <rtept lat="28.340766" lon="84.40608">
         <ele>1190</ele>
      </rtept>
      <rtept lat="28.340702" lon="84.406475">
         <ele>1200</ele>
      </rtept>
      <rtept lat="28.341048" lon="84.406196">
         <ele>1200</ele>
      </rtept>
      <rtept lat="28.341366" lon="84.406082">
         <ele>1210</ele>
      </rtept>
      <rtept lat="28.34166" lon="84.406186">
         <ele>1220</ele>
      </rtept>
      <rtept lat="28.342284" lon="84.406346">
         <ele>1250</ele>
      </rtept>
      <rtept lat="28.342618" lon="84.406546">
         <ele>1270</ele>
      </rtept>
      <rtept lat="28.343373" lon="84.406375">
         <ele>1270</ele>
      </rtept>
      <rtept lat="28.343677" lon="84.406368">
         <ele>1260</ele>
      </rtept>
      <rtept lat="28.344137" lon="84.40624">
         <ele>1250</ele>
      </rtept>
      <rtept lat="28.344398" lon="84.406352">
         <ele>1240</ele>
      </rtept>
      <rtept lat="28.344899" lon="84.406175">
         <ele>1210</ele>
      </rtept>
      <rtept lat="28.345397" lon="84.406069">
         <ele>1180</ele>
      </rtept>
      <rtept lat="28.345682" lon="84.405986">
         <ele>1170</ele>
      </rtept>
      <rtept lat="28.345937" lon="84.406346">
         <ele>1170</ele>
      </rtept>
      <rtept lat="28.346604" lon="84.40662">
         <ele>1140</ele>
      </rtept>
      <rtept lat="28.347214" lon="84.406751">
         <ele>1120</ele>
      </rtept>
      <rtept lat="28.347958" lon="84.406864">
         <ele>1120</ele>
      </rtept>
      <rtept lat="28.348897" lon="84.406888">
         <ele>1110</ele>
      </rtept>
      <rtept lat="28.349886" lon="84.406825">
         <ele>1110</ele>
      </rtept>
      <rtept lat="28.350438" lon="84.407548">
         <ele>1130</ele>
      </rtept>
      <rtept lat="28.351047" lon="84.40787">
         <ele>1130</ele>
      </rtept>
      <rtept lat="28.3516" lon="84.4077">
         <ele>1100</ele>
      </rtept>
      <rtept lat="28.35234" lon="84.40719">
         <ele>1070</ele>
      </rtept>
      <rtept lat="28.35326" lon="84.406741">
         <ele>1070</ele>
      </rtept>
      <rtept lat="28.353766" lon="84.406222">
         <ele>1060</ele>
      </rtept>
      <rtept lat="28.354303" lon="84.405739">
         <ele>1060</ele>
      </rtept>
      <rtept lat="28.355037" lon="84.405398">
         <ele>1070</ele>
      </rtept>
      <rtept lat="28.355419" lon="84.405092">
         <ele>1060</ele>
      </rtept>
      <rtept lat="28.356258" lon="84.404959">
         <ele>1080</ele>
      </rtept>
      <rtept lat="28.357264" lon="84.404913">
         <ele>1080</ele>
      </rtept>
      <rtept lat="28.359186" lon="84.40543">
         <ele>1080</ele>
      </rtept>
      <rtept lat="28.359564" lon="84.405658">
         <ele>1080</ele>
      </rtept>
      <rtept lat="28.36083" lon="84.406149">
         <ele>1090</ele>
      </rtept>
      <rtept lat="28.361709" lon="84.406248">
         <ele>1080</ele>
      </rtept>
      <rtept lat="28.363256" lon="84.406737">
         <ele>1100</ele>
      </rtept>
      <rtept lat="28.36366" lon="84.40659">
         <ele>1110</ele>
      </rtept>
      <rtept lat="28.364129" lon="84.406182">
         <ele>1110</ele>
      </rtept>
      <rtept lat="28.365967" lon="84.405719">
         <ele>1150</ele>
      </rtept>
      <rtept lat="28.366889" lon="84.405612">
         <ele>1140</ele>
      </rtept>
      <rtept lat="28.367601" lon="84.405261">
         <ele>1130</ele>
      </rtept>
      <rtept lat="28.368456" lon="84.405242">
         <ele>1110</ele>
      </rtept>
      <rtept lat="28.368844" lon="84.405533">
         <ele>1120</ele>
      </rtept>
      <rtept lat="28.369613" lon="84.405902">
         <ele>1130</ele>
      </rtept>
      <rtept lat="28.370373" lon="84.405865">
         <ele>1120</ele>
      </rtept>
      <rtept lat="28.370851" lon="84.405903">
         <ele>1130</ele>
      </rtept>
      <rtept lat="28.371398" lon="84.405458">
         <ele>1130</ele>
      </rtept>
      <rtept lat="28.371862" lon="84.405076">
         <ele>1130</ele>
      </rtept>
      <rtept lat="28.372271" lon="84.404999">
         <ele>1140</ele>
      </rtept>
      <rtept lat="28.373081" lon="84.40479">
         <ele>1140</ele>
      </rtept>
      <rtept lat="28.373768" lon="84.404868">
         <ele>1150</ele>
      </rtept>
      <rtept lat="28.374398" lon="84.404998">
         <ele>1150</ele>
      </rtept>
      <rtept lat="28.375118" lon="84.404706">
         <ele>1150</ele>
      </rtept>
      <rtept lat="28.375805" lon="84.404562">
         <ele>1160</ele>
      </rtept>
      <rtept lat="28.376381" lon="84.404327">
         <ele>1160</ele>
      </rtept>
      <rtept lat="28.37724" lon="84.404033">
         <ele>1160</ele>
      </rtept>
      <rtept lat="28.377912" lon="84.403851">
         <ele>1150</ele>
      </rtept>
      <rtept lat="28.378486" lon="84.403726">
         <ele>1140</ele>
      </rtept>
      <rtept lat="28.379108" lon="84.403283">
         <ele>1140</ele>
      </rtept>
      <rtept lat="28.379759" lon="84.40332">
         <ele>1150</ele>
      </rtept>
      <rtept lat="28.381022" lon="84.403084">
         <ele>1150</ele>
      </rtept>
      <rtept lat="28.381808" lon="84.40294">
         <ele>1150</ele>
      </rtept>
      <rtept lat="28.38251" lon="84.402973">
         <ele>1140</ele>
      </rtept>
      <rtept lat="28.383502" lon="84.403164">
         <ele>1150</ele>
      </rtept>
      <rtept lat="28.384182" lon="84.403312">
         <ele>1140</ele>
      </rtept>
      <rtept lat="28.384606" lon="84.403329">
         <ele>1140</ele>
      </rtept>
      <rtept lat="28.384887" lon="84.40335">
         <ele>1140</ele>
      </rtept>
      <rtept lat="28.385362" lon="84.40299">
         <ele>1120</ele>
      </rtept>
      <rtept lat="28.385766" lon="84.40318">
         <ele>1110</ele>
      </rtept>
      <rtept lat="28.386326" lon="84.403351">
         <ele>1100</ele>
      </rtept>
      <rtept lat="28.387226" lon="84.403087">
         <ele>1100</ele>
      </rtept>
      <rtept lat="28.38658" lon="84.402921">
         <ele>1090</ele>
      </rtept>
      <rtept lat="28.387058" lon="84.402672">
         <ele>1090</ele>
      </rtept>
      <rtept lat="28.387305" lon="84.402437">
         <ele>1090</ele>
      </rtept>
      <rtept lat="28.387855" lon="84.402215">
         <ele>1110</ele>
      </rtept>
      <rtept lat="28.388382" lon="84.402122">
         <ele>1130</ele>
      </rtept>
      <rtept lat="28.388858" lon="84.402243">
         <ele>1130</ele>
      </rtept>
      <rtept lat="28.389507" lon="84.402458">
         <ele>1120</ele>
      </rtept>
      <rtept lat="28.389965" lon="84.402641">
         <ele>1120</ele>
      </rtept>
      <rtept lat="28.390643" lon="84.402896">
         <ele>1130</ele>
      </rtept>
      <rtept lat="28.391133" lon="84.403178">
         <ele>1150</ele>
      </rtept>
      <rtept lat="28.391509" lon="84.403642">
         <ele>1140</ele>
      </rtept>
      <rtept lat="28.39218" lon="84.40397">
         <ele>1170</ele>
      </rtept>
      <rtept lat="28.392999" lon="84.404389">
         <ele>1180</ele>
      </rtept>
      <rtept lat="28.393628" lon="84.404642">
         <ele>1190</ele>
      </rtept>
      <rtept lat="28.394428" lon="84.404868">
         <ele>1190</ele>
      </rtept>
      <rtept lat="28.394906" lon="84.40513">
         <ele>1170</ele>
      </rtept>
      <rtept lat="28.395639" lon="84.405639">
         <ele>1170</ele>
      </rtept>
      <rtept lat="28.396239" lon="84.405534">
         <ele>1180</ele>
      </rtept>
      <rtept lat="28.396855" lon="84.405617">
         <ele>1200</ele>
      </rtept>
      <rtept lat="28.397435" lon="84.406065">
         <ele>1190</ele>
      </rtept>
      <rtept lat="28.398148" lon="84.406304">
         <ele>1210</ele>
      </rtept>
      <rtept lat="28.398917" lon="84.406521">
         <ele>1210</ele>
      </rtept>
      <rtept lat="28.399663" lon="84.406794">
         <ele>1210</ele>
      </rtept>
      <rtept lat="28.400367" lon="84.407318">
         <ele>1170</ele>
      </rtept>
      <rtept lat="28.400934" lon="84.407482">
         <ele>1170</ele>
      </rtept>
      <rtept lat="28.401704" lon="84.407742">
         <ele>1180</ele>
      </rtept>
      <rtept lat="28.402365" lon="84.407964">
         <ele>1190</ele>
      </rtept>
      <rtept lat="28.402078" lon="84.407638">
         <ele>1200</ele>
      </rtept>
      <rtept lat="28.40278" lon="84.407645">
         <ele>1230</ele>
      </rtept>
      <rtept lat="28.402223" lon="84.407362">
         <ele>1230</ele>
      </rtept>
      <rtept lat="28.401683" lon="84.407088">
         <ele>1240</ele>
      </rtept>
      <rtept lat="28.402211" lon="84.407139">
         <ele>1260</ele>
      </rtept>
      <rtept lat="28.403007" lon="84.407379">
         <ele>1250</ele>
      </rtept>
      <rtept lat="28.403369" lon="84.407429">
         <ele>1250</ele>
      </rtept>
      <rtept lat="28.404039" lon="84.407673">
         <ele>1280</ele>
      </rtept>
      <rtept lat="28.404819" lon="84.407982">
         <ele>1310</ele>
      </rtept>
      <rtept lat="28.405426" lon="84.408042">
         <ele>1310</ele>
      </rtept>
      <rtept lat="28.40603" lon="84.407913">
         <ele>1310</ele>
      </rtept>
      <rtept lat="28.40663" lon="84.407542">
         <ele>1300</ele>
      </rtept>
      <rtept lat="28.40714" lon="84.406753">
         <ele>1320</ele>
      </rtept>
      <rtept lat="28.40774" lon="84.406648">
         <ele>1300</ele>
      </rtept>
      <rtept lat="28.408353" lon="84.406691">
         <ele>1280</ele>
      </rtept>
      <rtept lat="28.408909" lon="84.406777">
         <ele>1270</ele>
      </rtept>
      <rtept lat="28.409089" lon="84.406538">
         <ele>1310</ele>
      </rtept>
      <rtept lat="28.409414" lon="84.406121">
         <ele>1390</ele>
      </rtept>
      <rtept lat="28.409518" lon="84.405806">
         <ele>1420</ele>
      </rtept>
      <rtept lat="28.409808" lon="84.405841">
         <ele>1410</ele>
      </rtept>
      <rtept lat="28.410211" lon="84.406022">
         <ele>1380</ele>
      </rtept>
      <rtept lat="28.410543" lon="84.40618">
         <ele>1360</ele>
      </rtept>
      <rtept lat="28.41113" lon="84.406597">
         <ele>1300</ele>
      </rtept>
      <rtept lat="28.413115" lon="84.406659">
         <ele>1320</ele>
      </rtept>
      <rtept lat="28.413366" lon="84.406392">
         <ele>1330</ele>
      </rtept>
      <rtept lat="28.4132" lon="84.406703">
         <ele>1320</ele>
      </rtept>
      <rtept lat="28.413685" lon="84.406831">
         <ele>1300</ele>
      </rtept>
      <rtept lat="28.413394" lon="84.406946">
         <ele>1300</ele>
      </rtept>
      <rtept lat="28.41348" lon="84.406644">
         <ele>1310</ele>
      </rtept>
      <rtept lat="28.413691" lon="84.406272">
         <ele>1320</ele>
      </rtept>
      <rtept lat="28.413528" lon="84.406696">
         <ele>1310</ele>
      </rtept>
      <rtept lat="28.412628" lon="84.406584">
         <ele>1310</ele>
      </rtept>
      <rtept lat="28.412931" lon="84.406706">
         <ele>1320</ele>
      </rtept>
      <rtept lat="28.413364" lon="84.406481">
         <ele>1320</ele>
      </rtept>
      <rtept lat="28.413155" lon="84.406674">
         <ele>1320</ele>
      </rtept>
      <rtept lat="28.412834" lon="84.406844">
         <ele>1300</ele>
      </rtept>
      <rtept lat="28.413374" lon="84.40624">
         <ele>1330</ele>
      </rtept>
      <rtept lat="28.412824" lon="84.406382">
         <ele>1330</ele>
      </rtept>
      <rtept lat="28.413103" lon="84.406733">
         <ele>1320</ele>
      </rtept>
      <rtept lat="28.412806" lon="84.406606">
         <ele>1320</ele>
      </rtept>
      <rtept lat="28.413048" lon="84.406793">
         <ele>1310</ele>
      </rtept>
      <rtept lat="28.412718" lon="84.40638">
         <ele>1320</ele>
      </rtept>
      <rtept lat="28.41244" lon="84.406052">
         <ele>1330</ele>
      </rtept>
      <rtept lat="28.412566" lon="84.406442">
         <ele>1320</ele>
      </rtept>
      <rtept lat="28.4131" lon="84.406908">
         <ele>1310</ele>
      </rtept>
      <rtept lat="28.41308" lon="84.406394">
         <ele>1330</ele>
      </rtept>
      <rtept lat="28.413112" lon="84.407173">
         <ele>1290</ele>
      </rtept>
      <rtept lat="28.413078" lon="84.406062">
         <ele>1340</ele>
      </rtept>
      <rtept lat="28.413186" lon="84.406925">
         <ele>1310</ele>
      </rtept>
      <rtept lat="28.413194" lon="84.406491">
         <ele>1330</ele>
      </rtept>
      <rtept lat="28.413083" lon="84.405414">
         <ele>1370</ele>
      </rtept>
      <rtept lat="28.413096" lon="84.405928">
         <ele>1340</ele>
      </rtept>
      <rtept lat="28.413249" lon="84.406338">
         <ele>1330</ele>
      </rtept>
      <rtept lat="28.413297" lon="84.406659">
         <ele>1320</ele>
      </rtept>
      <rtept lat="28.412935" lon="84.406088">
         <ele>1340</ele>
      </rtept>
      <rtept lat="28.413016" lon="84.40643">
         <ele>1330</ele>
      </rtept>
      <rtept lat="28.413148" lon="84.406713">
         <ele>1320</ele>
      </rtept>
      <rtept lat="28.41281" lon="84.406011">
         <ele>1340</ele>
      </rtept>
      <rtept lat="28.413031" lon="84.40634">
         <ele>1330</ele>
      </rtept>
      <rtept lat="28.413219" lon="84.406668">
         <ele>1320</ele>
      </rtept>
      <rtept lat="28.413056" lon="84.406395">
         <ele>1330</ele>
      </rtept>
      <rtept lat="28.412861" lon="84.405995">
         <ele>1340</ele>
      </rtept>
      <rtept lat="28.41232" lon="84.405179">
         <ele>1400</ele>
      </rtept>
      <rtept lat="28.413049" lon="84.406107">
         <ele>1330</ele>
      </rtept>
      <rtept lat="28.412444" lon="84.405573">
         <ele>1370</ele>
      </rtept>
      <rtept lat="28.412714" lon="84.405605">
         <ele>1360</ele>
      </rtept>
      <rtept lat="28.412562" lon="84.405865">
         <ele>1340</ele>
      </rtept>
      <rtept lat="28.412616" lon="84.406214">
         <ele>1330</ele>
      </rtept>
      <rtept lat="28.412587" lon="84.405827">
         <ele>1350</ele>
      </rtept>
      <rtept lat="28.41309" lon="84.40651">
         <ele>1330</ele>
      </rtept>
      <rtept lat="28.41292" lon="84.406102">
         <ele>1330</ele>
      </rtept>
      <rtept lat="28.413079" lon="84.406358">
         <ele>1330</ele>
      </rtept>
      <rtept lat="28.412993" lon="84.406067">
         <ele>1340</ele>
      </rtept>
      <rtept lat="28.41302" lon="84.406453">
         <ele>1330</ele>
      </rtept>
      <rtept lat="28.412979" lon="84.406029">
         <ele>1340</ele>
      </rtept>
      <rtept lat="28.413261" lon="84.406654">
         <ele>1320</ele>
      </rtept>
      <rtept lat="28.413318" lon="84.407138">
         <ele>1290</ele>
      </rtept>
      <rtept lat="28.413163" lon="84.406468">
         <ele>1330</ele>
      </rtept>
      <rtept lat="28.413313" lon="84.406732">
         <ele>1320</ele>
      </rtept>
      <rtept lat="28.413418" lon="84.407038">
         <ele>1300</ele>
      </rtept>
      <rtept lat="28.413114" lon="84.406288">
         <ele>1330</ele>
      </rtept>
      <rtept lat="28.413182" lon="84.406608">
         <ele>1320</ele>
      </rtept>
      <rtept lat="28.413332" lon="84.406904">
         <ele>1310</ele>
      </rtept>
      <rtept lat="28.413693" lon="84.406867">
         <ele>1300</ele>
      </rtept>
      <rtept lat="28.41431" lon="84.406863">
         <ele>1290</ele>
      </rtept>
      <rtept lat="28.415079" lon="84.406709">
         <ele>1270</ele>
      </rtept>
      <rtept lat="28.415613" lon="84.406014">
         <ele>1270</ele>
      </rtept>
      <rtept lat="28.416343" lon="84.405678">
         <ele>1270</ele>
      </rtept>
      <rtept lat="28.416958" lon="84.404978">
         <ele>1280</ele>
      </rtept>
      <rtept lat="28.417951" lon="84.404259">
         <ele>1270</ele>
      </rtept>
      <rtept lat="28.41808" lon="84.403981">
         <ele>1280</ele>
      </rtept>
      <rtept lat="28.418796" lon="84.403712">
         <ele>1260</ele>
      </rtept>
      <rtept lat="28.419528" lon="84.403438">
         <ele>1290</ele>
      </rtept>
      <rtept lat="28.42048" lon="84.402988">
         <ele>1320</ele>
      </rtept>
      <rtept lat="28.42112" lon="84.402851">
         <ele>1380</ele>
      </rtept>
      <rtept lat="28.421937" lon="84.402339">
         <ele>1460</ele>
      </rtept>
      <rtept lat="28.422535" lon="84.401724">
         <ele>1500</ele>
      </rtept>
      <rtept lat="28.423005" lon="84.40102">
         <ele>1440</ele>
      </rtept>
      <rtept lat="28.423702" lon="84.400229">
         <ele>1360</ele>
      </rtept>
      <rtept lat="28.424332" lon="84.399564">
         <ele>1440</ele>
      </rtept>
      <rtept lat="28.424942" lon="84.398913">
         <ele>1520</ele>
      </rtept>
      <rtept lat="28.426078" lon="84.398275">
         <ele>1580</ele>
      </rtept>
      <rtept lat="28.42685" lon="84.397954">
         <ele>1550</ele>
      </rtept>
      <rtept lat="28.427229" lon="84.397544">
         <ele>1480</ele>
      </rtept>
      <rtept lat="28.427572" lon="84.397243">
         <ele>1400</ele>
      </rtept>
      <rtept lat="28.427797" lon="84.396846">
         <ele>1370</ele>
      </rtept>
      <rtept lat="28.428327" lon="84.396498">
         <ele>1320</ele>
      </rtept>
      <rtept lat="28.428891" lon="84.396107">
         <ele>1300</ele>
      </rtept>
      <rtept lat="28.429566" lon="84.395776">
         <ele>1300</ele>
      </rtept>
      <rtept lat="28.43028" lon="84.395516">
         <ele>1320</ele>
      </rtept>
      <rtept lat="28.430972" lon="84.395273">
         <ele>1330</ele>
      </rtept>
      <rtept lat="28.431422" lon="84.394778">
         <ele>1340</ele>
      </rtept>
      <rtept lat="28.432088" lon="84.394064">
         <ele>1350</ele>
      </rtept>
      <rtept lat="28.432569" lon="84.393558">
         <ele>1340</ele>
      </rtept>
      <rtept lat="28.43426" lon="84.39298">
         <ele>1490</ele>
      </rtept>
      <rtept lat="28.43463" lon="84.392424">
         <ele>1540</ele>
      </rtept>
      <rtept lat="28.434932" lon="84.391986">
         <ele>1560</ele>
      </rtept>
      <rtept lat="28.435449" lon="84.391322">
         <ele>1610</ele>
      </rtept>
      <rtept lat="28.435867" lon="84.390731">
         <ele>1630</ele>
      </rtept>
      <rtept lat="28.436379" lon="84.390095">
         <ele>1650</ele>
      </rtept>
      <rtept lat="28.436728" lon="84.389635">
         <ele>1640</ele>
      </rtept>
      <rtept lat="28.437048" lon="84.389192">
         <ele>1640</ele>
      </rtept>
      <rtept lat="28.437672" lon="84.389142">
         <ele>1640</ele>
      </rtept>
      <rtept lat="28.437863" lon="84.388672">
         <ele>1640</ele>
      </rtept>
      <rtept lat="28.438344" lon="84.387966">
         <ele>1640</ele>
      </rtept>
      <rtept lat="28.438564" lon="84.387567">
         <ele>1640</ele>
      </rtept>
      <rtept lat="28.438943" lon="84.387003">
         <ele>1650</ele>
      </rtept>
      <rtept lat="28.439173" lon="84.386543">
         <ele>1670</ele>
      </rtept>
      <rtept lat="28.439538" lon="84.385874">
         <ele>1710</ele>
      </rtept>
      <rtept lat="28.439969" lon="84.385144">
         <ele>1740</ele>
      </rtept>
      <rtept lat="28.440396" lon="84.384393">
         <ele>1760</ele>
      </rtept>
      <rtept lat="28.440768" lon="84.383845">
         <ele>1760</ele>
      </rtept>
      <rtept lat="28.441033" lon="84.38326">
         <ele>1760</ele>
      </rtept>
      <rtept lat="28.441344" lon="84.382683">
         <ele>1760</ele>
      </rtept>
      <rtept lat="28.441761" lon="84.382087">
         <ele>1750</ele>
      </rtept>
      <rtept lat="28.442184" lon="84.381275">
         <ele>1740</ele>
      </rtept>
      <rtept lat="28.442402" lon="84.380794">
         <ele>1710</ele>
      </rtept>
      <rtept lat="28.442794" lon="84.380114">
         <ele>1680</ele>
      </rtept>
      <rtept lat="28.443029" lon="84.379633">
         <ele>1660</ele>
      </rtept>
      <rtept lat="28.443293" lon="84.379038">
         <ele>1630</ele>
      </rtept>
      <rtept lat="28.443699" lon="84.378325">
         <ele>1680</ele>
      </rtept>
      <rtept lat="28.444054" lon="84.377667">
         <ele>1770</ele>
      </rtept>
      <rtept lat="28.444245" lon="84.377264">
         <ele>1810</ele>
      </rtept>
      <rtept lat="28.444595" lon="84.376754">
         <ele>1850</ele>
      </rtept>
      <rtept lat="28.444803" lon="84.376349">
         <ele>1880</ele>
      </rtept>
      <rtept lat="28.445228" lon="84.375746">
         <ele>1900</ele>
      </rtept>
      <rtept lat="28.445477" lon="84.375363">
         <ele>1920</ele>
      </rtept>
      <rtept lat="28.445902" lon="84.374742">
         <ele>1940</ele>
      </rtept>
      <rtept lat="28.446407" lon="84.374287">
         <ele>1950</ele>
      </rtept>
      <rtept lat="28.446857" lon="84.373884">
         <ele>1960</ele>
      </rtept>
      <rtept lat="28.447416" lon="84.373402">
         <ele>1970</ele>
      </rtept>
      <rtept lat="28.447805" lon="84.372903">
         <ele>1990</ele>
      </rtept>
      <rtept lat="28.448384" lon="84.372726">
         <ele>2000</ele>
      </rtept>
      <rtept lat="28.448979" lon="84.37255">
         <ele>2020</ele>
      </rtept>
      <rtept lat="28.449657" lon="84.372269">
         <ele>2040</ele>
      </rtept>
      <rtept lat="28.449962" lon="84.372288">
         <ele>2060</ele>
      </rtept>
      <rtept lat="28.450819" lon="84.372208">
         <ele>2120</ele>
      </rtept>
      <rtept lat="28.451576" lon="84.372028">
         <ele>2220</ele>
      </rtept>
      <rtept lat="28.45238" lon="84.371748">
         <ele>2790</ele>
      </rtept>
      <rtept lat="28.452858" lon="84.371326">
         <ele>3160</ele>
      </rtept>
      <rtept lat="28.453017" lon="84.370852">
         <ele>3160</ele>
      </rtept>
      <rtept lat="28.453186" lon="84.370234">
         <ele>3200</ele>
      </rtept>
      <rtept lat="28.453364" lon="84.369542">
         <ele>3280</ele>
      </rtept>
      <rtept lat="28.453657" lon="84.368925">
         <ele>3330</ele>
      </rtept>
      <rtept lat="28.454055" lon="84.369178">
         <ele>3320</ele>
      </rtept>
      <rtept lat="28.45442" lon="84.369532">
         <ele>3300</ele>
      </rtept>
      <rtept lat="28.454562" lon="84.369886">
         <ele>3280</ele>
      </rtept>
      <rtept lat="28.454603" lon="84.371722">
         <ele>3170</ele>
      </rtept>
      <rtept lat="28.455126" lon="84.372182">
         <ele>3160</ele>
      </rtept>
      <rtept lat="28.455534" lon="84.372137">
         <ele>3130</ele>
      </rtept>
      <rtept lat="28.456201" lon="84.371773">
         <ele>3080</ele>
      </rtept>
      <rtept lat="28.457155" lon="84.371099">
         <ele>3040</ele>
      </rtept>
      <rtept lat="28.457564" lon="84.370872">
         <ele>3050</ele>
      </rtept>
      <rtept lat="28.458065" lon="84.370436">
         <ele>3060</ele>
      </rtept>
      <rtept lat="28.458671" lon="84.370051">
         <ele>3050</ele>
      </rtept>
      <rtept lat="28.459324" lon="84.369586">
         <ele>3050</ele>
      </rtept>
      <rtept lat="28.460007" lon="84.369479">
         <ele>3060</ele>
      </rtept>
      <rtept lat="28.460767" lon="84.369673">
         <ele>3060</ele>
      </rtept>
      <rtept lat="28.461466" lon="84.370029">
         <ele>3090</ele>
      </rtept>
      <rtept lat="28.461883" lon="84.370106">
         <ele>3090</ele>
      </rtept>
      <rtept lat="28.462162" lon="84.37034">
         <ele>3080</ele>
      </rtept>
      <rtept lat="28.462559" lon="84.370374">
         <ele>3040</ele>
      </rtept>
      <rtept lat="28.463144" lon="84.370416">
         <ele>2980</ele>
      </rtept>
      <rtept lat="28.46352" lon="84.370362">
         <ele>2960</ele>
      </rtept>
      <rtept lat="28.464077" lon="84.370552">
         <ele>2990</ele>
      </rtept>
      <rtept lat="28.464786" lon="84.370704">
         <ele>2980</ele>
      </rtept>
      <rtept lat="28.464174" lon="84.371071">
         <ele>3020</ele>
      </rtept>
      <rtept lat="28.463854" lon="84.371283">
         <ele>3020</ele>
      </rtept>
      <rtept lat="28.463406" lon="84.371313">
         <ele>3010</ele>
      </rtept>
      <rtept lat="28.463146" lon="84.371646">
         <ele>3020</ele>
      </rtept>
      <rtept lat="28.462824" lon="84.372003">
         <ele>2980</ele>
      </rtept>
      <rtept lat="28.462807" lon="84.372955">
         <ele>2820</ele>
      </rtept>
      <rtept lat="28.463365" lon="84.37322">
         <ele>2780</ele>
      </rtept>
      <rtept lat="28.464048" lon="84.373616">
         <ele>2720</ele>
      </rtept>
      <rtept lat="28.464787" lon="84.373389">
         <ele>2710</ele>
      </rtept>
      <rtept lat="28.465083" lon="84.373026">
         <ele>2730</ele>
      </rtept>
      <rtept lat="28.465458" lon="84.373075">
         <ele>2720</ele>
      </rtept>
      <rtept lat="28.466497" lon="84.37326">
         <ele>2670</ele>
      </rtept>
      <rtept lat="28.467282" lon="84.37345">
         <ele>2680</ele>
      </rtept>
      <rtept lat="28.468087" lon="84.373533">
         <ele>2690</ele>
      </rtept>
      <rtept lat="28.468511" lon="84.373704">
         <ele>2700</ele>
      </rtept>
      <rtept lat="28.469058" lon="84.374076">
         <ele>2710</ele>
      </rtept>
      <rtept lat="28.469856" lon="84.374302">
         <ele>2720</ele>
      </rtept>
      <rtept lat="28.470149" lon="84.37429">
         <ele>2700</ele>
      </rtept>
      <rtept lat="28.470532" lon="84.374217">
         <ele>2670</ele>
      </rtept>
      <rtept lat="28.471326" lon="84.374325">
         <ele>2650</ele>
      </rtept>
      <rtept lat="28.4721" lon="84.374228">
         <ele>2650</ele>
      </rtept>
      <rtept lat="28.472921" lon="84.374592">
         <ele>2630</ele>
      </rtept>
      <rtept lat="28.473568" lon="84.374537">
         <ele>2640</ele>
      </rtept>
      <rtept lat="28.473957" lon="84.374186">
         <ele>2640</ele>
      </rtept>
      <rtept lat="28.474366" lon="84.373846">
         <ele>2630</ele>
      </rtept>
      <rtept lat="28.474856" lon="84.373278">
         <ele>2630</ele>
      </rtept>
      <rtept lat="28.47521" lon="84.372797">
         <ele>2640</ele>
      </rtept>
      <rtept lat="28.476246" lon="84.37204">
         <ele>2670</ele>
      </rtept>
      <rtept lat="28.474273" lon="84.369233">
         <ele>2640</ele>
      </rtept>
      <rtept lat="28.478354" lon="84.371996">
         <ele>2590</ele>
      </rtept>
      <rtept lat="28.478914" lon="84.371657">
         <ele>2530</ele>
      </rtept>
      <rtept lat="28.479602" lon="84.371212">
         <ele>2430</ele>
      </rtept>
      <rtept lat="28.480415" lon="84.370973">
         <ele>2370</ele>
      </rtept>
      <rtept lat="28.481987" lon="84.371719">
         <ele>2170</ele>
      </rtept>
      <rtept lat="28.482345" lon="84.37156">
         <ele>2170</ele>
      </rtept>
      <rtept lat="28.482823" lon="84.371437">
         <ele>2180</ele>
      </rtept>
      <rtept lat="28.483228" lon="84.371034">
         <ele>2220</ele>
      </rtept>
      <rtept lat="28.483458" lon="84.36989">
         <ele>2270</ele>
      </rtept>
      <rtept lat="28.48441" lon="84.369165">
         <ele>2260</ele>
      </rtept>
      <rtept lat="28.485495" lon="84.368908">
         <ele>2300</ele>
      </rtept>
      <rtept lat="28.48584" lon="84.368768">
         <ele>2310</ele>
      </rtept>
      <rtept lat="28.486134" lon="84.368818">
         <ele>2320</ele>
      </rtept>
      <rtept lat="28.485807" lon="84.368421">
         <ele>2280</ele>
      </rtept>
      <rtept lat="28.486179" lon="84.368424">
         <ele>2320</ele>
      </rtept>
      <rtept lat="28.486462" lon="84.368257">
         <ele>2330</ele>
      </rtept>
      <rtept lat="28.486872" lon="84.368306">
         <ele>2330</ele>
      </rtept>
      <rtept lat="28.487175" lon="84.368008">
         <ele>2340</ele>
      </rtept>
      <rtept lat="28.487162" lon="84.367571">
         <ele>2380</ele>
      </rtept>
      <rtept lat="28.487361" lon="84.367128">
         <ele>2410</ele>
      </rtept>
      <rtept lat="28.487702" lon="84.366597">
         <ele>2470</ele>
      </rtept>
      <rtept lat="28.488136" lon="84.366408">
         <ele>2480</ele>
      </rtept>
      <rtept lat="28.48851" lon="84.366366">
         <ele>2470</ele>
      </rtept>
      <rtept lat="28.488981" lon="84.365852">
         <ele>2470</ele>
      </rtept>
      <rtept lat="28.489344" lon="84.365096">
         <ele>2420</ele>
      </rtept>
      <rtept lat="28.489746" lon="84.364644">
         <ele>2340</ele>
      </rtept>
      <rtept lat="28.490546" lon="84.363884">
         <ele>2310</ele>
      </rtept>
      <rtept lat="28.490735" lon="84.363375">
         <ele>2310</ele>
      </rtept>
      <rtept lat="28.491202" lon="84.363119">
         <ele>2280</ele>
      </rtept>
      <rtept lat="28.491815" lon="84.362681">
         <ele>2250</ele>
      </rtept>
      <rtept lat="28.492383" lon="84.362541">
         <ele>2240</ele>
      </rtept>
      <rtept lat="28.492989" lon="84.362071">
         <ele>2250</ele>
      </rtept>
      <rtept lat="28.493561" lon="84.36221">
         <ele>2230</ele>
      </rtept>
      <rtept lat="28.49434" lon="84.362179">
         <ele>2160</ele>
      </rtept>
      <rtept lat="28.494788" lon="84.361707">
         <ele>2160</ele>
      </rtept>
      <rtept lat="28.495142" lon="84.361732">
         <ele>2160</ele>
      </rtept>
      <rtept lat="28.495793" lon="84.361581">
         <ele>2240</ele>
      </rtept>
      <rtept lat="28.49649" lon="84.36139">
         <ele>2450</ele>
      </rtept>
      <rtept lat="28.497337" lon="84.361294">
         <ele>2580</ele>
      </rtept>
      <rtept lat="28.497811" lon="84.361072">
         <ele>2670</ele>
      </rtept>
      <rtept lat="28.498152" lon="84.36135">
         <ele>2740</ele>
      </rtept>
      <rtept lat="28.498428" lon="84.36118">
         <ele>2810</ele>
      </rtept>
      <rtept lat="28.498728" lon="84.361268">
         <ele>2810</ele>
      </rtept>
      <rtept lat="28.499405" lon="84.361381">
         <ele>2790</ele>
      </rtept>
      <rtept lat="28.500065" lon="84.36099">
         <ele>2740</ele>
      </rtept>
      <rtept lat="28.500834" lon="84.360352">
         <ele>2380</ele>
      </rtept>
      <rtept lat="28.501387" lon="84.360261">
         <ele>2280</ele>
      </rtept>
      <rtept lat="28.501948" lon="84.36044">
         <ele>2170</ele>
      </rtept>
      <rtept lat="28.502387" lon="84.360711">
         <ele>2110</ele>
      </rtept>
      <rtept lat="28.502862" lon="84.361004">
         <ele>2080</ele>
      </rtept>
      <rtept lat="28.503043" lon="84.360627">
         <ele>2020</ele>
      </rtept>
      <rtept lat="28.504053" lon="84.359982">
         <ele>2000</ele>
      </rtept>
      <rtept lat="28.504479" lon="84.359448">
         <ele>2180</ele>
      </rtept>
      <rtept lat="28.504832" lon="84.358615">
         <ele>2520</ele>
      </rtept>
      <rtept lat="28.50519" lon="84.358405">
         <ele>2430</ele>
      </rtept>
      <rtept lat="28.505537" lon="84.358689">
         <ele>2230</ele>
      </rtept>
      <rtept lat="28.50595" lon="84.358833">
         <ele>2070</ele>
      </rtept>
      <rtept lat="28.506714" lon="84.358772">
         <ele>1940</ele>
      </rtept>
      <rtept lat="28.507483" lon="84.35887">
         <ele>1960</ele>
      </rtept>
      <rtept lat="28.508166" lon="84.358337">
         <ele>2040</ele>
      </rtept>
      <rtept lat="28.508982" lon="84.358547">
         <ele>2130</ele>
      </rtept>
      <rtept lat="28.509637" lon="84.358587">
         <ele>2190</ele>
      </rtept>
      <rtept lat="28.510589" lon="84.358727">
         <ele>2180</ele>
      </rtept>
      <rtept lat="28.510904" lon="84.358665">
         <ele>2130</ele>
      </rtept>
      <rtept lat="28.511569" lon="84.358502">
         <ele>2050</ele>
      </rtept>
      <rtept lat="28.512103" lon="84.358405">
         <ele>2010</ele>
      </rtept>
      <rtept lat="28.512717" lon="84.358601">
         <ele>1930</ele>
      </rtept>
      <rtept lat="28.513442" lon="84.358663">
         <ele>1900</ele>
      </rtept>
      <rtept lat="28.513733" lon="84.358645">
         <ele>1900</ele>
      </rtept>
      <rtept lat="28.514003" lon="84.358731">
         <ele>1900</ele>
      </rtept>
      <rtept lat="28.514492" lon="84.359013">
         <ele>1890</ele>
      </rtept>
      <rtept lat="28.515281" lon="84.359146">
         <ele>1900</ele>
      </rtept>
      <rtept lat="28.515631" lon="84.359125">
         <ele>1890</ele>
      </rtept>
      <rtept lat="28.515933" lon="84.3591">
         <ele>1870</ele>
      </rtept>
      <rtept lat="28.516389" lon="84.358804">
         <ele>1840</ele>
      </rtept>
      <rtept lat="28.516795" lon="84.358739">
         <ele>1820</ele>
      </rtept>
      <rtept lat="28.517228" lon="84.358817">
         <ele>1810</ele>
      </rtept>
      <rtept lat="28.518027" lon="84.359005">
         <ele>1800</ele>
      </rtept>
      <rtept lat="28.518636" lon="84.358926">
         <ele>1820</ele>
      </rtept>
      <rtept lat="28.51937" lon="84.358759">
         <ele>1830</ele>
      </rtept>
      <rtept lat="28.519906" lon="84.358671">
         <ele>1840</ele>
      </rtept>
      <rtept lat="28.520577" lon="84.358291">
         <ele>1860</ele>
      </rtept>
      <rtept lat="28.521256" lon="84.357471">
         <ele>1830</ele>
      </rtept>
      <rtept lat="28.521516" lon="84.357275">
         <ele>1830</ele>
      </rtept>
      <rtept lat="28.522051" lon="84.357164">
         <ele>1850</ele>
      </rtept>
      <rtept lat="28.522728" lon="84.356903">
         <ele>1860</ele>
      </rtept>
      <rtept lat="28.522964" lon="84.356573">
         <ele>1850</ele>
      </rtept>
      <rtept lat="28.52352" lon="84.355554">
         <ele>1860</ele>
      </rtept>
      <rtept lat="28.523936" lon="84.354985">
         <ele>1860</ele>
      </rtept>
      <rtept lat="28.524381" lon="84.354541">
         <ele>1870</ele>
      </rtept>
      <rtept lat="28.524807" lon="84.354111">
         <ele>1890</ele>
      </rtept>
      <rtept lat="28.525253" lon="84.353689">
         <ele>1900</ele>
      </rtept>
      <rtept lat="28.525643" lon="84.353514">
         <ele>1890</ele>
      </rtept>
      <rtept lat="28.52633" lon="84.352976">
         <ele>1880</ele>
      </rtept>
      <rtept lat="28.52689" lon="84.352505">
         <ele>1890</ele>
      </rtept>
      <rtept lat="28.527406" lon="84.352259">
         <ele>1910</ele>
      </rtept>
      <rtept lat="28.527834" lon="84.351684">
         <ele>1930</ele>
      </rtept>
      <rtept lat="28.528501" lon="84.35119">
         <ele>1920</ele>
      </rtept>
      <rtept lat="28.528941" lon="84.350743">
         <ele>1920</ele>
      </rtept>
      <rtept lat="28.529459" lon="84.35041">
         <ele>1910</ele>
      </rtept>
      <rtept lat="28.530061" lon="84.350018">
         <ele>1910</ele>
      </rtept>
      <rtept lat="28.530512" lon="84.34976">
         <ele>1930</ele>
      </rtept>
      <rtept lat="28.531223" lon="84.34917">
         <ele>1960</ele>
      </rtept>
      <rtept lat="28.53161" lon="84.348856">
         <ele>1960</ele>
      </rtept>
      <rtept lat="28.531816" lon="84.348143">
         <ele>1980</ele>
      </rtept>
      <rtept lat="28.531924" lon="84.347568">
         <ele>2000</ele>
      </rtept>
      <rtept lat="28.532112" lon="84.34679">
         <ele>1990</ele>
      </rtept>
      <rtept lat="28.532337" lon="84.346198">
         <ele>1990</ele>
      </rtept>
      <rtept lat="28.532465" lon="84.345182">
         <ele>2030</ele>
      </rtept>
      <rtept lat="28.53274" lon="84.344593">
         <ele>2040</ele>
      </rtept>
      <rtept lat="28.533088" lon="84.344126">
         <ele>2040</ele>
      </rtept>
      <rtept lat="28.533362" lon="84.343271">
         <ele>2050</ele>
      </rtept>
      <rtept lat="28.533568" lon="84.342704">
         <ele>2050</ele>
      </rtept>
      <rtept lat="28.533675" lon="84.341932">
         <ele>2070</ele>
      </rtept>
      <rtept lat="28.533747" lon="84.341184">
         <ele>2070</ele>
      </rtept>
      <rtept lat="28.533791" lon="84.340376">
         <ele>2070</ele>
      </rtept>
      <rtept lat="28.533583" lon="84.339548">
         <ele>2080</ele>
      </rtept>
      <rtept lat="28.533251" lon="84.338839">
         <ele>2090</ele>
      </rtept>
      <rtept lat="28.533282" lon="84.338515">
         <ele>2090</ele>
      </rtept>
      <rtept lat="28.53338" lon="84.338078">
         <ele>2080</ele>
      </rtept>
      <rtept lat="28.533179" lon="84.337245">
         <ele>2090</ele>
      </rtept>
      <rtept lat="28.533275" lon="84.336654">
         <ele>2090</ele>
      </rtept>
      <rtept lat="28.533368" lon="84.335881">
         <ele>2090</ele>
      </rtept>
      <rtept lat="28.533458" lon="84.335146">
         <ele>2090</ele>
      </rtept>
      <rtept lat="28.533676" lon="84.3346">
         <ele>2090</ele>
      </rtept>
      <rtept lat="28.53384" lon="84.334308">
         <ele>2090</ele>
      </rtept>
      <rtept lat="28.534139" lon="84.334038">
         <ele>2080</ele>
      </rtept>
      <rtept lat="28.533854" lon="84.333756">
         <ele>2090</ele>
      </rtept>
      <rtept lat="28.533501" lon="84.333044">
         <ele>2110</ele>
      </rtept>
      <rtept lat="28.533341" lon="84.332311">
         <ele>2130</ele>
      </rtept>
      <rtept lat="28.533892" lon="84.331778">
         <ele>2100</ele>
      </rtept>
      <rtept lat="28.534177" lon="84.331051">
         <ele>2110</ele>
      </rtept>
      <rtept lat="28.53394" lon="84.330361">
         <ele>2140</ele>
      </rtept>
      <rtept lat="28.534066" lon="84.32988">
         <ele>2140</ele>
      </rtept>
      <rtept lat="28.534016" lon="84.329204">
         <ele>2150</ele>
      </rtept>
      <rtept lat="28.533813" lon="84.328588">
         <ele>2170</ele>
      </rtept>
      <rtept lat="28.533592" lon="84.328118">
         <ele>2170</ele>
      </rtept>
      <rtept lat="28.533402" lon="84.327289">
         <ele>2170</ele>
      </rtept>
      <rtept lat="28.533089" lon="84.326566">
         <ele>2180</ele>
      </rtept>
      <rtept lat="28.532945" lon="84.326142">
         <ele>2190</ele>
      </rtept>
      <rtept lat="28.532649" lon="84.32541">
         <ele>2180</ele>
      </rtept>
      <rtept lat="28.532688" lon="84.324375">
         <ele>2170</ele>
      </rtept>
      <rtept lat="28.53199" lon="84.323753">
         <ele>2190</ele>
      </rtept>
      <rtept lat="28.531701" lon="84.323166">
         <ele>2190</ele>
      </rtept>
      <rtept lat="28.531812" lon="84.322546">
         <ele>2170</ele>
      </rtept>
      <rtept lat="28.531687" lon="84.321789">
         <ele>2180</ele>
      </rtept>
      <rtept lat="28.531487" lon="84.321064">
         <ele>2190</ele>
      </rtept>
      <rtept lat="28.531164" lon="84.32042">
         <ele>2200</ele>
      </rtept>
      <rtept lat="28.530935" lon="84.319703">
         <ele>2210</ele>
      </rtept>
      <rtept lat="28.53069" lon="84.319063">
         <ele>2220</ele>
      </rtept>
      <rtept lat="28.53049" lon="84.318537">
         <ele>2230</ele>
      </rtept>
      <rtept lat="28.530466" lon="84.318923">
         <ele>2230</ele>
      </rtept>
      <rtept lat="28.530415" lon="84.319363">
         <ele>2230</ele>
      </rtept>
      <rtept lat="28.529702" lon="84.318701">
         <ele>2240</ele>
      </rtept>
      <rtept lat="28.529182" lon="84.318561">
         <ele>2270</ele>
      </rtept>
      <rtept lat="28.528609" lon="84.318571">
         <ele>2280</ele>
      </rtept>
      <rtept lat="28.528407" lon="84.31836">
         <ele>2280</ele>
      </rtept>
      <rtept lat="28.528081" lon="84.31808">
         <ele>2280</ele>
      </rtept>
      <rtept lat="28.527777" lon="84.317864">
         <ele>2310</ele>
      </rtept>
      <rtept lat="28.527991" lon="84.317651">
         <ele>2310</ele>
      </rtept>
      <rtept lat="28.528347" lon="84.317461">
         <ele>2320</ele>
      </rtept>
      <rtept lat="28.528411" lon="84.317045">
         <ele>2370</ele>
      </rtept>
      <rtept lat="28.528316" lon="84.31664">
         <ele>2410</ele>
      </rtept>
      <rtept lat="28.528234" lon="84.316127">
         <ele>2430</ele>
      </rtept>
      <rtept lat="28.528142" lon="84.315791">
         <ele>2440</ele>
      </rtept>
      <rtept lat="28.527806" lon="84.315683">
         <ele>2440</ele>
      </rtept>
      <rtept lat="28.527183" lon="84.315236">
         <ele>2460</ele>
      </rtept>
      <rtept lat="28.526809" lon="84.315201">
         <ele>2460</ele>
      </rtept>
      <rtept lat="28.526346" lon="84.314648">
         <ele>2480</ele>
      </rtept>
      <rtept lat="28.526031" lon="84.314546">
         <ele>2490</ele>
      </rtept>
      <rtept lat="28.525575" lon="84.314657">
         <ele>2500</ele>
      </rtept>
      <rtept lat="28.525686" lon="84.314227">
         <ele>2490</ele>
      </rtept>
      <rtept lat="28.525549" lon="84.313687">
         <ele>2500</ele>
      </rtept>
      <rtept lat="28.52535" lon="84.31333">
         <ele>2510</ele>
      </rtept>
      <rtept lat="28.525039" lon="84.312616">
         <ele>2510</ele>
      </rtept>
      <rtept lat="28.524991" lon="84.312042">
         <ele>2510</ele>
      </rtept>
      <rtept lat="28.524826" lon="84.311662">
         <ele>2510</ele>
      </rtept>
      <rtept lat="28.524042" lon="84.311349">
         <ele>2530</ele>
      </rtept>
      <rtept lat="28.523502" lon="84.310909">
         <ele>2540</ele>
      </rtept>
      <rtept lat="28.523262" lon="84.310643">
         <ele>2550</ele>
      </rtept>
      <rtept lat="28.522887" lon="84.31033">
         <ele>2560</ele>
      </rtept>
      <rtept lat="28.522678" lon="84.309866">
         <ele>2550</ele>
      </rtept>
      <rtept lat="28.522552" lon="84.309559">
         <ele>2550</ele>
      </rtept>
      <rtept lat="28.522437" lon="84.309271">
         <ele>2550</ele>
      </rtept>
      <rtept lat="28.522277" lon="84.308581">
         <ele>2560</ele>
      </rtept>
      <rtept lat="28.522173" lon="84.308009">
         <ele>2550</ele>
      </rtept>
      <rtept lat="28.521963" lon="84.307118">
         <ele>2560</ele>
      </rtept>
      <rtept lat="28.522047" lon="84.306634">
         <ele>2560</ele>
      </rtept>
      <rtept lat="28.522383" lon="84.306822">
         <ele>2560</ele>
      </rtept>
      <rtept lat="28.522703" lon="84.307015">
         <ele>2560</ele>
      </rtept>
      <rtept lat="28.522915" lon="84.307266">
         <ele>2560</ele>
      </rtept>
      <rtept lat="28.523779" lon="84.307426">
         <ele>2580</ele>
      </rtept>
      <rtept lat="28.524056" lon="84.307458">
         <ele>2570</ele>
      </rtept>
      <rtept lat="28.524345" lon="84.307487">
         <ele>2570</ele>
      </rtept>
      <rtept lat="28.52456" lon="84.307249">
         <ele>2570</ele>
      </rtept>
      <rtept lat="28.524915" lon="84.306669">
         <ele>2570</ele>
      </rtept>
      <rtept lat="28.525372" lon="84.306584">
         <ele>2570</ele>
      </rtept>
      <rtept lat="28.525973" lon="84.30635">
         <ele>2580</ele>
      </rtept>
      <rtept lat="28.526185" lon="84.305976">
         <ele>2590</ele>
      </rtept>
      <rtept lat="28.52663" lon="84.305532">
         <ele>2590</ele>
      </rtept>
      <rtept lat="28.527222" lon="84.304904">
         <ele>2600</ele>
      </rtept>
      <rtept lat="28.527763" lon="84.304711">
         <ele>2590</ele>
      </rtept>
      <rtept lat="28.528334" lon="84.30456">
         <ele>2600</ele>
      </rtept>
      <rtept lat="28.528748" lon="84.304289">
         <ele>2600</ele>
      </rtept>
      <rtept lat="28.529255" lon="84.304112">
         <ele>2590</ele>
      </rtept>
      <rtept lat="28.529723" lon="84.303677">
         <ele>2590</ele>
      </rtept>
      <rtept lat="28.530371" lon="84.303651">
         <ele>2590</ele>
      </rtept>
      <rtept lat="28.530994" lon="84.30342">
         <ele>2600</ele>
      </rtept>
      <rtept lat="28.531323" lon="84.303008">
         <ele>2630</ele>
      </rtept>
      <rtept lat="28.531988" lon="84.303024">
         <ele>2610</ele>
      </rtept>
      <rtept lat="28.532546" lon="84.302981">
         <ele>2610</ele>
      </rtept>
      <rtept lat="28.533126" lon="84.303063">
         <ele>2610</ele>
      </rtept>
      <rtept lat="28.533707" lon="84.302813">
         <ele>2620</ele>
      </rtept>
      <rtept lat="28.534454" lon="84.302585">
         <ele>2640</ele>
      </rtept>
      <rtept lat="28.535486" lon="84.302294">
         <ele>2640</ele>
      </rtept>
      <rtept lat="28.536306" lon="84.302078">
         <ele>2610</ele>
      </rtept>
      <rtept lat="28.538131" lon="84.300933">
         <ele>2640</ele>
      </rtept>
      <rtept lat="28.538505" lon="84.300564">
         <ele>2650</ele>
      </rtept>
      <rtept lat="28.53883" lon="84.300165">
         <ele>2670</ele>
      </rtept>
      <rtept lat="28.539659" lon="84.299715">
         <ele>2650</ele>
      </rtept>
      <rtept lat="28.539948" lon="84.299385">
         <ele>2670</ele>
      </rtept>
      <rtept lat="28.540201" lon="84.299155">
         <ele>2680</ele>
      </rtept>
      <rtept lat="28.540479" lon="84.298673">
         <ele>2700</ele>
      </rtept>
      <rtept lat="28.541099" lon="84.298073">
         <ele>2710</ele>
      </rtept>
      <rtept lat="28.541572" lon="84.297736">
         <ele>2700</ele>
      </rtept>
      <rtept lat="28.542004" lon="84.297019">
         <ele>2700</ele>
      </rtept>
      <rtept lat="28.542364" lon="84.296456">
         <ele>2700</ele>
      </rtept>
      <rtept lat="28.542987" lon="84.296013">
         <ele>2680</ele>
      </rtept>
      <rtept lat="28.543356" lon="84.295462">
         <ele>2680</ele>
      </rtept>
      <rtept lat="28.543534" lon="84.294808">
         <ele>2670</ele>
      </rtept>
      <rtept lat="28.543843" lon="84.29401">
         <ele>2660</ele>
      </rtept>
      <rtept lat="28.544105" lon="84.293164">
         <ele>2650</ele>
      </rtept>
      <rtept lat="28.544195" lon="84.292636">
         <ele>2660</ele>
      </rtept>
      <rtept lat="28.544169" lon="84.292264">
         <ele>2660</ele>
      </rtept>
      <rtept lat="28.543805" lon="84.290566">
         <ele>2660</ele>
      </rtept>
      <rtept lat="28.54363" lon="84.290107">
         <ele>2650</ele>
      </rtept>
      <rtept lat="28.543663" lon="84.289325">
         <ele>2620</ele>
      </rtept>
      <rtept lat="28.543828" lon="84.28898">
         <ele>2620</ele>
      </rtept>
      <rtept lat="28.544166" lon="84.288936">
         <ele>2620</ele>
      </rtept>
      <rtept lat="28.544504" lon="84.288879">
         <ele>2630</ele>
      </rtept>
      <rtept lat="28.544859" lon="84.288732">
         <ele>2650</ele>
      </rtept>
      <rtept lat="28.545545" lon="84.289033">
         <ele>2650</ele>
      </rtept>
      <rtept lat="28.546066" lon="84.289207">
         <ele>2650</ele>
      </rtept>
      <rtept lat="28.546741" lon="84.288979">
         <ele>2650</ele>
      </rtept>
      <rtept lat="28.547291" lon="84.288597">
         <ele>2630</ele>
      </rtept>
      <rtept lat="28.5477" lon="84.287694">
         <ele>2620</ele>
      </rtept>
      <rtept lat="28.547971" lon="84.286741">
         <ele>2610</ele>
      </rtept>
      <rtept lat="28.548069" lon="84.286119">
         <ele>2610</ele>
      </rtept>
      <rtept lat="28.548266" lon="84.285643">
         <ele>2620</ele>
      </rtept>
      <rtept lat="28.548458" lon="84.284886">
         <ele>2630</ele>
      </rtept>
      <rtept lat="28.548644" lon="84.284022">
         <ele>2630</ele>
      </rtept>
      <rtept lat="28.548987" lon="84.283595">
         <ele>2630</ele>
      </rtept>
      <rtept lat="28.549235" lon="84.283059">
         <ele>2630</ele>
      </rtept>
      <rtept lat="28.549503" lon="84.28241">
         <ele>2620</ele>
      </rtept>
      <rtept lat="28.549824" lon="84.281565">
         <ele>2620</ele>
      </rtept>
      <rtept lat="28.55027" lon="84.280848">
         <ele>2620</ele>
      </rtept>
      <rtept lat="28.550436" lon="84.279877">
         <ele>2650</ele>
      </rtept>
      <rtept lat="28.550822" lon="84.279142">
         <ele>2630</ele>
      </rtept>
      <rtept lat="28.551005" lon="84.278453">
         <ele>2640</ele>
      </rtept>
      <rtept lat="28.550963" lon="84.277911">
         <ele>2650</ele>
      </rtept>
      <rtept lat="28.551069" lon="84.277422">
         <ele>2650</ele>
      </rtept>
      <rtept lat="28.551179" lon="84.276611">
         <ele>2640</ele>
      </rtept>
      <rtept lat="28.551113" lon="84.275674">
         <ele>2660</ele>
      </rtept>
      <rtept lat="28.551046" lon="84.274383">
         <ele>2710</ele>
      </rtept>
      <rtept lat="28.550897" lon="84.27377">
         <ele>2710</ele>
      </rtept>
      <rtept lat="28.550805" lon="84.272882">
         <ele>2710</ele>
      </rtept>
      <rtept lat="28.55052" lon="84.271285">
         <ele>2720</ele>
      </rtept>
      <rtept lat="28.550654" lon="84.270985">
         <ele>2700</ele>
      </rtept>
      <rtept lat="28.550627" lon="84.270452">
         <ele>2690</ele>
      </rtept>
      <rtept lat="28.550469" lon="84.269682">
         <ele>2680</ele>
      </rtept>
      <rtept lat="28.550496" lon="84.268745">
         <ele>2640</ele>
      </rtept>
      <rtept lat="28.550486" lon="84.267986">
         <ele>2610</ele>
      </rtept>
      <rtept lat="28.550447" lon="84.267366">
         <ele>2600</ele>
      </rtept>
      <rtept lat="28.550349" lon="84.266654">
         <ele>2600</ele>
      </rtept>
      <rtept lat="28.550161" lon="84.264206">
         <ele>2620</ele>
      </rtept>
      <rtept lat="28.549928" lon="84.263859">
         <ele>2650</ele>
      </rtept>
      <rtept lat="28.550142" lon="84.263414">
         <ele>2660</ele>
      </rtept>
      <rtept lat="28.55107" lon="84.262039">
         <ele>2630</ele>
      </rtept>
      <rtept lat="28.551132" lon="84.261581">
         <ele>2620</ele>
      </rtept>
      <rtept lat="28.551308" lon="84.260763">
         <ele>2610</ele>
      </rtept>
      <rtept lat="28.551607" lon="84.26014">
         <ele>2610</ele>
      </rtept>
      <rtept lat="28.552185" lon="84.259606">
         <ele>2600</ele>
      </rtept>
      <rtept lat="28.552462" lon="84.259462">
         <ele>2600</ele>
      </rtept>
      <rtept lat="28.552076" lon="84.259194">
         <ele>2600</ele>
      </rtept>
      <rtept lat="28.551518" lon="84.25728">
         <ele>2620</ele>
      </rtept>
      <rtept lat="28.551124" lon="84.256514">
         <ele>2630</ele>
      </rtept>
      <rtept lat="28.550868" lon="84.255766">
         <ele>2630</ele>
      </rtept>
      <rtept lat="28.550749" lon="84.25465">
         <ele>2630</ele>
      </rtept>
      <rtept lat="28.550734" lon="84.253782">
         <ele>2630</ele>
      </rtept>
      <rtept lat="28.550696" lon="84.253318">
         <ele>2630</ele>
      </rtept>
      <rtept lat="28.550264" lon="84.252574">
         <ele>2650</ele>
      </rtept>
      <rtept lat="28.550132" lon="84.252164">
         <ele>2670</ele>
      </rtept>
      <rtept lat="28.549718" lon="84.250948">
         <ele>2660</ele>
      </rtept>
      <rtept lat="28.54976" lon="84.250003">
         <ele>2650</ele>
      </rtept>
      <rtept lat="28.549798" lon="84.249297">
         <ele>2710</ele>
      </rtept>
      <rtept lat="28.54997" lon="84.248827">
         <ele>2740</ele>
      </rtept>
      <rtept lat="28.55017" lon="84.248037">
         <ele>2720</ele>
      </rtept>
      <rtept lat="28.550264" lon="84.247539">
         <ele>2700</ele>
      </rtept>
      <rtept lat="28.550125" lon="84.246292">
         <ele>2670</ele>
      </rtept>
      <rtept lat="28.550303" lon="84.246524">
         <ele>2670</ele>
      </rtept>
      <rtept lat="28.550156" lon="84.246139">
         <ele>2670</ele>
      </rtept>
      <rtept lat="28.550445" lon="84.245855">
         <ele>2670</ele>
      </rtept>
      <rtept lat="28.55042" lon="84.246288">
         <ele>2670</ele>
      </rtept>
      <rtept lat="28.549908" lon="84.245904">
         <ele>2670</ele>
      </rtept>
      <rtept lat="28.549857" lon="84.245167">
         <ele>2680</ele>
      </rtept>
      <rtept lat="28.549545" lon="84.244353">
         <ele>2690</ele>
      </rtept>
      <rtept lat="28.549857" lon="84.243794">
         <ele>2680</ele>
      </rtept>
      <rtept lat="28.550567" lon="84.243963">
         <ele>2670</ele>
      </rtept>
      <rtept lat="28.550973" lon="84.243333">
         <ele>2670</ele>
      </rtept>
      <rtept lat="28.551267" lon="84.242676">
         <ele>2670</ele>
      </rtept>
      <rtept lat="28.551424" lon="84.241911">
         <ele>2680</ele>
      </rtept>
      <rtept lat="28.551664" lon="84.241221">
         <ele>2670</ele>
      </rtept>
      <rtept lat="28.552082" lon="84.240952">
         <ele>2670</ele>
      </rtept>
      <rtept lat="28.552465" lon="84.240793">
         <ele>2680</ele>
      </rtept>
      <rtept lat="28.552559" lon="84.240502">
         <ele>2680</ele>
      </rtept>
      <rtept lat="28.55293" lon="84.240085">
         <ele>2690</ele>
      </rtept>
      <rtept lat="28.553226" lon="84.239453">
         <ele>2700</ele>
      </rtept>
      <rtept lat="28.55347" lon="84.238722">
         <ele>2690</ele>
      </rtept>
      <rtept lat="28.553678" lon="84.238018">
         <ele>2690</ele>
      </rtept>
      <rtept lat="28.553803" lon="84.237353">
         <ele>2700</ele>
      </rtept>
      <rtept lat="28.553772" lon="84.236416">
         <ele>2700</ele>
      </rtept>
      <rtept lat="28.553991" lon="84.235583">
         <ele>2710</ele>
      </rtept>
      <rtept lat="28.554299" lon="84.234935">
         <ele>2720</ele>
      </rtept>
      <rtept lat="28.554483" lon="84.234105">
         <ele>2700</ele>
      </rtept>
      <rtept lat="28.554717" lon="84.23343">
         <ele>2710</ele>
      </rtept>
      <rtept lat="28.55497" lon="84.233042">
         <ele>2720</ele>
      </rtept>
      <rtept lat="28.555266" lon="84.232088">
         <ele>2740</ele>
      </rtept>
      <rtept lat="28.555409" lon="84.231381">
         <ele>2740</ele>
      </rtept>
      <rtept lat="28.555669" lon="84.23052">
         <ele>2750</ele>
      </rtept>
      <rtept lat="28.555808" lon="84.230064">
         <ele>2760</ele>
      </rtept>
      <rtept lat="28.555735" lon="84.229116">
         <ele>2770</ele>
      </rtept>
      <rtept lat="28.55592" lon="84.22855">
         <ele>2770</ele>
      </rtept>
      <rtept lat="28.556278" lon="84.227495">
         <ele>2760</ele>
      </rtept>
      <rtept lat="28.556512" lon="84.226743">
         <ele>2770</ele>
      </rtept>
      <rtept lat="28.556949" lon="84.226142">
         <ele>2770</ele>
      </rtept>
      <rtept lat="28.55729" lon="84.225277">
         <ele>2770</ele>
      </rtept>
      <rtept lat="28.557825" lon="84.224503">
         <ele>2780</ele>
      </rtept>
      <rtept lat="28.558084" lon="84.223692">
         <ele>2780</ele>
      </rtept>
      <rtept lat="28.558302" lon="84.223148">
         <ele>2790</ele>
      </rtept>
      <rtept lat="28.55874" lon="84.22193">
         <ele>2800</ele>
      </rtept>
      <rtept lat="28.559113" lon="84.22083">
         <ele>2790</ele>
      </rtept>
      <rtept lat="28.559486" lon="84.22011">
         <ele>2790</ele>
      </rtept>
      <rtept lat="28.559663" lon="84.218631">
         <ele>2780</ele>
      </rtept>
      <rtept lat="28.560138" lon="84.217956">
         <ele>2780</ele>
      </rtept>
      <rtept lat="28.560666" lon="84.217423">
         <ele>2770</ele>
      </rtept>
      <rtept lat="28.561276" lon="84.216727">
         <ele>2770</ele>
      </rtept>
      <rtept lat="28.561931" lon="84.216086">
         <ele>2770</ele>
      </rtept>
      <rtept lat="28.562529" lon="84.215559">
         <ele>2800</ele>
      </rtept>
      <rtept lat="28.562876" lon="84.214734">
         <ele>2800</ele>
      </rtept>
      <rtept lat="28.563479" lon="84.21408">
         <ele>2810</ele>
      </rtept>
      <rtept lat="28.564034" lon="84.213174">
         <ele>2780</ele>
      </rtept>
      <rtept lat="28.564589" lon="84.21256">
         <ele>2760</ele>
      </rtept>
      <rtept lat="28.56518" lon="84.211812">
         <ele>2490</ele>
      </rtept>
      <rtept lat="28.565803" lon="84.211344">
         <ele>2400</ele>
      </rtept>
      <rtept lat="28.566437" lon="84.210828">
         <ele>2320</ele>
      </rtept>
      <rtept lat="28.566951" lon="84.210282">
         <ele>2320</ele>
      </rtept>
      <rtept lat="28.567325" lon="84.209869">
         <ele>2400</ele>
      </rtept>
      <rtept lat="28.567674" lon="84.209416">
         <ele>2490</ele>
      </rtept>
      <rtept lat="28.568114" lon="84.208778">
         <ele>2670</ele>
      </rtept>
      <rtept lat="28.568402" lon="84.207513">
         <ele>2660</ele>
      </rtept>
      <rtept lat="28.568409" lon="84.207009">
         <ele>2660</ele>
      </rtept>
      <rtept lat="28.568486" lon="84.206418">
         <ele>2630</ele>
      </rtept>
      <rtept lat="28.56847" lon="84.20572">
         <ele>2550</ele>
      </rtept>
      <rtept lat="28.568599" lon="84.204762">
         <ele>2680</ele>
      </rtept>
      <rtept lat="28.568311" lon="84.204062">
         <ele>2620</ele>
      </rtept>
      <rtept lat="28.56838" lon="84.203555">
         <ele>2660</ele>
      </rtept>
      <rtept lat="28.568245" lon="84.201426">
         <ele>2260</ele>
      </rtept>
      <rtept lat="28.568645" lon="84.201124">
         <ele>2320</ele>
      </rtept>
      <rtept lat="28.569028" lon="84.200336">
         <ele>2340</ele>
      </rtept>
      <rtept lat="28.56903" lon="84.196379">
         <ele>1130</ele>
      </rtept>
      <rtept lat="28.569633" lon="84.196409">
         <ele>1600</ele>
      </rtept>
      <rtept lat="28.569938" lon="84.196198">
         <ele>2010</ele>
      </rtept>
      <rtept lat="28.570418" lon="84.196233">
         <ele>2460</ele>
      </rtept>
      <rtept lat="28.570849" lon="84.195984">
         <ele>2790</ele>
      </rtept>
      <rtept lat="28.571194" lon="84.195853">
         <ele>3060</ele>
      </rtept>
      <rtept lat="28.571632" lon="84.19559">
         <ele>3210</ele>
      </rtept>
      <rtept lat="28.572008" lon="84.19525">
         <ele>3260</ele>
      </rtept>
      <rtept lat="28.572366" lon="84.19446">
         <ele>3350</ele>
      </rtept>
      <rtept lat="28.572601" lon="84.193909">
         <ele>3430</ele>
      </rtept>
      <rtept lat="28.57272" lon="84.192824">
         <ele>3530</ele>
      </rtept>
      <rtept lat="28.572984" lon="84.192238">
         <ele>3610</ele>
      </rtept>
      <rtept lat="28.57325" lon="84.191228">
         <ele>3740</ele>
      </rtept>
      <rtept lat="28.573569" lon="84.190606">
         <ele>3790</ele>
      </rtept>
      <rtept lat="28.574305" lon="84.188633">
         <ele>3810</ele>
      </rtept>
      <rtept lat="28.574473" lon="84.188284">
         <ele>3810</ele>
      </rtept>
      <rtept lat="28.574873" lon="84.18775">
         <ele>3820</ele>
      </rtept>
      <rtept lat="28.575337" lon="84.187341">
         <ele>3790</ele>
      </rtept>
      <rtept lat="28.576018" lon="84.186969">
         <ele>3710</ele>
      </rtept>
      <rtept lat="28.577554" lon="84.18489">
         <ele>3450</ele>
      </rtept>
      <rtept lat="28.580424" lon="84.18481">
         <ele>3190</ele>
      </rtept>
      <rtept lat="28.580697" lon="84.184513">
         <ele>3150</ele>
      </rtept>
      <rtept lat="28.581115" lon="84.184323">
         <ele>3100</ele>
      </rtept>
      <rtept lat="28.581793" lon="84.184015">
         <ele>3030</ele>
      </rtept>
      <rtept lat="28.581897" lon="84.183606">
         <ele>3000</ele>
      </rtept>
      <rtept lat="28.582409" lon="84.183697">
         <ele>3010</ele>
      </rtept>
      <rtept lat="28.583141" lon="84.184329">
         <ele>3020</ele>
      </rtept>
      <rtept lat="28.583828" lon="84.184867">
         <ele>3040</ele>
      </rtept>
      <rtept lat="28.584873" lon="84.185574">
         <ele>3040</ele>
      </rtept>
      <rtept lat="28.585418" lon="84.186114">
         <ele>3050</ele>
      </rtept>
      <rtept lat="28.585811" lon="84.186394">
         <ele>3050</ele>
      </rtept>
      <rtept lat="28.58627" lon="84.186869">
         <ele>3050</ele>
      </rtept>
      <rtept lat="28.586755" lon="84.186784">
         <ele>3050</ele>
      </rtept>
      <rtept lat="28.587038" lon="84.186831">
         <ele>3060</ele>
      </rtept>
      <rtept lat="28.587448" lon="84.186761">
         <ele>3090</ele>
      </rtept>
      <rtept lat="28.588165" lon="84.186543">
         <ele>3120</ele>
      </rtept>
      <rtept lat="28.588624" lon="84.186432">
         <ele>3130</ele>
      </rtept>
      <rtept lat="28.589225" lon="84.186258">
         <ele>3140</ele>
      </rtept>
      <rtept lat="28.589284" lon="84.185908">
         <ele>3140</ele>
      </rtept>
      <rtept lat="28.589883" lon="84.185623">
         <ele>3150</ele>
      </rtept>
      <rtept lat="28.590441" lon="84.185425">
         <ele>3160</ele>
      </rtept>
      <rtept lat="28.591242" lon="84.185512">
         <ele>3170</ele>
      </rtept>
      <rtept lat="28.592177" lon="84.185802">
         <ele>3190</ele>
      </rtept>
      <rtept lat="28.592853" lon="84.185703">
         <ele>3200</ele>
      </rtept>
      <rtept lat="28.593598" lon="84.185776">
         <ele>3210</ele>
      </rtept>
      <rtept lat="28.594394" lon="84.185942">
         <ele>3200</ele>
      </rtept>
      <rtept lat="28.595066" lon="84.186021">
         <ele>3200</ele>
      </rtept>
      <rtept lat="28.595777" lon="84.185881">
         <ele>3200</ele>
      </rtept>
      <rtept lat="28.59658" lon="84.185622">
         <ele>3210</ele>
      </rtept>
      <rtept lat="28.597325" lon="84.185309">
         <ele>3210</ele>
      </rtept>
      <rtept lat="28.59775" lon="84.185311">
         <ele>3220</ele>
      </rtept>
      <rtept lat="28.598384" lon="84.18515">
         <ele>3200</ele>
      </rtept>
      <rtept lat="28.598581" lon="84.184514">
         <ele>3210</ele>
      </rtept>
      <rtept lat="28.599748" lon="84.182112">
         <ele>3200</ele>
      </rtept>
      <rtept lat="28.600367" lon="84.181964">
         <ele>3200</ele>
      </rtept>
      <rtept lat="28.601034" lon="84.181572">
         <ele>3190</ele>
      </rtept>
      <rtept lat="28.601559" lon="84.181083">
         <ele>3190</ele>
      </rtept>
      <rtept lat="28.602133" lon="84.180321">
         <ele>3190</ele>
      </rtept>
      <rtept lat="28.602339" lon="84.180019">
         <ele>3190</ele>
      </rtept>
      <rtept lat="28.602487" lon="84.179245">
         <ele>3180</ele>
      </rtept>
      <rtept lat="28.602436" lon="84.178755">
         <ele>3180</ele>
      </rtept>
      <rtept lat="28.602371" lon="84.17835">
         <ele>3180</ele>
      </rtept>
      <rtept lat="28.602446" lon="84.177597">
         <ele>3180</ele>
      </rtept>
      <rtept lat="28.602575" lon="84.177019">
         <ele>3180</ele>
      </rtept>
      <rtept lat="28.602338" lon="84.176547">
         <ele>3180</ele>
      </rtept>
      <rtept lat="28.602653" lon="84.176671">
         <ele>3180</ele>
      </rtept>
      <rtept lat="28.60287" lon="84.175998">
         <ele>3170</ele>
      </rtept>
      <rtept lat="28.603012" lon="84.175502">
         <ele>3170</ele>
      </rtept>
      <rtept lat="28.603396" lon="84.174932">
         <ele>3160</ele>
      </rtept>
      <rtept lat="28.603955" lon="84.174246">
         <ele>3160</ele>
      </rtept>
      <rtept lat="28.604247" lon="84.173392">
         <ele>3160</ele>
      </rtept>
      <rtept lat="28.604587" lon="84.172695">
         <ele>3160</ele>
      </rtept>
      <rtept lat="28.604621" lon="84.171912">
         <ele>3160</ele>
      </rtept>
      <rtept lat="28.60487" lon="84.17163">
         <ele>3160</ele>
      </rtept>
      <rtept lat="28.605535" lon="84.171371">
         <ele>3160</ele>
      </rtept>
      <rtept lat="28.605821" lon="84.171088">
         <ele>3170</ele>
      </rtept>
      <rtept lat="28.606108" lon="84.170831">
         <ele>3170</ele>
      </rtept>
      <rtept lat="28.606477" lon="84.170107">
         <ele>3170</ele>
      </rtept>
      <rtept lat="28.606959" lon="84.169711">
         <ele>3170</ele>
      </rtept>
      <rtept lat="28.607217" lon="84.169134">
         <ele>3180</ele>
      </rtept>
      <rtept lat="28.607579" lon="84.168321">
         <ele>3180</ele>
      </rtept>
      <rtept lat="28.60789" lon="84.167597">
         <ele>3190</ele>
      </rtept>
      <rtept lat="28.608147" lon="84.166843">
         <ele>3200</ele>
      </rtept>
      <rtept lat="28.608478" lon="84.166389">
         <ele>3210</ele>
      </rtept>
      <rtept lat="28.608786" lon="84.165436">
         <ele>3200</ele>
      </rtept>
      <rtept lat="28.609116" lon="84.164408">
         <ele>3190</ele>
      </rtept>
      <rtept lat="28.609465" lon="84.163743">
         <ele>3200</ele>
      </rtept>
      <rtept lat="28.609862" lon="84.162923">
         <ele>3200</ele>
      </rtept>
      <rtept lat="28.610159" lon="84.161989">
         <ele>3200</ele>
      </rtept>
      <rtept lat="28.610744" lon="84.161174">
         <ele>3200</ele>
      </rtept>
      <rtept lat="28.611058" lon="84.160367">
         <ele>3200</ele>
      </rtept>
      <rtept lat="28.61128" lon="84.159661">
         <ele>3210</ele>
      </rtept>
      <rtept lat="28.611751" lon="84.159297">
         <ele>3220</ele>
      </rtept>
      <rtept lat="28.612066" lon="84.158791">
         <ele>3230</ele>
      </rtept>
      <rtept lat="28.612335" lon="84.158203">
         <ele>3230</ele>
      </rtept>
      <rtept lat="28.612599" lon="84.157591">
         <ele>3240</ele>
      </rtept>
      <rtept lat="28.612882" lon="84.157011">
         <ele>3240</ele>
      </rtept>
      <rtept lat="28.613162" lon="84.156441">
         <ele>3240</ele>
      </rtept>
      <rtept lat="28.613357" lon="84.155993">
         <ele>3240</ele>
      </rtept>
      <rtept lat="28.613644" lon="84.155391">
         <ele>3250</ele>
      </rtept>
      <rtept lat="28.613928" lon="84.15485">
         <ele>3260</ele>
      </rtept>
      <rtept lat="28.6142" lon="84.154209">
         <ele>3270</ele>
      </rtept>
      <rtept lat="28.614202" lon="84.153679">
         <ele>3260</ele>
      </rtept>
      <rtept lat="28.614419" lon="84.15297">
         <ele>3260</ele>
      </rtept>
      <rtept lat="28.614991" lon="84.153422">
         <ele>3290</ele>
      </rtept>
      <rtept lat="28.615425" lon="84.153331">
         <ele>3300</ele>
      </rtept>
      <rtept lat="28.615971" lon="84.15341">
         <ele>3320</ele>
      </rtept>
      <rtept lat="28.616176" lon="84.153196">
         <ele>3310</ele>
      </rtept>
      <rtept lat="28.617741" lon="84.153049">
         <ele>3300</ele>
      </rtept>
      <rtept lat="28.618007" lon="84.152928">
         <ele>3300</ele>
      </rtept>
      <rtept lat="28.618503" lon="84.153114">
         <ele>3300</ele>
      </rtept>
      <rtept lat="28.61905" lon="84.153046">
         <ele>3290</ele>
      </rtept>
      <rtept lat="28.618213" lon="84.152697">
         <ele>3280</ele>
      </rtept>
      <rtept lat="28.619009" lon="84.151855">
         <ele>3290</ele>
      </rtept>
      <rtept lat="28.619476" lon="84.151108">
         <ele>3300</ele>
      </rtept>
      <rtept lat="28.619836" lon="84.150442">
         <ele>3300</ele>
      </rtept>
      <rtept lat="28.619911" lon="84.149486">
         <ele>3300</ele>
      </rtept>
      <rtept lat="28.619804" lon="84.149128">
         <ele>3300</ele>
      </rtept>
      <rtept lat="28.620039" lon="84.148821">
         <ele>3310</ele>
      </rtept>
      <rtept lat="28.620734" lon="84.148379">
         <ele>3320</ele>
      </rtept>
      <rtept lat="28.621236" lon="84.147786">
         <ele>3330</ele>
      </rtept>
      <rtept lat="28.621494" lon="84.147191">
         <ele>3320</ele>
      </rtept>
      <rtept lat="28.621693" lon="84.14656">
         <ele>3310</ele>
      </rtept>
      <rtept lat="28.622063" lon="84.146187">
         <ele>3330</ele>
      </rtept>
      <rtept lat="28.622383" lon="84.14557">
         <ele>3330</ele>
      </rtept>
      <rtept lat="28.622587" lon="84.145036">
         <ele>3330</ele>
      </rtept>
      <rtept lat="28.622976" lon="84.144699">
         <ele>3360</ele>
      </rtept>
      <rtept lat="28.623449" lon="84.144547">
         <ele>3400</ele>
      </rtept>
      <rtept lat="28.62431" lon="84.144084">
         <ele>3450</ele>
      </rtept>
      <rtept lat="28.624747" lon="84.143691">
         <ele>3460</ele>
      </rtept>
      <rtept lat="28.625345" lon="84.143202">
         <ele>3440</ele>
      </rtept>
      <rtept lat="28.625962" lon="84.142883">
         <ele>3450</ele>
      </rtept>
      <rtept lat="28.626459" lon="84.142194">
         <ele>3440</ele>
      </rtept>
      <rtept lat="28.626413" lon="84.141698">
         <ele>3410</ele>
      </rtept>
      <rtept lat="28.629391" lon="84.140832">
         <ele>3520</ele>
      </rtept>
      <rtept lat="28.628959" lon="84.139683">
         <ele>3460</ele>
      </rtept>
      <rtept lat="28.629548" lon="84.139133">
         <ele>3490</ele>
      </rtept>
      <rtept lat="28.630057" lon="84.13883">
         <ele>3500</ele>
      </rtept>
      <rtept lat="28.630775" lon="84.138483">
         <ele>3500</ele>
      </rtept>
      <rtept lat="28.631235" lon="84.138368">
         <ele>3490</ele>
      </rtept>
      <rtept lat="28.631824" lon="84.138399">
         <ele>3480</ele>
      </rtept>
      <rtept lat="28.633007" lon="84.137953">
         <ele>3450</ele>
      </rtept>
      <rtept lat="28.633629" lon="84.137533">
         <ele>3420</ele>
      </rtept>
      <rtept lat="28.633927" lon="84.13815">
         <ele>3430</ele>
      </rtept>
      <rtept lat="28.634554" lon="84.138032">
         <ele>3410</ele>
      </rtept>
      <rtept lat="28.63502" lon="84.137816">
         <ele>3400</ele>
      </rtept>
      <rtept lat="28.635193" lon="84.137531">
         <ele>3390</ele>
      </rtept>
      <rtept lat="28.635519" lon="84.137368">
         <ele>3370</ele>
      </rtept>
      <rtept lat="28.635917" lon="84.137462">
         <ele>3370</ele>
      </rtept>
      <rtept lat="28.63602" lon="84.137057">
         <ele>3370</ele>
      </rtept>
      <rtept lat="28.6363" lon="84.137172">
         <ele>3390</ele>
      </rtept>
      <rtept lat="28.636603" lon="84.136857">
         <ele>3400</ele>
      </rtept>
      <rtept lat="28.63673" lon="84.13737">
         <ele>3420</ele>
      </rtept>
      <rtept lat="28.63696" lon="84.137118">
         <ele>3430</ele>
      </rtept>
      <rtept lat="28.637267" lon="84.137423">
         <ele>3460</ele>
      </rtept>
      <rtept lat="28.637484" lon="84.136956">
         <ele>3470</ele>
      </rtept>
      <rtept lat="28.637666" lon="84.137309">
         <ele>3490</ele>
      </rtept>
      <rtept lat="28.638189" lon="84.137512">
         <ele>3530</ele>
      </rtept>
      <rtept lat="28.638555" lon="84.137456">
         <ele>3550</ele>
      </rtept>
      <rtept lat="28.638607" lon="84.137778">
         <ele>3550</ele>
      </rtept>
      <rtept lat="28.638938" lon="84.1376">
         <ele>3570</ele>
      </rtept>
      <rtept lat="28.639152" lon="84.13801">
         <ele>3590</ele>
      </rtept>
      <rtept lat="28.639522" lon="84.138212">
         <ele>3610</ele>
      </rtept>
      <rtept lat="28.639862" lon="84.13784">
         <ele>3640</ele>
      </rtept>
      <rtept lat="28.640095" lon="84.137603">
         <ele>3640</ele>
      </rtept>
      <rtept lat="28.640585" lon="84.137605">
         <ele>3670</ele>
      </rtept>
      <rtept lat="28.640857" lon="84.137535">
         <ele>3680</ele>
      </rtept>
      <rtept lat="28.64112" lon="84.137356">
         <ele>3690</ele>
      </rtept>
      <rtept lat="28.641374" lon="84.137614">
         <ele>3700</ele>
      </rtept>
      <rtept lat="28.641534" lon="84.137249">
         <ele>3700</ele>
      </rtept>
      <rtept lat="28.642013" lon="84.137204">
         <ele>3700</ele>
      </rtept>
      <rtept lat="28.642505" lon="84.136794">
         <ele>3700</ele>
      </rtept>
      <rtept lat="28.64318" lon="84.136816">
         <ele>3720</ele>
      </rtept>
      <rtept lat="28.643501" lon="84.136968">
         <ele>3730</ele>
      </rtept>
      <rtept lat="28.645867" lon="84.134745">
         <ele>3710</ele>
      </rtept>
      <rtept lat="28.646401" lon="84.133862">
         <ele>3720</ele>
      </rtept>
      <rtept lat="28.646273" lon="84.133437">
         <ele>3730</ele>
      </rtept>
      <rtept lat="28.646058" lon="84.133102">
         <ele>3710</ele>
      </rtept>
      <rtept lat="28.646006" lon="84.132567">
         <ele>3720</ele>
      </rtept>
      <rtept lat="28.645718" lon="84.131948">
         <ele>3720</ele>
      </rtept>
      <rtept lat="28.64517" lon="84.131651">
         <ele>3720</ele>
      </rtept>
      <rtept lat="28.644642" lon="84.131212">
         <ele>3720</ele>
      </rtept>
      <rtept lat="28.644042" lon="84.130696">
         <ele>3720</ele>
      </rtept>
      <rtept lat="28.643313" lon="84.130141">
         <ele>3720</ele>
      </rtept>
      <rtept lat="28.642744" lon="84.129331">
         <ele>3730</ele>
      </rtept>
      <rtept lat="28.642581" lon="84.128932">
         <ele>3730</ele>
      </rtept>
      <rtept lat="28.642622" lon="84.128547">
         <ele>3740</ele>
      </rtept>
      <rtept lat="28.642466" lon="84.127976">
         <ele>3730</ele>
      </rtept>
      <rtept lat="28.6426" lon="84.127575">
         <ele>3740</ele>
      </rtept>
      <rtept lat="28.642819" lon="84.127234">
         <ele>3770</ele>
      </rtept>
      <rtept lat="28.642668" lon="84.126714">
         <ele>3770</ele>
      </rtept>
      <rtept lat="28.642374" lon="84.126089">
         <ele>3770</ele>
      </rtept>
      <rtept lat="28.642336" lon="84.12574">
         <ele>3770</ele>
      </rtept>
      <rtept lat="28.64245" lon="84.124817">
         <ele>3770</ele>
      </rtept>
      <rtept lat="28.642375" lon="84.124387">
         <ele>3770</ele>
      </rtept>
      <rtept lat="28.642187" lon="84.123185">
         <ele>3770</ele>
      </rtept>
      <rtept lat="28.642435" lon="84.123044">
         <ele>3770</ele>
      </rtept>
      <rtept lat="28.643131" lon="84.122449">
         <ele>3750</ele>
      </rtept>
      <rtept lat="28.643263" lon="84.122035">
         <ele>3730</ele>
      </rtept>
      <rtept lat="28.643313" lon="84.121192">
         <ele>3730</ele>
      </rtept>
      <rtept lat="28.642798" lon="84.120294">
         <ele>3730</ele>
      </rtept>
      <rtept lat="28.642375" lon="84.119741">
         <ele>3730</ele>
      </rtept>
      <rtept lat="28.642247" lon="84.118792">
         <ele>3730</ele>
      </rtept>
      <rtept lat="28.642389" lon="84.118176">
         <ele>3720</ele>
      </rtept>
      <rtept lat="28.64245" lon="84.117191">
         <ele>3700</ele>
      </rtept>
      <rtept lat="28.642284" lon="84.116669">
         <ele>3710</ele>
      </rtept>
      <rtept lat="28.64176" lon="84.116396">
         <ele>3710</ele>
      </rtept>
      <rtept lat="28.641408" lon="84.115935">
         <ele>3720</ele>
      </rtept>
      <rtept lat="28.641186" lon="84.115702">
         <ele>3700</ele>
      </rtept>
      <rtept lat="28.641824" lon="84.115065">
         <ele>3710</ele>
      </rtept>
      <rtept lat="28.641851" lon="84.113987">
         <ele>3690</ele>
      </rtept>
      <rtept lat="28.641883" lon="84.113281">
         <ele>3680</ele>
      </rtept>
      <rtept lat="28.642297" lon="84.112486">
         <ele>3690</ele>
      </rtept>
      <rtept lat="28.64289" lon="84.111991">
         <ele>3700</ele>
      </rtept>
      <rtept lat="28.643542" lon="84.11132">
         <ele>3690</ele>
      </rtept>
      <rtept lat="28.643726" lon="84.110754">
         <ele>3690</ele>
      </rtept>
      <rtept lat="28.644026" lon="84.109916">
         <ele>3690</ele>
      </rtept>
      <rtept lat="28.644619" lon="84.109027">
         <ele>3680</ele>
      </rtept>
      <rtept lat="28.644651" lon="84.108412">
         <ele>3670</ele>
      </rtept>
      <rtept lat="28.644406" lon="84.107579">
         <ele>3670</ele>
      </rtept>
      <rtept lat="28.644297" lon="84.106686">
         <ele>3660</ele>
      </rtept>
      <rtept lat="28.644456" lon="84.105589">
         <ele>3680</ele>
      </rtept>
      <rtept lat="28.644737" lon="84.105127">
         <ele>3670</ele>
      </rtept>
      <rtept lat="28.646287" lon="84.105685">
         <ele>3700</ele>
      </rtept>
      <rtept lat="28.647294" lon="84.105058">
         <ele>3660</ele>
      </rtept>
      <rtept lat="28.647878" lon="84.104665">
         <ele>3650</ele>
      </rtept>
      <rtept lat="28.648224" lon="84.103857">
         <ele>3650</ele>
      </rtept>
      <rtept lat="28.648089" lon="84.10312">
         <ele>3650</ele>
      </rtept>
      <rtept lat="28.648348" lon="84.102398">
         <ele>3660</ele>
      </rtept>
      <rtept lat="28.648354" lon="84.10188">
         <ele>3660</ele>
      </rtept>
      <rtept lat="28.648657" lon="84.101416">
         <ele>3660</ele>
      </rtept>
      <rtept lat="28.648971" lon="84.101167">
         <ele>3660</ele>
      </rtept>
      <rtept lat="28.649188" lon="84.100943">
         <ele>3660</ele>
      </rtept>
      <rtept lat="28.649751" lon="84.100839">
         <ele>3650</ele>
      </rtept>
      <rtept lat="28.650327" lon="84.100413">
         <ele>3640</ele>
      </rtept>
      <rtept lat="28.650403" lon="84.099821">
         <ele>3640</ele>
      </rtept>
      <rtept lat="28.649657" lon="84.099748">
         <ele>3630</ele>
      </rtept>
      <rtept lat="28.649252" lon="84.099319">
         <ele>3620</ele>
      </rtept>
      <rtept lat="28.649338" lon="84.09878">
         <ele>3640</ele>
      </rtept>
      <rtept lat="28.648394" lon="84.098051">
         <ele>3610</ele>
      </rtept>
      <rtept lat="28.648002" lon="84.097076">
         <ele>3590</ele>
      </rtept>
      <rtept lat="28.647692" lon="84.09612">
         <ele>3560</ele>
      </rtept>
      <rtept lat="28.647791" lon="84.095239">
         <ele>3560</ele>
      </rtept>
      <rtept lat="28.647586" lon="84.094295">
         <ele>3530</ele>
      </rtept>
      <rtept lat="28.647299" lon="84.093383">
         <ele>3520</ele>
      </rtept>
      <rtept lat="28.646962" lon="84.092523">
         <ele>3490</ele>
      </rtept>
      <rtept lat="28.647255" lon="84.091927">
         <ele>3490</ele>
      </rtept>
      <rtept lat="28.647446" lon="84.090934">
         <ele>3460</ele>
      </rtept>
      <rtept lat="28.647911" lon="84.090338">
         <ele>3460</ele>
      </rtept>
      <rtept lat="28.648526" lon="84.089948">
         <ele>3440</ele>
      </rtept>
      <rtept lat="28.648648" lon="84.089603">
         <ele>3440</ele>
      </rtept>
      <rtept lat="28.648322" lon="84.088425">
         <ele>3440</ele>
      </rtept>
      <rtept lat="28.648615" lon="84.087632">
         <ele>3440</ele>
      </rtept>
      <rtept lat="28.648699" lon="84.086853">
         <ele>3450</ele>
      </rtept>
      <rtept lat="28.648569" lon="84.086178">
         <ele>3440</ele>
      </rtept>
      <rtept lat="28.648771" lon="84.085335">
         <ele>3450</ele>
      </rtept>
      <rtept lat="28.649208" lon="84.084824">
         <ele>3450</ele>
      </rtept>
      <rtept lat="28.649804" lon="84.083932">
         <ele>3440</ele>
      </rtept>
      <rtept lat="28.649891" lon="84.083343">
         <ele>3430</ele>
      </rtept>
      <rtept lat="28.649381" lon="84.082928">
         <ele>3430</ele>
      </rtept>
      <rtept lat="28.649063" lon="84.082407">
         <ele>3440</ele>
      </rtept>
      <rtept lat="28.648887" lon="84.081624">
         <ele>3440</ele>
      </rtept>
      <rtept lat="28.648679" lon="84.08077">
         <ele>3440</ele>
      </rtept>
      <rtept lat="28.648832" lon="84.080061">
         <ele>3430</ele>
      </rtept>
      <rtept lat="28.648849" lon="84.079213">
         <ele>3430</ele>
      </rtept>
      <rtept lat="28.648914" lon="84.07832">
         <ele>3430</ele>
      </rtept>
      <rtept lat="28.649362" lon="84.077381">
         <ele>3430</ele>
      </rtept>
      <rtept lat="28.649632" lon="84.076512">
         <ele>3430</ele>
      </rtept>
      <rtept lat="28.649668" lon="84.075916">
         <ele>3430</ele>
      </rtept>
      <rtept lat="28.649869" lon="84.075091">
         <ele>3440</ele>
      </rtept>
      <rtept lat="28.650006" lon="84.074301">
         <ele>3440</ele>
      </rtept>
      <rtept lat="28.650044" lon="84.073608">
         <ele>3440</ele>
      </rtept>
      <rtept lat="28.649964" lon="84.072898">
         <ele>3450</ele>
      </rtept>
      <rtept lat="28.649998" lon="84.072186">
         <ele>3450</ele>
      </rtept>
      <rtept lat="28.649815" lon="84.071414">
         <ele>3450</ele>
      </rtept>
      <rtept lat="28.649439" lon="84.070702">
         <ele>3450</ele>
      </rtept>
      <rtept lat="28.64915" lon="84.069999">
         <ele>3450</ele>
      </rtept>
      <rtept lat="28.648972" lon="84.069186">
         <ele>3450</ele>
      </rtept>
      <rtept lat="28.648964" lon="84.068645">
         <ele>3450</ele>
      </rtept>
      <rtept lat="28.648534" lon="84.067924">
         <ele>3430</ele>
      </rtept>
      <rtept lat="28.648675" lon="84.067374">
         <ele>3430</ele>
      </rtept>
      <rtept lat="28.648785" lon="84.066701">
         <ele>3450</ele>
      </rtept>
      <rtept lat="28.648512" lon="84.066144">
         <ele>3450</ele>
      </rtept>
      <rtept lat="28.648648" lon="84.065103">
         <ele>3460</ele>
      </rtept>
      <rtept lat="28.648195" lon="84.064339">
         <ele>3450</ele>
      </rtept>
      <rtept lat="28.647792" lon="84.063909">
         <ele>3430</ele>
      </rtept>
      <rtept lat="28.647287" lon="84.063257">
         <ele>3420</ele>
      </rtept>
      <rtept lat="28.647616" lon="84.059788">
         <ele>3470</ele>
      </rtept>
      <rtept lat="28.647306" lon="84.059119">
         <ele>3470</ele>
      </rtept>
      <rtept lat="28.647507" lon="84.058313">
         <ele>3470</ele>
      </rtept>
      <rtept lat="28.647646" lon="84.057719">
         <ele>3470</ele>
      </rtept>
      <rtept lat="28.647868" lon="84.057124">
         <ele>3470</ele>
      </rtept>
      <rtept lat="28.648189" lon="84.056344">
         <ele>3460</ele>
      </rtept>
      <rtept lat="28.648654" lon="84.055591">
         <ele>3460</ele>
      </rtept>
      <rtept lat="28.648976" lon="84.054843">
         <ele>3460</ele>
      </rtept>
      <rtept lat="28.64909" lon="84.054032">
         <ele>3460</ele>
      </rtept>
      <rtept lat="28.649472" lon="84.053317">
         <ele>3450</ele>
      </rtept>
      <rtept lat="28.649591" lon="84.052969">
         <ele>3450</ele>
      </rtept>
      <rtept lat="28.649944" lon="84.052499">
         <ele>3460</ele>
      </rtept>
      <rtept lat="28.650426" lon="84.05201">
         <ele>3470</ele>
      </rtept>
      <rtept lat="28.650888" lon="84.051328">
         <ele>3470</ele>
      </rtept>
      <rtept lat="28.651132" lon="84.050482">
         <ele>3470</ele>
      </rtept>
      <rtept lat="28.651344" lon="84.04959">
         <ele>3480</ele>
      </rtept>
      <rtept lat="28.651786" lon="84.048655">
         <ele>3470</ele>
      </rtept>
      <rtept lat="28.652179" lon="84.047678">
         <ele>3470</ele>
      </rtept>
      <rtept lat="28.652639" lon="84.046874">
         <ele>3470</ele>
      </rtept>
      <rtept lat="28.652688" lon="84.046069">
         <ele>3460</ele>
      </rtept>
      <rtept lat="28.653088" lon="84.045796">
         <ele>3470</ele>
      </rtept>
      <rtept lat="28.653502" lon="84.045496">
         <ele>3480</ele>
      </rtept>
      <rtept lat="28.654033" lon="84.04534">
         <ele>3500</ele>
      </rtept>
      <rtept lat="28.654428" lon="84.04504">
         <ele>3500</ele>
      </rtept>
      <rtept lat="28.654661" lon="84.044054">
         <ele>3480</ele>
      </rtept>
      <rtept lat="28.655073" lon="84.043679">
         <ele>3480</ele>
      </rtept>
      <rtept lat="28.655498" lon="84.043262">
         <ele>3480</ele>
      </rtept>
      <rtept lat="28.655702" lon="84.04289">
         <ele>3480</ele>
      </rtept>
      <rtept lat="28.655972" lon="84.042544">
         <ele>3480</ele>
      </rtept>
      <rtept lat="28.656144" lon="84.04202">
         <ele>3480</ele>
      </rtept>
      <rtept lat="28.656332" lon="84.0414">
         <ele>3470</ele>
      </rtept>
      <rtept lat="28.656881" lon="84.041155">
         <ele>3470</ele>
      </rtept>
      <rtept lat="28.65703" lon="84.0405">
         <ele>3470</ele>
      </rtept>
      <rtept lat="28.657588" lon="84.040225">
         <ele>3480</ele>
      </rtept>
      <rtept lat="28.65795" lon="84.039753">
         <ele>3480</ele>
      </rtept>
      <rtept lat="28.658281" lon="84.039221">
         <ele>3500</ele>
      </rtept>
      <rtept lat="28.660137" lon="84.036933">
         <ele>3510</ele>
      </rtept>
      <rtept lat="28.661215" lon="84.035404">
         <ele>3490</ele>
      </rtept>
      <rtept lat="28.6625" lon="84.034119">
         <ele>3520</ele>
      </rtept>
      <rtept lat="28.663686" lon="84.032969">
         <ele>3550</ele>
      </rtept>
      <rtept lat="28.664591" lon="84.031355">
         <ele>3580</ele>
      </rtept>
      <rtept lat="28.665198" lon="84.03023">
         <ele>3530</ele>
      </rtept>
      <rtept lat="28.663832" lon="84.030349">
         <ele>3560</ele>
      </rtept>
      <rtept lat="28.664672" lon="84.028286">
         <ele>3510</ele>
      </rtept>
      <rtept lat="28.664225" lon="84.026746">
         <ele>3520</ele>
      </rtept>
      <rtept lat="28.664258" lon="84.026236">
         <ele>3530</ele>
      </rtept>
      <rtept lat="28.665036" lon="84.025579">
         <ele>3540</ele>
      </rtept>
      <rtept lat="28.666047" lon="84.024168">
         <ele>3550</ele>
      </rtept>
      <rtept lat="28.665907" lon="84.023834">
         <ele>3550</ele>
      </rtept>
      <rtept lat="28.665592" lon="84.023797">
         <ele>3550</ele>
      </rtept>
      <rtept lat="28.665928" lon="84.024047">
         <ele>3550</ele>
      </rtept>
      <rtept lat="28.665754" lon="84.023801">
         <ele>3550</ele>
      </rtept>
      <rtept lat="28.665893" lon="84.024069">
         <ele>3550</ele>
      </rtept>
      <rtept lat="28.665451" lon="84.023816">
         <ele>3540</ele>
      </rtept>
      <rtept lat="28.665874" lon="84.023866">
         <ele>3550</ele>
      </rtept>
      <rtept lat="28.665589" lon="84.023983">
         <ele>3550</ele>
      </rtept>
      <rtept lat="28.665972" lon="84.023881">
         <ele>3550</ele>
      </rtept>
      <rtept lat="28.665664" lon="84.023944">
         <ele>3550</ele>
      </rtept>
      <rtept lat="28.665912" lon="84.02375">
         <ele>3550</ele>
      </rtept>
      <rtept lat="28.665895" lon="84.024058">
         <ele>3550</ele>
      </rtept>
      <rtept lat="28.665667" lon="84.023695">
         <ele>3550</ele>
      </rtept>
      <rtept lat="28.6657" lon="84.02402">
         <ele>3550</ele>
      </rtept>
      <rtept lat="28.665583" lon="84.023611">
         <ele>3540</ele>
      </rtept>
      <rtept lat="28.665754" lon="84.023185">
         <ele>3540</ele>
      </rtept>
      <rtept lat="28.666026" lon="84.023181">
         <ele>3540</ele>
      </rtept>
      <rtept lat="28.66674" lon="84.022084">
         <ele>3550</ele>
      </rtept>
      <rtept lat="28.666926" lon="84.021495">
         <ele>3550</ele>
      </rtept>
      <rtept lat="28.667294" lon="84.020843">
         <ele>3550</ele>
      </rtept>
      <rtept lat="28.667834" lon="84.02052">
         <ele>3560</ele>
      </rtept>
      <rtept lat="28.668382" lon="84.019633">
         <ele>3540</ele>
      </rtept>
      <rtept lat="28.668653" lon="84.019332">
         <ele>3550</ele>
      </rtept>
      <rtept lat="28.668995" lon="84.018692">
         <ele>3560</ele>
      </rtept>
      <rtept lat="28.669194" lon="84.018361">
         <ele>3560</ele>
      </rtept>
      <rtept lat="28.669254" lon="84.017838">
         <ele>3560</ele>
      </rtept>
      <rtept lat="28.669654" lon="84.017549">
         <ele>3570</ele>
      </rtept>
      <rtept lat="28.669532" lon="84.01713">
         <ele>3570</ele>
      </rtept>
      <rtept lat="28.669646" lon="84.016711">
         <ele>3580</ele>
      </rtept>
      <rtept lat="28.669416" lon="84.016192">
         <ele>3590</ele>
      </rtept>
      <rtept lat="28.669486" lon="84.015883">
         <ele>3600</ele>
      </rtept>
      <rtept lat="28.669594" lon="84.015333">
         <ele>3610</ele>
      </rtept>
      <rtept lat="28.669863" lon="84.015091">
         <ele>3620</ele>
      </rtept>
      <rtept lat="28.670058" lon="84.01544">
         <ele>3620</ele>
      </rtept>
      <rtept lat="28.670296" lon="84.014875">
         <ele>3640</ele>
      </rtept>
      <rtept lat="28.670408" lon="84.014488">
         <ele>3650</ele>
      </rtept>
      <rtept lat="28.670663" lon="84.014149">
         <ele>3650</ele>
      </rtept>
      <rtept lat="28.670555" lon="84.01358">
         <ele>3660</ele>
      </rtept>
      <rtept lat="28.670872" lon="84.013322">
         <ele>3660</ele>
      </rtept>
      <rtept lat="28.671173" lon="84.013258">
         <ele>3670</ele>
      </rtept>
      <rtept lat="28.671572" lon="84.01312">
         <ele>3690</ele>
      </rtept>
      <rtept lat="28.67189" lon="84.0127">
         <ele>3690</ele>
      </rtept>
      <rtept lat="28.672152" lon="84.012294">
         <ele>3690</ele>
      </rtept>
      <rtept lat="28.672498" lon="84.011731">
         <ele>3700</ele>
      </rtept>
      <rtept lat="28.672591" lon="84.010869">
         <ele>3690</ele>
      </rtept>
      <rtept lat="28.672542" lon="84.010036">
         <ele>3700</ele>
      </rtept>
      <rtept lat="28.672781" lon="84.009369">
         <ele>3700</ele>
      </rtept>
      <rtept lat="28.672877" lon="84.008652">
         <ele>3700</ele>
      </rtept>
      <rtept lat="28.673016" lon="84.008051">
         <ele>3700</ele>
      </rtept>
      <rtept lat="28.673356" lon="84.007407">
         <ele>3720</ele>
      </rtept>
      <rtept lat="28.673498" lon="84.007074">
         <ele>3720</ele>
      </rtept>
      <rtept lat="28.67356" lon="84.006497">
         <ele>3720</ele>
      </rtept>
      <rtept lat="28.673564" lon="84.006051">
         <ele>3720</ele>
      </rtept>
      <rtept lat="28.673841" lon="84.005464">
         <ele>3750</ele>
      </rtept>
      <rtept lat="28.673913" lon="84.005141">
         <ele>3750</ele>
      </rtept>
      <rtept lat="28.674091" lon="84.004827">
         <ele>3750</ele>
      </rtept>
      <rtept lat="28.674322" lon="84.004517">
         <ele>3750</ele>
      </rtept>
      <rtept lat="28.674726" lon="84.004583">
         <ele>3770</ele>
      </rtept>
      <rtept lat="28.675246" lon="84.004249">
         <ele>3770</ele>
      </rtept>
      <rtept lat="28.675715" lon="84.003997">
         <ele>3780</ele>
      </rtept>
      <rtept lat="28.676105" lon="84.004002">
         <ele>3790</ele>
      </rtept>
      <rtept lat="28.676505" lon="84.003903">
         <ele>3790</ele>
      </rtept>
      <rtept lat="28.676914" lon="84.003563">
         <ele>3790</ele>
      </rtept>
      <rtept lat="28.677226" lon="84.003241">
         <ele>3800</ele>
      </rtept>
      <rtept lat="28.677745" lon="84.003051">
         <ele>3820</ele>
      </rtept>
      <rtept lat="28.678087" lon="84.002936">
         <ele>3830</ele>
      </rtept>
      <rtept lat="28.678458" lon="84.002827">
         <ele>3830</ele>
      </rtept>
      <rtept lat="28.679024" lon="84.002884">
         <ele>3840</ele>
      </rtept>
      <rtept lat="28.679476" lon="84.00289">
         <ele>3840</ele>
      </rtept>
      <rtept lat="28.679932" lon="84.002712">
         <ele>3850</ele>
      </rtept>
      <rtept lat="28.680402" lon="84.002566">
         <ele>3860</ele>
      </rtept>
      <rtept lat="28.680792" lon="84.002276">
         <ele>3860</ele>
      </rtept>
      <rtept lat="28.681094" lon="84.001962">
         <ele>3870</ele>
      </rtept>
      <rtept lat="28.681409" lon="84.001634">
         <ele>3880</ele>
      </rtept>
      <rtept lat="28.68187" lon="84.001034">
         <ele>3880</ele>
      </rtept>
      <rtept lat="28.682553" lon="84.000892">
         <ele>3880</ele>
      </rtept>
      <rtept lat="28.68306" lon="84.000967">
         <ele>3890</ele>
      </rtept>
      <rtept lat="28.68348" lon="84.000584">
         <ele>3890</ele>
      </rtept>
      <rtept lat="28.683859" lon="84.000343">
         <ele>3900</ele>
      </rtept>
      <rtept lat="28.684277" lon="83.99988">
         <ele>3900</ele>
      </rtept>
      <rtept lat="28.684412" lon="83.99912">
         <ele>3910</ele>
      </rtept>
      <rtept lat="28.684604" lon="83.998537">
         <ele>3920</ele>
      </rtept>
      <rtept lat="28.685132" lon="83.99814">
         <ele>3920</ele>
      </rtept>
      <rtept lat="28.685666" lon="83.997736">
         <ele>3930</ele>
      </rtept>
      <rtept lat="28.686155" lon="83.997268">
         <ele>3940</ele>
      </rtept>
      <rtept lat="28.686706" lon="83.996882">
         <ele>3940</ele>
      </rtept>
      <rtept lat="28.687606" lon="83.996624">
         <ele>3960</ele>
      </rtept>
      <rtept lat="28.688201" lon="83.996393">
         <ele>3960</ele>
      </rtept>
      <rtept lat="28.688795" lon="83.996109">
         <ele>3970</ele>
      </rtept>
      <rtept lat="28.689284" lon="83.995557">
         <ele>3970</ele>
      </rtept>
      <rtept lat="28.689854" lon="83.995276">
         <ele>3980</ele>
      </rtept>
      <rtept lat="28.690214" lon="83.994486">
         <ele>3970</ele>
      </rtept>
      <rtept lat="28.690809" lon="83.99413">
         <ele>3970</ele>
      </rtept>
      <rtept lat="28.691046" lon="83.993272">
         <ele>3960</ele>
      </rtept>
      <rtept lat="28.691491" lon="83.99258">
         <ele>3970</ele>
      </rtept>
      <rtept lat="28.69171" lon="83.991866">
         <ele>3960</ele>
      </rtept>
      <rtept lat="28.692154" lon="83.991453">
         <ele>3980</ele>
      </rtept>
      <rtept lat="28.692724" lon="83.990879">
         <ele>3980</ele>
      </rtept>
      <rtept lat="28.693032" lon="83.989939">
         <ele>3970</ele>
      </rtept>
      <rtept lat="28.693622" lon="83.989252">
         <ele>3960</ele>
      </rtept>
      <rtept lat="28.694289" lon="83.989036">
         <ele>3950</ele>
      </rtept>
      <rtept lat="28.695075" lon="83.988828">
         <ele>3950</ele>
      </rtept>
      <rtept lat="28.695397" lon="83.988983">
         <ele>3950</ele>
      </rtept>
      <rtept lat="28.695815" lon="83.989314">
         <ele>3960</ele>
      </rtept>
      <rtept lat="28.69698" lon="83.989402">
         <ele>3950</ele>
      </rtept>
      <rtept lat="28.697447" lon="83.989659">
         <ele>3950</ele>
      </rtept>
      <rtept lat="28.697938" lon="83.990137">
         <ele>3960</ele>
      </rtept>
      <rtept lat="28.698684" lon="83.990385">
         <ele>3950</ele>
      </rtept>
      <rtept lat="28.699193" lon="83.990389">
         <ele>3940</ele>
      </rtept>
      <rtept lat="28.69964" lon="83.989921">
         <ele>3960</ele>
      </rtept>
      <rtept lat="28.699419" lon="83.989486">
         <ele>3950</ele>
      </rtept>
      <rtept lat="28.7" lon="83.988817">
         <ele>3970</ele>
      </rtept>
      <rtept lat="28.700419" lon="83.98823">
         <ele>3980</ele>
      </rtept>
      <rtept lat="28.700797" lon="83.987618">
         <ele>3990</ele>
      </rtept>
      <rtept lat="28.700979" lon="83.986418">
         <ele>3990</ele>
      </rtept>
      <rtept lat="28.701222" lon="83.98616">
         <ele>4000</ele>
      </rtept>
      <rtept lat="28.701663" lon="83.985688">
         <ele>4010</ele>
      </rtept>
      <rtept lat="28.702138" lon="83.984982">
         <ele>4020</ele>
      </rtept>
      <rtept lat="28.70273" lon="83.984619">
         <ele>4030</ele>
      </rtept>
      <rtept lat="28.703206" lon="83.984064">
         <ele>4020</ele>
      </rtept>
      <rtept lat="28.703552" lon="83.983711">
         <ele>4020</ele>
      </rtept>
      <rtept lat="28.703923" lon="83.983281">
         <ele>4020</ele>
      </rtept>
      <rtept lat="28.704227" lon="83.98285">
         <ele>4010</ele>
      </rtept>
      <rtept lat="28.704768" lon="83.982433">
         <ele>4010</ele>
      </rtept>
      <rtept lat="28.705208" lon="83.982127">
         <ele>4000</ele>
      </rtept>
      <rtept lat="28.705885" lon="83.981683">
         <ele>4010</ele>
      </rtept>
      <rtept lat="28.706656" lon="83.980958">
         <ele>4000</ele>
      </rtept>
      <rtept lat="28.707083" lon="83.980581">
         <ele>3990</ele>
      </rtept>
      <rtept lat="28.708062" lon="83.979391">
         <ele>3980</ele>
      </rtept>
      <rtept lat="28.708605" lon="83.979033">
         <ele>3990</ele>
      </rtept>
      <rtept lat="28.709016" lon="83.978547">
         <ele>3980</ele>
      </rtept>
      <rtept lat="28.709706" lon="83.978706">
         <ele>4010</ele>
      </rtept>
      <rtept lat="28.710484" lon="83.978299">
         <ele>4010</ele>
      </rtept>
      <rtept lat="28.711546" lon="83.97811">
         <ele>4020</ele>
      </rtept>
      <rtept lat="28.712403" lon="83.977648">
         <ele>4020</ele>
      </rtept>
      <rtept lat="28.71313" lon="83.977562">
         <ele>4030</ele>
      </rtept>
      <rtept lat="28.713728" lon="83.976842">
         <ele>4010</ele>
      </rtept>
      <rtept lat="28.714228" lon="83.976444">
         <ele>4000</ele>
      </rtept>
      <rtept lat="28.714927" lon="83.976192">
         <ele>4010</ele>
      </rtept>
      <rtept lat="28.715339" lon="83.976038">
         <ele>4010</ele>
      </rtept>
      <rtept lat="28.715827" lon="83.976131">
         <ele>4010</ele>
      </rtept>
      <rtept lat="28.716302" lon="83.976105">
         <ele>4010</ele>
      </rtept>
      <rtept lat="28.71699" lon="83.976056">
         <ele>4020</ele>
      </rtept>
      <rtept lat="28.717676" lon="83.976342">
         <ele>4030</ele>
      </rtept>
      <rtept lat="28.718123" lon="83.976244">
         <ele>4020</ele>
      </rtept>
      <rtept lat="28.718399" lon="83.976099">
         <ele>4020</ele>
      </rtept>
      <rtept lat="28.718435" lon="83.976529">
         <ele>4030</ele>
      </rtept>
      <rtept lat="28.718615" lon="83.976212">
         <ele>4030</ele>
      </rtept>
      <rtept lat="28.719139" lon="83.975742">
         <ele>4030</ele>
      </rtept>
      <rtept lat="28.719688" lon="83.975453">
         <ele>4020</ele>
      </rtept>
      <rtept lat="28.720339" lon="83.975207">
         <ele>4030</ele>
      </rtept>
      <rtept lat="28.720997" lon="83.97475">
         <ele>4020</ele>
      </rtept>
      <rtept lat="28.721493" lon="83.974456">
         <ele>4020</ele>
      </rtept>
      <rtept lat="28.722161" lon="83.974128">
         <ele>4030</ele>
      </rtept>
      <rtept lat="28.722475" lon="83.974131">
         <ele>4030</ele>
      </rtept>
      <rtept lat="28.722834" lon="83.973912">
         <ele>4030</ele>
      </rtept>
      <rtept lat="28.723353" lon="83.973766">
         <ele>4030</ele>
      </rtept>
      <rtept lat="28.723966" lon="83.973339">
         <ele>4040</ele>
      </rtept>
      <rtept lat="28.724402" lon="83.973102">
         <ele>4050</ele>
      </rtept>
      <rtept lat="28.724963" lon="83.972846">
         <ele>4060</ele>
      </rtept>
      <rtept lat="28.725259" lon="83.972606">
         <ele>4060</ele>
      </rtept>
      <rtept lat="28.725732" lon="83.97246">
         <ele>4080</ele>
      </rtept>
      <rtept lat="28.726191" lon="83.971881">
         <ele>4080</ele>
      </rtept>
      <rtept lat="28.726643" lon="83.971613">
         <ele>4080</ele>
      </rtept>
      <rtept lat="28.72709" lon="83.97144">
         <ele>4090</ele>
      </rtept>
      <rtept lat="28.727489" lon="83.971159">
         <ele>4100</ele>
      </rtept>
      <rtept lat="28.728091" lon="83.971115">
         <ele>4110</ele>
      </rtept>
      <rtept lat="28.728648" lon="83.970812">
         <ele>4100</ele>
      </rtept>
      <rtept lat="28.729294" lon="83.971002">
         <ele>4120</ele>
      </rtept>
      <rtept lat="28.729802" lon="83.970895">
         <ele>4120</ele>
      </rtept>
      <rtept lat="28.730429" lon="83.971042">
         <ele>4120</ele>
      </rtept>
      <rtept lat="28.730796" lon="83.971006">
         <ele>4120</ele>
      </rtept>
      <rtept lat="28.731336" lon="83.970702">
         <ele>4130</ele>
      </rtept>
      <rtept lat="28.731831" lon="83.970719">
         <ele>4130</ele>
      </rtept>
      <rtept lat="28.732256" lon="83.970492">
         <ele>4140</ele>
      </rtept>
      <rtept lat="28.732681" lon="83.970173">
         <ele>4140</ele>
      </rtept>
      <rtept lat="28.733156" lon="83.970524">
         <ele>4150</ele>
      </rtept>
      <rtept lat="28.733346" lon="83.970991">
         <ele>4160</ele>
      </rtept>
      <rtept lat="28.73396" lon="83.971316">
         <ele>4170</ele>
      </rtept>
      <rtept lat="28.734136" lon="83.971677">
         <ele>4170</ele>
      </rtept>
      <rtept lat="28.734391" lon="83.971968">
         <ele>4180</ele>
      </rtept>
      <rtept lat="28.734518" lon="83.972394">
         <ele>4180</ele>
      </rtept>
      <rtept lat="28.735085" lon="83.97282">
         <ele>4190</ele>
      </rtept>
      <rtept lat="28.735562" lon="83.973368">
         <ele>4210</ele>
      </rtept>
      <rtept lat="28.736041" lon="83.973189">
         <ele>4200</ele>
      </rtept>
      <rtept lat="28.73644" lon="83.972946">
         <ele>4190</ele>
      </rtept>
      <rtept lat="28.736864" lon="83.973025">
         <ele>4210</ele>
      </rtept>
      <rtept lat="28.737128" lon="83.973128">
         <ele>4210</ele>
      </rtept>
      <rtept lat="28.738009" lon="83.97304">
         <ele>4200</ele>
      </rtept>
      <rtept lat="28.738409" lon="83.972865">
         <ele>4210</ele>
      </rtept>
      <rtept lat="28.739146" lon="83.97322">
         <ele>4220</ele>
      </rtept>
      <rtept lat="28.739405" lon="83.973102">
         <ele>4220</ele>
      </rtept>
      <rtept lat="28.739954" lon="83.972968">
         <ele>4220</ele>
      </rtept>
      <rtept lat="28.740568" lon="83.972753">
         <ele>4220</ele>
      </rtept>
      <rtept lat="28.741085" lon="83.972522">
         <ele>4200</ele>
      </rtept>
      <rtept lat="28.741695" lon="83.972547">
         <ele>4220</ele>
      </rtept>
      <rtept lat="28.742157" lon="83.972517">
         <ele>4230</ele>
      </rtept>
      <rtept lat="28.742674" lon="83.972102">
         <ele>4230</ele>
      </rtept>
      <rtept lat="28.743024" lon="83.97199">
         <ele>4240</ele>
      </rtept>
      <rtept lat="28.743401" lon="83.971655">
         <ele>4230</ele>
      </rtept>
      <rtept lat="28.743841" lon="83.971458">
         <ele>4240</ele>
      </rtept>
      <rtept lat="28.744192" lon="83.971168">
         <ele>4250</ele>
      </rtept>
      <rtept lat="28.744675" lon="83.971739">
         <ele>4280</ele>
      </rtept>
      <rtept lat="28.745208" lon="83.971471">
         <ele>4280</ele>
      </rtept>
      <rtept lat="28.74572" lon="83.97168">
         <ele>4310</ele>
      </rtept>
      <rtept lat="28.74665" lon="83.972012">
         <ele>4330</ele>
      </rtept>
      <rtept lat="28.747136" lon="83.971851">
         <ele>4310</ele>
      </rtept>
      <rtept lat="28.747614" lon="83.971692">
         <ele>4310</ele>
      </rtept>
      <rtept lat="28.748786" lon="83.970383">
         <ele>4290</ele>
      </rtept>
      <rtept lat="28.749465" lon="83.96985">
         <ele>4290</ele>
      </rtept>
      <rtept lat="28.750294" lon="83.969887">
         <ele>4300</ele>
      </rtept>
      <rtept lat="28.750799" lon="83.969617">
         <ele>4310</ele>
      </rtept>
      <rtept lat="28.751109" lon="83.969888">
         <ele>4320</ele>
      </rtept>
      <rtept lat="28.751381" lon="83.970142">
         <ele>4340</ele>
      </rtept>
      <rtept lat="28.751917" lon="83.969943">
         <ele>4330</ele>
      </rtept>
      <rtept lat="28.752383" lon="83.969937">
         <ele>4330</ele>
      </rtept>
      <rtept lat="28.752638" lon="83.969525">
         <ele>4320</ele>
      </rtept>
      <rtept lat="28.753169" lon="83.96967">
         <ele>4340</ele>
      </rtept>
      <rtept lat="28.753688" lon="83.969551">
         <ele>4350</ele>
      </rtept>
      <rtept lat="28.753967" lon="83.969063">
         <ele>4330</ele>
      </rtept>
      <rtept lat="28.754442" lon="83.968745">
         <ele>4330</ele>
      </rtept>
      <rtept lat="28.754924" lon="83.96843">
         <ele>4330</ele>
      </rtept>
      <rtept lat="28.755576" lon="83.967987">
         <ele>4320</ele>
      </rtept>
      <rtept lat="28.75613" lon="83.967726">
         <ele>4330</ele>
      </rtept>
      <rtept lat="28.756983" lon="83.967992">
         <ele>4350</ele>
      </rtept>
      <rtept lat="28.757491" lon="83.967616">
         <ele>4330</ele>
      </rtept>
      <rtept lat="28.758417" lon="83.96789">
         <ele>4330</ele>
      </rtept>
      <rtept lat="28.758678" lon="83.968052">
         <ele>4340</ele>
      </rtept>
      <rtept lat="28.759323" lon="83.967601">
         <ele>4330</ele>
      </rtept>
      <rtept lat="28.759951" lon="83.967069">
         <ele>4320</ele>
      </rtept>
      <rtept lat="28.760472" lon="83.966786">
         <ele>4330</ele>
      </rtept>
      <rtept lat="28.760992" lon="83.966287">
         <ele>4350</ele>
      </rtept>
      <rtept lat="28.761163" lon="83.96678">
         <ele>4330</ele>
      </rtept>
      <rtept lat="28.761421" lon="83.966058">
         <ele>4360</ele>
      </rtept>
      <rtept lat="28.761548" lon="83.965557">
         <ele>4390</ele>
      </rtept>
      <rtept lat="28.762004" lon="83.965705">
         <ele>4370</ele>
      </rtept>
      <rtept lat="28.76249" lon="83.966433">
         <ele>4340</ele>
      </rtept>
      <rtept lat="28.763377" lon="83.966165">
         <ele>4360</ele>
      </rtept>
      <rtept lat="28.763919" lon="83.96585">
         <ele>4400</ele>
      </rtept>
      <rtept lat="28.764518" lon="83.966142">
         <ele>4410</ele>
      </rtept>
      <rtept lat="28.765128" lon="83.966307">
         <ele>4410</ele>
      </rtept>
      <rtept lat="28.765613" lon="83.966542">
         <ele>4410</ele>
      </rtept>
      <rtept lat="28.766209" lon="83.966719">
         <ele>4420</ele>
      </rtept>
      <rtept lat="28.766707" lon="83.967132">
         <ele>4420</ele>
      </rtept>
      <rtept lat="28.767221" lon="83.967489">
         <ele>4420</ele>
      </rtept>
      <rtept lat="28.767754" lon="83.967771">
         <ele>4420</ele>
      </rtept>
      <rtept lat="28.768248" lon="83.9681">
         <ele>4400</ele>
      </rtept>
      <rtept lat="28.768958" lon="83.968384">
         <ele>4400</ele>
      </rtept>
      <rtept lat="28.769268" lon="83.968833">
         <ele>4410</ele>
      </rtept>
      <rtept lat="28.7696" lon="83.968904">
         <ele>4410</ele>
      </rtept>
      <rtept lat="28.7701" lon="83.968892">
         <ele>4430</ele>
      </rtept>
      <rtept lat="28.770746" lon="83.969213">
         <ele>4440</ele>
      </rtept>
      <rtept lat="28.771102" lon="83.969654">
         <ele>4420</ele>
      </rtept>
      <rtept lat="28.771624" lon="83.970047">
         <ele>4450</ele>
      </rtept>
      <rtept lat="28.772104" lon="83.970423">
         <ele>4460</ele>
      </rtept>
      <rtept lat="28.772371" lon="83.970796">
         <ele>4450</ele>
      </rtept>
      <rtept lat="28.772823" lon="83.970691">
         <ele>4480</ele>
      </rtept>
      <rtept lat="28.773068" lon="83.970936">
         <ele>4480</ele>
      </rtept>
      <rtept lat="28.773497" lon="83.971394">
         <ele>4460</ele>
      </rtept>
      <rtept lat="28.773931" lon="83.971493">
         <ele>4470</ele>
      </rtept>
      <rtept lat="28.774386" lon="83.971702">
         <ele>4490</ele>
      </rtept>
      <rtept lat="28.774612" lon="83.971959">
         <ele>4480</ele>
      </rtept>
      <rtept lat="28.775145" lon="83.972279">
         <ele>4490</ele>
      </rtept>
      <rtept lat="28.775703" lon="83.9724">
         <ele>4500</ele>
      </rtept>
      <rtept lat="28.776115" lon="83.972367">
         <ele>4520</ele>
      </rtept>
      <rtept lat="28.776685" lon="83.972573">
         <ele>4520</ele>
      </rtept>
      <rtept lat="28.77699" lon="83.972406">
         <ele>4530</ele>
      </rtept>
      <rtept lat="28.777306" lon="83.972344">
         <ele>4550</ele>
      </rtept>
      <rtept lat="28.777619" lon="83.972072">
         <ele>4560</ele>
      </rtept>
      <rtept lat="28.778195" lon="83.972027">
         <ele>4580</ele>
      </rtept>
      <rtept lat="28.778469" lon="83.971922">
         <ele>4580</ele>
      </rtept>
      <rtept lat="28.778634" lon="83.97162">
         <ele>4600</ele>
      </rtept>
      <rtept lat="28.778958" lon="83.971432">
         <ele>4610</ele>
      </rtept>
      <rtept lat="28.779272" lon="83.971106">
         <ele>4640</ele>
      </rtept>
      <rtept lat="28.7794" lon="83.970801">
         <ele>4650</ele>
      </rtept>
      <rtept lat="28.779534" lon="83.970514">
         <ele>4660</ele>
      </rtept>
      <rtept lat="28.779794" lon="83.97026">
         <ele>4680</ele>
      </rtept>
      <rtept lat="28.779848" lon="83.969921">
         <ele>4690</ele>
      </rtept>
      <rtept lat="28.779791" lon="83.969473">
         <ele>4720</ele>
      </rtept>
      <rtept lat="28.779724" lon="83.969081">
         <ele>4730</ele>
      </rtept>
      <rtept lat="28.779857" lon="83.968775">
         <ele>4750</ele>
      </rtept>
      <rtept lat="28.780162" lon="83.968462">
         <ele>4780</ele>
      </rtept>
      <rtept lat="28.780186" lon="83.968062">
         <ele>4780</ele>
      </rtept>
      <rtept lat="28.780379" lon="83.96778">
         <ele>4800</ele>
      </rtept>
      <rtept lat="28.780791" lon="83.967614">
         <ele>4820</ele>
      </rtept>
      <rtept lat="28.781101" lon="83.96759">
         <ele>4830</ele>
      </rtept>
      <rtept lat="28.781484" lon="83.967488">
         <ele>4840</ele>
      </rtept>
      <rtept lat="28.782001" lon="83.967477">
         <ele>4860</ele>
      </rtept>
      <rtept lat="28.782364" lon="83.967599">
         <ele>4860</ele>
      </rtept>
      <rtept lat="28.78272" lon="83.96766">
         <ele>4870</ele>
      </rtept>
      <rtept lat="28.783072" lon="83.967511">
         <ele>4880</ele>
      </rtept>
      <rtept lat="28.783458" lon="83.967132">
         <ele>4880</ele>
      </rtept>
      <rtept lat="28.783622" lon="83.966634">
         <ele>4880</ele>
      </rtept>
      <rtept lat="28.783936" lon="83.966508">
         <ele>4880</ele>
      </rtept>
      <rtept lat="28.784298" lon="83.96647">
         <ele>4880</ele>
      </rtept>
      <rtept lat="28.784534" lon="83.96629">
         <ele>4900</ele>
      </rtept>
      <rtept lat="28.784623" lon="83.965949">
         <ele>4920</ele>
      </rtept>
      <rtept lat="28.784981" lon="83.965977">
         <ele>4920</ele>
      </rtept>
      <rtept lat="28.785207" lon="83.965784">
         <ele>4920</ele>
      </rtept>
      <rtept lat="28.78525" lon="83.965281">
         <ele>4940</ele>
      </rtept>
      <rtept lat="28.785171" lon="83.964892">
         <ele>4940</ele>
      </rtept>
      <rtept lat="28.785452" lon="83.963682">
         <ele>4950</ele>
      </rtept>
      <rtept lat="28.78561" lon="83.963089">
         <ele>4950</ele>
      </rtept>
      <rtept lat="28.785498" lon="83.962528">
         <ele>4960</ele>
      </rtept>
      <rtept lat="28.785329" lon="83.961783">
         <ele>4980</ele>
      </rtept>
      <rtept lat="28.785312" lon="83.961452">
         <ele>4980</ele>
      </rtept>
      <rtept lat="28.785386" lon="83.961141">
         <ele>4990</ele>
      </rtept>
      <rtept lat="28.785865" lon="83.961145">
         <ele>5000</ele>
      </rtept>
      <rtept lat="28.786267" lon="83.961613">
         <ele>5000</ele>
      </rtept>
      <rtept lat="28.786529" lon="83.961225">
         <ele>5010</ele>
      </rtept>
      <rtept lat="28.786677" lon="83.960751">
         <ele>5030</ele>
      </rtept>
      <rtept lat="28.786578" lon="83.960147">
         <ele>5030</ele>
      </rtept>
      <rtept lat="28.786442" lon="83.95958">
         <ele>5040</ele>
      </rtept>
      <rtept lat="28.786677" lon="83.959075">
         <ele>5050</ele>
      </rtept>
      <rtept lat="28.786853" lon="83.958795">
         <ele>5060</ele>
      </rtept>
      <rtept lat="28.786913" lon="83.958435">
         <ele>5060</ele>
      </rtept>
      <rtept lat="28.78708" lon="83.957597">
         <ele>5070</ele>
      </rtept>
      <rtept lat="28.787209" lon="83.957323">
         <ele>5080</ele>
      </rtept>
      <rtept lat="28.787131" lon="83.956936">
         <ele>5100</ele>
      </rtept>
      <rtept lat="28.78715" lon="83.956571">
         <ele>5110</ele>
      </rtept>
      <rtept lat="28.787097" lon="83.956184">
         <ele>5120</ele>
      </rtept>
      <rtept lat="28.787188" lon="83.955726">
         <ele>5130</ele>
      </rtept>
      <rtept lat="28.78726" lon="83.955336">
         <ele>5140</ele>
      </rtept>
      <rtept lat="28.787079" lon="83.954757">
         <ele>5140</ele>
      </rtept>
      <rtept lat="28.787215" lon="83.954432">
         <ele>5150</ele>
      </rtept>
      <rtept lat="28.78745" lon="83.954061">
         <ele>5150</ele>
      </rtept>
      <rtept lat="28.787658" lon="83.953714">
         <ele>5160</ele>
      </rtept>
      <rtept lat="28.787638" lon="83.953354">
         <ele>5160</ele>
      </rtept>
      <rtept lat="28.787491" lon="83.953072">
         <ele>5160</ele>
      </rtept>
      <rtept lat="28.787238" lon="83.95222">
         <ele>5180</ele>
      </rtept>
      <rtept lat="28.787234" lon="83.951912">
         <ele>5190</ele>
      </rtept>
      <rtept lat="28.787279" lon="83.951455">
         <ele>5200</ele>
      </rtept>
      <rtept lat="28.787661" lon="83.95126">
         <ele>5210</ele>
      </rtept>
      <rtept lat="28.788028" lon="83.951269">
         <ele>5210</ele>
      </rtept>
      <rtept lat="28.788349" lon="83.951271">
         <ele>5210</ele>
      </rtept>
      <rtept lat="28.788747" lon="83.951041">
         <ele>5220</ele>
      </rtept>
      <rtept lat="28.788978" lon="83.95086">
         <ele>5230</ele>
      </rtept>
      <rtept lat="28.789235" lon="83.950639">
         <ele>5240</ele>
      </rtept>
      <rtept lat="28.789219" lon="83.950265">
         <ele>5250</ele>
      </rtept>
      <rtept lat="28.789381" lon="83.949997">
         <ele>5260</ele>
      </rtept>
      <rtept lat="28.78963" lon="83.949322">
         <ele>5270</ele>
      </rtept>
      <rtept lat="28.789706" lon="83.9489">
         <ele>5280</ele>
      </rtept>
      <rtept lat="28.789759" lon="83.948469">
         <ele>5280</ele>
      </rtept>
      <rtept lat="28.790006" lon="83.948304">
         <ele>5280</ele>
      </rtept>
      <rtept lat="28.790215" lon="83.947572">
         <ele>5300</ele>
      </rtept>
      <rtept lat="28.790456" lon="83.947093">
         <ele>5310</ele>
      </rtept>
      <rtept lat="28.7905" lon="83.946769">
         <ele>5320</ele>
      </rtept>
      <rtept lat="28.790543" lon="83.94633">
         <ele>5330</ele>
      </rtept>
      <rtept lat="28.790688" lon="83.945616">
         <ele>5340</ele>
      </rtept>
      <rtept lat="28.790729" lon="83.945222">
         <ele>5350</ele>
      </rtept>
      <rtept lat="28.790862" lon="83.944799">
         <ele>5350</ele>
      </rtept>
      <rtept lat="28.791042" lon="83.944382">
         <ele>5360</ele>
      </rtept>
      <rtept lat="28.7915" lon="83.943883">
         <ele>5370</ele>
      </rtept>
      <rtept lat="28.791531" lon="83.943154">
         <ele>5370</ele>
      </rtept>
      <rtept lat="28.791408" lon="83.942765">
         <ele>5380</ele>
      </rtept>
      <rtept lat="28.791407" lon="83.942296">
         <ele>5380</ele>
      </rtept>
      <rtept lat="28.791725" lon="83.941882">
         <ele>5390</ele>
      </rtept>
      <rtept lat="28.792375" lon="83.941414">
         <ele>5390</ele>
      </rtept>
      <rtept lat="28.792811" lon="83.940931">
         <ele>5380</ele>
      </rtept>
      <rtept lat="28.793168" lon="83.940476">
         <ele>5390</ele>
      </rtept>
      <rtept lat="28.793382" lon="83.939966">
         <ele>5390</ele>
      </rtept>
      <rtept lat="28.793525" lon="83.939601">
         <ele>5400</ele>
      </rtept>
      <rtept lat="28.793371" lon="83.939135">
         <ele>5410</ele>
      </rtept>
      <rtept lat="28.793567" lon="83.938895">
         <ele>5410</ele>
      </rtept>
      <rtept lat="28.793995" lon="83.938464">
         <ele>5400</ele>
      </rtept>
      <rtept lat="28.794454" lon="83.938013">
         <ele>5390</ele>
      </rtept>
      <rtept lat="28.794559" lon="83.937598">
         <ele>5380</ele>
      </rtept>
      <rtept lat="28.794747" lon="83.937375">
         <ele>5380</ele>
      </rtept>
      <rtept lat="28.794965" lon="83.936797">
         <ele>5370</ele>
      </rtept>
      <rtept lat="28.795024" lon="83.935869">
         <ele>5360</ele>
      </rtept>
      <rtept lat="28.795352" lon="83.935008">
         <ele>5360</ele>
      </rtept>
      <rtept lat="28.795597" lon="83.933814">
         <ele>5340</ele>
      </rtept>
      <rtept lat="28.79548" lon="83.933277">
         <ele>5320</ele>
      </rtept>
      <rtept lat="28.795411" lon="83.932479">
         <ele>5300</ele>
      </rtept>
      <rtept lat="28.795248" lon="83.931945">
         <ele>5300</ele>
      </rtept>
      <rtept lat="28.795344" lon="83.931085">
         <ele>5290</ele>
      </rtept>
      <rtept lat="28.795767" lon="83.930808">
         <ele>5300</ele>
      </rtept>
      <rtept lat="28.79642" lon="83.930632">
         <ele>5290</ele>
      </rtept>
      <rtept lat="28.797117" lon="83.929983">
         <ele>5270</ele>
      </rtept>
      <rtept lat="28.796986" lon="83.92924">
         <ele>5260</ele>
      </rtept>
      <rtept lat="28.79713" lon="83.928518">
         <ele>5260</ele>
      </rtept>
      <rtept lat="28.797291" lon="83.927701">
         <ele>5240</ele>
      </rtept>
      <rtept lat="28.797513" lon="83.926671">
         <ele>5220</ele>
      </rtept>
      <rtept lat="28.797637" lon="83.925888">
         <ele>5210</ele>
      </rtept>
      <rtept lat="28.797828" lon="83.925109">
         <ele>5180</ele>
      </rtept>
      <rtept lat="28.798008" lon="83.924106">
         <ele>5160</ele>
      </rtept>
      <rtept lat="28.798396" lon="83.923605">
         <ele>5140</ele>
      </rtept>
      <rtept lat="28.798805" lon="83.923078">
         <ele>5130</ele>
      </rtept>
      <rtept lat="28.799134" lon="83.921819">
         <ele>5100</ele>
      </rtept>
      <rtept lat="28.799182" lon="83.921176">
         <ele>5080</ele>
      </rtept>
      <rtept lat="28.799448" lon="83.920789">
         <ele>5080</ele>
      </rtept>
      <rtept lat="28.799892" lon="83.919826">
         <ele>5060</ele>
      </rtept>
      <rtept lat="28.800883" lon="83.917911">
         <ele>5020</ele>
      </rtept>
      <rtept lat="28.801033" lon="83.917378">
         <ele>5010</ele>
      </rtept>
      <rtept lat="28.801288" lon="83.916694">
         <ele>5000</ele>
      </rtept>
      <rtept lat="28.801777" lon="83.916051">
         <ele>4980</ele>
      </rtept>
      <rtept lat="28.802461" lon="83.915822">
         <ele>4980</ele>
      </rtept>
      <rtept lat="28.803064" lon="83.915276">
         <ele>4970</ele>
      </rtept>
      <rtept lat="28.803368" lon="83.914574">
         <ele>4960</ele>
      </rtept>
      <rtept lat="28.803803" lon="83.914038">
         <ele>4940</ele>
      </rtept>
      <rtept lat="28.804463" lon="83.913537">
         <ele>4920</ele>
      </rtept>
      <rtept lat="28.804805" lon="83.912837">
         <ele>4900</ele>
      </rtept>
      <rtept lat="28.804955" lon="83.911837">
         <ele>4880</ele>
      </rtept>
      <rtept lat="28.804978" lon="83.91092">
         <ele>4870</ele>
      </rtept>
      <rtept lat="28.804824" lon="83.910247">
         <ele>4850</ele>
      </rtept>
      <rtept lat="28.804699" lon="83.909521">
         <ele>4840</ele>
      </rtept>
      <rtept lat="28.804431" lon="83.909172">
         <ele>4830</ele>
      </rtept>
      <rtept lat="28.803959" lon="83.908763">
         <ele>4800</ele>
      </rtept>
      <rtept lat="28.803853" lon="83.908122">
         <ele>4780</ele>
      </rtept>
      <rtept lat="28.803927" lon="83.907647">
         <ele>4770</ele>
      </rtept>
      <rtept lat="28.803973" lon="83.907062">
         <ele>4750</ele>
      </rtept>
      <rtept lat="28.80429" lon="83.906659">
         <ele>4730</ele>
      </rtept>
      <rtept lat="28.804744" lon="83.906085">
         <ele>4720</ele>
      </rtept>
      <rtept lat="28.805209" lon="83.905447">
         <ele>4690</ele>
      </rtept>
      <rtept lat="28.805504" lon="83.904828">
         <ele>4670</ele>
      </rtept>
      <rtept lat="28.805825" lon="83.904162">
         <ele>4660</ele>
      </rtept>
      <rtept lat="28.806061" lon="83.903893">
         <ele>4650</ele>
      </rtept>
      <rtept lat="28.806325" lon="83.903206">
         <ele>4620</ele>
      </rtept>
      <rtept lat="28.806296" lon="83.902658">
         <ele>4610</ele>
      </rtept>
      <rtept lat="28.806343" lon="83.902059">
         <ele>4590</ele>
      </rtept>
      <rtept lat="28.806669" lon="83.901606">
         <ele>4570</ele>
      </rtept>
      <rtept lat="28.80689" lon="83.900877">
         <ele>4560</ele>
      </rtept>
      <rtept lat="28.807091" lon="83.90036">
         <ele>4540</ele>
      </rtept>
      <rtept lat="28.807357" lon="83.899815">
         <ele>4520</ele>
      </rtept>
      <rtept lat="28.808033" lon="83.899489">
         <ele>4490</ele>
      </rtept>
      <rtept lat="28.807643" lon="83.899129">
         <ele>4490</ele>
      </rtept>
      <rtept lat="28.807478" lon="83.898653">
         <ele>4480</ele>
      </rtept>
      <rtept lat="28.807826" lon="83.898499">
         <ele>4470</ele>
      </rtept>
      <rtept lat="28.807962" lon="83.89811">
         <ele>4450</ele>
      </rtept>
      <rtept lat="28.807961" lon="83.897768">
         <ele>4440</ele>
      </rtept>
      <rtept lat="28.808197" lon="83.897215">
         <ele>4420</ele>
      </rtept>
      <rtept lat="28.80843" lon="83.896935">
         <ele>4410</ele>
      </rtept>
      <rtept lat="28.808658" lon="83.896624">
         <ele>4390</ele>
      </rtept>
      <rtept lat="28.808983" lon="83.896742">
         <ele>4390</ele>
      </rtept>
      <rtept lat="28.809363" lon="83.896357">
         <ele>4360</ele>
      </rtept>
      <rtept lat="28.809702" lon="83.89608">
         <ele>4340</ele>
      </rtept>
      <rtept lat="28.809928" lon="83.895659">
         <ele>4310</ele>
      </rtept>
      <rtept lat="28.810205" lon="83.895147">
         <ele>4280</ele>
      </rtept>
      <rtept lat="28.810422" lon="83.894803">
         <ele>4270</ele>
      </rtept>
      <rtept lat="28.810037" lon="83.894699">
         <ele>4270</ele>
      </rtept>
      <rtept lat="28.810046" lon="83.894303">
         <ele>4260</ele>
      </rtept>
      <rtept lat="28.810429" lon="83.893985">
         <ele>4240</ele>
      </rtept>
      <rtept lat="28.81103" lon="83.893827">
         <ele>4220</ele>
      </rtept>
      <rtept lat="28.81137" lon="83.893929">
         <ele>4230</ele>
      </rtept>
      <rtept lat="28.812078" lon="83.893806">
         <ele>4190</ele>
      </rtept>
      <rtept lat="28.812252" lon="83.893356">
         <ele>4160</ele>
      </rtept>
      <rtept lat="28.812457" lon="83.89269">
         <ele>4140</ele>
      </rtept>
      <rtept lat="28.81242" lon="83.892212">
         <ele>4130</ele>
      </rtept>
      <rtept lat="28.812473" lon="83.891733">
         <ele>4120</ele>
      </rtept>
      <rtept lat="28.812457" lon="83.891179">
         <ele>4100</ele>
      </rtept>
      <rtept lat="28.812513" lon="83.890867">
         <ele>4090</ele>
      </rtept>
      <rtept lat="28.812856" lon="83.890091">
         <ele>4080</ele>
      </rtept>
      <rtept lat="28.81304" lon="83.889201">
         <ele>4060</ele>
      </rtept>
      <rtept lat="28.81332" lon="83.888584">
         <ele>4050</ele>
      </rtept>
      <rtept lat="28.813133" lon="83.888218">
         <ele>4040</ele>
      </rtept>
      <rtept lat="28.813174" lon="83.887051">
         <ele>4010</ele>
      </rtept>
      <rtept lat="28.81312" lon="83.886711">
         <ele>4010</ele>
      </rtept>
      <rtept lat="28.812984" lon="83.885976">
         <ele>4000</ele>
      </rtept>
      <rtept lat="28.812809" lon="83.885245">
         <ele>4010</ele>
      </rtept>
      <rtept lat="28.812735" lon="83.884414">
         <ele>4010</ele>
      </rtept>
      <rtept lat="28.812664" lon="83.883904">
         <ele>4020</ele>
      </rtept>
      <rtept lat="28.812464" lon="83.883014">
         <ele>4050</ele>
      </rtept>
      <rtept lat="28.812453" lon="83.882458">
         <ele>4050</ele>
      </rtept>
      <rtept lat="28.812732" lon="83.881886">
         <ele>4030</ele>
      </rtept>
      <rtept lat="28.812781" lon="83.881328">
         <ele>4000</ele>
      </rtept>
      <rtept lat="28.814801" lon="83.880297">
         <ele>3930</ele>
      </rtept>
      <rtept lat="28.815405" lon="83.878483">
         <ele>3880</ele>
      </rtept>
      <rtept lat="28.815608" lon="83.877727">
         <ele>3890</ele>
      </rtept>
      <rtept lat="28.815733" lon="83.877009">
         <ele>3890</ele>
      </rtept>
      <rtept lat="28.816007" lon="83.876407">
         <ele>3870</ele>
      </rtept>
      <rtept lat="28.816515" lon="83.875524">
         <ele>3850</ele>
      </rtept>
      <rtept lat="28.817219" lon="83.874801">
         <ele>3830</ele>
      </rtept>
      <rtept lat="28.817683" lon="83.873948">
         <ele>3810</ele>
      </rtept>
      <rtept lat="28.818123" lon="83.873509">
         <ele>3800</ele>
      </rtept>
      <rtept lat="28.818072" lon="83.87308">
         <ele>3790</ele>
      </rtept>
      <rtept lat="28.817658" lon="83.87265">
         <ele>3780</ele>
      </rtept>
      <rtept lat="28.817596" lon="83.871783">
         <ele>3750</ele>
      </rtept>
      <rtept lat="28.817747" lon="83.871016">
         <ele>3730</ele>
      </rtept>
      <rtept lat="28.817385" lon="83.870293">
         <ele>3730</ele>
      </rtept>
      <rtept lat="28.816968" lon="83.86976">
         <ele>3720</ele>
      </rtept>
      <rtept lat="28.81662" lon="83.869254">
         <ele>3710</ele>
      </rtept>
      <rtept lat="28.816584" lon="83.868534">
         <ele>3700</ele>
      </rtept>
      <rtept lat="28.81659" lon="83.868137">
         <ele>3690</ele>
      </rtept>
      <rtept lat="28.816586" lon="83.867412">
         <ele>3680</ele>
      </rtept>
      <rtept lat="28.816574" lon="83.866716">
         <ele>3670</ele>
      </rtept>
      <rtept lat="28.816187" lon="83.866122">
         <ele>3670</ele>
      </rtept>
      <rtept lat="28.81622" lon="83.865393">
         <ele>3670</ele>
      </rtept>
      <rtept lat="28.816065" lon="83.864667">
         <ele>3670</ele>
      </rtept>
      <rtept lat="28.815964" lon="83.864208">
         <ele>3660</ele>
      </rtept>
      <rtept lat="28.815791" lon="83.863836">
         <ele>3660</ele>
      </rtept>
      <rtept lat="28.815744" lon="83.863262">
         <ele>3660</ele>
      </rtept>
      <rtept lat="28.815504" lon="83.862549">
         <ele>3660</ele>
      </rtept>
      <rtept lat="28.815134" lon="83.862006">
         <ele>3660</ele>
      </rtept>
      <rtept lat="28.814755" lon="83.861519">
         <ele>3670</ele>
      </rtept>
      <rtept lat="28.814612" lon="83.86074">
         <ele>3670</ele>
      </rtept>
      <rtept lat="28.814604" lon="83.859773">
         <ele>3660</ele>
      </rtept>
      <rtept lat="28.814464" lon="83.858949">
         <ele>3660</ele>
      </rtept>
      <rtept lat="28.814489" lon="83.858439">
         <ele>3650</ele>
      </rtept>
      <rtept lat="28.814587" lon="83.857652">
         <ele>3630</ele>
      </rtept>
      <rtept lat="28.814819" lon="83.856817">
         <ele>3620</ele>
      </rtept>
      <rtept lat="28.815122" lon="83.856314">
         <ele>3600</ele>
      </rtept>
      <rtept lat="28.815615" lon="83.85547">
         <ele>3590</ele>
      </rtept>
      <rtept lat="28.815968" lon="83.854916">
         <ele>3580</ele>
      </rtept>
      <rtept lat="28.816413" lon="83.854265">
         <ele>3570</ele>
      </rtept>
      <rtept lat="28.816653" lon="83.853726">
         <ele>3550</ele>
      </rtept>
      <rtept lat="28.816663" lon="83.853118">
         <ele>3540</ele>
      </rtept>
      <rtept lat="28.816626" lon="83.852425">
         <ele>3530</ele>
      </rtept>
      <rtept lat="28.816946" lon="83.851722">
         <ele>3540</ele>
      </rtept>
      <rtept lat="28.816988" lon="83.851291">
         <ele>3540</ele>
      </rtept>
      <rtept lat="28.816772" lon="83.850505">
         <ele>3520</ele>
      </rtept>
      <rtept lat="28.816683" lon="83.849606">
         <ele>3520</ele>
      </rtept>
      <rtept lat="28.816826" lon="83.848861">
         <ele>3510</ele>
      </rtept>
      <rtept lat="28.817196" lon="83.848163">
         <ele>3500</ele>
      </rtept>
      <rtept lat="28.817514" lon="83.847948">
         <ele>3500</ele>
      </rtept>
      <rtept lat="28.817791" lon="83.84765">
         <ele>3500</ele>
      </rtept>
      <rtept lat="28.817995" lon="83.847251">
         <ele>3490</ele>
      </rtept>
      <rtept lat="28.817717" lon="83.846464">
         <ele>3470</ele>
      </rtept>
      <rtept lat="28.817169" lon="83.845704">
         <ele>3480</ele>
      </rtept>
      <rtept lat="28.817018" lon="83.844778">
         <ele>3470</ele>
      </rtept>
      <rtept lat="28.816411" lon="83.844425">
         <ele>3480</ele>
      </rtept>
      <rtept lat="28.816125" lon="83.844104">
         <ele>3480</ele>
      </rtept>
      <rtept lat="28.815977" lon="83.843333">
         <ele>3480</ele>
      </rtept>
      <rtept lat="28.815644" lon="83.8427">
         <ele>3470</ele>
      </rtept>
      <rtept lat="28.815195" lon="83.841496">
         <ele>3460</ele>
      </rtept>
      <rtept lat="28.815143" lon="83.840604">
         <ele>3470</ele>
      </rtept>
      <rtept lat="28.815417" lon="83.839783">
         <ele>3460</ele>
      </rtept>
      <rtept lat="28.815881" lon="83.839266">
         <ele>3450</ele>
      </rtept>
      <rtept lat="28.816283" lon="83.838788">
         <ele>3450</ele>
      </rtept>
      <rtept lat="28.816763" lon="83.838506">
         <ele>3440</ele>
      </rtept>
      <rtept lat="28.817538" lon="83.837633">
         <ele>3430</ele>
      </rtept>
      <rtept lat="28.818104" lon="83.837516">
         <ele>3410</ele>
      </rtept>
      <rtept lat="28.818519" lon="83.836181">
         <ele>3420</ele>
      </rtept>
      <rtept lat="28.818975" lon="83.835316">
         <ele>3420</ele>
      </rtept>
      <rtept lat="28.819278" lon="83.834504">
         <ele>3410</ele>
      </rtept>
      <rtept lat="28.819537" lon="83.834094">
         <ele>3400</ele>
      </rtept>
      <rtept lat="28.819679" lon="83.833324">
         <ele>3400</ele>
      </rtept>
      <rtept lat="28.819592" lon="83.832415">
         <ele>3400</ele>
      </rtept>
      <rtept lat="28.819784" lon="83.83163">
         <ele>3390</ele>
      </rtept>
      <rtept lat="28.819875" lon="83.83083">
         <ele>3380</ele>
      </rtept>
      <rtept lat="28.820026" lon="83.829695">
         <ele>3370</ele>
      </rtept>
      <rtept lat="28.820388" lon="83.829007">
         <ele>3360</ele>
      </rtept>
      <rtept lat="28.820182" lon="83.828249">
         <ele>3360</ele>
      </rtept>
      <rtept lat="28.819961" lon="83.827585">
         <ele>3360</ele>
      </rtept>
      <rtept lat="28.82032" lon="83.826597">
         <ele>3360</ele>
      </rtept>
      <rtept lat="28.820621" lon="83.825878">
         <ele>3360</ele>
      </rtept>
      <rtept lat="28.820634" lon="83.825179">
         <ele>3350</ele>
      </rtept>
      <rtept lat="28.820862" lon="83.824099">
         <ele>3340</ele>
      </rtept>
      <rtept lat="28.821075" lon="83.823286">
         <ele>3360</ele>
      </rtept>
      <rtept lat="28.821336" lon="83.822545">
         <ele>3350</ele>
      </rtept>
      <rtept lat="28.821766" lon="83.821507">
         <ele>3350</ele>
      </rtept>
      <rtept lat="28.822099" lon="83.820739">
         <ele>3330</ele>
      </rtept>
      <rtept lat="28.822424" lon="83.819804">
         <ele>3340</ele>
      </rtept>
      <rtept lat="28.822784" lon="83.819048">
         <ele>3330</ele>
      </rtept>
      <rtept lat="28.823002" lon="83.818366">
         <ele>3340</ele>
      </rtept>
      <rtept lat="28.823356" lon="83.817453">
         <ele>3330</ele>
      </rtept>
      <rtept lat="28.823593" lon="83.816951">
         <ele>3320</ele>
      </rtept>
      <rtept lat="28.823932" lon="83.816195">
         <ele>3310</ele>
      </rtept>
      <rtept lat="28.824204" lon="83.815352">
         <ele>3310</ele>
      </rtept>
      <rtept lat="28.824727" lon="83.814613">
         <ele>3300</ele>
      </rtept>
      <rtept lat="28.825012" lon="83.81379">
         <ele>3300</ele>
      </rtept>
      <rtept lat="28.825498" lon="83.813173">
         <ele>3290</ele>
      </rtept>
      <rtept lat="28.825783" lon="83.812611">
         <ele>3310</ele>
      </rtept>
      <rtept lat="28.826365" lon="83.811968">
         <ele>3300</ele>
      </rtept>
      <rtept lat="28.826688" lon="83.811597">
         <ele>3300</ele>
      </rtept>
      <rtept lat="28.827086" lon="83.81128">
         <ele>3300</ele>
      </rtept>
      <rtept lat="28.82747" lon="83.811389">
         <ele>3270</ele>
      </rtept>
      <rtept lat="28.827699" lon="83.811076">
         <ele>3280</ele>
      </rtept>
      <rtept lat="28.827623" lon="83.810386">
         <ele>3320</ele>
      </rtept>
      <rtept lat="28.827393" lon="83.809598">
         <ele>3350</ele>
      </rtept>
      <rtept lat="28.827186" lon="83.808895">
         <ele>3360</ele>
      </rtept>
      <rtept lat="28.826792" lon="83.808235">
         <ele>3360</ele>
      </rtept>
      <rtept lat="28.827188" lon="83.806986">
         <ele>3280</ele>
      </rtept>
      <rtept lat="28.827374" lon="83.806642">
         <ele>3270</ele>
      </rtept>
      <rtept lat="28.827289" lon="83.805344">
         <ele>3260</ele>
      </rtept>
      <rtept lat="28.827426" lon="83.804417">
         <ele>3260</ele>
      </rtept>
      <rtept lat="28.827804" lon="83.803893">
         <ele>3240</ele>
      </rtept>
      <rtept lat="28.827924" lon="83.802636">
         <ele>3220</ele>
      </rtept>
      <rtept lat="28.828086" lon="83.801946">
         <ele>3210</ele>
      </rtept>
      <rtept lat="28.828429" lon="83.800969">
         <ele>3190</ele>
      </rtept>
      <rtept lat="28.828822" lon="83.80013">
         <ele>3180</ele>
      </rtept>
      <rtept lat="28.828936" lon="83.799584">
         <ele>3170</ele>
      </rtept>
      <rtept lat="28.829137" lon="83.798764">
         <ele>3170</ele>
      </rtept>
      <rtept lat="28.829195" lon="83.798223">
         <ele>3160</ele>
      </rtept>
      <rtept lat="28.829976" lon="83.798108">
         <ele>3150</ele>
      </rtept>
      <rtept lat="28.830349" lon="83.797529">
         <ele>3110</ele>
      </rtept>
      <rtept lat="28.830639" lon="83.796996">
         <ele>3100</ele>
      </rtept>
      <rtept lat="28.831058" lon="83.796262">
         <ele>3100</ele>
      </rtept>
      <rtept lat="28.832551" lon="83.793917">
         <ele>3070</ele>
      </rtept>
      <rtept lat="28.832846" lon="83.793577">
         <ele>3060</ele>
      </rtept>
      <rtept lat="28.833379" lon="83.792971">
         <ele>3050</ele>
      </rtept>
      <rtept lat="28.833535" lon="83.792557">
         <ele>3050</ele>
      </rtept>
      <rtept lat="28.833637" lon="83.79225">
         <ele>3040</ele>
      </rtept>
      <rtept lat="28.833936" lon="83.793032">
         <ele>3020</ele>
      </rtept>
      <rtept lat="28.833918" lon="83.792714">
         <ele>3020</ele>
      </rtept>
      <rtept lat="28.834005" lon="83.791993">
         <ele>3000</ele>
      </rtept>
      <rtept lat="28.834268" lon="83.791163">
         <ele>2990</ele>
      </rtept>
      <rtept lat="28.83425" lon="83.790798">
         <ele>2990</ele>
      </rtept>
      <rtept lat="28.834114" lon="83.790218">
         <ele>2980</ele>
      </rtept>
      <rtept lat="28.83385" lon="83.789612">
         <ele>2980</ele>
      </rtept>
      <rtept lat="28.833977" lon="83.789301">
         <ele>2970</ele>
      </rtept>
      <rtept lat="28.833932" lon="83.78813">
         <ele>2970</ele>
      </rtept>
      <rtept lat="28.834057" lon="83.787731">
         <ele>2960</ele>
      </rtept>
      <rtept lat="28.834256" lon="83.786587">
         <ele>2920</ele>
      </rtept>
      <rtept lat="28.834664" lon="83.786048">
         <ele>2900</ele>
      </rtept>
      <rtept lat="28.835112" lon="83.785845">
         <ele>2890</ele>
      </rtept>
      <rtept lat="28.835355" lon="83.785417">
         <ele>2890</ele>
      </rtept>
      <rtept lat="28.835668" lon="83.784662">
         <ele>2880</ele>
      </rtept>
      <rtept lat="28.835835" lon="83.784317">
         <ele>2860</ele>
      </rtept>
      <rtept lat="28.835841" lon="83.783846">
         <ele>2860</ele>
      </rtept>
      <rtept lat="28.835881" lon="83.783437">
         <ele>2850</ele>
      </rtept>
      <rtept lat="28.83635" lon="83.783091">
         <ele>2830</ele>
      </rtept>
      <rtept lat="28.836518" lon="83.782709">
         <ele>2830</ele>
      </rtept>
      <rtept lat="28.836638" lon="83.783179">
         <ele>2830</ele>
      </rtept>
      <rtept lat="28.836491" lon="83.78264">
         <ele>2830</ele>
      </rtept>
      <rtept lat="28.83649" lon="83.783059">
         <ele>2830</ele>
      </rtept>
      <rtept lat="28.836187" lon="83.783197">
         <ele>2840</ele>
      </rtept>
      <rtept lat="28.836581" lon="83.783247">
         <ele>2830</ele>
      </rtept>
      <rtept lat="28.836262" lon="83.782697">
         <ele>2830</ele>
      </rtept>
      <rtept lat="28.836463" lon="83.783195">
         <ele>2830</ele>
      </rtept>
      <rtept lat="28.836073" lon="83.782943">
         <ele>2840</ele>
      </rtept>
      <rtept lat="28.836534" lon="83.783479">
         <ele>2840</ele>
      </rtept>
      <rtept lat="28.836223" lon="83.783194">
         <ele>2840</ele>
      </rtept>
      <rtept lat="28.836536" lon="83.783235">
         <ele>2830</ele>
      </rtept>
      <rtept lat="28.836219" lon="83.783262">
         <ele>2840</ele>
      </rtept>
      <rtept lat="28.836524" lon="83.783152">
         <ele>2830</ele>
      </rtept>
      <rtept lat="28.836187" lon="83.78302">
         <ele>2840</ele>
      </rtept>
      <rtept lat="28.836473" lon="83.783106">
         <ele>2830</ele>
      </rtept>
      <rtept lat="28.836197" lon="83.783012">
         <ele>2840</ele>
      </rtept>
      <rtept lat="28.836501" lon="83.783148">
         <ele>2830</ele>
      </rtept>
      <rtept lat="28.836554" lon="83.782811">
         <ele>2830</ele>
      </rtept>
      <rtept lat="28.836444" lon="83.783104">
         <ele>2830</ele>
      </rtept>
      <rtept lat="28.836291" lon="83.78271">
         <ele>2830</ele>
      </rtept>
      <rtept lat="28.836243" lon="83.783042">
         <ele>2840</ele>
      </rtept>
      <rtept lat="28.836045" lon="83.782726">
         <ele>2830</ele>
      </rtept>
      <rtept lat="28.836341" lon="83.782969">
         <ele>2830</ele>
      </rtept>
      <rtept lat="28.836558" lon="83.783242">
         <ele>2830</ele>
      </rtept>
      <rtept lat="28.836297" lon="83.782894">
         <ele>2830</ele>
      </rtept>
      <rtept lat="28.836571" lon="83.782829">
         <ele>2830</ele>
      </rtept>
      <rtept lat="28.836241" lon="83.78274">
         <ele>2830</ele>
      </rtept>
      <rtept lat="28.836192" lon="83.783452">
         <ele>2840</ele>
      </rtept>
      <rtept lat="28.836325" lon="83.783031">
         <ele>2830</ele>
      </rtept>
      <rtept lat="28.836469" lon="83.782558">
         <ele>2830</ele>
      </rtept>
      <rtept lat="28.83641" lon="83.783091">
         <ele>2830</ele>
      </rtept>
      <rtept lat="28.83636" lon="83.783404">
         <ele>2840</ele>
      </rtept>
      <rtept lat="28.836434" lon="83.782817">
         <ele>2830</ele>
      </rtept>
      <rtept lat="28.836314" lon="83.783344">
         <ele>2840</ele>
      </rtept>
      <rtept lat="28.836511" lon="83.782887">
         <ele>2830</ele>
      </rtept>
      <rtept lat="28.836379" lon="83.783222">
         <ele>2830</ele>
      </rtept>
      <rtept lat="28.836234" lon="83.782451">
         <ele>2830</ele>
      </rtept>
      <rtept lat="28.836293" lon="83.781928">
         <ele>2820</ele>
      </rtept>
      <rtept lat="28.836305" lon="83.782432">
         <ele>2830</ele>
      </rtept>
      <rtept lat="28.83736" lon="83.782406">
         <ele>2830</ele>
      </rtept>
      <rtept lat="28.836438" lon="83.782933">
         <ele>2830</ele>
      </rtept>
      <rtept lat="28.83607" lon="83.783223">
         <ele>2840</ele>
      </rtept>
      <rtept lat="28.835858" lon="83.783006">
         <ele>2840</ele>
      </rtept>
      <rtept lat="28.835593" lon="83.783178">
         <ele>2830</ele>
      </rtept>
      <rtept lat="28.834815" lon="83.783342">
         <ele>2830</ele>
      </rtept>
      <rtept lat="28.834181" lon="83.78338">
         <ele>2820</ele>
      </rtept>
      <rtept lat="28.833415" lon="83.783179">
         <ele>2830</ele>
      </rtept>
      <rtept lat="28.831506" lon="83.783024">
         <ele>2830</ele>
      </rtept>
      <rtept lat="28.831" lon="83.782801">
         <ele>2830</ele>
      </rtept>
      <rtept lat="28.83069" lon="83.782388">
         <ele>2820</ele>
      </rtept>
      <rtept lat="28.83017" lon="83.782076">
         <ele>2810</ele>
      </rtept>
      <rtept lat="28.828638" lon="83.781867">
         <ele>2820</ele>
      </rtept>
      <rtept lat="28.828132" lon="83.781391">
         <ele>2820</ele>
      </rtept>
      <rtept lat="28.827797" lon="83.780756">
         <ele>2810</ele>
      </rtept>
      <rtept lat="28.827022" lon="83.780313">
         <ele>2820</ele>
      </rtept>
      <rtept lat="28.826322" lon="83.779756">
         <ele>2840</ele>
      </rtept>
      <rtept lat="28.826184" lon="83.779399">
         <ele>2830</ele>
      </rtept>
      <rtept lat="28.825973" lon="83.778699">
         <ele>2830</ele>
      </rtept>
      <rtept lat="28.82547" lon="83.778297">
         <ele>2820</ele>
      </rtept>
      <rtept lat="28.82475" lon="83.77791">
         <ele>2820</ele>
      </rtept>
      <rtept lat="28.824135" lon="83.77775">
         <ele>2810</ele>
      </rtept>
      <rtept lat="28.823373" lon="83.777707">
         <ele>2810</ele>
      </rtept>
      <rtept lat="28.822566" lon="83.777472">
         <ele>2800</ele>
      </rtept>
      <rtept lat="28.821825" lon="83.777027">
         <ele>2810</ele>
      </rtept>
      <rtept lat="28.821424" lon="83.776319">
         <ele>2800</ele>
      </rtept>
      <rtept lat="28.821078" lon="83.775825">
         <ele>2810</ele>
      </rtept>
      <rtept lat="28.820833" lon="83.775592">
         <ele>2800</ele>
      </rtept>
      <rtept lat="28.820535" lon="83.775321">
         <ele>2800</ele>
      </rtept>
      <rtept lat="28.819858" lon="83.774965">
         <ele>2800</ele>
      </rtept>
      <rtept lat="28.819248" lon="83.774625">
         <ele>2810</ele>
      </rtept>
      <rtept lat="28.818684" lon="83.77385">
         <ele>2800</ele>
      </rtept>
      <rtept lat="28.818461" lon="83.77324">
         <ele>2800</ele>
      </rtept>
      <rtept lat="28.817652" lon="83.772437">
         <ele>2790</ele>
      </rtept>
      <rtept lat="28.817562" lon="83.771682">
         <ele>2790</ele>
      </rtept>
      <rtept lat="28.81725" lon="83.771006">
         <ele>2800</ele>
      </rtept>
      <rtept lat="28.816941" lon="83.770098">
         <ele>2810</ele>
      </rtept>
      <rtept lat="28.816738" lon="83.769394">
         <ele>2810</ele>
      </rtept>
      <rtept lat="28.815586" lon="83.769501">
         <ele>2820</ele>
      </rtept>
      <rtept lat="28.814927" lon="83.769672">
         <ele>2810</ele>
      </rtept>
      <rtept lat="28.814022" lon="83.769458">
         <ele>2810</ele>
      </rtept>
      <rtept lat="28.813358" lon="83.769366">
         <ele>2800</ele>
      </rtept>
      <rtept lat="28.812521" lon="83.769055">
         <ele>2790</ele>
      </rtept>
      <rtept lat="28.81173" lon="83.769023">
         <ele>2790</ele>
      </rtept>
      <rtept lat="28.810675" lon="83.76887">
         <ele>2800</ele>
      </rtept>
      <rtept lat="28.809617" lon="83.768489">
         <ele>2790</ele>
      </rtept>
      <rtept lat="28.808666" lon="83.768191">
         <ele>2790</ele>
      </rtept>
      <rtept lat="28.807746" lon="83.767696">
         <ele>2800</ele>
      </rtept>
      <rtept lat="28.807313" lon="83.767369">
         <ele>2790</ele>
      </rtept>
      <rtept lat="28.806866" lon="83.767156">
         <ele>2800</ele>
      </rtept>
      <rtept lat="28.806262" lon="83.766738">
         <ele>2800</ele>
      </rtept>
      <rtept lat="28.805427" lon="83.766454">
         <ele>2800</ele>
      </rtept>
      <rtept lat="28.805156" lon="83.765768">
         <ele>2800</ele>
      </rtept>
      <rtept lat="28.804294" lon="83.765427">
         <ele>2790</ele>
      </rtept>
      <rtept lat="28.803576" lon="83.764843">
         <ele>2790</ele>
      </rtept>
      <rtept lat="28.803236" lon="83.764804">
         <ele>2790</ele>
      </rtept>
      <rtept lat="28.802555" lon="83.764786">
         <ele>2790</ele>
      </rtept>
      <rtept lat="28.801651" lon="83.764726">
         <ele>2780</ele>
      </rtept>
      <rtept lat="28.800821" lon="83.7648">
         <ele>2780</ele>
      </rtept>
      <rtept lat="28.800142" lon="83.765084">
         <ele>2780</ele>
      </rtept>
      <rtept lat="28.799786" lon="83.764985">
         <ele>2800</ele>
      </rtept>
      <rtept lat="28.799142" lon="83.764771">
         <ele>2810</ele>
      </rtept>
      <rtept lat="28.79872" lon="83.764527">
         <ele>2790</ele>
      </rtept>
      <rtept lat="28.797559" lon="83.764385">
         <ele>2800</ele>
      </rtept>
      <rtept lat="28.796951" lon="83.764042">
         <ele>2820</ele>
      </rtept>
      <rtept lat="28.796476" lon="83.763656">
         <ele>2810</ele>
      </rtept>
      <rtept lat="28.79573" lon="83.76294">
         <ele>2810</ele>
      </rtept>
      <rtept lat="28.795154" lon="83.762678">
         <ele>2800</ele>
      </rtept>
      <rtept lat="28.79449" lon="83.762311">
         <ele>2800</ele>
      </rtept>
      <rtept lat="28.79405" lon="83.761997">
         <ele>2800</ele>
      </rtept>
      <rtept lat="28.793651" lon="83.761627">
         <ele>2810</ele>
      </rtept>
      <rtept lat="28.79253" lon="83.76034">
         <ele>2800</ele>
      </rtept>
      <rtept lat="28.792344" lon="83.759907">
         <ele>2790</ele>
      </rtept>
      <rtept lat="28.79183" lon="83.759042">
         <ele>2790</ele>
      </rtept>
      <rtept lat="28.79131" lon="83.757728">
         <ele>2780</ele>
      </rtept>
      <rtept lat="28.79111" lon="83.756842">
         <ele>2770</ele>
      </rtept>
      <rtept lat="28.791088" lon="83.75652">
         <ele>2770</ele>
      </rtept>
      <rtept lat="28.790448" lon="83.755275">
         <ele>2770</ele>
      </rtept>
      <rtept lat="28.789971" lon="83.754604">
         <ele>2770</ele>
      </rtept>
      <rtept lat="28.789373" lon="83.753863">
         <ele>2750</ele>
      </rtept>
      <rtept lat="28.789138" lon="83.753168">
         <ele>2760</ele>
      </rtept>
      <rtept lat="28.788728" lon="83.752412">
         <ele>2770</ele>
      </rtept>
      <rtept lat="28.788325" lon="83.751984">
         <ele>2800</ele>
      </rtept>
      <rtept lat="28.788257" lon="83.750876">
         <ele>2770</ele>
      </rtept>
      <rtept lat="28.787989" lon="83.749684">
         <ele>2760</ele>
      </rtept>
      <rtept lat="28.78766" lon="83.748848">
         <ele>2760</ele>
      </rtept>
      <rtept lat="28.787224" lon="83.748133">
         <ele>2760</ele>
      </rtept>
      <rtept lat="28.786813" lon="83.747463">
         <ele>2750</ele>
      </rtept>
      <rtept lat="28.786222" lon="83.746652">
         <ele>2760</ele>
      </rtept>
      <rtept lat="28.785656" lon="83.745612">
         <ele>2750</ele>
      </rtept>
      <rtept lat="28.784854" lon="83.74521">
         <ele>2800</ele>
      </rtept>
      <rtept lat="28.784599" lon="83.7444">
         <ele>2780</ele>
      </rtept>
      <rtept lat="28.784602" lon="83.743926">
         <ele>2770</ele>
      </rtept>
      <rtept lat="28.784745" lon="83.743606">
         <ele>2750</ele>
      </rtept>
      <rtept lat="28.784722" lon="83.743943">
         <ele>2760</ele>
      </rtept>
      <rtept lat="28.784626" lon="83.743442">
         <ele>2760</ele>
      </rtept>
      <rtept lat="28.784572" lon="83.743045">
         <ele>2750</ele>
      </rtept>
      <rtept lat="28.784599" lon="83.741968">
         <ele>2750</ele>
      </rtept>
      <rtept lat="28.784534" lon="83.740889">
         <ele>2740</ele>
      </rtept>
      <rtept lat="28.784592" lon="83.740425">
         <ele>2740</ele>
      </rtept>
      <rtept lat="28.78432" lon="83.739724">
         <ele>2740</ele>
      </rtept>
      <rtept lat="28.784344" lon="83.73918">
         <ele>2740</ele>
      </rtept>
      <rtept lat="28.784344" lon="83.738753">
         <ele>2750</ele>
      </rtept>
      <rtept lat="28.784401" lon="83.738429">
         <ele>2750</ele>
      </rtept>
      <rtept lat="28.784343" lon="83.73807">
         <ele>2750</ele>
      </rtept>
      <rtept lat="28.784652" lon="83.736854">
         <ele>2750</ele>
      </rtept>
      <rtept lat="28.784595" lon="83.736291">
         <ele>2750</ele>
      </rtept>
      <rtept lat="28.784591" lon="83.73555">
         <ele>2750</ele>
      </rtept>
      <rtept lat="28.784188" lon="83.734955">
         <ele>2750</ele>
      </rtept>
      <rtept lat="28.783554" lon="83.73481">
         <ele>2750</ele>
      </rtept>
      <rtept lat="28.78291" lon="83.734479">
         <ele>2750</ele>
      </rtept>
      <rtept lat="28.782432" lon="83.734421">
         <ele>2750</ele>
      </rtept>
      <rtept lat="28.781948" lon="83.734151">
         <ele>2750</ele>
      </rtept>
      <rtept lat="28.781364" lon="83.733831">
         <ele>2750</ele>
      </rtept>
      <rtept lat="28.780924" lon="83.733641">
         <ele>2750</ele>
      </rtept>
      <rtept lat="28.780297" lon="83.733596">
         <ele>2760</ele>
      </rtept>
      <rtept lat="28.77975" lon="83.733404">
         <ele>2770</ele>
      </rtept>
      <rtept lat="28.779087" lon="83.733341">
         <ele>2790</ele>
      </rtept>
      <rtept lat="28.77858" lon="83.733161">
         <ele>2790</ele>
      </rtept>
      <rtept lat="28.778098" lon="83.732772">
         <ele>2800</ele>
      </rtept>
      <rtept lat="28.777805" lon="83.732318">
         <ele>2800</ele>
      </rtept>
      <rtept lat="28.777142" lon="83.731336">
         <ele>2810</ele>
      </rtept>
      <rtept lat="28.776847" lon="83.730818">
         <ele>2820</ele>
      </rtept>
      <rtept lat="28.776662" lon="83.730501">
         <ele>2820</ele>
      </rtept>
      <rtept lat="28.776142" lon="83.729946">
         <ele>2810</ele>
      </rtept>
      <rtept lat="28.775741" lon="83.729314">
         <ele>2830</ele>
      </rtept>
      <rtept lat="28.775429" lon="83.728734">
         <ele>2830</ele>
      </rtept>
      <rtept lat="28.774915" lon="83.727958">
         <ele>2830</ele>
      </rtept>
      <rtept lat="28.774466" lon="83.727547">
         <ele>2830</ele>
      </rtept>
      <rtept lat="28.773757" lon="83.727175">
         <ele>2840</ele>
      </rtept>
      <rtept lat="28.773438" lon="83.726863">
         <ele>2840</ele>
      </rtept>
      <rtept lat="28.772925" lon="83.726922">
         <ele>2850</ele>
      </rtept>
      <rtept lat="28.772429" lon="83.727058">
         <ele>2860</ele>
      </rtept>
      <rtept lat="28.771599" lon="83.726968">
         <ele>2860</ele>
      </rtept>
      <rtept lat="28.771298" lon="83.727226">
         <ele>2860</ele>
      </rtept>
      <rtept lat="28.770777" lon="83.726605">
         <ele>2850</ele>
      </rtept>
      <rtept lat="28.770244" lon="83.726343">
         <ele>2850</ele>
      </rtept>
      <rtept lat="28.769932" lon="83.725743">
         <ele>2840</ele>
      </rtept>
      <rtept lat="28.769314" lon="83.725182">
         <ele>2840</ele>
      </rtept>
      <rtept lat="28.768443" lon="83.724484">
         <ele>2830</ele>
      </rtept>
      <rtept lat="28.76822" lon="83.724013">
         <ele>2800</ele>
      </rtept>
      <rtept lat="28.768223" lon="83.723492">
         <ele>2790</ele>
      </rtept>
      <rtept lat="28.76832" lon="83.723118">
         <ele>2790</ele>
      </rtept>
      <rtept lat="28.768118" lon="83.722328">
         <ele>2810</ele>
      </rtept>
      <rtept lat="28.767721" lon="83.721474">
         <ele>2830</ele>
      </rtept>
      <rtept lat="28.767192" lon="83.720776">
         <ele>2800</ele>
      </rtept>
      <rtept lat="28.766713" lon="83.720531">
         <ele>2810</ele>
      </rtept>
      <rtept lat="28.766045" lon="83.720302">
         <ele>2800</ele>
      </rtept>
      <rtept lat="28.765711" lon="83.720438">
         <ele>2800</ele>
      </rtept>
      <rtept lat="28.765199" lon="83.719568">
         <ele>2790</ele>
      </rtept>
      <rtept lat="28.764791" lon="83.719132">
         <ele>2800</ele>
      </rtept>
      <rtept lat="28.764524" lon="83.718673">
         <ele>2810</ele>
      </rtept>
      <rtept lat="28.764413" lon="83.717297">
         <ele>2810</ele>
      </rtept>
      <rtept lat="28.764245" lon="83.716406">
         <ele>2820</ele>
      </rtept>
      <rtept lat="28.764005" lon="83.715917">
         <ele>2820</ele>
      </rtept>
      <rtept lat="28.763587" lon="83.715094">
         <ele>2820</ele>
      </rtept>
      <rtept lat="28.763169" lon="83.714505">
         <ele>2840</ele>
      </rtept>
      <rtept lat="28.763334" lon="83.713927">
         <ele>2840</ele>
      </rtept>
      <rtept lat="28.763393" lon="83.713059">
         <ele>2840</ele>
      </rtept>
      <rtept lat="28.763126" lon="83.712665">
         <ele>2860</ele>
      </rtept>
      <rtept lat="28.763228" lon="83.71194">
         <ele>2870</ele>
      </rtept>
      <rtept lat="28.763258" lon="83.711532">
         <ele>2870</ele>
      </rtept>
      <rtept lat="28.763059" lon="83.711874">
         <ele>2870</ele>
      </rtept>
      <rtept lat="28.762805" lon="83.712653">
         <ele>2870</ele>
      </rtept>
      <rtept lat="28.76258" lon="83.713246">
         <ele>2860</ele>
      </rtept>
      <rtept lat="28.762253" lon="83.713836">
         <ele>2860</ele>
      </rtept>
      <rtept lat="28.761989" lon="83.713192">
         <ele>2840</ele>
      </rtept>
      <rtept lat="28.761968" lon="83.712264">
         <ele>2830</ele>
      </rtept>
      <rtept lat="28.76207" lon="83.711395">
         <ele>2830</ele>
      </rtept>
      <rtept lat="28.761999" lon="83.710823">
         <ele>2820</ele>
      </rtept>
      <rtept lat="28.761986" lon="83.709785">
         <ele>2810</ele>
      </rtept>
      <rtept lat="28.762045" lon="83.708795">
         <ele>2800</ele>
      </rtept>
      <rtept lat="28.761957" lon="83.70786">
         <ele>2780</ele>
      </rtept>
      <rtept lat="28.761118" lon="83.707962">
         <ele>2770</ele>
      </rtept>
      <rtept lat="28.760706" lon="83.707719">
         <ele>2770</ele>
      </rtept>
      <rtept lat="28.760148" lon="83.707696">
         <ele>2770</ele>
      </rtept>
      <rtept lat="28.759582" lon="83.707678">
         <ele>2780</ele>
      </rtept>
      <rtept lat="28.759202" lon="83.707472">
         <ele>2800</ele>
      </rtept>
      <rtept lat="28.758985" lon="83.707111">
         <ele>2810</ele>
      </rtept>
      <rtept lat="28.758624" lon="83.706602">
         <ele>2820</ele>
      </rtept>
      <rtept lat="28.758432" lon="83.706208">
         <ele>2820</ele>
      </rtept>
      <rtept lat="28.758169" lon="83.7059">
         <ele>2830</ele>
      </rtept>
      <rtept lat="28.757793" lon="83.705783">
         <ele>2830</ele>
      </rtept>
      <rtept lat="28.757687" lon="83.704827">
         <ele>2840</ele>
      </rtept>
      <rtept lat="28.757649" lon="83.70366">
         <ele>2830</ele>
      </rtept>
      <rtept lat="28.757542" lon="83.702816">
         <ele>2840</ele>
      </rtept>
      <rtept lat="28.75741" lon="83.70172">
         <ele>2830</ele>
      </rtept>
      <rtept lat="28.757109" lon="83.700893">
         <ele>2830</ele>
      </rtept>
      <rtept lat="28.756571" lon="83.700343">
         <ele>2820</ele>
      </rtept>
      <rtept lat="28.755976" lon="83.699972">
         <ele>2840</ele>
      </rtept>
      <rtept lat="28.755448" lon="83.700084">
         <ele>2880</ele>
      </rtept>
      <rtept lat="28.754163" lon="83.699421">
         <ele>2840</ele>
      </rtept>
      <rtept lat="28.753865" lon="83.699312">
         <ele>2850</ele>
      </rtept>
      <rtept lat="28.75339" lon="83.698394">
         <ele>2840</ele>
      </rtept>
      <rtept lat="28.752783" lon="83.697463">
         <ele>2820</ele>
      </rtept>
      <rtept lat="28.752098" lon="83.696665">
         <ele>2820</ele>
      </rtept>
      <rtept lat="28.751616" lon="83.696019">
         <ele>2820</ele>
      </rtept>
      <rtept lat="28.751379" lon="83.695392">
         <ele>2800</ele>
      </rtept>
      <rtept lat="28.751061" lon="83.694863">
         <ele>2790</ele>
      </rtept>
      <rtept lat="28.750817" lon="83.694727">
         <ele>2800</ele>
      </rtept>
      <rtept lat="28.750578" lon="83.693755">
         <ele>2750</ele>
      </rtept>
      <rtept lat="28.750572" lon="83.693256">
         <ele>2730</ele>
      </rtept>
      <rtept lat="28.750278" lon="83.692996">
         <ele>2740</ele>
      </rtept>
      <rtept lat="28.749727" lon="83.692093">
         <ele>2720</ele>
      </rtept>
      <rtept lat="28.749266" lon="83.691727">
         <ele>2720</ele>
      </rtept>
      <rtept lat="28.74849" lon="83.691045">
         <ele>2690</ele>
      </rtept>
      <rtept lat="28.747909" lon="83.690723">
         <ele>2690</ele>
      </rtept>
      <rtept lat="28.747574" lon="83.690376">
         <ele>2680</ele>
      </rtept>
      <rtept lat="28.746528" lon="83.690196">
         <ele>2690</ele>
      </rtept>
      <rtept lat="28.745681" lon="83.689674">
         <ele>2680</ele>
      </rtept>
      <rtept lat="28.745069" lon="83.689291">
         <ele>2670</ele>
      </rtept>
      <rtept lat="28.744603" lon="83.688927">
         <ele>2660</ele>
      </rtept>
      <rtept lat="28.743716" lon="83.688436">
         <ele>2660</ele>
      </rtept>
      <rtept lat="28.742648" lon="83.687823">
         <ele>2710</ele>
      </rtept>
      <rtept lat="28.741952" lon="83.68723">
         <ele>2710</ele>
      </rtept>
      <rtept lat="28.741146" lon="83.686452">
         <ele>2690</ele>
      </rtept>
      <rtept lat="28.740506" lon="83.685849">
         <ele>2680</ele>
      </rtept>
      <rtept lat="28.739788" lon="83.685033">
         <ele>2650</ele>
      </rtept>
      <rtept lat="28.739502" lon="83.684038">
         <ele>2650</ele>
      </rtept>
      <rtept lat="28.739344" lon="83.683239">
         <ele>2650</ele>
      </rtept>
      <rtept lat="28.738832" lon="83.683">
         <ele>2660</ele>
      </rtept>
      <rtept lat="28.738268" lon="83.682897">
         <ele>2660</ele>
      </rtept>
      <rtept lat="28.737867" lon="83.682219">
         <ele>2650</ele>
      </rtept>
      <rtept lat="28.737385" lon="83.681568">
         <ele>2650</ele>
      </rtept>
      <rtept lat="28.735393" lon="83.6811">
         <ele>2650</ele>
      </rtept>
      <rtept lat="28.734453" lon="83.681041">
         <ele>2640</ele>
      </rtept>
      <rtept lat="28.733917" lon="83.680502">
         <ele>2650</ele>
      </rtept>
      <rtept lat="28.733302" lon="83.679884">
         <ele>2650</ele>
      </rtept>
      <rtept lat="28.733042" lon="83.679585">
         <ele>2650</ele>
      </rtept>
      <rtept lat="28.733142" lon="83.679124">
         <ele>2640</ele>
      </rtept>
      <rtept lat="28.732985" lon="83.678658">
         <ele>2640</ele>
      </rtept>
      <rtept lat="28.732414" lon="83.678265">
         <ele>2640</ele>
      </rtept>
      <rtept lat="28.731804" lon="83.678324">
         <ele>2640</ele>
      </rtept>
      <rtept lat="28.731153" lon="83.6782">
         <ele>2630</ele>
      </rtept>
      <rtept lat="28.730748" lon="83.677818">
         <ele>2620</ele>
      </rtept>
      <rtept lat="28.729788" lon="83.678068">
         <ele>2630</ele>
      </rtept>
      <rtept lat="28.729115" lon="83.677761">
         <ele>2630</ele>
      </rtept>
      <rtept lat="28.728745" lon="83.677382">
         <ele>2620</ele>
      </rtept>
      <rtept lat="28.727522" lon="83.677344">
         <ele>2620</ele>
      </rtept>
      <rtept lat="28.726656" lon="83.677309">
         <ele>2620</ele>
      </rtept>
      <rtept lat="28.726213" lon="83.676814">
         <ele>2620</ele>
      </rtept>
      <rtept lat="28.725254" lon="83.675928">
         <ele>2620</ele>
      </rtept>
      <rtept lat="28.724739" lon="83.675193">
         <ele>2630</ele>
      </rtept>
      <rtept lat="28.724627" lon="83.674391">
         <ele>2630</ele>
      </rtept>
      <rtept lat="28.724203" lon="83.673806">
         <ele>2640</ele>
      </rtept>
      <rtept lat="28.72363" lon="83.672918">
         <ele>2610</ele>
      </rtept>
      <rtept lat="28.723241" lon="83.672342">
         <ele>2620</ele>
      </rtept>
      <rtept lat="28.72285" lon="83.672083">
         <ele>2630</ele>
      </rtept>
      <rtept lat="28.721981" lon="83.671404">
         <ele>2620</ele>
      </rtept>
      <rtept lat="28.720697" lon="83.670901">
         <ele>2620</ele>
      </rtept>
      <rtept lat="28.720525" lon="83.670248">
         <ele>2620</ele>
      </rtept>
      <rtept lat="28.720093" lon="83.669688">
         <ele>2620</ele>
      </rtept>
      <rtept lat="28.7196" lon="83.669132">
         <ele>2620</ele>
      </rtept>
      <rtept lat="28.718967" lon="83.668312">
         <ele>2630</ele>
      </rtept>
      <rtept lat="28.718561" lon="83.667567">
         <ele>2620</ele>
      </rtept>
      <rtept lat="28.717936" lon="83.66714">
         <ele>2620</ele>
      </rtept>
      <rtept lat="28.717427" lon="83.666253">
         <ele>2610</ele>
      </rtept>
      <rtept lat="28.717064" lon="83.665585">
         <ele>2610</ele>
      </rtept>
      <rtept lat="28.716709" lon="83.664816">
         <ele>2610</ele>
      </rtept>
      <rtept lat="28.716266" lon="83.664149">
         <ele>2600</ele>
      </rtept>
      <rtept lat="28.71594" lon="83.664004">
         <ele>2600</ele>
      </rtept>
      <rtept lat="28.715615" lon="83.663724">
         <ele>2610</ele>
      </rtept>
      <rtept lat="28.715008" lon="83.663327">
         <ele>2620</ele>
      </rtept>
      <rtept lat="28.714568" lon="83.663111">
         <ele>2610</ele>
      </rtept>
      <rtept lat="28.713872" lon="83.662657">
         <ele>2610</ele>
      </rtept>
      <rtept lat="28.713502" lon="83.66201">
         <ele>2610</ele>
      </rtept>
      <rtept lat="28.713227" lon="83.661472">
         <ele>2610</ele>
      </rtept>
      <rtept lat="28.712922" lon="83.66118">
         <ele>2610</ele>
      </rtept>
      <rtept lat="28.71245" lon="83.660873">
         <ele>2610</ele>
      </rtept>
      <rtept lat="28.712033" lon="83.660609">
         <ele>2610</ele>
      </rtept>
      <rtept lat="28.711556" lon="83.660113">
         <ele>2600</ele>
      </rtept>
      <rtept lat="28.711313" lon="83.659959">
         <ele>2600</ele>
      </rtept>
      <rtept lat="28.711067" lon="83.660463">
         <ele>2600</ele>
      </rtept>
      <rtept lat="28.710932" lon="83.659943">
         <ele>2600</ele>
      </rtept>
      <rtept lat="28.710746" lon="83.659271">
         <ele>2600</ele>
      </rtept>
      <rtept lat="28.710443" lon="83.6585">
         <ele>2600</ele>
      </rtept>
      <rtept lat="28.710351" lon="83.658168">
         <ele>2610</ele>
      </rtept>
      <rtept lat="28.710199" lon="83.657582">
         <ele>2590</ele>
      </rtept>
      <rtept lat="28.709998" lon="83.657085">
         <ele>2580</ele>
      </rtept>
      <rtept lat="28.709576" lon="83.65656">
         <ele>2610</ele>
      </rtept>
      <rtept lat="28.709498" lon="83.656134">
         <ele>2620</ele>
      </rtept>
      <rtept lat="28.709345" lon="83.65574">
         <ele>2630</ele>
      </rtept>
      <rtept lat="28.709209" lon="83.65504">
         <ele>2630</ele>
      </rtept>
      <rtept lat="28.709038" lon="83.654252">
         <ele>2620</ele>
      </rtept>
      <rtept lat="28.708769" lon="83.653531">
         <ele>2630</ele>
      </rtept>
      <rtept lat="28.707998" lon="83.65328">
         <ele>2680</ele>
      </rtept>
      <rtept lat="28.707686" lon="83.652769">
         <ele>2680</ele>
      </rtept>
      <rtept lat="28.707511" lon="83.652485">
         <ele>2670</ele>
      </rtept>
      <rtept lat="28.707224" lon="83.652139">
         <ele>2670</ele>
      </rtept>
      <rtept lat="28.706947" lon="83.651921">
         <ele>2670</ele>
      </rtept>
      <rtept lat="28.706765" lon="83.65164">
         <ele>2660</ele>
      </rtept>
      <rtept lat="28.706431" lon="83.651148">
         <ele>2650</ele>
      </rtept>
      <rtept lat="28.705231" lon="83.65067">
         <ele>2750</ele>
      </rtept>
      <rtept lat="28.7051" lon="83.650225">
         <ele>2750</ele>
      </rtept>
      <rtept lat="28.704966" lon="83.649726">
         <ele>2740</ele>
      </rtept>
      <rtept lat="28.704864" lon="83.649087">
         <ele>2710</ele>
      </rtept>
      <rtept lat="28.703328" lon="83.647376">
         <ele>2730</ele>
      </rtept>
      <rtept lat="28.703159" lon="83.646807">
         <ele>2720</ele>
      </rtept>
      <rtept lat="28.703059" lon="83.646265">
         <ele>2710</ele>
      </rtept>
      <rtept lat="28.702921" lon="83.645615">
         <ele>2670</ele>
      </rtept>
      <rtept lat="28.702825" lon="83.644993">
         <ele>2640</ele>
      </rtept>
      <rtept lat="28.702715" lon="83.644434">
         <ele>2610</ele>
      </rtept>
      <rtept lat="28.702617" lon="83.64384">
         <ele>2600</ele>
      </rtept>
      <rtept lat="28.702556" lon="83.643494">
         <ele>2600</ele>
      </rtept>
      <rtept lat="28.702485" lon="83.643142">
         <ele>2600</ele>
      </rtept>
      <rtept lat="28.701601" lon="83.642146">
         <ele>2600</ele>
      </rtept>
      <rtept lat="28.701248" lon="83.641511">
         <ele>2600</ele>
      </rtept>
      <rtept lat="28.701216" lon="83.641166">
         <ele>2590</ele>
      </rtept>
      <rtept lat="28.701159" lon="83.640482">
         <ele>2580</ele>
      </rtept>
      <rtept lat="28.701041" lon="83.639499">
         <ele>2560</ele>
      </rtept>
      <rtept lat="28.699777" lon="83.638464">
         <ele>2570</ele>
      </rtept>
      <rtept lat="28.699616" lon="83.637813">
         <ele>2570</ele>
      </rtept>
      <rtept lat="28.69927" lon="83.637127">
         <ele>2570</ele>
      </rtept>
      <rtept lat="28.698736" lon="83.636523">
         <ele>2570</ele>
      </rtept>
      <rtept lat="28.698526" lon="83.635744">
         <ele>2570</ele>
      </rtept>
      <rtept lat="28.698415" lon="83.635388">
         <ele>2570</ele>
      </rtept>
      <rtept lat="28.698308" lon="83.634978">
         <ele>2560</ele>
      </rtept>
      <rtept lat="28.698035" lon="83.634196">
         <ele>2560</ele>
      </rtept>
      <rtept lat="28.697743" lon="83.633815">
         <ele>2570</ele>
      </rtept>
      <rtept lat="28.697547" lon="83.633387">
         <ele>2570</ele>
      </rtept>
      <rtept lat="28.697412" lon="83.632923">
         <ele>2570</ele>
      </rtept>
      <rtept lat="28.696853" lon="83.632119">
         <ele>2550</ele>
      </rtept>
      <rtept lat="28.696449" lon="83.631541">
         <ele>2560</ele>
      </rtept>
      <rtept lat="28.694619" lon="83.630909">
         <ele>2580</ele>
      </rtept>
      <rtept lat="28.694014" lon="83.630317">
         <ele>2550</ele>
      </rtept>
      <rtept lat="28.693539" lon="83.629969">
         <ele>2550</ele>
      </rtept>
      <rtept lat="28.692931" lon="83.62972">
         <ele>2560</ele>
      </rtept>
      <rtept lat="28.6924" lon="83.629665">
         <ele>2550</ele>
      </rtept>
      <rtept lat="28.69207" lon="83.629743">
         <ele>2550</ele>
      </rtept>
      <rtept lat="28.691611" lon="83.629364">
         <ele>2550</ele>
      </rtept>
      <rtept lat="28.691145" lon="83.628697">
         <ele>2560</ele>
      </rtept>
      <rtept lat="28.690568" lon="83.628205">
         <ele>2550</ele>
      </rtept>
      <rtept lat="28.690191" lon="83.627834">
         <ele>2550</ele>
      </rtept>
      <rtept lat="28.689506" lon="83.626936">
         <ele>2550</ele>
      </rtept>
      <rtept lat="28.688871" lon="83.626321">
         <ele>2540</ele>
      </rtept>
      <rtept lat="28.68851" lon="83.625753">
         <ele>2560</ele>
      </rtept>
      <rtept lat="28.687829" lon="83.62433">
         <ele>2590</ele>
      </rtept>
      <rtept lat="28.687308" lon="83.624132">
         <ele>2620</ele>
      </rtept>
      <rtept lat="28.686669" lon="83.623844">
         <ele>2670</ele>
      </rtept>
      <rtept lat="28.686029" lon="83.623085">
         <ele>2650</ele>
      </rtept>
      <rtept lat="28.685419" lon="83.622953">
         <ele>2630</ele>
      </rtept>
      <rtept lat="28.68479" lon="83.62233">
         <ele>2630</ele>
      </rtept>
      <rtept lat="28.684345" lon="83.621859">
         <ele>2620</ele>
      </rtept>
      <rtept lat="28.68408" lon="83.62093">
         <ele>2570</ele>
      </rtept>
      <rtept lat="28.683478" lon="83.620668">
         <ele>2600</ele>
      </rtept>
      <rtept lat="28.682844" lon="83.619977">
         <ele>2540</ele>
      </rtept>
      <rtept lat="28.682413" lon="83.619749">
         <ele>2560</ele>
      </rtept>
      <rtept lat="28.681878" lon="83.619545">
         <ele>2590</ele>
      </rtept>
      <rtept lat="28.681695" lon="83.619068">
         <ele>2560</ele>
      </rtept>
      <rtept lat="28.68115" lon="83.618694">
         <ele>2550</ele>
      </rtept>
      <rtept lat="28.680822" lon="83.61841">
         <ele>2540</ele>
      </rtept>
      <rtept lat="28.680492" lon="83.618437">
         <ele>2540</ele>
      </rtept>
      <rtept lat="28.680057" lon="83.619162">
         <ele>2550</ele>
      </rtept>
      <rtept lat="28.678949" lon="83.618998">
         <ele>2540</ele>
      </rtept>
      <rtept lat="28.678309" lon="83.618369">
         <ele>2540</ele>
      </rtept>
      <rtept lat="28.677664" lon="83.617946">
         <ele>2530</ele>
      </rtept>
      <rtept lat="28.677469" lon="83.617309">
         <ele>2530</ele>
      </rtept>
      <rtept lat="28.676568" lon="83.617587">
         <ele>2540</ele>
      </rtept>
      <rtept lat="28.675517" lon="83.617412">
         <ele>2530</ele>
      </rtept>
      <rtept lat="28.674873" lon="83.616958">
         <ele>2530</ele>
      </rtept>
      <rtept lat="28.674528" lon="83.616238">
         <ele>2530</ele>
      </rtept>
      <rtept lat="28.674224" lon="83.615201">
         <ele>2540</ele>
      </rtept>
      <rtept lat="28.674604" lon="83.614668">
         <ele>2540</ele>
      </rtept>
      <rtept lat="28.674312" lon="83.613962">
         <ele>2570</ele>
      </rtept>
      <rtept lat="28.673927" lon="83.613206">
         <ele>2550</ele>
      </rtept>
      <rtept lat="28.673586" lon="83.612966">
         <ele>2550</ele>
      </rtept>
      <rtept lat="28.672859" lon="83.612332">
         <ele>2540</ele>
      </rtept>
      <rtept lat="28.672157" lon="83.611533">
         <ele>2530</ele>
      </rtept>
      <rtept lat="28.671612" lon="83.610771">
         <ele>2530</ele>
      </rtept>
      <rtept lat="28.671058" lon="83.609895">
         <ele>2520</ele>
      </rtept>
      <rtept lat="28.670611" lon="83.609263">
         <ele>2530</ele>
      </rtept>
      <rtept lat="28.669849" lon="83.608549">
         <ele>2530</ele>
      </rtept>
      <rtept lat="28.669614" lon="83.607744">
         <ele>2540</ele>
      </rtept>
      <rtept lat="28.669611" lon="83.607282">
         <ele>2550</ele>
      </rtept>
      <rtept lat="28.669766" lon="83.606951">
         <ele>2550</ele>
      </rtept>
      <rtept lat="28.669628" lon="83.606348">
         <ele>2560</ele>
      </rtept>
      <rtept lat="28.669327" lon="83.605393">
         <ele>2560</ele>
      </rtept>
      <rtept lat="28.669185" lon="83.604536">
         <ele>2560</ele>
      </rtept>
      <rtept lat="28.669548" lon="83.603881">
         <ele>2540</ele>
      </rtept>
      <rtept lat="28.669714" lon="83.602807">
         <ele>2550</ele>
      </rtept>
      <rtept lat="28.670236" lon="83.602233">
         <ele>2550</ele>
      </rtept>
      <rtept lat="28.670412" lon="83.601671">
         <ele>2560</ele>
      </rtept>
      <rtept lat="28.670791" lon="83.600731">
         <ele>2560</ele>
      </rtept>
      <rtept lat="28.671012" lon="83.599844">
         <ele>2570</ele>
      </rtept>
      <rtept lat="28.6711" lon="83.599386">
         <ele>2560</ele>
      </rtept>
      <rtept lat="28.671413" lon="83.59849">
         <ele>2550</ele>
      </rtept>
      <rtept lat="28.67133" lon="83.597218">
         <ele>2550</ele>
      </rtept>
      <rtept lat="28.670893" lon="83.596771">
         <ele>2530</ele>
      </rtept>
      <rtept lat="28.670187" lon="83.596957">
         <ele>2540</ele>
      </rtept>
      <rtept lat="28.669495" lon="83.596814">
         <ele>2520</ele>
      </rtept>
      <rtept lat="28.668562" lon="83.596702">
         <ele>2520</ele>
      </rtept>
      <rtept lat="28.667758" lon="83.596801">
         <ele>2530</ele>
      </rtept>
      <rtept lat="28.666951" lon="83.596336">
         <ele>2520</ele>
      </rtept>
      <rtept lat="28.66659" lon="83.595866">
         <ele>2530</ele>
      </rtept>
      <rtept lat="28.666113" lon="83.595425">
         <ele>2540</ele>
      </rtept>
      <rtept lat="28.665176" lon="83.59528">
         <ele>2570</ele>
      </rtept>
      <rtept lat="28.664287" lon="83.595403">
         <ele>2570</ele>
      </rtept>
      <rtept lat="28.663498" lon="83.595116">
         <ele>2510</ele>
      </rtept>
      <rtept lat="28.662901" lon="83.595008">
         <ele>2510</ele>
      </rtept>
      <rtept lat="28.662417" lon="83.594932">
         <ele>2520</ele>
      </rtept>
      <rtept lat="28.662134" lon="83.594825">
         <ele>2530</ele>
      </rtept>
      <rtept lat="28.661867" lon="83.594628">
         <ele>2540</ele>
      </rtept>
      <rtept lat="28.661233" lon="83.5941">
         <ele>2520</ele>
      </rtept>
      <rtept lat="28.660566" lon="83.594226">
         <ele>2530</ele>
      </rtept>
      <rtept lat="28.659824" lon="83.594422">
         <ele>2520</ele>
      </rtept>
      <rtept lat="28.659279" lon="83.594716">
         <ele>2530</ele>
      </rtept>
      <rtept lat="28.658692" lon="83.594898">
         <ele>2530</ele>
      </rtept>
      <rtept lat="28.657995" lon="83.595109">
         <ele>2510</ele>
      </rtept>
      <rtept lat="28.65679" lon="83.595746">
         <ele>2510</ele>
      </rtept>
      <rtept lat="28.65598" lon="83.596056">
         <ele>2500</ele>
      </rtept>
      <rtept lat="28.655042" lon="83.596744">
         <ele>2500</ele>
      </rtept>
      <rtept lat="28.654199" lon="83.596759">
         <ele>2500</ele>
      </rtept>
      <rtept lat="28.653518" lon="83.596708">
         <ele>2510</ele>
      </rtept>
      <rtept lat="28.652866" lon="83.596846">
         <ele>2510</ele>
      </rtept>
      <rtept lat="28.652093" lon="83.597239">
         <ele>2510</ele>
      </rtept>
      <rtept lat="28.651968" lon="83.596966">
         <ele>2510</ele>
      </rtept>
      <rtept lat="28.650281" lon="83.596949">
         <ele>2500</ele>
      </rtept>
      <rtept lat="28.649561" lon="83.596488">
         <ele>2500</ele>
      </rtept>
      <rtept lat="28.649074" lon="83.596073">
         <ele>2500</ele>
      </rtept>
      <rtept lat="28.648447" lon="83.595375">
         <ele>2510</ele>
      </rtept>
      <rtept lat="28.647702" lon="83.59518">
         <ele>2520</ele>
      </rtept>
      <rtept lat="28.647087" lon="83.594813">
         <ele>2500</ele>
      </rtept>
      <rtept lat="28.646394" lon="83.59474">
         <ele>2510</ele>
      </rtept>
      <rtept lat="28.645793" lon="83.594936">
         <ele>2530</ele>
      </rtept>
      <rtept lat="28.645379" lon="83.595241">
         <ele>2530</ele>
      </rtept>
      <rtept lat="28.644769" lon="83.595939">
         <ele>2530</ele>
      </rtept>
      <rtept lat="28.644636" lon="83.596384">
         <ele>2530</ele>
      </rtept>
      <rtept lat="28.644633" lon="83.596759">
         <ele>2530</ele>
      </rtept>
      <rtept lat="28.644529" lon="83.597525">
         <ele>2530</ele>
      </rtept>
      <rtept lat="28.644548" lon="83.598269">
         <ele>2510</ele>
      </rtept>
      <rtept lat="28.643728" lon="83.59917">
         <ele>2510</ele>
      </rtept>
      <rtept lat="28.643269" lon="83.59962">
         <ele>2520</ele>
      </rtept>
      <rtept lat="28.642603" lon="83.600465">
         <ele>2520</ele>
      </rtept>
      <rtept lat="28.642204" lon="83.600709">
         <ele>2530</ele>
      </rtept>
      <rtept lat="28.641646" lon="83.601817">
         <ele>2520</ele>
      </rtept>
      <rtept lat="28.640938" lon="83.602881">
         <ele>2510</ele>
      </rtept>
      <rtept lat="28.640646" lon="83.603309">
         <ele>2510</ele>
      </rtept>
      <rtept lat="28.639441" lon="83.60386">
         <ele>2500</ele>
      </rtept>
      <rtept lat="28.638253" lon="83.60497">
         <ele>2490</ele>
      </rtept>
      <rtept lat="28.637378" lon="83.606458">
         <ele>2490</ele>
      </rtept>
      <rtept lat="28.636678" lon="83.607271">
         <ele>2480</ele>
      </rtept>
      <rtept lat="28.635509" lon="83.609272">
         <ele>2470</ele>
      </rtept>
      <rtept lat="28.63539" lon="83.609742">
         <ele>2460</ele>
      </rtept>
      <rtept lat="28.634539" lon="83.611861">
         <ele>2460</ele>
      </rtept>
      <rtept lat="28.633606" lon="83.613028">
         <ele>2470</ele>
      </rtept>
      <rtept lat="28.632296" lon="83.614924">
         <ele>2450</ele>
      </rtept>
      <rtept lat="28.631352" lon="83.61628">
         <ele>2430</ele>
      </rtept>
      <rtept lat="28.63048" lon="83.616864">
         <ele>2430</ele>
      </rtept>
      <rtept lat="28.629005" lon="83.617142">
         <ele>2400</ele>
      </rtept>
      <rtept lat="28.628052" lon="83.61661">
         <ele>2360</ele>
      </rtept>
      <rtept lat="28.628089" lon="83.616003">
         <ele>2360</ele>
      </rtept>
      <rtept lat="28.627736" lon="83.616211">
         <ele>2350</ele>
      </rtept>
      <rtept lat="28.627016" lon="83.615981">
         <ele>2380</ele>
      </rtept>
      <rtept lat="28.626706" lon="83.616304">
         <ele>2400</ele>
      </rtept>
      <rtept lat="28.625881" lon="83.616593">
         <ele>2420</ele>
      </rtept>
      <rtept lat="28.625797" lon="83.617318">
         <ele>2420</ele>
      </rtept>
      <rtept lat="28.62549" lon="83.618167">
         <ele>2430</ele>
      </rtept>
      <rtept lat="28.625418" lon="83.618941">
         <ele>2440</ele>
      </rtept>
      <rtept lat="28.625357" lon="83.619706">
         <ele>2440</ele>
      </rtept>
      <rtept lat="28.625082" lon="83.620372">
         <ele>2440</ele>
      </rtept>
      <rtept lat="28.624863" lon="83.621216">
         <ele>2430</ele>
      </rtept>
      <rtept lat="28.624687" lon="83.62182">
         <ele>2430</ele>
      </rtept>
      <rtept lat="28.624531" lon="83.622474">
         <ele>2430</ele>
      </rtept>
      <rtept lat="28.624437" lon="83.623247">
         <ele>2420</ele>
      </rtept>
      <rtept lat="28.624312" lon="83.624189">
         <ele>2410</ele>
      </rtept>
      <rtept lat="28.624204" lon="83.624711">
         <ele>2400</ele>
      </rtept>
      <rtept lat="28.624034" lon="83.62528">
         <ele>2400</ele>
      </rtept>
      <rtept lat="28.623884" lon="83.625838">
         <ele>2380</ele>
      </rtept>
      <rtept lat="28.623594" lon="83.626177">
         <ele>2380</ele>
      </rtept>
      <rtept lat="28.623416" lon="83.626451">
         <ele>2370</ele>
      </rtept>
      <rtept lat="28.623039" lon="83.626756">
         <ele>2360</ele>
      </rtept>
      <rtept lat="28.622802" lon="83.627259">
         <ele>2330</ele>
      </rtept>
      <rtept lat="28.622593" lon="83.627634">
         <ele>2320</ele>
      </rtept>
      <rtept lat="28.622454" lon="83.628054">
         <ele>2310</ele>
      </rtept>
      <rtept lat="28.621947" lon="83.628504">
         <ele>2320</ele>
      </rtept>
      <rtept lat="28.621808" lon="83.628974">
         <ele>2290</ele>
      </rtept>
      <rtept lat="28.62147" lon="83.629389">
         <ele>2280</ele>
      </rtept>
      <rtept lat="28.621049" lon="83.629957">
         <ele>2250</ele>
      </rtept>
      <rtept lat="28.620603" lon="83.630606">
         <ele>2250</ele>
      </rtept>
      <rtept lat="28.620142" lon="83.631301">
         <ele>2240</ele>
      </rtept>
      <rtept lat="28.619666" lon="83.632057">
         <ele>2240</ele>
      </rtept>
      <rtept lat="28.619244" lon="83.632784">
         <ele>2240</ele>
      </rtept>
      <rtept lat="28.618467" lon="83.633701">
         <ele>2220</ele>
      </rtept>
      <rtept lat="28.6176" lon="83.634447">
         <ele>2220</ele>
      </rtept>
      <rtept lat="28.617236" lon="83.63499">
         <ele>2210</ele>
      </rtept>
      <rtept lat="28.616734" lon="83.635854">
         <ele>2210</ele>
      </rtept>
      <rtept lat="28.616292" lon="83.63669">
         <ele>2220</ele>
      </rtept>
      <rtept lat="28.615848" lon="83.637598">
         <ele>2220</ele>
      </rtept>
      <rtept lat="28.61536" lon="83.638387">
         <ele>2230</ele>
      </rtept>
      <rtept lat="28.614701" lon="83.639192">
         <ele>2190</ele>
      </rtept>
      <rtept lat="28.614475" lon="83.639465">
         <ele>2170</ele>
      </rtept>
      <rtept lat="28.613871" lon="83.639526">
         <ele>2160</ele>
      </rtept>
      <rtept lat="28.613451" lon="83.638676">
         <ele>2190</ele>
      </rtept>
      <rtept lat="28.613136" lon="83.639202">
         <ele>2180</ele>
      </rtept>
      <rtept lat="28.612752" lon="83.640137">
         <ele>2220</ele>
      </rtept>
      <rtept lat="28.612473" lon="83.640939">
         <ele>2230</ele>
      </rtept>
      <rtept lat="28.611914" lon="83.641621">
         <ele>2170</ele>
      </rtept>
      <rtept lat="28.611513" lon="83.641804">
         <ele>2150</ele>
      </rtept>
      <rtept lat="28.610958" lon="83.642287">
         <ele>2130</ele>
      </rtept>
      <rtept lat="28.609996" lon="83.642656">
         <ele>2130</ele>
      </rtept>
      <rtept lat="28.609172" lon="83.642968">
         <ele>2120</ele>
      </rtept>
      <rtept lat="28.608747" lon="83.643248">
         <ele>2110</ele>
      </rtept>
      <rtept lat="28.608196" lon="83.643501">
         <ele>2110</ele>
      </rtept>
      <rtept lat="28.607819" lon="83.643575">
         <ele>2100</ele>
      </rtept>
      <rtept lat="28.607534" lon="83.643664">
         <ele>2100</ele>
      </rtept>
      <rtept lat="28.607362" lon="83.643985">
         <ele>2090</ele>
      </rtept>
      <rtept lat="28.606649" lon="83.644215">
         <ele>2090</ele>
      </rtept>
      <rtept lat="28.605823" lon="83.644583">
         <ele>2070</ele>
      </rtept>
      <rtept lat="28.60495" lon="83.644501">
         <ele>2070</ele>
      </rtept>
      <rtept lat="28.60425" lon="83.643811">
         <ele>2070</ele>
      </rtept>
      <rtept lat="28.603441" lon="83.643506">
         <ele>2060</ele>
      </rtept>
      <rtept lat="28.602586" lon="83.643372">
         <ele>2040</ele>
      </rtept>
      <rtept lat="28.601958" lon="83.643174">
         <ele>2030</ele>
      </rtept>
      <rtept lat="28.601283" lon="83.642918">
         <ele>2020</ele>
      </rtept>
      <rtept lat="28.600604" lon="83.642478">
         <ele>2010</ele>
      </rtept>
      <rtept lat="28.599771" lon="83.642291">
         <ele>2000</ele>
      </rtept>
      <rtept lat="28.598999" lon="83.642354">
         <ele>2000</ele>
      </rtept>
      <rtept lat="28.598438" lon="83.642632">
         <ele>1990</ele>
      </rtept>
      <rtept lat="28.597699" lon="83.642765">
         <ele>1970</ele>
      </rtept>
      <rtept lat="28.597003" lon="83.642806">
         <ele>1960</ele>
      </rtept>
      <rtept lat="28.596087" lon="83.643059">
         <ele>1950</ele>
      </rtept>
      <rtept lat="28.59521" lon="83.643032">
         <ele>1960</ele>
      </rtept>
      <rtept lat="28.594685" lon="83.643246">
         <ele>1960</ele>
      </rtept>
      <rtept lat="28.594141" lon="83.643525">
         <ele>1950</ele>
      </rtept>
      <rtept lat="28.593464" lon="83.644147">
         <ele>1940</ele>
      </rtept>
      <rtept lat="28.59305" lon="83.644399">
         <ele>1950</ele>
      </rtept>
      <rtept lat="28.592673" lon="83.644699">
         <ele>1970</ele>
      </rtept>
      <rtept lat="28.592213" lon="83.645055">
         <ele>1980</ele>
      </rtept>
      <rtept lat="28.59176" lon="83.645303">
         <ele>1980</ele>
      </rtept>
      <rtept lat="28.591209" lon="83.645658">
         <ele>1970</ele>
      </rtept>
      <rtept lat="28.590613" lon="83.646051">
         <ele>1960</ele>
      </rtept>
      <rtept lat="28.590108" lon="83.646324">
         <ele>1930</ele>
      </rtept>
      <rtept lat="28.589962" lon="83.647206">
         <ele>1880</ele>
      </rtept>
      <rtept lat="28.589418" lon="83.647814">
         <ele>1880</ele>
      </rtept>
      <rtept lat="28.58891" lon="83.648325">
         <ele>1890</ele>
      </rtept>
      <rtept lat="28.588625" lon="83.648383">
         <ele>1900</ele>
      </rtept>
      <rtept lat="28.587941" lon="83.647939">
         <ele>1900</ele>
      </rtept>
      <rtept lat="28.587343" lon="83.647447">
         <ele>1910</ele>
      </rtept>
      <rtept lat="28.586492" lon="83.647098">
         <ele>1900</ele>
      </rtept>
      <rtept lat="28.586062" lon="83.647394">
         <ele>1910</ele>
      </rtept>
      <rtept lat="28.585222" lon="83.647699">
         <ele>1910</ele>
      </rtept>
      <rtept lat="28.584411" lon="83.647839">
         <ele>1920</ele>
      </rtept>
      <rtept lat="28.583556" lon="83.647965">
         <ele>1940</ele>
      </rtept>
      <rtept lat="28.581833" lon="83.647671">
         <ele>1950</ele>
      </rtept>
      <rtept lat="28.580877" lon="83.647983">
         <ele>1980</ele>
      </rtept>
      <rtept lat="28.58056" lon="83.647839">
         <ele>1980</ele>
      </rtept>
      <rtept lat="28.579925" lon="83.647518">
         <ele>1930</ele>
      </rtept>
      <rtept lat="28.577968" lon="83.647548">
         <ele>1910</ele>
      </rtept>
      <rtept lat="28.577612" lon="83.647411">
         <ele>1920</ele>
      </rtept>
      <rtept lat="28.577074" lon="83.647018">
         <ele>1910</ele>
      </rtept>
      <rtept lat="28.576322" lon="83.646729">
         <ele>1890</ele>
      </rtept>
      <rtept lat="28.575861" lon="83.646695">
         <ele>1890</ele>
      </rtept>
      <rtept lat="28.574952" lon="83.646088">
         <ele>1910</ele>
      </rtept>
      <rtept lat="28.574465" lon="83.646013">
         <ele>1920</ele>
      </rtept>
      <rtept lat="28.573958" lon="83.645772">
         <ele>1910</ele>
      </rtept>
      <rtept lat="28.573249" lon="83.645414">
         <ele>1920</ele>
      </rtept>
      <rtept lat="28.572729" lon="83.645159">
         <ele>1920</ele>
      </rtept>
      <rtept lat="28.572433" lon="83.644796">
         <ele>1920</ele>
      </rtept>
      <rtept lat="28.57046" lon="83.643904">
         <ele>1880</ele>
      </rtept>
      <rtept lat="28.570206" lon="83.643077">
         <ele>1830</ele>
      </rtept>
      <rtept lat="28.570007" lon="83.642701">
         <ele>1810</ele>
      </rtept>
      <rtept lat="28.569852" lon="83.642421">
         <ele>1790</ele>
      </rtept>
      <rtept lat="28.569751" lon="83.641962">
         <ele>1760</ele>
      </rtept>
      <rtept lat="28.569589" lon="83.641468">
         <ele>1750</ele>
      </rtept>
      <rtept lat="28.569359" lon="83.640785">
         <ele>1720</ele>
      </rtept>
      <rtept lat="28.567981" lon="83.640333">
         <ele>1760</ele>
      </rtept>
      <rtept lat="28.567783" lon="83.639812">
         <ele>1730</ele>
      </rtept>
      <rtept lat="28.568795" lon="83.639361">
         <ele>1700</ele>
      </rtept>
      <rtept lat="28.566649" lon="83.638206">
         <ele>1610</ele>
      </rtept>
      <rtept lat="28.56623" lon="83.638304">
         <ele>1620</ele>
      </rtept>
      <rtept lat="28.565716" lon="83.638374">
         <ele>1630</ele>
      </rtept>
      <rtept lat="28.565199" lon="83.638666">
         <ele>1630</ele>
      </rtept>
      <rtept lat="28.564478" lon="83.639105">
         <ele>1640</ele>
      </rtept>
      <rtept lat="28.563911" lon="83.639316">
         <ele>1650</ele>
      </rtept>
      <rtept lat="28.563377" lon="83.639352">
         <ele>1640</ele>
      </rtept>
      <rtept lat="28.563008" lon="83.639334">
         <ele>1620</ele>
      </rtept>
      <rtept lat="28.562539" lon="83.639835">
         <ele>1640</ele>
      </rtept>
      <rtept lat="28.562281" lon="83.64008">
         <ele>1660</ele>
      </rtept>
      <rtept lat="28.561882" lon="83.639862">
         <ele>1680</ele>
      </rtept>
      <rtept lat="28.561396" lon="83.639846">
         <ele>1690</ele>
      </rtept>
      <rtept lat="28.561023" lon="83.639985">
         <ele>1710</ele>
      </rtept>
      <rtept lat="28.56033" lon="83.639943">
         <ele>1710</ele>
      </rtept>
      <rtept lat="28.559998" lon="83.640484">
         <ele>1710</ele>
      </rtept>
      <rtept lat="28.559375" lon="83.640885">
         <ele>1710</ele>
      </rtept>
      <rtept lat="28.558652" lon="83.641532">
         <ele>1710</ele>
      </rtept>
      <rtept lat="28.55835" lon="83.642026">
         <ele>1710</ele>
      </rtept>
      <rtept lat="28.558095" lon="83.642289">
         <ele>1700</ele>
      </rtept>
      <rtept lat="28.557838" lon="83.642531">
         <ele>1690</ele>
      </rtept>
      <rtept lat="28.557382" lon="83.642771">
         <ele>1680</ele>
      </rtept>
      <rtept lat="28.5572" lon="83.643014">
         <ele>1670</ele>
      </rtept>
      <rtept lat="28.556669" lon="83.643366">
         <ele>1650</ele>
      </rtept>
      <rtept lat="28.556197" lon="83.643478">
         <ele>1640</ele>
      </rtept>
      <rtept lat="28.555629" lon="83.643672">
         <ele>1620</ele>
      </rtept>
      <rtept lat="28.555218" lon="83.644189">
         <ele>1630</ele>
      </rtept>
      <rtept lat="28.554601" lon="83.64434">
         <ele>1620</ele>
      </rtept>
      <rtept lat="28.554217" lon="83.644739">
         <ele>1620</ele>
      </rtept>
      <rtept lat="28.553734" lon="83.644995">
         <ele>1590</ele>
      </rtept>
      <rtept lat="28.553396" lon="83.645134">
         <ele>1570</ele>
      </rtept>
      <rtept lat="28.552978" lon="83.645203">
         <ele>1560</ele>
      </rtept>
      <rtept lat="28.552552" lon="83.645214">
         <ele>1550</ele>
      </rtept>
      <rtept lat="28.552185" lon="83.645208">
         <ele>1540</ele>
      </rtept>
      <rtept lat="28.551539" lon="83.645159">
         <ele>1510</ele>
      </rtept>
      <rtept lat="28.550932" lon="83.645286">
         <ele>1490</ele>
      </rtept>
      <rtept lat="28.550363" lon="83.645497">
         <ele>1480</ele>
      </rtept>
      <rtept lat="28.54968" lon="83.645781">
         <ele>1480</ele>
      </rtept>
      <rtept lat="28.549128" lon="83.645854">
         <ele>1470</ele>
      </rtept>
      <rtept lat="28.54855" lon="83.646121">
         <ele>1470</ele>
      </rtept>
      <rtept lat="28.54802" lon="83.646334">
         <ele>1480</ele>
      </rtept>
      <rtept lat="28.54735" lon="83.646315">
         <ele>1470</ele>
      </rtept>
      <rtept lat="28.546641" lon="83.646367">
         <ele>1470</ele>
      </rtept>
      <rtept lat="28.546063" lon="83.646505">
         <ele>1460</ele>
      </rtept>
      <rtept lat="28.545438" lon="83.646927">
         <ele>1450</ele>
      </rtept>
      <rtept lat="28.544676" lon="83.647409">
         <ele>1440</ele>
      </rtept>
      <rtept lat="28.544184" lon="83.647716">
         <ele>1440</ele>
      </rtept>
      <rtept lat="28.543501" lon="83.648079">
         <ele>1430</ele>
      </rtept>
      <rtept lat="28.543174" lon="83.648258">
         <ele>1430</ele>
      </rtept>
      <rtept lat="28.542858" lon="83.64839">
         <ele>1430</ele>
      </rtept>
      <rtept lat="28.542555" lon="83.648481">
         <ele>1430</ele>
      </rtept>
      <rtept lat="28.542279" lon="83.648473">
         <ele>1440</ele>
      </rtept>
      <rtept lat="28.542548" lon="83.648654">
         <ele>1430</ele>
      </rtept>
      <rtept lat="28.542702" lon="83.648371">
         <ele>1430</ele>
      </rtept>
      <rtept lat="28.542412" lon="83.648467">
         <ele>1440</ele>
      </rtept>
      <rtept lat="28.54223" lon="83.64874">
         <ele>1430</ele>
      </rtept>
      <rtept lat="28.542567" lon="83.648277">
         <ele>1440</ele>
      </rtept>
      <rtept lat="28.542728" lon="83.648759">
         <ele>1420</ele>
      </rtept>
      <rtept lat="28.542691" lon="83.649154">
         <ele>1420</ele>
      </rtept>
      <rtept lat="28.542376" lon="83.649845">
         <ele>1420</ele>
      </rtept>
      <rtept lat="28.54197" lon="83.650275">
         <ele>1410</ele>
      </rtept>
      <rtept lat="28.54156" lon="83.650531">
         <ele>1410</ele>
      </rtept>
      <rtept lat="28.541151" lon="83.650689">
         <ele>1410</ele>
      </rtept>
      <rtept lat="28.540559" lon="83.650897">
         <ele>1410</ele>
      </rtept>
      <rtept lat="28.540081" lon="83.650925">
         <ele>1400</ele>
      </rtept>
      <rtept lat="28.539487" lon="83.651495">
         <ele>1400</ele>
      </rtept>
      <rtept lat="28.539091" lon="83.652126">
         <ele>1400</ele>
      </rtept>
      <rtept lat="28.538708" lon="83.652547">
         <ele>1400</ele>
      </rtept>
      <rtept lat="28.538225" lon="83.652883">
         <ele>1400</ele>
      </rtept>
      <rtept lat="28.537622" lon="83.653048">
         <ele>1390</ele>
      </rtept>
      <rtept lat="28.537064" lon="83.653273">
         <ele>1400</ele>
      </rtept>
      <rtept lat="28.536638" lon="83.65312">
         <ele>1400</ele>
      </rtept>
      <rtept lat="28.536226" lon="83.652854">
         <ele>1390</ele>
      </rtept>
      <rtept lat="28.535745" lon="83.652806">
         <ele>1390</ele>
      </rtept>
      <rtept lat="28.535554" lon="83.652485">
         <ele>1390</ele>
      </rtept>
      <rtept lat="28.534839" lon="83.65261">
         <ele>1390</ele>
      </rtept>
      <rtept lat="28.534087" lon="83.652509">
         <ele>1380</ele>
      </rtept>
      <rtept lat="28.533413" lon="83.652562">
         <ele>1390</ele>
      </rtept>
      <rtept lat="28.532858" lon="83.652536">
         <ele>1380</ele>
      </rtept>
      <rtept lat="28.532152" lon="83.652694">
         <ele>1370</ele>
      </rtept>
      <rtept lat="28.531767" lon="83.65296">
         <ele>1370</ele>
      </rtept>
      <rtept lat="28.5311" lon="83.653408">
         <ele>1380</ele>
      </rtept>
      <rtept lat="28.530694" lon="83.653855">
         <ele>1370</ele>
      </rtept>
      <rtept lat="28.530346" lon="83.654345">
         <ele>1370</ele>
      </rtept>
      <rtept lat="28.529747" lon="83.655067">
         <ele>1360</ele>
      </rtept>
      <rtept lat="28.529498" lon="83.656016">
         <ele>1360</ele>
      </rtept>
      <rtept lat="28.528818" lon="83.656355">
         <ele>1350</ele>
      </rtept>
      <rtept lat="28.528143" lon="83.656531">
         <ele>1350</ele>
      </rtept>
      <rtept lat="28.527655" lon="83.657075">
         <ele>1350</ele>
      </rtept>
      <rtept lat="28.527173" lon="83.657413">
         <ele>1340</ele>
      </rtept>
      <rtept lat="28.526713" lon="83.657821">
         <ele>1340</ele>
      </rtept>
      <rtept lat="28.526116" lon="83.658135">
         <ele>1340</ele>
      </rtept>
      <rtept lat="28.525776" lon="83.658487">
         <ele>1340</ele>
      </rtept>
      <rtept lat="28.52493" lon="83.658963">
         <ele>1340</ele>
      </rtept>
      <rtept lat="28.524286" lon="83.659491">
         <ele>1340</ele>
      </rtept>
      <rtept lat="28.523769" lon="83.659948">
         <ele>1330</ele>
      </rtept>
      <rtept lat="28.523134" lon="83.660249">
         <ele>1320</ele>
      </rtept>
      <rtept lat="28.522682" lon="83.66037">
         <ele>1320</ele>
      </rtept>
      <rtept lat="28.521903" lon="83.660597">
         <ele>1320</ele>
      </rtept>
      <rtept lat="28.521588" lon="83.660603">
         <ele>1320</ele>
      </rtept>
      <rtept lat="28.521072" lon="83.660503">
         <ele>1320</ele>
      </rtept>
      <rtept lat="28.52067" lon="83.660188">
         <ele>1320</ele>
      </rtept>
      <rtept lat="28.520012" lon="83.660645">
         <ele>1320</ele>
      </rtept>
      <rtept lat="28.519137" lon="83.660716">
         <ele>1320</ele>
      </rtept>
      <rtept lat="28.518733" lon="83.660432">
         <ele>1320</ele>
      </rtept>
      <rtept lat="28.518241" lon="83.66031">
         <ele>1310</ele>
      </rtept>
      <rtept lat="28.517838" lon="83.659989">
         <ele>1310</ele>
      </rtept>
      <rtept lat="28.517259" lon="83.659287">
         <ele>1310</ele>
      </rtept>
      <rtept lat="28.516766" lon="83.6589">
         <ele>1310</ele>
      </rtept>
      <rtept lat="28.516175" lon="83.658519">
         <ele>1300</ele>
      </rtept>
      <rtept lat="28.515535" lon="83.658004">
         <ele>1310</ele>
      </rtept>
      <rtept lat="28.514666" lon="83.657811">
         <ele>1310</ele>
      </rtept>
      <rtept lat="28.514185" lon="83.657923">
         <ele>1310</ele>
      </rtept>
      <rtept lat="28.514167" lon="83.657472">
         <ele>1320</ele>
      </rtept>
      <rtept lat="28.51366" lon="83.65734">
         <ele>1320</ele>
      </rtept>
      <rtept lat="28.51343" lon="83.657162">
         <ele>1320</ele>
      </rtept>
      <rtept lat="28.512957" lon="83.656726">
         <ele>1330</ele>
      </rtept>
      <rtept lat="28.512386" lon="83.656474">
         <ele>1340</ele>
      </rtept>
      <rtept lat="28.51178" lon="83.656388">
         <ele>1340</ele>
      </rtept>
      <rtept lat="28.511321" lon="83.656223">
         <ele>1360</ele>
      </rtept>
      <rtept lat="28.510407" lon="83.65655">
         <ele>1330</ele>
      </rtept>
      <rtept lat="28.509789" lon="83.656641">
         <ele>1330</ele>
      </rtept>
      <rtept lat="28.509036" lon="83.657342">
         <ele>1290</ele>
      </rtept>
      <rtept lat="28.508201" lon="83.657719">
         <ele>1290</ele>
      </rtept>
      <rtept lat="28.507504" lon="83.65777">
         <ele>1300</ele>
      </rtept>
      <rtept lat="28.507205" lon="83.65779">
         <ele>1300</ele>
      </rtept>
      <rtept lat="28.506825" lon="83.658058">
         <ele>1290</ele>
      </rtept>
      <rtept lat="28.506485" lon="83.658028">
         <ele>1290</ele>
      </rtept>
      <rtept lat="28.506133" lon="83.657739">
         <ele>1300</ele>
      </rtept>
      <rtept lat="28.505551" lon="83.657192">
         <ele>1300</ele>
      </rtept>
      <rtept lat="28.505067" lon="83.657034">
         <ele>1300</ele>
      </rtept>
      <rtept lat="28.504688" lon="83.656821">
         <ele>1300</ele>
      </rtept>
      <rtept lat="28.504196" lon="83.656542">
         <ele>1300</ele>
      </rtept>
      <rtept lat="28.503647" lon="83.656348">
         <ele>1280</ele>
      </rtept>
      <rtept lat="28.502971" lon="83.656132">
         <ele>1250</ele>
      </rtept>
      <rtept lat="28.502412" lon="83.655876">
         <ele>1250</ele>
      </rtept>
      <rtept lat="28.50167" lon="83.655612">
         <ele>1240</ele>
      </rtept>
      <rtept lat="28.501062" lon="83.655359">
         <ele>1240</ele>
      </rtept>
      <rtept lat="28.50032" lon="83.654884">
         <ele>1230</ele>
      </rtept>
      <rtept lat="28.499832" lon="83.65479">
         <ele>1240</ele>
      </rtept>
      <rtept lat="28.499049" lon="83.654861">
         <ele>1240</ele>
      </rtept>
      <rtept lat="28.498409" lon="83.654511">
         <ele>1230</ele>
      </rtept>
      <rtept lat="28.497733" lon="83.654473">
         <ele>1230</ele>
      </rtept>
      <rtept lat="28.497058" lon="83.654616">
         <ele>1230</ele>
      </rtept>
      <rtept lat="28.496511" lon="83.654527">
         <ele>1230</ele>
      </rtept>
      <rtept lat="28.496331" lon="83.654015">
         <ele>1240</ele>
      </rtept>
      <rtept lat="28.496141" lon="83.653725">
         <ele>1240</ele>
      </rtept>
      <rtept lat="28.495298" lon="83.65299">
         <ele>1260</ele>
      </rtept>
      <rtept lat="28.49504" lon="83.652272">
         <ele>1270</ele>
      </rtept>
      <rtept lat="28.493301" lon="83.650102">
         <ele>1280</ele>
      </rtept>
      <rtept lat="28.492821" lon="83.650108">
         <ele>1300</ele>
      </rtept>
      <rtept lat="28.487678" lon="83.651069">
         <ele>1390</ele>
      </rtept>
      <rtept lat="28.488057" lon="83.648985">
         <ele>1200</ele>
      </rtept>
      <rtept lat="28.487598" lon="83.648447">
         <ele>1210</ele>
      </rtept>
      <rtept lat="28.487033" lon="83.648118">
         <ele>1220</ele>
      </rtept>
      <rtept lat="28.486326" lon="83.64814">
         <ele>1210</ele>
      </rtept>
      <rtept lat="28.486034" lon="83.648081">
         <ele>1210</ele>
      </rtept>
      <rtept lat="28.485614" lon="83.648565">
         <ele>1210</ele>
      </rtept>
      <rtept lat="28.485235" lon="83.648764">
         <ele>1210</ele>
      </rtept>
      <rtept lat="28.484864" lon="83.648839">
         <ele>1210</ele>
      </rtept>
      <rtept lat="28.484322" lon="83.648833">
         <ele>1190</ele>
      </rtept>
      <rtept lat="28.483964" lon="83.648467">
         <ele>1200</ele>
      </rtept>
      <rtept lat="28.483834" lon="83.648178">
         <ele>1210</ele>
      </rtept>
      <rtept lat="28.483539" lon="83.648612">
         <ele>1230</ele>
      </rtept>
      <rtept lat="28.483251" lon="83.648783">
         <ele>1250</ele>
      </rtept>
      <rtept lat="28.482988" lon="83.649022">
         <ele>1260</ele>
      </rtept>
      <rtept lat="28.482476" lon="83.649091">
         <ele>1290</ele>
      </rtept>
      <rtept lat="28.48214" lon="83.649468">
         <ele>1280</ele>
      </rtept>
      <rtept lat="28.48172" lon="83.649907">
         <ele>1280</ele>
      </rtept>
      <rtept lat="28.481416" lon="83.650286">
         <ele>1270</ele>
      </rtept>
      <rtept lat="28.480878" lon="83.650476">
         <ele>1290</ele>
      </rtept>
      <rtept lat="28.480656" lon="83.6507">
         <ele>1300</ele>
      </rtept>
      <rtept lat="28.480159" lon="83.650916">
         <ele>1320</ele>
      </rtept>
      <rtept lat="28.479679" lon="83.65126">
         <ele>1320</ele>
      </rtept>
      <rtept lat="28.479371" lon="83.651226">
         <ele>1340</ele>
      </rtept>
      <rtept lat="28.479047" lon="83.651483">
         <ele>1350</ele>
      </rtept>
      <rtept lat="28.478713" lon="83.651748">
         <ele>1350</ele>
      </rtept>
      <rtept lat="28.47843" lon="83.65186">
         <ele>1360</ele>
      </rtept>
      <rtept lat="28.477859" lon="83.651949">
         <ele>1380</ele>
      </rtept>
      <rtept lat="28.477693" lon="83.652349">
         <ele>1380</ele>
      </rtept>
      <rtept lat="28.477178" lon="83.652555">
         <ele>1400</ele>
      </rtept>
      <rtept lat="28.476791" lon="83.652535">
         <ele>1420</ele>
      </rtept>
      <rtept lat="28.47656" lon="83.652842">
         <ele>1410</ele>
      </rtept>
      <rtept lat="28.476286" lon="83.652402">
         <ele>1440</ele>
      </rtept>
      <rtept lat="28.475948" lon="83.652557">
         <ele>1450</ele>
      </rtept>
      <rtept lat="28.475827" lon="83.652849">
         <ele>1450</ele>
      </rtept>
      <rtept lat="28.475295" lon="83.653106">
         <ele>1480</ele>
      </rtept>
      <rtept lat="28.474974" lon="83.652895">
         <ele>1500</ele>
      </rtept>
      <rtept lat="28.474729" lon="83.652744">
         <ele>1510</ele>
      </rtept>
      <rtept lat="28.474475" lon="83.653266">
         <ele>1530</ele>
      </rtept>
      <rtept lat="28.474392" lon="83.653622">
         <ele>1540</ele>
      </rtept>
      <rtept lat="28.473987" lon="83.653668">
         <ele>1560</ele>
      </rtept>
      <rtept lat="28.473435" lon="83.653452">
         <ele>1550</ele>
      </rtept>
      <rtept lat="28.472942" lon="83.653251">
         <ele>1550</ele>
      </rtept>
      <rtept lat="28.472337" lon="83.653009">
         <ele>1540</ele>
      </rtept>
      <rtept lat="28.471805" lon="83.652946">
         <ele>1540</ele>
      </rtept>
      <rtept lat="28.471279" lon="83.6527">
         <ele>1540</ele>
      </rtept>
      <rtept lat="28.470906" lon="83.652687">
         <ele>1550</ele>
      </rtept>
      <rtept lat="28.470596" lon="83.652644">
         <ele>1550</ele>
      </rtept>
      <rtept lat="28.47027" lon="83.652357">
         <ele>1560</ele>
      </rtept>
      <rtept lat="28.469805" lon="83.652337">
         <ele>1560</ele>
      </rtept>
      <rtept lat="28.469493" lon="83.652019">
         <ele>1570</ele>
      </rtept>
      <rtept lat="28.469093" lon="83.651965">
         <ele>1580</ele>
      </rtept>
      <rtept lat="28.46863" lon="83.652097">
         <ele>1590</ele>
      </rtept>
      <rtept lat="28.468017" lon="83.652413">
         <ele>1590</ele>
      </rtept>
      <rtept lat="28.46778" lon="83.652891">
         <ele>1580</ele>
      </rtept>
      <rtept lat="28.467161" lon="83.652927">
         <ele>1610</ele>
      </rtept>
      <rtept lat="28.466763" lon="83.652824">
         <ele>1610</ele>
      </rtept>
      <rtept lat="28.466379" lon="83.652855">
         <ele>1610</ele>
      </rtept>
      <rtept lat="28.465988" lon="83.652988">
         <ele>1610</ele>
      </rtept>
      <rtept lat="28.465756" lon="83.653436">
         <ele>1610</ele>
      </rtept>
      <rtept lat="28.465575" lon="83.653928">
         <ele>1610</ele>
      </rtept>
      <rtept lat="28.465124" lon="83.654002">
         <ele>1620</ele>
      </rtept>
      <rtept lat="28.464811" lon="83.654092">
         <ele>1640</ele>
      </rtept>
      <rtept lat="28.46456" lon="83.654393">
         <ele>1630</ele>
      </rtept>
      <rtept lat="28.463871" lon="83.65415">
         <ele>1640</ele>
      </rtept>
      <rtept lat="28.463537" lon="83.654502">
         <ele>1630</ele>
      </rtept>
      <rtept lat="28.463069" lon="83.654787">
         <ele>1640</ele>
      </rtept>
      <rtept lat="28.46257" lon="83.65466">
         <ele>1650</ele>
      </rtept>
      <rtept lat="28.462107" lon="83.654753">
         <ele>1650</ele>
      </rtept>
      <rtept lat="28.46183" lon="83.654946">
         <ele>1660</ele>
      </rtept>
      <rtept lat="28.461519" lon="83.655055">
         <ele>1660</ele>
      </rtept>
      <rtept lat="28.460952" lon="83.654951">
         <ele>1680</ele>
      </rtept>
      <rtept lat="28.460682" lon="83.655017">
         <ele>1690</ele>
      </rtept>
      <rtept lat="28.460231" lon="83.654984">
         <ele>1700</ele>
      </rtept>
      <rtept lat="28.459752" lon="83.655359">
         <ele>1700</ele>
      </rtept>
      <rtept lat="28.459534" lon="83.655737">
         <ele>1710</ele>
      </rtept>
      <rtept lat="28.459108" lon="83.655913">
         <ele>1720</ele>
      </rtept>
      <rtept lat="28.458863" lon="83.65641">
         <ele>1720</ele>
      </rtept>
      <rtept lat="28.458552" lon="83.656174">
         <ele>1730</ele>
      </rtept>
      <rtept lat="28.458157" lon="83.656169">
         <ele>1750</ele>
      </rtept>
      <rtept lat="28.457586" lon="83.656199">
         <ele>1770</ele>
      </rtept>
      <rtept lat="28.457106" lon="83.656434">
         <ele>1780</ele>
      </rtept>
      <rtept lat="28.456485" lon="83.656558">
         <ele>1780</ele>
      </rtept>
      <rtept lat="28.455996" lon="83.656833">
         <ele>1790</ele>
      </rtept>
      <rtept lat="28.455412" lon="83.657327">
         <ele>1780</ele>
      </rtept>
      <rtept lat="28.454845" lon="83.65749">
         <ele>1780</ele>
      </rtept>
      <rtept lat="28.454349" lon="83.657514">
         <ele>1790</ele>
      </rtept>
      <rtept lat="28.453972" lon="83.657589">
         <ele>1780</ele>
      </rtept>
      <rtept lat="28.453367" lon="83.658194">
         <ele>1780</ele>
      </rtept>
      <rtept lat="28.452948" lon="83.658565">
         <ele>1790</ele>
      </rtept>
      <rtept lat="28.452576" lon="83.658833">
         <ele>1800</ele>
      </rtept>
      <rtept lat="28.45211" lon="83.65921">
         <ele>1800</ele>
      </rtept>
      <rtept lat="28.451417" lon="83.659546">
         <ele>1810</ele>
      </rtept>
      <rtept lat="28.450978" lon="83.659785">
         <ele>1810</ele>
      </rtept>
      <rtept lat="28.45069" lon="83.660302">
         <ele>1790</ele>
      </rtept>
      <rtept lat="28.450374" lon="83.660641">
         <ele>1800</ele>
      </rtept>
      <rtept lat="28.450183" lon="83.661228">
         <ele>1810</ele>
      </rtept>
      <rtept lat="28.449792" lon="83.661395">
         <ele>1820</ele>
      </rtept>
      <rtept lat="28.449575" lon="83.661742">
         <ele>1820</ele>
      </rtept>
      <rtept lat="28.449034" lon="83.662266">
         <ele>1830</ele>
      </rtept>
      <rtept lat="28.448654" lon="83.662701">
         <ele>1830</ele>
      </rtept>
      <rtept lat="28.44839" lon="83.66308">
         <ele>1840</ele>
      </rtept>
      <rtept lat="28.447925" lon="83.663305">
         <ele>1850</ele>
      </rtept>
      <rtept lat="28.447581" lon="83.66359">
         <ele>1860</ele>
      </rtept>
      <rtept lat="28.447469" lon="83.663987">
         <ele>1860</ele>
      </rtept>
      <rtept lat="28.447223" lon="83.664279">
         <ele>1860</ele>
      </rtept>
      <rtept lat="28.446859" lon="83.664507">
         <ele>1870</ele>
      </rtept>
      <rtept lat="28.446478" lon="83.665332">
         <ele>1880</ele>
      </rtept>
      <rtept lat="28.446098" lon="83.665667">
         <ele>1890</ele>
      </rtept>
      <rtept lat="28.445955" lon="83.665986">
         <ele>1900</ele>
      </rtept>
      <rtept lat="28.44561" lon="83.666513">
         <ele>1910</ele>
      </rtept>
      <rtept lat="28.445514" lon="83.666915">
         <ele>1910</ele>
      </rtept>
      <rtept lat="28.445219" lon="83.667153">
         <ele>1930</ele>
      </rtept>
      <rtept lat="28.44488" lon="83.667596">
         <ele>1940</ele>
      </rtept>
      <rtept lat="28.444827" lon="83.667904">
         <ele>1940</ele>
      </rtept>
      <rtept lat="28.445029" lon="83.668231">
         <ele>1950</ele>
      </rtept>
      <rtept lat="28.44502" lon="83.668891">
         <ele>1950</ele>
      </rtept>
      <rtept lat="28.445152" lon="83.668436">
         <ele>1950</ele>
      </rtept>
      <rtept lat="28.444861" lon="83.668137">
         <ele>1950</ele>
      </rtept>
      <rtept lat="28.44444" lon="83.667907">
         <ele>1960</ele>
      </rtept>
      <rtept lat="28.444341" lon="83.667498">
         <ele>1960</ele>
      </rtept>
      <rtept lat="28.44395" lon="83.667956">
         <ele>1990</ele>
      </rtept>
      <rtept lat="28.443741" lon="83.668578">
         <ele>1990</ele>
      </rtept>
      <rtept lat="28.443633" lon="83.668967">
         <ele>2000</ele>
      </rtept>
      <rtept lat="28.443624" lon="83.669617">
         <ele>2010</ele>
      </rtept>
      <rtept lat="28.443433" lon="83.670028">
         <ele>2020</ele>
      </rtept>
      <rtept lat="28.443443" lon="83.670557">
         <ele>2030</ele>
      </rtept>
      <rtept lat="28.443592" lon="83.671336">
         <ele>2020</ele>
      </rtept>
      <rtept lat="28.443669" lon="83.672125">
         <ele>2030</ele>
      </rtept>
      <rtept lat="28.443158" lon="83.672919">
         <ele>2010</ele>
      </rtept>
      <rtept lat="28.442809" lon="83.673174">
         <ele>2020</ele>
      </rtept>
      <rtept lat="28.44249" lon="83.673301">
         <ele>2030</ele>
      </rtept>
      <rtept lat="28.442105" lon="83.67334">
         <ele>2040</ele>
      </rtept>
      <rtept lat="28.441553" lon="83.673297">
         <ele>2040</ele>
      </rtept>
      <rtept lat="28.441251" lon="83.673262">
         <ele>2040</ele>
      </rtept>
      <rtept lat="28.440807" lon="83.672974">
         <ele>2030</ele>
      </rtept>
      <rtept lat="28.440169" lon="83.672851">
         <ele>2020</ele>
      </rtept>
      <rtept lat="28.439608" lon="83.67273">
         <ele>2020</ele>
      </rtept>
      <rtept lat="28.439088" lon="83.673395">
         <ele>2000</ele>
      </rtept>
      <rtept lat="28.438766" lon="83.673949">
         <ele>2000</ele>
      </rtept>
      <rtept lat="28.438253" lon="83.6742">
         <ele>2010</ele>
      </rtept>
      <rtept lat="28.438076" lon="83.674433">
         <ele>2010</ele>
      </rtept>
      <rtept lat="28.437661" lon="83.674083">
         <ele>2030</ele>
      </rtept>
      <rtept lat="28.437237" lon="83.674263">
         <ele>2030</ele>
      </rtept>
      <rtept lat="28.437002" lon="83.674505">
         <ele>2030</ele>
      </rtept>
      <rtept lat="28.436857" lon="83.674943">
         <ele>2030</ele>
      </rtept>
      <rtept lat="28.436763" lon="83.675325">
         <ele>2040</ele>
      </rtept>
      <rtept lat="28.436458" lon="83.675393">
         <ele>2050</ele>
      </rtept>
      <rtept lat="28.43598" lon="83.675434">
         <ele>2050</ele>
      </rtept>
      <rtept lat="28.435433" lon="83.675438">
         <ele>2060</ele>
      </rtept>
      <rtept lat="28.435076" lon="83.675776">
         <ele>2060</ele>
      </rtept>
      <rtept lat="28.434696" lon="83.675915">
         <ele>2070</ele>
      </rtept>
      <rtept lat="28.434437" lon="83.676142">
         <ele>2080</ele>
      </rtept>
      <rtept lat="28.434154" lon="83.675835">
         <ele>2100</ele>
      </rtept>
      <rtept lat="28.433852" lon="83.675931">
         <ele>2110</ele>
      </rtept>
      <rtept lat="28.433549" lon="83.676067">
         <ele>2120</ele>
      </rtept>
      <rtept lat="28.433214" lon="83.676277">
         <ele>2130</ele>
      </rtept>
      <rtept lat="28.43252" lon="83.67654">
         <ele>2160</ele>
      </rtept>
      <rtept lat="28.432159" lon="83.676788">
         <ele>2170</ele>
      </rtept>
      <rtept lat="28.431973" lon="83.677045">
         <ele>2180</ele>
      </rtept>
      <rtept lat="28.431802" lon="83.677422">
         <ele>2190</ele>
      </rtept>
      <rtept lat="28.431697" lon="83.67786">
         <ele>2190</ele>
      </rtept>
      <rtept lat="28.431419" lon="83.67813">
         <ele>2200</ele>
      </rtept>
      <rtept lat="28.431248" lon="83.678373">
         <ele>2210</ele>
      </rtept>
      <rtept lat="28.430774" lon="83.678575">
         <ele>2210</ele>
      </rtept>
      <rtept lat="28.430595" lon="83.679272">
         <ele>2210</ele>
      </rtept>
      <rtept lat="28.430454" lon="83.679943">
         <ele>2200</ele>
      </rtept>
      <rtept lat="28.430311" lon="83.68054">
         <ele>2200</ele>
      </rtept>
      <rtept lat="28.429804" lon="83.681052">
         <ele>2210</ele>
      </rtept>
      <rtept lat="28.429385" lon="83.681472">
         <ele>2200</ele>
      </rtept>
      <rtept lat="28.429167" lon="83.681705">
         <ele>2210</ele>
      </rtept>
      <rtept lat="28.428768" lon="83.682025">
         <ele>2220</ele>
      </rtept>
      <rtept lat="28.428503" lon="83.682367">
         <ele>2240</ele>
      </rtept>
      <rtept lat="28.428314" lon="83.682684">
         <ele>2240</ele>
      </rtept>
      <rtept lat="28.427698" lon="83.683046">
         <ele>2250</ele>
      </rtept>
      <rtept lat="28.42744" lon="83.6834">
         <ele>2260</ele>
      </rtept>
      <rtept lat="28.427144" lon="83.68348">
         <ele>2270</ele>
      </rtept>
      <rtept lat="28.426713" lon="83.683398">
         <ele>2290</ele>
      </rtept>
      <rtept lat="28.426258" lon="83.683402">
         <ele>2300</ele>
      </rtept>
      <rtept lat="28.426123" lon="83.68383">
         <ele>2300</ele>
      </rtept>
      <rtept lat="28.425947" lon="83.684085">
         <ele>2300</ele>
      </rtept>
      <rtept lat="28.426174" lon="83.683762">
         <ele>2300</ele>
      </rtept>
      <rtept lat="28.426099" lon="83.684323">
         <ele>2300</ele>
      </rtept>
      <rtept lat="28.425994" lon="83.685207">
         <ele>2290</ele>
      </rtept>
      <rtept lat="28.425584" lon="83.68515">
         <ele>2310</ele>
      </rtept>
      <rtept lat="28.425304" lon="83.685851">
         <ele>2320</ele>
      </rtept>
      <rtept lat="28.425522" lon="83.686437">
         <ele>2320</ele>
      </rtept>
      <rtept lat="28.425444" lon="83.687079">
         <ele>2330</ele>
      </rtept>
      <rtept lat="28.425318" lon="83.687535">
         <ele>2350</ele>
      </rtept>
      <rtept lat="28.425237" lon="83.687988">
         <ele>2350</ele>
      </rtept>
      <rtept lat="28.42508" lon="83.688539">
         <ele>2360</ele>
      </rtept>
      <rtept lat="28.424622" lon="83.689088">
         <ele>2360</ele>
      </rtept>
      <rtept lat="28.424383" lon="83.690324">
         <ele>2360</ele>
      </rtept>
      <rtept lat="28.424036" lon="83.690566">
         <ele>2360</ele>
      </rtept>
      <rtept lat="28.423545" lon="83.690819">
         <ele>2360</ele>
      </rtept>
      <rtept lat="28.4234" lon="83.691289">
         <ele>2360</ele>
      </rtept>
      <rtept lat="28.423516" lon="83.691826">
         <ele>2360</ele>
      </rtept>
      <rtept lat="28.423449" lon="83.692333">
         <ele>2380</ele>
      </rtept>
      <rtept lat="28.423438" lon="83.69288">
         <ele>2390</ele>
      </rtept>
      <rtept lat="28.423549" lon="83.693171">
         <ele>2400</ele>
      </rtept>
      <rtept lat="28.423376" lon="83.693853">
         <ele>2400</ele>
      </rtept>
      <rtept lat="28.42314" lon="83.694256">
         <ele>2400</ele>
      </rtept>
      <rtept lat="28.422564" lon="83.694844">
         <ele>2400</ele>
      </rtept>
      <rtept lat="28.422287" lon="83.6956">
         <ele>2410</ele>
      </rtept>
      <rtept lat="28.422054" lon="83.695909">
         <ele>2410</ele>
      </rtept>
      <rtept lat="28.421766" lon="83.695991">
         <ele>2420</ele>
      </rtept>
      <rtept lat="28.421162" lon="83.696169">
         <ele>2430</ele>
      </rtept>
      <rtept lat="28.420774" lon="83.696244">
         <ele>2440</ele>
      </rtept>
      <rtept lat="28.420686" lon="83.69655">
         <ele>2440</ele>
      </rtept>
      <rtept lat="28.420194" lon="83.696562">
         <ele>2450</ele>
      </rtept>
      <rtept lat="28.419811" lon="83.697078">
         <ele>2460</ele>
      </rtept>
      <rtept lat="28.419612" lon="83.697355">
         <ele>2470</ele>
      </rtept>
      <rtept lat="28.419249" lon="83.697604">
         <ele>2470</ele>
      </rtept>
      <rtept lat="28.418942" lon="83.697868">
         <ele>2480</ele>
      </rtept>
      <rtept lat="28.418616" lon="83.697959">
         <ele>2490</ele>
      </rtept>
      <rtept lat="28.41815" lon="83.698389">
         <ele>2500</ele>
      </rtept>
      <rtept lat="28.41766" lon="83.698441">
         <ele>2520</ele>
      </rtept>
      <rtept lat="28.417105" lon="83.698401">
         <ele>2540</ele>
      </rtept>
      <rtept lat="28.416359" lon="83.698746">
         <ele>2540</ele>
      </rtept>
      <rtept lat="28.415988" lon="83.699132">
         <ele>2540</ele>
      </rtept>
      <rtept lat="28.415883" lon="83.699456">
         <ele>2540</ele>
      </rtept>
      <rtept lat="28.415226" lon="83.699784">
         <ele>2560</ele>
      </rtept>
      <rtept lat="28.414807" lon="83.699785">
         <ele>2570</ele>
      </rtept>
      <rtept lat="28.414296" lon="83.699734">
         <ele>2570</ele>
      </rtept>
      <rtept lat="28.413825" lon="83.699622">
         <ele>2580</ele>
      </rtept>
      <rtept lat="28.413256" lon="83.699544">
         <ele>2590</ele>
      </rtept>
      <rtept lat="28.412795" lon="83.699591">
         <ele>2600</ele>
      </rtept>
      <rtept lat="28.412413" lon="83.699522">
         <ele>2610</ele>
      </rtept>
      <rtept lat="28.41199" lon="83.699416">
         <ele>2610</ele>
      </rtept>
      <rtept lat="28.411601" lon="83.699253">
         <ele>2620</ele>
      </rtept>
      <rtept lat="28.411208" lon="83.699132">
         <ele>2630</ele>
      </rtept>
      <rtept lat="28.41081" lon="83.699146">
         <ele>2630</ele>
      </rtept>
      <rtept lat="28.410553" lon="83.698902">
         <ele>2650</ele>
      </rtept>
      <rtept lat="28.410189" lon="83.698812">
         <ele>2660</ele>
      </rtept>
      <rtept lat="28.409936" lon="83.698605">
         <ele>2670</ele>
      </rtept>
      <rtept lat="28.409638" lon="83.698628">
         <ele>2680</ele>
      </rtept>
      <rtept lat="28.409276" lon="83.698581">
         <ele>2690</ele>
      </rtept>
      <rtept lat="28.40897" lon="83.698484">
         <ele>2700</ele>
      </rtept>
      <rtept lat="28.408393" lon="83.698648">
         <ele>2710</ele>
      </rtept>
      <rtept lat="28.408128" lon="83.698487">
         <ele>2720</ele>
      </rtept>
      <rtept lat="28.407722" lon="83.698732">
         <ele>2730</ele>
      </rtept>
      <rtept lat="28.407172" lon="83.698764">
         <ele>2750</ele>
      </rtept>
      <rtept lat="28.40699" lon="83.699098">
         <ele>2750</ele>
      </rtept>
      <rtept lat="28.406709" lon="83.699187">
         <ele>2760</ele>
      </rtept>
      <rtept lat="28.40643" lon="83.699306">
         <ele>2770</ele>
      </rtept>
      <rtept lat="28.405977" lon="83.6993">
         <ele>2770</ele>
      </rtept>
      <rtept lat="28.405495" lon="83.699322">
         <ele>2780</ele>
      </rtept>
      <rtept lat="28.405018" lon="83.699208">
         <ele>2800</ele>
      </rtept>
      <rtept lat="28.404676" lon="83.699334">
         <ele>2810</ele>
      </rtept>
      <rtept lat="28.404311" lon="83.699592">
         <ele>2820</ele>
      </rtept>
      <rtept lat="28.403933" lon="83.699814">
         <ele>2830</ele>
      </rtept>
      <rtept lat="28.403654" lon="83.700021">
         <ele>2840</ele>
      </rtept>
      <rtept lat="28.403287" lon="83.699981">
         <ele>2860</ele>
      </rtept>
      <rtept lat="28.402889" lon="83.700162">
         <ele>2870</ele>
      </rtept>
      <rtept lat="28.402091" lon="83.69981">
         <ele>2870</ele>
      </rtept>
      <rtept lat="28.401422" lon="83.699856">
         <ele>2860</ele>
      </rtept>
      <rtept lat="28.400737" lon="83.699652">
         <ele>2850</ele>
      </rtept>
      <rtept lat="28.400449" lon="83.69959">
         <ele>2840</ele>
      </rtept>
      <rtept lat="28.400173" lon="83.69943">
         <ele>2830</ele>
      </rtept>
      <rtept lat="28.399731" lon="83.700018">
         <ele>2820</ele>
      </rtept>
      <rtept lat="28.399195" lon="83.700497">
         <ele>2800</ele>
      </rtept>
      <rtept lat="28.398509" lon="83.701078">
         <ele>2800</ele>
      </rtept>
      <rtept lat="28.397961" lon="83.701295">
         <ele>2790</ele>
      </rtept>
      <rtept lat="28.397118" lon="83.70161">
         <ele>2780</ele>
      </rtept>
      <rtept lat="28.396725" lon="83.702007">
         <ele>2780</ele>
      </rtept>
      <rtept lat="28.396142" lon="83.702223">
         <ele>2780</ele>
      </rtept>
      <rtept lat="28.395415" lon="83.702601">
         <ele>2770</ele>
      </rtept>
      <rtept lat="28.395121" lon="83.702745">
         <ele>2770</ele>
      </rtept>
      <rtept lat="28.394853" lon="83.70279">
         <ele>2760</ele>
      </rtept>
      <rtept lat="28.394387" lon="83.702941">
         <ele>2740</ele>
      </rtept>
      <rtept lat="28.394068" lon="83.70319">
         <ele>2730</ele>
      </rtept>
      <rtept lat="28.393556" lon="83.70388">
         <ele>2720</ele>
      </rtept>
      <rtept lat="28.393306" lon="83.704108">
         <ele>2720</ele>
      </rtept>
      <rtept lat="28.392509" lon="83.704432">
         <ele>2700</ele>
      </rtept>
      <rtept lat="28.391619" lon="83.704694">
         <ele>2680</ele>
      </rtept>
      <rtept lat="28.391243" lon="83.704872">
         <ele>2680</ele>
      </rtept>
      <rtept lat="28.390683" lon="83.70519">
         <ele>2670</ele>
      </rtept>
      <rtept lat="28.390237" lon="83.705479">
         <ele>2670</ele>
      </rtept>
      <rtept lat="28.389454" lon="83.705725">
         <ele>2640</ele>
      </rtept>
      <rtept lat="28.388856" lon="83.70615">
         <ele>2650</ele>
      </rtept>
      <rtept lat="28.388267" lon="83.706423">
         <ele>2650</ele>
      </rtept>
      <rtept lat="28.387856" lon="83.70693">
         <ele>2640</ele>
      </rtept>
      <rtept lat="28.387716" lon="83.70741">
         <ele>2640</ele>
      </rtept>
      <rtept lat="28.387142" lon="83.707694">
         <ele>2620</ele>
      </rtept>
      <rtept lat="28.386681" lon="83.70784">
         <ele>2600</ele>
      </rtept>
      <rtept lat="28.386353" lon="83.708227">
         <ele>2590</ele>
      </rtept>
      <rtept lat="28.386024" lon="83.708708">
         <ele>2580</ele>
      </rtept>
      <rtept lat="28.385397" lon="83.709261">
         <ele>2550</ele>
      </rtept>
      <rtept lat="28.385118" lon="83.709678">
         <ele>2540</ele>
      </rtept>
      <rtept lat="28.384817" lon="83.710006">
         <ele>2530</ele>
      </rtept>
      <rtept lat="28.384245" lon="83.71052">
         <ele>2520</ele>
      </rtept>
      <rtept lat="28.384015" lon="83.710888">
         <ele>2520</ele>
      </rtept>
      <rtept lat="28.383721" lon="83.71121">
         <ele>2520</ele>
      </rtept>
      <rtept lat="28.383425" lon="83.711725">
         <ele>2530</ele>
      </rtept>
      <rtept lat="28.383083" lon="83.712209">
         <ele>2530</ele>
      </rtept>
      <rtept lat="28.382987" lon="83.712926">
         <ele>2540</ele>
      </rtept>
      <rtept lat="28.383084" lon="83.713399">
         <ele>2540</ele>
      </rtept>
      <rtept lat="28.382504" lon="83.713944">
         <ele>2520</ele>
      </rtept>
      <rtept lat="28.381728" lon="83.713921">
         <ele>2500</ele>
      </rtept>
      <rtept lat="28.381374" lon="83.714298">
         <ele>2500</ele>
      </rtept>
      <rtept lat="28.380842" lon="83.714578">
         <ele>2480</ele>
      </rtept>
      <rtept lat="28.380524" lon="83.714656">
         <ele>2470</ele>
      </rtept>
      <rtept lat="28.379838" lon="83.714759">
         <ele>2450</ele>
      </rtept>
      <rtept lat="28.37929" lon="83.714882">
         <ele>2450</ele>
      </rtept>
      <rtept lat="28.37905" lon="83.715153">
         <ele>2450</ele>
      </rtept>
      <rtept lat="28.37893" lon="83.715502">
         <ele>2450</ele>
      </rtept>
      <rtept lat="28.378556" lon="83.716158">
         <ele>2440</ele>
      </rtept>
      <rtept lat="28.378292" lon="83.716568">
         <ele>2430</ele>
      </rtept>
      <rtept lat="28.37797" lon="83.716978">
         <ele>2430</ele>
      </rtept>
      <rtept lat="28.3775" lon="83.71708">
         <ele>2440</ele>
      </rtept>
      <rtept lat="28.37692" lon="83.71723">
         <ele>2440</ele>
      </rtept>
      <rtept lat="28.376143" lon="83.717153">
         <ele>2430</ele>
      </rtept>
      <rtept lat="28.376042" lon="83.717487">
         <ele>2410</ele>
      </rtept>
      <rtept lat="28.376104" lon="83.717915">
         <ele>2390</ele>
      </rtept>
      <rtept lat="28.376059" lon="83.718477">
         <ele>2400</ele>
      </rtept>
      <rtept lat="28.376214" lon="83.719337">
         <ele>2400</ele>
      </rtept>
      <rtept lat="28.376176" lon="83.719914">
         <ele>2390</ele>
      </rtept>
      <rtept lat="28.37629" lon="83.721096">
         <ele>2390</ele>
      </rtept>
      <rtept lat="28.375874" lon="83.721533">
         <ele>2360</ele>
      </rtept>
      <rtept lat="28.375434" lon="83.721931">
         <ele>2350</ele>
      </rtept>
      <rtept lat="28.375229" lon="83.7222">
         <ele>2340</ele>
      </rtept>
      <rtept lat="28.374716" lon="83.722907">
         <ele>2330</ele>
      </rtept>
      <rtept lat="28.374266" lon="83.723474">
         <ele>2330</ele>
      </rtept>
      <rtept lat="28.374089" lon="83.723875">
         <ele>2330</ele>
      </rtept>
      <rtept lat="28.373959" lon="83.724415">
         <ele>2320</ele>
      </rtept>
      <rtept lat="28.373474" lon="83.725028">
         <ele>2310</ele>
      </rtept>
      <rtept lat="28.373133" lon="83.725341">
         <ele>2320</ele>
      </rtept>
      <rtept lat="28.372833" lon="83.72573">
         <ele>2310</ele>
      </rtept>
      <rtept lat="28.372756" lon="83.726211">
         <ele>2290</ele>
      </rtept>
      <rtept lat="28.372708" lon="83.726647">
         <ele>2280</ele>
      </rtept>
      <rtept lat="28.371304" lon="83.728422">
         <ele>2300</ele>
      </rtept>
      <rtept lat="28.371161" lon="83.729094">
         <ele>2290</ele>
      </rtept>
      <rtept lat="28.370822" lon="83.72971">
         <ele>2280</ele>
      </rtept>
      <rtept lat="28.370271" lon="83.730177">
         <ele>2290</ele>
      </rtept>
      <rtept lat="28.369606" lon="83.730425">
         <ele>2310</ele>
      </rtept>
      <rtept lat="28.369067" lon="83.730651">
         <ele>2320</ele>
      </rtept>
      <rtept lat="28.368797" lon="83.73123">
         <ele>2290</ele>
      </rtept>
      <rtept lat="28.368504" lon="83.731533">
         <ele>2290</ele>
      </rtept>
      <rtept lat="28.368402" lon="83.73203">
         <ele>2270</ele>
      </rtept>
      <rtept lat="28.368302" lon="83.732392">
         <ele>2260</ele>
      </rtept>
      <rtept lat="28.367753" lon="83.732627">
         <ele>2280</ele>
      </rtept>
      <rtept lat="28.367203" lon="83.732755">
         <ele>2290</ele>
      </rtept>
      <rtept lat="28.366552" lon="83.7329">
         <ele>2280</ele>
      </rtept>
      <rtept lat="28.366246" lon="83.733418">
         <ele>2250</ele>
      </rtept>
      <rtept lat="28.365463" lon="83.733423">
         <ele>2230</ele>
      </rtept>
      <rtept lat="28.364761" lon="83.733461">
         <ele>2230</ele>
      </rtept>
      <rtept lat="28.364179" lon="83.733722">
         <ele>2210</ele>
      </rtept>
      <rtept lat="28.363426" lon="83.733384">
         <ele>2200</ele>
      </rtept>
      <rtept lat="28.362778" lon="83.733235">
         <ele>2200</ele>
      </rtept>
      <rtept lat="28.362082" lon="83.732994">
         <ele>2200</ele>
      </rtept>
      <rtept lat="28.36138" lon="83.732802">
         <ele>2190</ele>
      </rtept>
      <rtept lat="28.360872" lon="83.732892">
         <ele>2170</ele>
      </rtept>
      <rtept lat="28.360193" lon="83.732851">
         <ele>2150</ele>
      </rtept>
      <rtept lat="28.35979" lon="83.732992">
         <ele>2160</ele>
      </rtept>
      <rtept lat="28.359302" lon="83.73323">
         <ele>2140</ele>
      </rtept>
      <rtept lat="28.35896" lon="83.733664">
         <ele>2120</ele>
      </rtept>
      <rtept lat="28.358483" lon="83.734062">
         <ele>2100</ele>
      </rtept>
      <rtept lat="28.357937" lon="83.734322">
         <ele>2090</ele>
      </rtept>
      <rtept lat="28.35754" lon="83.734721">
         <ele>2070</ele>
      </rtept>
      <rtept lat="28.357299" lon="83.734947">
         <ele>2070</ele>
      </rtept>
      <rtept lat="28.356772" lon="83.735342">
         <ele>2050</ele>
      </rtept>
      <rtept lat="28.356326" lon="83.73564">
         <ele>2040</ele>
      </rtept>
      <rtept lat="28.356071" lon="83.735904">
         <ele>2040</ele>
      </rtept>
      <rtept lat="28.355841" lon="83.736241">
         <ele>2020</ele>
      </rtept>
      <rtept lat="28.355442" lon="83.736149">
         <ele>2000</ele>
      </rtept>
      <rtept lat="28.354838" lon="83.735966">
         <ele>1980</ele>
      </rtept>
      <rtept lat="28.354565" lon="83.736181">
         <ele>1960</ele>
      </rtept>
      <rtept lat="28.35425" lon="83.736293">
         <ele>1940</ele>
      </rtept>
      <rtept lat="28.353976" lon="83.736473">
         <ele>1920</ele>
      </rtept>
      <rtept lat="28.353552" lon="83.736645">
         <ele>1880</ele>
      </rtept>
      <rtept lat="28.353183" lon="83.736935">
         <ele>1850</ele>
      </rtept>
      <rtept lat="28.352984" lon="83.737185">
         <ele>1830</ele>
      </rtept>
      <rtept lat="28.353029" lon="83.73765">
         <ele>1810</ele>
      </rtept>
      <rtept lat="28.35322" lon="83.738117">
         <ele>1790</ele>
      </rtept>
      <rtept lat="28.35355" lon="83.738292">
         <ele>1780</ele>
      </rtept>
      <rtept lat="28.353618" lon="83.738735">
         <ele>1760</ele>
      </rtept>
      <rtept lat="28.353473" lon="83.73924">
         <ele>1740</ele>
      </rtept>
      <rtept lat="28.35335" lon="83.739576">
         <ele>1720</ele>
      </rtept>
      <rtept lat="28.353182" lon="83.740024">
         <ele>1690</ele>
      </rtept>
      <rtept lat="28.353027" lon="83.740519">
         <ele>1660</ele>
      </rtept>
      <rtept lat="28.35259" lon="83.741175">
         <ele>1620</ele>
      </rtept>
      <rtept lat="28.352287" lon="83.741414">
         <ele>1600</ele>
      </rtept>
      <rtept lat="28.351721" lon="83.742002">
         <ele>1560</ele>
      </rtept>
      <rtept lat="28.351553" lon="83.742287">
         <ele>1540</ele>
      </rtept>
      <rtept lat="28.350918" lon="83.742515">
         <ele>1510</ele>
      </rtept>
      <rtept lat="28.350223" lon="83.743042">
         <ele>1520</ele>
      </rtept>
      <rtept lat="28.349411" lon="83.742626">
         <ele>1520</ele>
      </rtept>
      <rtept lat="28.349295" lon="83.742171">
         <ele>1510</ele>
      </rtept>
      <rtept lat="28.348823" lon="83.741787">
         <ele>1510</ele>
      </rtept>
      <rtept lat="28.347677" lon="83.741792">
         <ele>1510</ele>
      </rtept>
      <rtept lat="28.347059" lon="83.741931">
         <ele>1520</ele>
      </rtept>
      <rtept lat="28.346777" lon="83.741867">
         <ele>1510</ele>
      </rtept>
      <rtept lat="28.345486" lon="83.741849">
         <ele>1510</ele>
      </rtept>
      <rtept lat="28.344715" lon="83.741517">
         <ele>1510</ele>
      </rtept>
      <rtept lat="28.344095" lon="83.741251">
         <ele>1490</ele>
      </rtept>
      <rtept lat="28.34377" lon="83.741211">
         <ele>1480</ele>
      </rtept>
      <rtept lat="28.342365" lon="83.741558">
         <ele>1480</ele>
      </rtept>
      <rtept lat="28.341769" lon="83.741511">
         <ele>1470</ele>
      </rtept>
      <rtept lat="28.341317" lon="83.741038">
         <ele>1450</ele>
      </rtept>
      <rtept lat="28.34042" lon="83.740385">
         <ele>1430</ele>
      </rtept>
      <rtept lat="28.339597" lon="83.740276">
         <ele>1440</ele>
      </rtept>
      <rtept lat="28.339136" lon="83.740074">
         <ele>1410</ele>
      </rtept>
      <rtept lat="28.338477" lon="83.740302">
         <ele>1390</ele>
      </rtept>
      <rtept lat="28.338023" lon="83.740288">
         <ele>1380</ele>
      </rtept>
      <rtept lat="28.33738" lon="83.740268">
         <ele>1340</ele>
      </rtept>
      <rtept lat="28.336357" lon="83.740916">
         <ele>1340</ele>
      </rtept>
      <rtept lat="28.335423" lon="83.742246">
         <ele>1320</ele>
      </rtept>
      <rtept lat="28.335131" lon="83.742549">
         <ele>1320</ele>
      </rtept>
      <rtept lat="28.33433" lon="83.742681">
         <ele>1300</ele>
      </rtept>
      <rtept lat="28.333434" lon="83.742926">
         <ele>1300</ele>
      </rtept>
      <rtept lat="28.332564" lon="83.743216">
         <ele>1280</ele>
      </rtept>
      <rtept lat="28.331787" lon="83.743765">
         <ele>1280</ele>
      </rtept>
      <rtept lat="28.331257" lon="83.743987">
         <ele>1270</ele>
      </rtept>
      <rtept lat="28.330372" lon="83.74492">
         <ele>1270</ele>
      </rtept>
      <rtept lat="28.330084" lon="83.745309">
         <ele>1280</ele>
      </rtept>
      <rtept lat="28.328716" lon="83.74653">
         <ele>1240</ele>
      </rtept>
      <rtept lat="28.328214" lon="83.746893">
         <ele>1240</ele>
      </rtept>
      <rtept lat="28.32698" lon="83.749098">
         <ele>1230</ele>
      </rtept>
      <rtept lat="28.326588" lon="83.749827">
         <ele>1230</ele>
      </rtept>
      <rtept lat="28.326346" lon="83.750772">
         <ele>1220</ele>
      </rtept>
      <rtept lat="28.325284" lon="83.752226">
         <ele>1200</ele>
      </rtept>
      <rtept lat="28.325151" lon="83.752744">
         <ele>1200</ele>
      </rtept>
      <rtept lat="28.324532" lon="83.753632">
         <ele>1190</ele>
      </rtept>
      <rtept lat="28.3242" lon="83.754362">
         <ele>1190</ele>
      </rtept>
      <rtept lat="28.323542" lon="83.755588">
         <ele>1180</ele>
      </rtept>
      <rtept lat="28.323061" lon="83.756097">
         <ele>1170</ele>
      </rtept>
      <rtept lat="28.321672" lon="83.758966">
         <ele>1190</ele>
      </rtept>
      <rtept lat="28.321212" lon="83.759003">
         <ele>1190</ele>
      </rtept>
      <rtept lat="28.320389" lon="83.759093">
         <ele>1200</ele>
      </rtept>
      <rtept lat="28.319894" lon="83.759171">
         <ele>1200</ele>
      </rtept>
      <rtept lat="28.319058" lon="83.759732">
         <ele>1190</ele>
      </rtept>
      <rtept lat="28.318533" lon="83.760616">
         <ele>1190</ele>
      </rtept>
      <rtept lat="28.317938" lon="83.761177">
         <ele>1180</ele>
      </rtept>
      <rtept lat="28.317232" lon="83.761341">
         <ele>1160</ele>
      </rtept>
      <rtept lat="28.316771" lon="83.762111">
         <ele>1160</ele>
      </rtept>
      <rtept lat="28.315978" lon="83.762718">
         <ele>1160</ele>
      </rtept>
      <rtept lat="28.315547" lon="83.763682">
         <ele>1170</ele>
      </rtept>
      <rtept lat="28.314683" lon="83.764717">
         <ele>1150</ele>
      </rtept>
      <rtept lat="28.314302" lon="83.765237">
         <ele>1150</ele>
      </rtept>
      <rtept lat="28.314131" lon="83.765827">
         <ele>1150</ele>
      </rtept>
      <rtept lat="28.313332" lon="83.767215">
         <ele>1110</ele>
      </rtept>
      <rtept lat="28.312976" lon="83.767837">
         <ele>1100</ele>
      </rtept>
      <rtept lat="28.312552" lon="83.768504">
         <ele>1090</ele>
      </rtept>
      <rtept lat="28.3122" lon="83.769373">
         <ele>1090</ele>
      </rtept>
      <rtept lat="28.312225" lon="83.770131">
         <ele>1090</ele>
      </rtept>
      <rtept lat="28.311551" lon="83.772457">
         <ele>1060</ele>
      </rtept>
      <rtept lat="28.311262" lon="83.772591">
         <ele>1040</ele>
      </rtept>
      <rtept lat="28.311011" lon="83.772956">
         <ele>1040</ele>
      </rtept>
      <rtept lat="28.310496" lon="83.773427">
         <ele>1030</ele>
      </rtept>
      <rtept lat="28.309864" lon="83.773816">
         <ele>1030</ele>
      </rtept>
      <rtept lat="28.309709" lon="83.774925">
         <ele>1030</ele>
      </rtept>
      <rtept lat="28.309246" lon="83.775334">
         <ele>1030</ele>
      </rtept>
      <rtept lat="28.309066" lon="83.774656">
         <ele>1030</ele>
      </rtept>
      <rtept lat="28.30896" lon="83.774149">
         <ele>1020</ele>
      </rtept>
      <rtept lat="28.308576" lon="83.772882">
         <ele>1040</ele>
      </rtept>
      <rtept lat="28.305761" lon="83.771502">
         <ele>1010</ele>
      </rtept>
      <rtept lat="28.305123" lon="83.77116">
         <ele>1010</ele>
      </rtept>
      <rtept lat="28.304996" lon="83.77085">
         <ele>1010</ele>
      </rtept>
      <rtept lat="28.303764" lon="83.770789">
         <ele>1030</ele>
      </rtept>
      <rtept lat="28.303639" lon="83.770172">
         <ele>1010</ele>
      </rtept>
      <rtept lat="28.30343" lon="83.769527">
         <ele>1000</ele>
      </rtept>
      <rtept lat="28.300664" lon="83.769691">
         <ele>1020</ele>
      </rtept>
      <rtept lat="28.300302" lon="83.769938">
         <ele>1010</ele>
      </rtept>
      <rtept lat="28.300004" lon="83.769934">
         <ele>1010</ele>
      </rtept>
      <rtept lat="28.299804" lon="83.769648">
         <ele>1010</ele>
      </rtept>
      <rtept lat="28.299655" lon="83.77091">
         <ele>1030</ele>
      </rtept>
   </rte>
</gpx>