<?xml version="1.0"?>
<gpx xmlns="http://www.topografix.com/GPX/1/1" xmlns:gpxx="http://www.garmin.com/xmlschemas/GpxExtensions/v3" creator="CALTOPO" version="1.1"><metadata><name><![CDATA[2024 Leadville Marathon ]]></name></metadata><trk><name>2024 Leadville Marathon </name><extensions><gpxx:TrackExtension><gpxx:DisplayColor>Red</gpxx:DisplayColor></gpxx:TrackExtension></extensions><trkseg><trkpt lat="39.249172" lon="-106.290286"><ele>3099.0</ele><time>2024-03-03T00:00:00Z</time></trkpt><trkpt lat="39.249172" lon="-106.290286"><ele>3099.0</ele><time>2024-03-03T00:00:00Z</time></trkpt><trkpt lat="39.249806" lon="-106.28738"><ele>3110.0</ele><time>2024-03-03T00:01:34Z</time></trkpt><trkpt lat="39.249806" lon="-106.28738"><ele>3110.0</ele><time>2024-03-03T00:01:34Z</time></trkpt><trkpt lat="39.250969" lon="-106.282096"><ele>3132.0</ele><time>2024-03-03T00:04:24Z</time></trkpt><trkpt lat="39.25166" lon="-106.279033"><ele>3149.0</ele><time>2024-03-03T00:06:03Z</time></trkpt><trkpt lat="39.25166" lon="-106.279033"><ele>3149.0</ele><time>2024-03-03T00:06:03Z</time></trkpt><trkpt lat="39.251654" lon="-106.279055"><ele>3148.0</ele><time>2024-03-03T00:06:04Z</time></trkpt><trkpt lat="39.251022" lon="-106.278743"><ele>3151.0</ele><time>2024-03-03T00:06:31Z</time></trkpt><trkpt lat="39.250933" lon="-106.278726"><ele>3151.0</ele><time>2024-03-03T00:06:35Z</time></trkpt><trkpt lat="39.250854" lon="-106.278737"><ele>3152.0</ele><time>2024-03-03T00:06:38Z</time></trkpt><trkpt lat="39.250839" lon="-106.278629"><ele>3152.0</ele><time>2024-03-03T00:06:41Z</time></trkpt><trkpt lat="39.250756" lon="-106.278403"><ele>3154.0</ele><time>2024-03-03T00:06:49Z</time></trkpt><trkpt lat="39.250756" lon="-106.278403"><ele>3154.0</ele><time>2024-03-03T00:06:49Z</time></trkpt><trkpt lat="39.250408" lon="-106.27772"><ele>3160.0</ele><time>2024-03-03T00:07:14Z</time></trkpt><trkpt lat="39.250295" lon="-106.277326"><ele>3161.0</ele><time>2024-03-03T00:07:27Z</time></trkpt><trkpt lat="39.250254" lon="-106.276998"><ele>3162.0</ele><time>2024-03-03T00:07:38Z</time></trkpt><trkpt lat="39.250194" lon="-106.276509"><ele>3164.0</ele><time>2024-03-03T00:07:53Z</time></trkpt><trkpt lat="39.250194" lon="-106.276509"><ele>3164.0</ele><time>2024-03-03T00:07:53Z</time></trkpt><trkpt lat="39.250161" lon="-106.27625"><ele>3165.0</ele><time>2024-03-03T00:08:01Z</time></trkpt><trkpt lat="39.249992" lon="-106.274889"><ele>3175.0</ele><time>2024-03-03T00:08:44Z</time></trkpt><trkpt lat="39.249986" lon="-106.27395"><ele>3180.0</ele><time>2024-03-03T00:09:13Z</time></trkpt><trkpt lat="39.250006" lon="-106.273354"><ele>3184.0</ele><time>2024-03-03T00:09:32Z</time></trkpt><trkpt lat="39.250022" lon="-106.273227"><ele>3185.0</ele><time>2024-03-03T00:09:36Z</time></trkpt><trkpt lat="39.250126" lon="-106.272804"><ele>3187.0</ele><time>2024-03-03T00:09:49Z</time></trkpt><trkpt lat="39.250135" lon="-106.272635"><ele>3189.0</ele><time>2024-03-03T00:09:55Z</time></trkpt><trkpt lat="39.250075" lon="-106.272352"><ele>3192.0</ele><time>2024-03-03T00:10:04Z</time></trkpt><trkpt lat="39.250075" lon="-106.272352"><ele>3192.0</ele><time>2024-03-03T00:10:04Z</time></trkpt><trkpt lat="39.249964" lon="-106.272087"><ele>3196.0</ele><time>2024-03-03T00:10:13Z</time></trkpt><trkpt lat="39.249466" lon="-106.271397"><ele>3199.0</ele><time>2024-03-03T00:10:42Z</time></trkpt><trkpt lat="39.249408" lon="-106.271251"><ele>3201.0</ele><time>2024-03-03T00:10:47Z</time></trkpt><trkpt lat="39.249341" lon="-106.270996"><ele>3202.0</ele><time>2024-03-03T00:10:56Z</time></trkpt><trkpt lat="39.249347" lon="-106.270795"><ele>3203.0</ele><time>2024-03-03T00:11:02Z</time></trkpt><trkpt lat="39.24937" lon="-106.270702"><ele>3203.0</ele><time>2024-03-03T00:11:05Z</time></trkpt><trkpt lat="39.249525" lon="-106.270003"><ele>3207.0</ele><time>2024-03-03T00:11:28Z</time></trkpt><trkpt lat="39.249629" lon="-106.269403"><ele>3212.0</ele><time>2024-03-03T00:11:47Z</time></trkpt><trkpt lat="39.249647" lon="-106.269345"><ele>3212.0</ele><time>2024-03-03T00:11:49Z</time></trkpt><trkpt lat="39.249647" lon="-106.269345"><ele>3212.0</ele><time>2024-03-03T00:11:49Z</time></trkpt><trkpt lat="39.249629" lon="-106.269403"><ele>3212.0</ele><time>2024-03-03T00:11:51Z</time></trkpt><trkpt lat="39.249544" lon="-106.269386"><ele>3212.0</ele><time>2024-03-03T00:11:54Z</time></trkpt><trkpt lat="39.24929" lon="-106.269412"><ele>3212.0</ele><time>2024-03-03T00:12:04Z</time></trkpt><trkpt lat="39.249047" lon="-106.269585"><ele>3214.0</ele><time>2024-03-03T00:12:15Z</time></trkpt><trkpt lat="39.248819" lon="-106.26987"><ele>3216.0</ele><time>2024-03-03T00:12:28Z</time></trkpt><trkpt lat="39.248819" lon="-106.26987"><ele>3216.0</ele><time>2024-03-03T00:12:28Z</time></trkpt><trkpt lat="39.248686" lon="-106.270036"><ele>3217.0</ele><time>2024-03-03T00:12:36Z</time></trkpt><trkpt lat="39.248443" lon="-106.270292"><ele>3219.0</ele><time>2024-03-03T00:12:48Z</time></trkpt><trkpt lat="39.247718" lon="-106.270908"><ele>3222.0</ele><time>2024-03-03T00:13:23Z</time></trkpt><trkpt lat="39.247683" lon="-106.270955"><ele>3222.0</ele><time>2024-03-03T00:13:25Z</time></trkpt><trkpt lat="39.247683" lon="-106.270955"><ele>3222.0</ele><time>2024-03-03T00:13:25Z</time></trkpt><trkpt lat="39.247376" lon="-106.271367"><ele>3225.0</ele><time>2024-03-03T00:13:43Z</time></trkpt><trkpt lat="39.24725" lon="-106.271454"><ele>3227.0</ele><time>2024-03-03T00:13:48Z</time></trkpt><trkpt lat="39.247179" lon="-106.271477"><ele>3227.0</ele><time>2024-03-03T00:13:51Z</time></trkpt><trkpt lat="39.247048" lon="-106.271518"><ele>3227.0</ele><time>2024-03-03T00:13:57Z</time></trkpt><trkpt lat="39.246489" lon="-106.271623"><ele>3229.0</ele><time>2024-03-03T00:14:19Z</time></trkpt><trkpt lat="39.246464" lon="-106.271606"><ele>3229.0</ele><time>2024-03-03T00:14:20Z</time></trkpt><trkpt lat="39.246464" lon="-106.271606"><ele>3229.0</ele><time>2024-03-03T00:14:20Z</time></trkpt><trkpt lat="39.24639" lon="-106.271559"><ele>3229.0</ele><time>2024-03-03T00:14:24Z</time></trkpt><trkpt lat="39.246102" lon="-106.271245"><ele>3228.0</ele><time>2024-03-03T00:14:39Z</time></trkpt><trkpt lat="39.245878" lon="-106.270971"><ele>3228.0</ele><time>2024-03-03T00:14:51Z</time></trkpt><trkpt lat="39.245819" lon="-106.270811"><ele>3229.0</ele><time>2024-03-03T00:14:57Z</time></trkpt><trkpt lat="39.245795" lon="-106.270745"><ele>3229.0</ele><time>2024-03-03T00:14:59Z</time></trkpt><trkpt lat="39.245639" lon="-106.270321"><ele>3232.0</ele><time>2024-03-03T00:15:14Z</time></trkpt><trkpt lat="39.245373" lon="-106.269807"><ele>3236.0</ele><time>2024-03-03T00:15:33Z</time></trkpt><trkpt lat="39.24531" lon="-106.269729"><ele>3237.0</ele><time>2024-03-03T00:15:36Z</time></trkpt><trkpt lat="39.24531" lon="-106.269729"><ele>3237.0</ele><time>2024-03-03T00:15:36Z</time></trkpt><trkpt lat="39.245225" lon="-106.269623"><ele>3238.0</ele><time>2024-03-03T00:15:41Z</time></trkpt><trkpt lat="39.245137" lon="-106.269575"><ele>3239.0</ele><time>2024-03-03T00:15:45Z</time></trkpt><trkpt lat="39.244878" lon="-106.269431"><ele>3241.0</ele><time>2024-03-03T00:15:56Z</time></trkpt><trkpt lat="39.244702" lon="-106.269257"><ele>3243.0</ele><time>2024-03-03T00:16:05Z</time></trkpt><trkpt lat="39.244041" lon="-106.268281"><ele>3256.0</ele><time>2024-03-03T00:16:45Z</time></trkpt><trkpt lat="39.243855" lon="-106.268081"><ele>3259.0</ele><time>2024-03-03T00:16:55Z</time></trkpt><trkpt lat="39.243855" lon="-106.268081"><ele>3259.0</ele><time>2024-03-03T00:16:55Z</time></trkpt><trkpt lat="39.243658" lon="-106.267868"><ele>3262.0</ele><time>2024-03-03T00:17:05Z</time></trkpt><trkpt lat="39.243478" lon="-106.26774"><ele>3264.0</ele><time>2024-03-03T00:17:14Z</time></trkpt><trkpt lat="39.243419" lon="-106.26763"><ele>3267.0</ele><time>2024-03-03T00:17:18Z</time></trkpt><trkpt lat="39.243034" lon="-106.267406"><ele>3270.0</ele><time>2024-03-03T00:17:35Z</time></trkpt><trkpt lat="39.243034" lon="-106.267406"><ele>3270.0</ele><time>2024-03-03T00:17:35Z</time></trkpt><trkpt lat="39.243024" lon="-106.2674"><ele>3270.0</ele><time>2024-03-03T00:17:35Z</time></trkpt><trkpt lat="39.243037" lon="-106.266548"><ele>3284.0</ele><time>2024-03-03T00:18:01Z</time></trkpt><trkpt lat="39.243014" lon="-106.266432"><ele>3287.0</ele><time>2024-03-03T00:18:05Z</time></trkpt><trkpt lat="39.242924" lon="-106.266333"><ele>3289.0</ele><time>2024-03-03T00:18:10Z</time></trkpt><trkpt lat="39.242623" lon="-106.266176"><ele>3292.0</ele><time>2024-03-03T00:18:23Z</time></trkpt><trkpt lat="39.242519" lon="-106.266043"><ele>3295.0</ele><time>2024-03-03T00:18:29Z</time></trkpt><trkpt lat="39.242339" lon="-106.265665"><ele>3304.0</ele><time>2024-03-03T00:18:43Z</time></trkpt><trkpt lat="39.242212" lon="-106.265349"><ele>3309.0</ele><time>2024-03-03T00:18:54Z</time></trkpt><trkpt lat="39.242212" lon="-106.265349"><ele>3309.0</ele><time>2024-03-03T00:18:54Z</time></trkpt><trkpt lat="39.242163" lon="-106.265229"><ele>3311.0</ele><time>2024-03-03T00:18:58Z</time></trkpt><trkpt lat="39.242087" lon="-106.26495"><ele>3316.0</ele><time>2024-03-03T00:19:07Z</time></trkpt><trkpt lat="39.242037" lon="-106.2647"><ele>3320.0</ele><time>2024-03-03T00:19:15Z</time></trkpt><trkpt lat="39.242082" lon="-106.264468"><ele>3325.0</ele><time>2024-03-03T00:19:22Z</time></trkpt><trkpt lat="39.242078" lon="-106.264287"><ele>3328.0</ele><time>2024-03-03T00:19:28Z</time></trkpt><trkpt lat="39.242019" lon="-106.264247"><ele>3328.0</ele><time>2024-03-03T00:19:31Z</time></trkpt><trkpt lat="39.241389" lon="-106.264282"><ele>3328.0</ele><time>2024-03-03T00:19:56Z</time></trkpt><trkpt lat="39.241124" lon="-106.264235"><ele>3329.0</ele><time>2024-03-03T00:20:07Z</time></trkpt><trkpt lat="39.240921" lon="-106.264049"><ele>3332.0</ele><time>2024-03-03T00:20:17Z</time></trkpt><trkpt lat="39.240804" lon="-106.263979"><ele>3333.0</ele><time>2024-03-03T00:20:22Z</time></trkpt><trkpt lat="39.240736" lon="-106.263892"><ele>3335.0</ele><time>2024-03-03T00:20:26Z</time></trkpt><trkpt lat="39.240664" lon="-106.263712"><ele>3338.0</ele><time>2024-03-03T00:20:32Z</time></trkpt><trkpt lat="39.240659" lon="-106.263184"><ele>3346.0</ele><time>2024-03-03T00:20:48Z</time></trkpt><trkpt lat="39.240535" lon="-106.263116"><ele>3346.0</ele><time>2024-03-03T00:20:54Z</time></trkpt><trkpt lat="39.240508" lon="-106.263075"><ele>3347.0</ele><time>2024-03-03T00:20:55Z</time></trkpt><trkpt lat="39.240505" lon="-106.263037"><ele>3348.0</ele><time>2024-03-03T00:20:57Z</time></trkpt><trkpt lat="39.240513" lon="-106.26301"><ele>3348.0</ele><time>2024-03-03T00:20:58Z</time></trkpt><trkpt lat="39.240513" lon="-106.26301"><ele>3348.0</ele><time>2024-03-03T00:20:58Z</time></trkpt><trkpt lat="39.240534" lon="-106.262945"><ele>3348.0</ele><time>2024-03-03T00:21:00Z</time></trkpt><trkpt lat="39.240592" lon="-106.262869"><ele>3349.0</ele><time>2024-03-03T00:21:03Z</time></trkpt><trkpt lat="39.240696" lon="-106.262794"><ele>3349.0</ele><time>2024-03-03T00:21:08Z</time></trkpt><trkpt lat="39.240777" lon="-106.262637"><ele>3351.0</ele><time>2024-03-03T00:21:14Z</time></trkpt><trkpt lat="39.241056" lon="-106.261904"><ele>3354.0</ele><time>2024-03-03T00:21:39Z</time></trkpt><trkpt lat="39.241034" lon="-106.261712"><ele>3355.0</ele><time>2024-03-03T00:21:45Z</time></trkpt><trkpt lat="39.240853" lon="-106.261207"><ele>3354.0</ele><time>2024-03-03T00:22:02Z</time></trkpt><trkpt lat="39.240849" lon="-106.261009"><ele>3353.0</ele><time>2024-03-03T00:22:08Z</time></trkpt><trkpt lat="39.240894" lon="-106.260643"><ele>3351.0</ele><time>2024-03-03T00:22:20Z</time></trkpt><trkpt lat="39.241052" lon="-106.260114"><ele>3347.0</ele><time>2024-03-03T00:22:38Z</time></trkpt><trkpt lat="39.241391" lon="-106.259687"><ele>3344.0</ele><time>2024-03-03T00:22:57Z</time></trkpt><trkpt lat="39.241391" lon="-106.259687"><ele>3344.0</ele><time>2024-03-03T00:22:57Z</time></trkpt><trkpt lat="39.241988" lon="-106.258748"><ele>3335.0</ele><time>2024-03-03T00:23:34Z</time></trkpt><trkpt lat="39.242278" lon="-106.25849"><ele>3334.0</ele><time>2024-03-03T00:23:48Z</time></trkpt><trkpt lat="39.242726" lon="-106.257816"><ele>3331.0</ele><time>2024-03-03T00:24:16Z</time></trkpt><trkpt lat="39.242726" lon="-106.257816"><ele>3331.0</ele><time>2024-03-03T00:24:16Z</time></trkpt><trkpt lat="39.242736" lon="-106.257802"><ele>3331.0</ele><time>2024-03-03T00:24:17Z</time></trkpt><trkpt lat="39.242473" lon="-106.257848"><ele>3331.0</ele><time>2024-03-03T00:24:27Z</time></trkpt><trkpt lat="39.242212" lon="-106.257819"><ele>3331.0</ele><time>2024-03-03T00:24:38Z</time></trkpt><trkpt lat="39.24191" lon="-106.257667"><ele>3329.0</ele><time>2024-03-03T00:24:51Z</time></trkpt><trkpt lat="39.2415" lon="-106.257427"><ele>3323.0</ele><time>2024-03-03T00:25:09Z</time></trkpt><trkpt lat="39.241188" lon="-106.257366"><ele>3319.0</ele><time>2024-03-03T00:25:21Z</time></trkpt><trkpt lat="39.240618" lon="-106.257316"><ele>3311.0</ele><time>2024-03-03T00:25:44Z</time></trkpt><trkpt lat="39.240473" lon="-106.257284"><ele>3309.0</ele><time>2024-03-03T00:25:50Z</time></trkpt><trkpt lat="39.240354" lon="-106.2572"><ele>3308.0</ele><time>2024-03-03T00:25:56Z</time></trkpt><trkpt lat="39.240273" lon="-106.257045"><ele>3306.0</ele><time>2024-03-03T00:26:01Z</time></trkpt><trkpt lat="39.240232" lon="-106.256823"><ele>3306.0</ele><time>2024-03-03T00:26:08Z</time></trkpt><trkpt lat="39.240232" lon="-106.256823"><ele>3306.0</ele><time>2024-03-03T00:26:08Z</time></trkpt><trkpt lat="39.240182" lon="-106.256556"><ele>3305.0</ele><time>2024-03-03T00:26:17Z</time></trkpt><trkpt lat="39.24006" lon="-106.256336"><ele>3303.0</ele><time>2024-03-03T00:26:25Z</time></trkpt><trkpt lat="39.23986" lon="-106.256184"><ele>3300.0</ele><time>2024-03-03T00:26:35Z</time></trkpt><trkpt lat="39.239342" lon="-106.255925"><ele>3294.0</ele><time>2024-03-03T00:26:57Z</time></trkpt><trkpt lat="39.238773" lon="-106.25583"><ele>3288.0</ele><time>2024-03-03T00:27:20Z</time></trkpt><trkpt lat="39.237034" lon="-106.255681"><ele>3269.0</ele><time>2024-03-03T00:28:30Z</time></trkpt><trkpt lat="39.236806" lon="-106.255623"><ele>3266.0</ele><time>2024-03-03T00:28:39Z</time></trkpt><trkpt lat="39.236618" lon="-106.255543"><ele>3265.0</ele><time>2024-03-03T00:28:47Z</time></trkpt><trkpt lat="39.236618" lon="-106.255543"><ele>3265.0</ele><time>2024-03-03T00:28:47Z</time></trkpt><trkpt lat="39.236451" lon="-106.255404"><ele>3264.0</ele><time>2024-03-03T00:28:55Z</time></trkpt><trkpt lat="39.236375" lon="-106.255291"><ele>3263.0</ele><time>2024-03-03T00:29:00Z</time></trkpt><trkpt lat="39.235935" lon="-106.254487"><ele>3258.0</ele><time>2024-03-03T00:29:30Z</time></trkpt><trkpt lat="39.235585" lon="-106.253968"><ele>3252.0</ele><time>2024-03-03T00:29:52Z</time></trkpt><trkpt lat="39.235414" lon="-106.253681"><ele>3249.0</ele><time>2024-03-03T00:30:03Z</time></trkpt><trkpt lat="39.235006" lon="-106.253312"><ele>3243.0</ele><time>2024-03-03T00:30:23Z</time></trkpt><trkpt lat="39.234939" lon="-106.2532"><ele>3243.0</ele><time>2024-03-03T00:30:27Z</time></trkpt><trkpt lat="39.234632" lon="-106.2525"><ele>3243.0</ele><time>2024-03-03T00:30:52Z</time></trkpt><trkpt lat="39.234542" lon="-106.25244"><ele>3243.0</ele><time>2024-03-03T00:30:56Z</time></trkpt><trkpt lat="39.23444" lon="-106.252069"><ele>3244.0</ele><time>2024-03-03T00:31:08Z</time></trkpt><trkpt lat="39.23444" lon="-106.252069"><ele>3244.0</ele><time>2024-03-03T00:31:08Z</time></trkpt><trkpt lat="39.234414" lon="-106.251975"><ele>3245.0</ele><time>2024-03-03T00:31:11Z</time></trkpt><trkpt lat="39.234315" lon="-106.251677"><ele>3246.0</ele><time>2024-03-03T00:31:22Z</time></trkpt><trkpt lat="39.234197" lon="-106.251326"><ele>3249.0</ele><time>2024-03-03T00:31:33Z</time></trkpt><trkpt lat="39.233839" lon="-106.250371"><ele>3259.0</ele><time>2024-03-03T00:32:06Z</time></trkpt><trkpt lat="39.233557" lon="-106.24945"><ele>3266.0</ele><time>2024-03-03T00:32:37Z</time></trkpt><trkpt lat="39.233377" lon="-106.249083"><ele>3269.0</ele><time>2024-03-03T00:32:51Z</time></trkpt><trkpt lat="39.233342" lon="-106.248847"><ele>3271.0</ele><time>2024-03-03T00:32:58Z</time></trkpt><trkpt lat="39.232956" lon="-106.248049"><ele>3280.0</ele><time>2024-03-03T00:33:27Z</time></trkpt><trkpt lat="39.232855" lon="-106.247744"><ele>3283.0</ele><time>2024-03-03T00:33:38Z</time></trkpt><trkpt lat="39.232811" lon="-106.247452"><ele>3285.0</ele><time>2024-03-03T00:33:47Z</time></trkpt><trkpt lat="39.232669" lon="-106.24712"><ele>3288.0</ele><time>2024-03-03T00:33:59Z</time></trkpt><trkpt lat="39.232441" lon="-106.246728"><ele>3291.0</ele><time>2024-03-03T00:34:14Z</time></trkpt><trkpt lat="39.232266" lon="-106.246165"><ele>3296.0</ele><time>2024-03-03T00:34:33Z</time></trkpt><trkpt lat="39.232146" lon="-106.24536"><ele>3306.0</ele><time>2024-03-03T00:34:58Z</time></trkpt><trkpt lat="39.232125" lon="-106.244882"><ele>3309.0</ele><time>2024-03-03T00:35:13Z</time></trkpt><trkpt lat="39.232147" lon="-106.244786"><ele>3311.0</ele><time>2024-03-03T00:35:16Z</time></trkpt><trkpt lat="39.232147" lon="-106.244786"><ele>3311.0</ele><time>2024-03-03T00:35:16Z</time></trkpt><trkpt lat="39.232365" lon="-106.243852"><ele>3319.0</ele><time>2024-03-03T00:35:46Z</time></trkpt><trkpt lat="39.2324" lon="-106.243531"><ele>3321.0</ele><time>2024-03-03T00:35:56Z</time></trkpt><trkpt lat="39.232376" lon="-106.243367"><ele>3321.0</ele><time>2024-03-03T00:36:02Z</time></trkpt><trkpt lat="39.232231" lon="-106.242863"><ele>3327.0</ele><time>2024-03-03T00:36:18Z</time></trkpt><trkpt lat="39.232234" lon="-106.242451"><ele>3332.0</ele><time>2024-03-03T00:36:31Z</time></trkpt><trkpt lat="39.232268" lon="-106.241999"><ele>3336.0</ele><time>2024-03-03T00:36:45Z</time></trkpt><trkpt lat="39.23222" lon="-106.241769"><ele>3338.0</ele><time>2024-03-03T00:36:52Z</time></trkpt><trkpt lat="39.231592" lon="-106.240598"><ele>3354.0</ele><time>2024-03-03T00:37:37Z</time></trkpt><trkpt lat="39.231389" lon="-106.24012"><ele>3357.0</ele><time>2024-03-03T00:37:54Z</time></trkpt><trkpt lat="39.231336" lon="-106.239207"><ele>3365.0</ele><time>2024-03-03T00:38:22Z</time></trkpt><trkpt lat="39.231543" lon="-106.238586"><ele>3373.0</ele><time>2024-03-03T00:38:43Z</time></trkpt><trkpt lat="39.231571" lon="-106.238352"><ele>3374.0</ele><time>2024-03-03T00:38:50Z</time></trkpt><trkpt lat="39.231543" lon="-106.238073"><ele>3377.0</ele><time>2024-03-03T00:38:59Z</time></trkpt><trkpt lat="39.231439" lon="-106.237646"><ele>3381.0</ele><time>2024-03-03T00:39:13Z</time></trkpt><trkpt lat="39.23147" lon="-106.237372"><ele>3384.0</ele><time>2024-03-03T00:39:22Z</time></trkpt><trkpt lat="39.231471" lon="-106.236759"><ele>3390.0</ele><time>2024-03-03T00:39:41Z</time></trkpt><trkpt lat="39.231575" lon="-106.236445"><ele>3394.0</ele><time>2024-03-03T00:39:51Z</time></trkpt><trkpt lat="39.231757" lon="-106.236124"><ele>3399.0</ele><time>2024-03-03T00:40:04Z</time></trkpt><trkpt lat="39.232293" lon="-106.235522"><ele>3409.0</ele><time>2024-03-03T00:40:32Z</time></trkpt><trkpt lat="39.232484" lon="-106.235396"><ele>3414.0</ele><time>2024-03-03T00:40:41Z</time></trkpt><trkpt lat="39.232576" lon="-106.235378"><ele>3416.0</ele><time>2024-03-03T00:40:44Z</time></trkpt><trkpt lat="39.23267" lon="-106.235405"><ele>3417.0</ele><time>2024-03-03T00:40:48Z</time></trkpt><trkpt lat="39.232753" lon="-106.235463"><ele>3419.0</ele><time>2024-03-03T00:40:52Z</time></trkpt><trkpt lat="39.232803" lon="-106.235413"><ele>3420.0</ele><time>2024-03-03T00:40:55Z</time></trkpt><trkpt lat="39.232801" lon="-106.235326"><ele>3420.0</ele><time>2024-03-03T00:40:57Z</time></trkpt><trkpt lat="39.232555" lon="-106.234969"><ele>3421.0</ele><time>2024-03-03T00:41:12Z</time></trkpt><trkpt lat="39.232485" lon="-106.234815"><ele>3422.0</ele><time>2024-03-03T00:41:18Z</time></trkpt><trkpt lat="39.232452" lon="-106.234649"><ele>3424.0</ele><time>2024-03-03T00:41:23Z</time></trkpt><trkpt lat="39.232417" lon="-106.233539"><ele>3442.0</ele><time>2024-03-03T00:41:57Z</time></trkpt><trkpt lat="39.232376" lon="-106.233389"><ele>3445.0</ele><time>2024-03-03T00:42:02Z</time></trkpt><trkpt lat="39.232227" lon="-106.233267"><ele>3446.0</ele><time>2024-03-03T00:42:09Z</time></trkpt><trkpt lat="39.232266" lon="-106.233221"><ele>3447.0</ele><time>2024-03-03T00:42:12Z</time></trkpt><trkpt lat="39.232266" lon="-106.233221"><ele>3447.0</ele><time>2024-03-03T00:42:12Z</time></trkpt><trkpt lat="39.232284" lon="-106.233199"><ele>3448.0</ele><time>2024-03-03T00:42:13Z</time></trkpt><trkpt lat="39.232692" lon="-106.23347"><ele>3451.0</ele><time>2024-03-03T00:42:31Z</time></trkpt><trkpt lat="39.23311" lon="-106.233668"><ele>3459.0</ele><time>2024-03-03T00:42:49Z</time></trkpt><trkpt lat="39.23336" lon="-106.233953"><ele>3464.0</ele><time>2024-03-03T00:43:02Z</time></trkpt><trkpt lat="39.233475" lon="-106.234047"><ele>3466.0</ele><time>2024-03-03T00:43:08Z</time></trkpt><trkpt lat="39.233631" lon="-106.234139"><ele>3468.0</ele><time>2024-03-03T00:43:14Z</time></trkpt><trkpt lat="39.234421" lon="-106.234357"><ele>3480.0</ele><time>2024-03-03T00:43:47Z</time></trkpt><trkpt lat="39.234798" lon="-106.234347"><ele>3490.0</ele><time>2024-03-03T00:44:02Z</time></trkpt><trkpt lat="39.235485" lon="-106.234541"><ele>3502.0</ele><time>2024-03-03T00:44:30Z</time></trkpt><trkpt lat="39.236386" lon="-106.234508"><ele>3523.0</ele><time>2024-03-03T00:45:06Z</time></trkpt><trkpt lat="39.236573" lon="-106.23446"><ele>3529.0</ele><time>2024-03-03T00:45:14Z</time></trkpt><trkpt lat="39.236707" lon="-106.234458"><ele>3532.0</ele><time>2024-03-03T00:45:19Z</time></trkpt><trkpt lat="39.23698" lon="-106.234542"><ele>3537.0</ele><time>2024-03-03T00:45:31Z</time></trkpt><trkpt lat="39.236994" lon="-106.234499"><ele>3537.0</ele><time>2024-03-03T00:45:32Z</time></trkpt><trkpt lat="39.236994" lon="-106.234499"><ele>3537.0</ele><time>2024-03-03T00:45:32Z</time></trkpt><trkpt lat="39.23711" lon="-106.234136"><ele>3542.0</ele><time>2024-03-03T00:45:44Z</time></trkpt><trkpt lat="39.237115" lon="-106.233514"><ele>3547.0</ele><time>2024-03-03T00:46:03Z</time></trkpt><trkpt lat="39.236874" lon="-106.233123"><ele>3550.0</ele><time>2024-03-03T00:46:19Z</time></trkpt><trkpt lat="39.236492" lon="-106.232385"><ele>3558.0</ele><time>2024-03-03T00:46:47Z</time></trkpt><trkpt lat="39.236492" lon="-106.232385"><ele>3558.0</ele><time>2024-03-03T00:46:47Z</time></trkpt><trkpt lat="39.236251" lon="-106.231921"><ele>3565.0</ele><time>2024-03-03T00:47:04Z</time></trkpt><trkpt lat="39.23535" lon="-106.230621"><ele>3582.0</ele><time>2024-03-03T00:47:58Z</time></trkpt><trkpt lat="39.234991" lon="-106.229756"><ele>3592.0</ele><time>2024-03-03T00:48:28Z</time></trkpt><trkpt lat="39.234771" lon="-106.228901"><ele>3600.0</ele><time>2024-03-03T00:48:56Z</time></trkpt><trkpt lat="39.234381" lon="-106.228301"><ele>3608.0</ele><time>2024-03-03T00:49:21Z</time></trkpt><trkpt lat="39.233825" lon="-106.22757"><ele>3618.0</ele><time>2024-03-03T00:49:53Z</time></trkpt><trkpt lat="39.23377" lon="-106.227425"><ele>3620.0</ele><time>2024-03-03T00:49:58Z</time></trkpt><trkpt lat="39.233761" lon="-106.227286"><ele>3621.0</ele><time>2024-03-03T00:50:02Z</time></trkpt><trkpt lat="39.233899" lon="-106.226859"><ele>3624.0</ele><time>2024-03-03T00:50:16Z</time></trkpt><trkpt lat="39.233998" lon="-106.226452"><ele>3625.0</ele><time>2024-03-03T00:50:30Z</time></trkpt><trkpt lat="39.234077" lon="-106.226201"><ele>3626.0</ele><time>2024-03-03T00:50:38Z</time></trkpt><trkpt lat="39.234256" lon="-106.225853"><ele>3628.0</ele><time>2024-03-03T00:50:51Z</time></trkpt><trkpt lat="39.234438" lon="-106.225584"><ele>3629.0</ele><time>2024-03-03T00:51:02Z</time></trkpt><trkpt lat="39.234557" lon="-106.225458"><ele>3630.0</ele><time>2024-03-03T00:51:08Z</time></trkpt><trkpt lat="39.234709" lon="-106.225373"><ele>3632.0</ele><time>2024-03-03T00:51:15Z</time></trkpt><trkpt lat="39.234876" lon="-106.225337"><ele>3633.0</ele><time>2024-03-03T00:51:22Z</time></trkpt><trkpt lat="39.235051" lon="-106.225346"><ele>3635.0</ele><time>2024-03-03T00:51:29Z</time></trkpt><trkpt lat="39.235198" lon="-106.225472"><ele>3638.0</ele><time>2024-03-03T00:51:36Z</time></trkpt><trkpt lat="39.235423" lon="-106.225784"><ele>3641.0</ele><time>2024-03-03T00:51:49Z</time></trkpt><trkpt lat="39.235507" lon="-106.225975"><ele>3641.0</ele><time>2024-03-03T00:51:56Z</time></trkpt><trkpt lat="39.235549" lon="-106.226113"><ele>3641.0</ele><time>2024-03-03T00:52:00Z</time></trkpt><trkpt lat="39.235549" lon="-106.226113"><ele>3641.0</ele><time>2024-03-03T00:52:00Z</time></trkpt><trkpt lat="39.235646" lon="-106.226426"><ele>3640.0</ele><time>2024-03-03T00:52:11Z</time></trkpt><trkpt lat="39.235802" lon="-106.226769"><ele>3639.0</ele><time>2024-03-03T00:52:23Z</time></trkpt><trkpt lat="39.23592" lon="-106.226817"><ele>3640.0</ele><time>2024-03-03T00:52:28Z</time></trkpt><trkpt lat="39.236038" lon="-106.226958"><ele>3641.0</ele><time>2024-03-03T00:52:35Z</time></trkpt><trkpt lat="39.236155" lon="-106.227244"><ele>3640.0</ele><time>2024-03-03T00:52:45Z</time></trkpt><trkpt lat="39.236425" lon="-106.227545"><ele>3640.0</ele><time>2024-03-03T00:52:59Z</time></trkpt><trkpt lat="39.236737" lon="-106.227793"><ele>3640.0</ele><time>2024-03-03T00:53:14Z</time></trkpt><trkpt lat="39.237298" lon="-106.228099"><ele>3636.0</ele><time>2024-03-03T00:53:38Z</time></trkpt><trkpt lat="39.237735" lon="-106.228215"><ele>3633.0</ele><time>2024-03-03T00:53:56Z</time></trkpt><trkpt lat="39.238234" lon="-106.228486"><ele>3627.0</ele><time>2024-03-03T00:54:18Z</time></trkpt><trkpt lat="39.238391" lon="-106.228785"><ele>3623.0</ele><time>2024-03-03T00:54:29Z</time></trkpt><trkpt lat="39.238799" lon="-106.229669"><ele>3614.0</ele><time>2024-03-03T00:55:01Z</time></trkpt><trkpt lat="39.238852" lon="-106.229982"><ele>3610.0</ele><time>2024-03-03T00:55:11Z</time></trkpt><trkpt lat="39.238852" lon="-106.229982"><ele>3610.0</ele><time>2024-03-03T00:55:11Z</time></trkpt><trkpt lat="39.238905" lon="-106.230294"><ele>3606.0</ele><time>2024-03-03T00:55:21Z</time></trkpt><trkpt lat="39.239114" lon="-106.230826"><ele>3598.0</ele><time>2024-03-03T00:55:39Z</time></trkpt><trkpt lat="39.239113" lon="-106.231313"><ele>3595.0</ele><time>2024-03-03T00:55:54Z</time></trkpt><trkpt lat="39.23915" lon="-106.231837"><ele>3591.0</ele><time>2024-03-03T00:56:10Z</time></trkpt><trkpt lat="39.240042" lon="-106.234457"><ele>3577.0</ele><time>2024-03-03T00:57:39Z</time></trkpt><trkpt lat="39.240183" lon="-106.234706"><ele>3576.0</ele><time>2024-03-03T00:57:49Z</time></trkpt><trkpt lat="39.240871" lon="-106.235428"><ele>3570.0</ele><time>2024-03-03T00:58:24Z</time></trkpt><trkpt lat="39.240932" lon="-106.235681"><ele>3569.0</ele><time>2024-03-03T00:58:33Z</time></trkpt><trkpt lat="39.24104" lon="-106.235817"><ele>3568.0</ele><time>2024-03-03T00:58:39Z</time></trkpt><trkpt lat="39.241254" lon="-106.2359"><ele>3566.0</ele><time>2024-03-03T00:58:48Z</time></trkpt><trkpt lat="39.241409" lon="-106.236131"><ele>3565.0</ele><time>2024-03-03T00:58:57Z</time></trkpt><trkpt lat="39.241415" lon="-106.236124"><ele>3565.0</ele><time>2024-03-03T00:58:57Z</time></trkpt><trkpt lat="39.241415" lon="-106.236124"><ele>3565.0</ele><time>2024-03-03T00:58:57Z</time></trkpt><trkpt lat="39.241198" lon="-106.236301"><ele>3566.0</ele><time>2024-03-03T00:59:08Z</time></trkpt><trkpt lat="39.240598" lon="-106.23657"><ele>3567.0</ele><time>2024-03-03T00:59:33Z</time></trkpt><trkpt lat="39.239635" lon="-106.236768"><ele>3568.0</ele><time>2024-03-03T01:00:12Z</time></trkpt><trkpt lat="39.239635" lon="-106.236768"><ele>3568.0</ele><time>2024-03-03T01:00:12Z</time></trkpt><trkpt lat="39.239579" lon="-106.23678"><ele>3567.0</ele><time>2024-03-03T01:00:15Z</time></trkpt><trkpt lat="39.239579" lon="-106.236903"><ele>3567.0</ele><time>2024-03-03T01:00:18Z</time></trkpt><trkpt lat="39.239608" lon="-106.237076"><ele>3565.0</ele><time>2024-03-03T01:00:24Z</time></trkpt><trkpt lat="39.239679" lon="-106.237266"><ele>3564.0</ele><time>2024-03-03T01:00:30Z</time></trkpt><trkpt lat="39.239706" lon="-106.23745"><ele>3562.0</ele><time>2024-03-03T01:00:36Z</time></trkpt><trkpt lat="39.239564" lon="-106.237723"><ele>3559.0</ele><time>2024-03-03T01:00:46Z</time></trkpt><trkpt lat="39.239445" lon="-106.237802"><ele>3558.0</ele><time>2024-03-03T01:00:52Z</time></trkpt><trkpt lat="39.239445" lon="-106.237802"><ele>3558.0</ele><time>2024-03-03T01:00:52Z</time></trkpt><trkpt lat="39.239289" lon="-106.237904"><ele>3555.0</ele><time>2024-03-03T01:00:59Z</time></trkpt><trkpt lat="39.238472" lon="-106.238343"><ele>3547.0</ele><time>2024-03-03T01:01:34Z</time></trkpt><trkpt lat="39.238267" lon="-106.238399"><ele>3545.0</ele><time>2024-03-03T01:01:43Z</time></trkpt><trkpt lat="39.238117" lon="-106.238467"><ele>3542.0</ele><time>2024-03-03T01:01:49Z</time></trkpt><trkpt lat="39.238105" lon="-106.238548"><ele>3540.0</ele><time>2024-03-03T01:01:52Z</time></trkpt><trkpt lat="39.238357" lon="-106.238704"><ele>3538.0</ele><time>2024-03-03T01:02:03Z</time></trkpt><trkpt lat="39.238513" lon="-106.238844"><ele>3536.0</ele><time>2024-03-03T01:02:10Z</time></trkpt><trkpt lat="39.238667" lon="-106.238931"><ele>3534.0</ele><time>2024-03-03T01:02:17Z</time></trkpt><trkpt lat="39.238855" lon="-106.239134"><ele>3530.0</ele><time>2024-03-03T01:02:27Z</time></trkpt><trkpt lat="39.239194" lon="-106.239267"><ele>3528.0</ele><time>2024-03-03T01:02:41Z</time></trkpt><trkpt lat="39.23935" lon="-106.239363"><ele>3526.0</ele><time>2024-03-03T01:02:48Z</time></trkpt><trkpt lat="39.23995" lon="-106.240153"><ele>3512.0</ele><time>2024-03-03T01:03:22Z</time></trkpt><trkpt lat="39.240355" lon="-106.240797"><ele>3503.0</ele><time>2024-03-03T01:03:48Z</time></trkpt><trkpt lat="39.240402" lon="-106.240926"><ele>3500.0</ele><time>2024-03-03T01:03:53Z</time></trkpt><trkpt lat="39.240402" lon="-106.240926"><ele>3500.0</ele><time>2024-03-03T01:03:53Z</time></trkpt><trkpt lat="39.240414" lon="-106.243195"><ele>3474.0</ele><time>2024-03-03T01:05:03Z</time></trkpt><trkpt lat="39.240435" lon="-106.243569"><ele>3470.0</ele><time>2024-03-03T01:05:15Z</time></trkpt><trkpt lat="39.240291" lon="-106.243915"><ele>3465.0</ele><time>2024-03-03T01:05:27Z</time></trkpt><trkpt lat="39.240286" lon="-106.244196"><ele>3463.0</ele><time>2024-03-03T01:05:36Z</time></trkpt><trkpt lat="39.240325" lon="-106.245318"><ele>3452.0</ele><time>2024-03-03T01:06:10Z</time></trkpt><trkpt lat="39.240252" lon="-106.245812"><ele>3446.0</ele><time>2024-03-03T01:06:26Z</time></trkpt><trkpt lat="39.240252" lon="-106.246412"><ele>3437.0</ele><time>2024-03-03T01:06:45Z</time></trkpt><trkpt lat="39.240218" lon="-106.246637"><ele>3433.0</ele><time>2024-03-03T01:06:52Z</time></trkpt><trkpt lat="39.24021" lon="-106.246918"><ele>3429.0</ele><time>2024-03-03T01:07:01Z</time></trkpt><trkpt lat="39.240414" lon="-106.247171"><ele>3426.0</ele><time>2024-03-03T01:07:12Z</time></trkpt><trkpt lat="39.240448" lon="-106.247501"><ele>3422.0</ele><time>2024-03-03T01:07:22Z</time></trkpt><trkpt lat="39.24055" lon="-106.247688"><ele>3418.0</ele><time>2024-03-03T01:07:29Z</time></trkpt><trkpt lat="39.24093" lon="-106.248507"><ele>3407.0</ele><time>2024-03-03T01:07:59Z</time></trkpt><trkpt lat="39.240993" lon="-106.248771"><ele>3404.0</ele><time>2024-03-03T01:08:08Z</time></trkpt><trkpt lat="39.241108" lon="-106.249772"><ele>3396.0</ele><time>2024-03-03T01:08:39Z</time></trkpt><trkpt lat="39.241334" lon="-106.250317"><ele>3391.0</ele><time>2024-03-03T01:08:58Z</time></trkpt><trkpt lat="39.241402" lon="-106.250713"><ele>3388.0</ele><time>2024-03-03T01:09:11Z</time></trkpt><trkpt lat="39.241453" lon="-106.250834"><ele>3387.0</ele><time>2024-03-03T01:09:15Z</time></trkpt><trkpt lat="39.241611" lon="-106.251114"><ele>3385.0</ele><time>2024-03-03T01:09:26Z</time></trkpt><trkpt lat="39.24179" lon="-106.251659"><ele>3378.0</ele><time>2024-03-03T01:09:44Z</time></trkpt><trkpt lat="39.241973" lon="-106.251796"><ele>3377.0</ele><time>2024-03-03T01:09:53Z</time></trkpt><trkpt lat="39.24202" lon="-106.252071"><ele>3374.0</ele><time>2024-03-03T01:10:01Z</time></trkpt><trkpt lat="39.242105" lon="-106.252219"><ele>3371.0</ele><time>2024-03-03T01:10:07Z</time></trkpt><trkpt lat="39.242276" lon="-106.252368"><ele>3369.0</ele><time>2024-03-03T01:10:15Z</time></trkpt><trkpt lat="39.242344" lon="-106.252494"><ele>3367.0</ele><time>2024-03-03T01:10:20Z</time></trkpt><trkpt lat="39.242493" lon="-106.253655"><ele>3356.0</ele><time>2024-03-03T01:10:57Z</time></trkpt><trkpt lat="39.242484" lon="-106.254337"><ele>3351.0</ele><time>2024-03-03T01:11:18Z</time></trkpt><trkpt lat="39.242514" lon="-106.254948"><ele>3345.0</ele><time>2024-03-03T01:11:37Z</time></trkpt><trkpt lat="39.242548" lon="-106.256014"><ele>3338.0</ele><time>2024-03-03T01:12:10Z</time></trkpt><trkpt lat="39.242433" lon="-106.256476"><ele>3335.0</ele><time>2024-03-03T01:12:25Z</time></trkpt><trkpt lat="39.242429" lon="-106.25657"><ele>3334.0</ele><time>2024-03-03T01:12:28Z</time></trkpt><trkpt lat="39.242582" lon="-106.25701"><ele>3333.0</ele><time>2024-03-03T01:12:43Z</time></trkpt><trkpt lat="39.242782" lon="-106.257406"><ele>3332.0</ele><time>2024-03-03T01:12:57Z</time></trkpt><trkpt lat="39.242799" lon="-106.257559"><ele>3332.0</ele><time>2024-03-03T01:13:02Z</time></trkpt><trkpt lat="39.242748" lon="-106.257753"><ele>3331.0</ele><time>2024-03-03T01:13:09Z</time></trkpt><trkpt lat="39.242748" lon="-106.257753"><ele>3331.0</ele><time>2024-03-03T01:13:09Z</time></trkpt><trkpt lat="39.242736" lon="-106.257802"><ele>3331.0</ele><time>2024-03-03T01:13:10Z</time></trkpt><trkpt lat="39.243344" lon="-106.257686"><ele>3329.0</ele><time>2024-03-03T01:13:35Z</time></trkpt><trkpt lat="39.244693" lon="-106.257691"><ele>3318.0</ele><time>2024-03-03T01:14:29Z</time></trkpt><trkpt lat="39.245152" lon="-106.257736"><ele>3314.0</ele><time>2024-03-03T01:14:47Z</time></trkpt><trkpt lat="39.24593" lon="-106.257976"><ele>3306.0</ele><time>2024-03-03T01:15:19Z</time></trkpt><trkpt lat="39.246731" lon="-106.258285"><ele>3303.0</ele><time>2024-03-03T01:15:53Z</time></trkpt><trkpt lat="39.247377" lon="-106.25861"><ele>3303.0</ele><time>2024-03-03T01:16:21Z</time></trkpt><trkpt lat="39.247378" lon="-106.258608"><ele>3303.0</ele><time>2024-03-03T01:16:21Z</time></trkpt><trkpt lat="39.247378" lon="-106.258608"><ele>3303.0</ele><time>2024-03-03T01:16:21Z</time></trkpt><trkpt lat="39.247457" lon="-106.258438"><ele>3304.0</ele><time>2024-03-03T01:16:27Z</time></trkpt><trkpt lat="39.247553" lon="-106.258168"><ele>3306.0</ele><time>2024-03-03T01:16:36Z</time></trkpt><trkpt lat="39.247801" lon="-106.257159"><ele>3312.0</ele><time>2024-03-03T01:17:09Z</time></trkpt><trkpt lat="39.247801" lon="-106.257159"><ele>3312.0</ele><time>2024-03-03T01:17:09Z</time></trkpt><trkpt lat="39.24788" lon="-106.256878"><ele>3314.0</ele><time>2024-03-03T01:17:18Z</time></trkpt><trkpt lat="39.247998" lon="-106.256561"><ele>3316.0</ele><time>2024-03-03T01:17:29Z</time></trkpt><trkpt lat="39.248141" lon="-106.256257"><ele>3317.0</ele><time>2024-03-03T01:17:40Z</time></trkpt><trkpt lat="39.248281" lon="-106.256005"><ele>3318.0</ele><time>2024-03-03T01:17:50Z</time></trkpt><trkpt lat="39.248844" lon="-106.255244"><ele>3327.0</ele><time>2024-03-03T01:18:23Z</time></trkpt><trkpt lat="39.24895" lon="-106.255035"><ele>3329.0</ele><time>2024-03-03T01:18:30Z</time></trkpt><trkpt lat="39.249017" lon="-106.254819"><ele>3331.0</ele><time>2024-03-03T01:18:38Z</time></trkpt><trkpt lat="39.249085" lon="-106.254523"><ele>3333.0</ele><time>2024-03-03T01:18:47Z</time></trkpt><trkpt lat="39.249116" lon="-106.254081"><ele>3335.0</ele><time>2024-03-03T01:19:01Z</time></trkpt><trkpt lat="39.249206" lon="-106.253232"><ele>3340.0</ele><time>2024-03-03T01:19:27Z</time></trkpt><trkpt lat="39.249304" lon="-106.252486"><ele>3346.0</ele><time>2024-03-03T01:19:51Z</time></trkpt><trkpt lat="39.249304" lon="-106.252486"><ele>3346.0</ele><time>2024-03-03T01:19:51Z</time></trkpt><trkpt lat="39.24936" lon="-106.25215"><ele>3348.0</ele><time>2024-03-03T01:20:02Z</time></trkpt><trkpt lat="39.249481" lon="-106.251734"><ele>3350.0</ele><time>2024-03-03T01:20:15Z</time></trkpt><trkpt lat="39.249788" lon="-106.250996"><ele>3355.0</ele><time>2024-03-03T01:20:41Z</time></trkpt><trkpt lat="39.250056" lon="-106.250256"><ele>3362.0</ele><time>2024-03-03T01:21:07Z</time></trkpt><trkpt lat="39.250168" lon="-106.249911"><ele>3364.0</ele><time>2024-03-03T01:21:18Z</time></trkpt><trkpt lat="39.250234" lon="-106.249612"><ele>3369.0</ele><time>2024-03-03T01:21:28Z</time></trkpt><trkpt lat="39.250246" lon="-106.249239"><ele>3374.0</ele><time>2024-03-03T01:21:40Z</time></trkpt><trkpt lat="39.250235" lon="-106.24868"><ele>3380.0</ele><time>2024-03-03T01:21:57Z</time></trkpt><trkpt lat="39.250277" lon="-106.24788"><ele>3386.0</ele><time>2024-03-03T01:22:22Z</time></trkpt><trkpt lat="39.250322" lon="-106.247383"><ele>3391.0</ele><time>2024-03-03T01:22:37Z</time></trkpt><trkpt lat="39.25039" lon="-106.247072"><ele>3395.0</ele><time>2024-03-03T01:22:47Z</time></trkpt><trkpt lat="39.250567" lon="-106.246569"><ele>3399.0</ele><time>2024-03-03T01:23:05Z</time></trkpt><trkpt lat="39.250567" lon="-106.246569"><ele>3399.0</ele><time>2024-03-03T01:23:05Z</time></trkpt><trkpt lat="39.2507" lon="-106.246308"><ele>3400.0</ele><time>2024-03-03T01:23:14Z</time></trkpt><trkpt lat="39.251078" lon="-106.245469"><ele>3406.0</ele><time>2024-03-03T01:23:44Z</time></trkpt><trkpt lat="39.251257" lon="-106.244975"><ele>3407.0</ele><time>2024-03-03T01:24:01Z</time></trkpt><trkpt lat="39.251326" lon="-106.244685"><ele>3411.0</ele><time>2024-03-03T01:24:11Z</time></trkpt><trkpt lat="39.251453" lon="-106.243763"><ele>3419.0</ele><time>2024-03-03T01:24:40Z</time></trkpt><trkpt lat="39.251504" lon="-106.243163"><ele>3422.0</ele><time>2024-03-03T01:24:59Z</time></trkpt><trkpt lat="39.251505" lon="-106.242639"><ele>3425.0</ele><time>2024-03-03T01:25:15Z</time></trkpt><trkpt lat="39.251476" lon="-106.242424"><ele>3428.0</ele><time>2024-03-03T01:25:22Z</time></trkpt><trkpt lat="39.251426" lon="-106.242222"><ele>3430.0</ele><time>2024-03-03T01:25:28Z</time></trkpt><trkpt lat="39.251424" lon="-106.241688"><ele>3428.0</ele><time>2024-03-03T01:25:45Z</time></trkpt><trkpt lat="39.251499" lon="-106.241097"><ele>3428.0</ele><time>2024-03-03T01:26:03Z</time></trkpt><trkpt lat="39.251594" lon="-106.240549"><ele>3425.0</ele><time>2024-03-03T01:26:21Z</time></trkpt><trkpt lat="39.251594" lon="-106.240549"><ele>3425.0</ele><time>2024-03-03T01:26:21Z</time></trkpt><trkpt lat="39.251781" lon="-106.239688"><ele>3421.0</ele><time>2024-03-03T01:26:48Z</time></trkpt><trkpt lat="39.251815" lon="-106.239362"><ele>3422.0</ele><time>2024-03-03T01:26:59Z</time></trkpt><trkpt lat="39.251805" lon="-106.238894"><ele>3423.0</ele><time>2024-03-03T01:27:13Z</time></trkpt><trkpt lat="39.251755" lon="-106.238502"><ele>3422.0</ele><time>2024-03-03T01:27:26Z</time></trkpt><trkpt lat="39.251751" lon="-106.238244"><ele>3421.0</ele><time>2024-03-03T01:27:34Z</time></trkpt><trkpt lat="39.251803" lon="-106.237618"><ele>3420.0</ele><time>2024-03-03T01:27:53Z</time></trkpt><trkpt lat="39.251905" lon="-106.236829"><ele>3421.0</ele><time>2024-03-03T01:28:18Z</time></trkpt><trkpt lat="39.251929" lon="-106.236505"><ele>3417.0</ele><time>2024-03-03T01:28:28Z</time></trkpt><trkpt lat="39.251917" lon="-106.236141"><ele>3412.0</ele><time>2024-03-03T01:28:39Z</time></trkpt><trkpt lat="39.251821" lon="-106.234937"><ele>3410.0</ele><time>2024-03-03T01:29:17Z</time></trkpt><trkpt lat="39.251875" lon="-106.233624"><ele>3408.0</ele><time>2024-03-03T01:29:58Z</time></trkpt><trkpt lat="39.251923" lon="-106.233645"><ele>3407.0</ele><time>2024-03-03T01:30:00Z</time></trkpt><trkpt lat="39.251923" lon="-106.233645"><ele>3407.0</ele><time>2024-03-03T01:30:00Z</time></trkpt><trkpt lat="39.252124" lon="-106.233817"><ele>3403.0</ele><time>2024-03-03T01:30:09Z</time></trkpt><trkpt lat="39.252358" lon="-106.233982"><ele>3399.0</ele><time>2024-03-03T01:30:20Z</time></trkpt><trkpt lat="39.253015" lon="-106.234199"><ele>3394.0</ele><time>2024-03-03T01:30:47Z</time></trkpt><trkpt lat="39.253028" lon="-106.234186"><ele>3394.0</ele><time>2024-03-03T01:30:48Z</time></trkpt><trkpt lat="39.253028" lon="-106.234186"><ele>3394.0</ele><time>2024-03-03T01:30:48Z</time></trkpt><trkpt lat="39.253096" lon="-106.234114"><ele>3394.0</ele><time>2024-03-03T01:30:51Z</time></trkpt><trkpt lat="39.252973" lon="-106.233951"><ele>3394.0</ele><time>2024-03-03T01:30:58Z</time></trkpt><trkpt lat="39.252491" lon="-106.233224"><ele>3400.0</ele><time>2024-03-03T01:31:28Z</time></trkpt><trkpt lat="39.252457" lon="-106.233096"><ele>3398.0</ele><time>2024-03-03T01:31:32Z</time></trkpt><trkpt lat="39.25246" lon="-106.23275"><ele>3393.0</ele><time>2024-03-03T01:31:43Z</time></trkpt><trkpt lat="39.25246" lon="-106.23275"><ele>3393.0</ele><time>2024-03-03T01:31:43Z</time></trkpt><trkpt lat="39.252464" lon="-106.232403"><ele>3393.0</ele><time>2024-03-03T01:31:54Z</time></trkpt><trkpt lat="39.252424" lon="-106.23222"><ele>3395.0</ele><time>2024-03-03T01:32:00Z</time></trkpt><trkpt lat="39.252232" lon="-106.231858"><ele>3398.0</ele><time>2024-03-03T01:32:13Z</time></trkpt><trkpt lat="39.252258" lon="-106.23185"><ele>3398.0</ele><time>2024-03-03T01:32:14Z</time></trkpt><trkpt lat="39.252258" lon="-106.23185"><ele>3398.0</ele><time>2024-03-03T01:32:14Z</time></trkpt><trkpt lat="39.252397" lon="-106.231806"><ele>3398.0</ele><time>2024-03-03T01:32:20Z</time></trkpt><trkpt lat="39.252681" lon="-106.231814"><ele>3398.0</ele><time>2024-03-03T01:32:32Z</time></trkpt><trkpt lat="39.252901" lon="-106.231869"><ele>3398.0</ele><time>2024-03-03T01:32:41Z</time></trkpt><trkpt lat="39.253335" lon="-106.232107"><ele>3398.0</ele><time>2024-03-03T01:32:59Z</time></trkpt><trkpt lat="39.253735" lon="-106.232574"><ele>3396.0</ele><time>2024-03-03T01:33:21Z</time></trkpt><trkpt lat="39.253735" lon="-106.232574"><ele>3396.0</ele><time>2024-03-03T01:33:21Z</time></trkpt><trkpt lat="39.253972" lon="-106.23282"><ele>3394.0</ele><time>2024-03-03T01:33:33Z</time></trkpt><trkpt lat="39.25418" lon="-106.23293"><ele>3392.0</ele><time>2024-03-03T01:33:42Z</time></trkpt><trkpt lat="39.254322" lon="-106.232957"><ele>3392.0</ele><time>2024-03-03T01:33:48Z</time></trkpt><trkpt lat="39.254517" lon="-106.232952"><ele>3391.0</ele><time>2024-03-03T01:33:56Z</time></trkpt><trkpt lat="39.25463" lon="-106.232924"><ele>3392.0</ele><time>2024-03-03T01:34:00Z</time></trkpt><trkpt lat="39.254779" lon="-106.232853"><ele>3393.0</ele><time>2024-03-03T01:34:07Z</time></trkpt><trkpt lat="39.25497" lon="-106.232694"><ele>3393.0</ele><time>2024-03-03T01:34:16Z</time></trkpt><trkpt lat="39.255059" lon="-106.232584"><ele>3392.0</ele><time>2024-03-03T01:34:21Z</time></trkpt><trkpt lat="39.25513" lon="-106.232453"><ele>3391.0</ele><time>2024-03-03T01:34:26Z</time></trkpt><trkpt lat="39.255199" lon="-106.232229"><ele>3388.0</ele><time>2024-03-03T01:34:33Z</time></trkpt><trkpt lat="39.255225" lon="-106.232074"><ele>3388.0</ele><time>2024-03-03T01:34:38Z</time></trkpt><trkpt lat="39.255235" lon="-106.231838"><ele>3388.0</ele><time>2024-03-03T01:34:46Z</time></trkpt><trkpt lat="39.255016" lon="-106.230436"><ele>3384.0</ele><time>2024-03-03T01:35:30Z</time></trkpt><trkpt lat="39.255006" lon="-106.230042"><ele>3381.0</ele><time>2024-03-03T01:35:42Z</time></trkpt><trkpt lat="39.255079" lon="-106.229328"><ele>3377.0</ele><time>2024-03-03T01:36:05Z</time></trkpt><trkpt lat="39.255133" lon="-106.229012"><ele>3377.0</ele><time>2024-03-03T01:36:15Z</time></trkpt><trkpt lat="39.255183" lon="-106.228866"><ele>3377.0</ele><time>2024-03-03T01:36:19Z</time></trkpt><trkpt lat="39.255251" lon="-106.228739"><ele>3377.0</ele><time>2024-03-03T01:36:24Z</time></trkpt><trkpt lat="39.255394" lon="-106.228534"><ele>3376.0</ele><time>2024-03-03T01:36:33Z</time></trkpt><trkpt lat="39.255558" lon="-106.228387"><ele>3375.0</ele><time>2024-03-03T01:36:41Z</time></trkpt><trkpt lat="39.255786" lon="-106.228291"><ele>3374.0</ele><time>2024-03-03T01:36:50Z</time></trkpt><trkpt lat="39.255995" lon="-106.22824"><ele>3373.0</ele><time>2024-03-03T01:36:59Z</time></trkpt><trkpt lat="39.256125" lon="-106.228249"><ele>3372.0</ele><time>2024-03-03T01:37:04Z</time></trkpt><trkpt lat="39.256228" lon="-106.228039"><ele>3373.0</ele><time>2024-03-03T01:37:12Z</time></trkpt><trkpt lat="39.256301" lon="-106.227833"><ele>3375.0</ele><time>2024-03-03T01:37:19Z</time></trkpt><trkpt lat="39.256291" lon="-106.227819"><ele>3375.0</ele><time>2024-03-03T01:37:20Z</time></trkpt><trkpt lat="39.256291" lon="-106.227819"><ele>3375.0</ele><time>2024-03-03T01:37:20Z</time></trkpt><trkpt lat="39.256241" lon="-106.227744"><ele>3376.0</ele><time>2024-03-03T01:37:23Z</time></trkpt><trkpt lat="39.256202" lon="-106.227614"><ele>3376.0</ele><time>2024-03-03T01:37:27Z</time></trkpt><trkpt lat="39.256188" lon="-106.227483"><ele>3377.0</ele><time>2024-03-03T01:37:31Z</time></trkpt><trkpt lat="39.256183" lon="-106.227176"><ele>3378.0</ele><time>2024-03-03T01:37:41Z</time></trkpt><trkpt lat="39.256217" lon="-106.22692"><ele>3378.0</ele><time>2024-03-03T01:37:49Z</time></trkpt><trkpt lat="39.256263" lon="-106.226756"><ele>3379.0</ele><time>2024-03-03T01:37:54Z</time></trkpt><trkpt lat="39.256408" lon="-106.226179"><ele>3383.0</ele><time>2024-03-03T01:38:13Z</time></trkpt><trkpt lat="39.256487" lon="-106.225741"><ele>3388.0</ele><time>2024-03-03T01:38:27Z</time></trkpt><trkpt lat="39.256499" lon="-106.225106"><ele>3390.0</ele><time>2024-03-03T01:38:47Z</time></trkpt><trkpt lat="39.256543" lon="-106.224756"><ele>3391.0</ele><time>2024-03-03T01:38:58Z</time></trkpt><trkpt lat="39.256741" lon="-106.223904"><ele>3397.0</ele><time>2024-03-03T01:39:25Z</time></trkpt><trkpt lat="39.256967" lon="-106.22275"><ele>3401.0</ele><time>2024-03-03T01:40:02Z</time></trkpt><trkpt lat="39.25705" lon="-106.222214"><ele>3405.0</ele><time>2024-03-03T01:40:19Z</time></trkpt><trkpt lat="39.25705" lon="-106.222214"><ele>3405.0</ele><time>2024-03-03T01:40:19Z</time></trkpt><trkpt lat="39.25719" lon="-106.221305"><ele>3413.0</ele><time>2024-03-03T01:40:48Z</time></trkpt><trkpt lat="39.257279" lon="-106.221116"><ele>3415.0</ele><time>2024-03-03T01:40:55Z</time></trkpt><trkpt lat="39.25745" lon="-106.220932"><ele>3416.0</ele><time>2024-03-03T01:41:04Z</time></trkpt><trkpt lat="39.25793" lon="-106.22034"><ele>3417.0</ele><time>2024-03-03T01:41:30Z</time></trkpt><trkpt lat="39.25806" lon="-106.220088"><ele>3417.0</ele><time>2024-03-03T01:41:40Z</time></trkpt><trkpt lat="39.258305" lon="-106.219314"><ele>3420.0</ele><time>2024-03-03T01:42:06Z</time></trkpt><trkpt lat="39.258426" lon="-106.219025"><ele>3420.0</ele><time>2024-03-03T01:42:16Z</time></trkpt><trkpt lat="39.258512" lon="-106.218878"><ele>3419.0</ele><time>2024-03-03T01:42:21Z</time></trkpt><trkpt lat="39.258587" lon="-106.218814"><ele>3418.0</ele><time>2024-03-03T01:42:25Z</time></trkpt><trkpt lat="39.25868" lon="-106.218777"><ele>3418.0</ele><time>2024-03-03T01:42:29Z</time></trkpt><trkpt lat="39.259055" lon="-106.218759"><ele>3417.0</ele><time>2024-03-03T01:42:44Z</time></trkpt><trkpt lat="39.259522" lon="-106.21856"><ele>3418.0</ele><time>2024-03-03T01:43:04Z</time></trkpt><trkpt lat="39.259578" lon="-106.218505"><ele>3419.0</ele><time>2024-03-03T01:43:07Z</time></trkpt><trkpt lat="39.259578" lon="-106.218505"><ele>3419.0</ele><time>2024-03-03T01:43:07Z</time></trkpt><trkpt lat="39.259522" lon="-106.21856"><ele>3418.0</ele><time>2024-03-03T01:43:09Z</time></trkpt><trkpt lat="39.259753" lon="-106.218553"><ele>3420.0</ele><time>2024-03-03T01:43:19Z</time></trkpt><trkpt lat="39.259954" lon="-106.218589"><ele>3421.0</ele><time>2024-03-03T01:43:27Z</time></trkpt><trkpt lat="39.260702" lon="-106.218875"><ele>3431.0</ele><time>2024-03-03T01:43:58Z</time></trkpt><trkpt lat="39.260792" lon="-106.218964"><ele>3433.0</ele><time>2024-03-03T01:44:03Z</time></trkpt><trkpt lat="39.260817" lon="-106.219172"><ele>3435.0</ele><time>2024-03-03T01:44:09Z</time></trkpt><trkpt lat="39.260793" lon="-106.219352"><ele>3437.0</ele><time>2024-03-03T01:44:15Z</time></trkpt><trkpt lat="39.260578" lon="-106.219766"><ele>3437.0</ele><time>2024-03-03T01:44:30Z</time></trkpt><trkpt lat="39.260578" lon="-106.219766"><ele>3437.0</ele><time>2024-03-03T01:44:30Z</time></trkpt><trkpt lat="39.260562" lon="-106.219796"><ele>3438.0</ele><time>2024-03-03T01:44:31Z</time></trkpt><trkpt lat="39.260686" lon="-106.219859"><ele>3439.0</ele><time>2024-03-03T01:44:37Z</time></trkpt><trkpt lat="39.260815" lon="-106.219859"><ele>3440.0</ele><time>2024-03-03T01:44:42Z</time></trkpt><trkpt lat="39.261256" lon="-106.219702"><ele>3445.0</ele><time>2024-03-03T01:45:00Z</time></trkpt><trkpt lat="39.261456" lon="-106.219606"><ele>3447.0</ele><time>2024-03-03T01:45:09Z</time></trkpt><trkpt lat="39.261545" lon="-106.219625"><ele>3448.0</ele><time>2024-03-03T01:45:12Z</time></trkpt><trkpt lat="39.261632" lon="-106.219597"><ele>3449.0</ele><time>2024-03-03T01:45:16Z</time></trkpt><trkpt lat="39.261879" lon="-106.219432"><ele>3452.0</ele><time>2024-03-03T01:45:27Z</time></trkpt><trkpt lat="39.26202" lon="-106.219272"><ele>3455.0</ele><time>2024-03-03T01:45:35Z</time></trkpt><trkpt lat="39.262405" lon="-106.218973"><ele>3459.0</ele><time>2024-03-03T01:45:53Z</time></trkpt><trkpt lat="39.263008" lon="-106.218662"><ele>3466.0</ele><time>2024-03-03T01:46:19Z</time></trkpt><trkpt lat="39.26315" lon="-106.218528"><ele>3467.0</ele><time>2024-03-03T01:46:26Z</time></trkpt><trkpt lat="39.26315" lon="-106.218529"><ele>3467.0</ele><time>2024-03-03T01:46:26Z</time></trkpt><trkpt lat="39.263305" lon="-106.218339"><ele>3469.0</ele><time>2024-03-03T01:46:34Z</time></trkpt><trkpt lat="39.263467" lon="-106.218191"><ele>3470.0</ele><time>2024-03-03T01:46:42Z</time></trkpt><trkpt lat="39.263673" lon="-106.218082"><ele>3473.0</ele><time>2024-03-03T01:46:51Z</time></trkpt><trkpt lat="39.263841" lon="-106.218026"><ele>3475.0</ele><time>2024-03-03T01:46:58Z</time></trkpt><trkpt lat="39.264029" lon="-106.217822"><ele>3477.0</ele><time>2024-03-03T01:47:08Z</time></trkpt><trkpt lat="39.264133" lon="-106.21768"><ele>3479.0</ele><time>2024-03-03T01:47:14Z</time></trkpt><trkpt lat="39.26419" lon="-106.217537"><ele>3480.0</ele><time>2024-03-03T01:47:19Z</time></trkpt><trkpt lat="39.2645" lon="-106.217224"><ele>3486.0</ele><time>2024-03-03T01:47:35Z</time></trkpt><trkpt lat="39.264986" lon="-106.216084"><ele>3487.0</ele><time>2024-03-03T01:48:15Z</time></trkpt><trkpt lat="39.26544" lon="-106.215309"><ele>3496.0</ele><time>2024-03-03T01:48:45Z</time></trkpt><trkpt lat="39.265475" lon="-106.215173"><ele>3497.0</ele><time>2024-03-03T01:48:50Z</time></trkpt><trkpt lat="39.265632" lon="-106.21478"><ele>3499.0</ele><time>2024-03-03T01:49:03Z</time></trkpt><trkpt lat="39.265927" lon="-106.214371"><ele>3505.0</ele><time>2024-03-03T01:49:21Z</time></trkpt><trkpt lat="39.266041" lon="-106.214169"><ele>3508.0</ele><time>2024-03-03T01:49:29Z</time></trkpt><trkpt lat="39.266108" lon="-106.213971"><ele>3509.0</ele><time>2024-03-03T01:49:35Z</time></trkpt><trkpt lat="39.266284" lon="-106.213193"><ele>3515.0</ele><time>2024-03-03T01:50:00Z</time></trkpt><trkpt lat="39.266268" lon="-106.212938"><ele>3517.0</ele><time>2024-03-03T01:50:08Z</time></trkpt><trkpt lat="39.266288" lon="-106.212794"><ele>3517.0</ele><time>2024-03-03T01:50:13Z</time></trkpt><trkpt lat="39.266367" lon="-106.212644"><ele>3518.0</ele><time>2024-03-03T01:50:18Z</time></trkpt><trkpt lat="39.266457" lon="-106.212263"><ele>3519.0</ele><time>2024-03-03T01:50:31Z</time></trkpt><trkpt lat="39.266518" lon="-106.212086"><ele>3520.0</ele><time>2024-03-03T01:50:37Z</time></trkpt><trkpt lat="39.266736" lon="-106.211726"><ele>3522.0</ele><time>2024-03-03T01:50:51Z</time></trkpt><trkpt lat="39.266918" lon="-106.211183"><ele>3522.0</ele><time>2024-03-03T01:51:09Z</time></trkpt><trkpt lat="39.267003" lon="-106.211049"><ele>3523.0</ele><time>2024-03-03T01:51:15Z</time></trkpt><trkpt lat="39.267057" lon="-106.210894"><ele>3523.0</ele><time>2024-03-03T01:51:20Z</time></trkpt><trkpt lat="39.267103" lon="-106.210644"><ele>3524.0</ele><time>2024-03-03T01:51:28Z</time></trkpt><trkpt lat="39.267135" lon="-106.210266"><ele>3527.0</ele><time>2024-03-03T01:51:40Z</time></trkpt><trkpt lat="39.267214" lon="-106.209853"><ele>3529.0</ele><time>2024-03-03T01:51:53Z</time></trkpt><trkpt lat="39.267606" lon="-106.208791"><ele>3539.0</ele><time>2024-03-03T01:52:30Z</time></trkpt><trkpt lat="39.267994" lon="-106.207542"><ele>3550.0</ele><time>2024-03-03T01:53:11Z</time></trkpt><trkpt lat="39.268059" lon="-106.2072"><ele>3554.0</ele><time>2024-03-03T01:53:22Z</time></trkpt><trkpt lat="39.268094" lon="-106.206886"><ele>3557.0</ele><time>2024-03-03T01:53:32Z</time></trkpt><trkpt lat="39.268071" lon="-106.206543"><ele>3561.0</ele><time>2024-03-03T01:53:43Z</time></trkpt><trkpt lat="39.268105" lon="-106.206386"><ele>3564.0</ele><time>2024-03-03T01:53:48Z</time></trkpt><trkpt lat="39.268105" lon="-106.206386"><ele>3564.0</ele><time>2024-03-03T01:53:48Z</time></trkpt><trkpt lat="39.268123" lon="-106.206302"><ele>3566.0</ele><time>2024-03-03T01:53:50Z</time></trkpt><trkpt lat="39.268273" lon="-106.205914"><ele>3575.0</ele><time>2024-03-03T01:54:04Z</time></trkpt><trkpt lat="39.268315" lon="-106.205559"><ele>3580.0</ele><time>2024-03-03T01:54:15Z</time></trkpt><trkpt lat="39.268477" lon="-106.205008"><ele>3591.0</ele><time>2024-03-03T01:54:33Z</time></trkpt><trkpt lat="39.268485" lon="-106.204663"><ele>3592.0</ele><time>2024-03-03T01:54:44Z</time></trkpt><trkpt lat="39.268511" lon="-106.204529"><ele>3593.0</ele><time>2024-03-03T01:54:48Z</time></trkpt><trkpt lat="39.268595" lon="-106.204336"><ele>3599.0</ele><time>2024-03-03T01:54:55Z</time></trkpt><trkpt lat="39.268666" lon="-106.203997"><ele>3606.0</ele><time>2024-03-03T01:55:06Z</time></trkpt><trkpt lat="39.268832" lon="-106.202349"><ele>3628.0</ele><time>2024-03-03T01:55:58Z</time></trkpt><trkpt lat="39.268876" lon="-106.202113"><ele>3631.0</ele><time>2024-03-03T01:56:05Z</time></trkpt><trkpt lat="39.268923" lon="-106.202009"><ele>3633.0</ele><time>2024-03-03T01:56:09Z</time></trkpt><trkpt lat="39.268956" lon="-106.201873"><ele>3636.0</ele><time>2024-03-03T01:56:13Z</time></trkpt><trkpt lat="39.268968" lon="-106.20172"><ele>3639.0</ele><time>2024-03-03T01:56:18Z</time></trkpt><trkpt lat="39.26892" lon="-106.201326"><ele>3642.0</ele><time>2024-03-03T01:56:31Z</time></trkpt><trkpt lat="39.268952" lon="-106.201088"><ele>3646.0</ele><time>2024-03-03T01:56:38Z</time></trkpt><trkpt lat="39.269048" lon="-106.20086"><ele>3651.0</ele><time>2024-03-03T01:56:46Z</time></trkpt><trkpt lat="39.269244" lon="-106.200611"><ele>3658.0</ele><time>2024-03-03T01:56:57Z</time></trkpt><trkpt lat="39.26934" lon="-106.200491"><ele>3661.0</ele><time>2024-03-03T01:57:02Z</time></trkpt><trkpt lat="39.269401" lon="-106.200351"><ele>3664.0</ele><time>2024-03-03T01:57:07Z</time></trkpt><trkpt lat="39.269446" lon="-106.200166"><ele>3665.0</ele><time>2024-03-03T01:57:13Z</time></trkpt><trkpt lat="39.269458" lon="-106.200029"><ele>3666.0</ele><time>2024-03-03T01:57:18Z</time></trkpt><trkpt lat="39.26938" lon="-106.199693"><ele>3666.0</ele><time>2024-03-03T01:57:29Z</time></trkpt><trkpt lat="39.26938" lon="-106.199693"><ele>3666.0</ele><time>2024-03-03T01:57:29Z</time></trkpt><trkpt lat="39.269018" lon="-106.198124"><ele>3687.0</ele><time>2024-03-03T01:58:19Z</time></trkpt><trkpt lat="39.268965" lon="-106.197804"><ele>3692.0</ele><time>2024-03-03T01:58:30Z</time></trkpt><trkpt lat="39.26897" lon="-106.197338"><ele>3696.0</ele><time>2024-03-03T01:58:44Z</time></trkpt><trkpt lat="39.269049" lon="-106.196929"><ele>3703.0</ele><time>2024-03-03T01:58:57Z</time></trkpt><trkpt lat="39.269126" lon="-106.196618"><ele>3708.0</ele><time>2024-03-03T01:59:07Z</time></trkpt><trkpt lat="39.269256" lon="-106.195697"><ele>3720.0</ele><time>2024-03-03T01:59:36Z</time></trkpt><trkpt lat="39.269359" lon="-106.195332"><ele>3725.0</ele><time>2024-03-03T01:59:48Z</time></trkpt><trkpt lat="39.269599" lon="-106.194953"><ele>3732.0</ele><time>2024-03-03T02:00:04Z</time></trkpt><trkpt lat="39.269744" lon="-106.194844"><ele>3736.0</ele><time>2024-03-03T02:00:10Z</time></trkpt><trkpt lat="39.270017" lon="-106.194688"><ele>3740.0</ele><time>2024-03-03T02:00:22Z</time></trkpt><trkpt lat="39.270684" lon="-106.194356"><ele>3750.0</ele><time>2024-03-03T02:00:51Z</time></trkpt><trkpt lat="39.270794" lon="-106.194242"><ele>3753.0</ele><time>2024-03-03T02:00:56Z</time></trkpt><trkpt lat="39.270781" lon="-106.194205"><ele>3753.0</ele><time>2024-03-03T02:00:58Z</time></trkpt><trkpt lat="39.270781" lon="-106.194205"><ele>3753.0</ele><time>2024-03-03T02:00:58Z</time></trkpt><trkpt lat="39.270717" lon="-106.194141"><ele>3756.0</ele><time>2024-03-03T02:01:01Z</time></trkpt><trkpt lat="39.270324" lon="-106.193921"><ele>3761.0</ele><time>2024-03-03T02:01:18Z</time></trkpt><trkpt lat="39.270102" lon="-106.19375"><ele>3763.0</ele><time>2024-03-03T02:01:29Z</time></trkpt><trkpt lat="39.269974" lon="-106.19361"><ele>3765.0</ele><time>2024-03-03T02:01:35Z</time></trkpt><trkpt lat="39.269875" lon="-106.193465"><ele>3768.0</ele><time>2024-03-03T02:01:41Z</time></trkpt><trkpt lat="39.269748" lon="-106.193137"><ele>3775.0</ele><time>2024-03-03T02:01:53Z</time></trkpt><trkpt lat="39.26968" lon="-106.19286"><ele>3782.0</ele><time>2024-03-03T02:02:02Z</time></trkpt><trkpt lat="39.26952" lon="-106.192473"><ele>3790.0</ele><time>2024-03-03T02:02:15Z</time></trkpt><trkpt lat="39.26938" lon="-106.192187"><ele>3792.0</ele><time>2024-03-03T02:02:26Z</time></trkpt><trkpt lat="39.269389" lon="-106.192104"><ele>3794.0</ele><time>2024-03-03T02:02:28Z</time></trkpt><trkpt lat="39.269389" lon="-106.192104"><ele>3794.0</ele><time>2024-03-03T02:02:28Z</time></trkpt><trkpt lat="39.269455" lon="-106.192075"><ele>3797.0</ele><time>2024-03-03T02:02:31Z</time></trkpt><trkpt lat="39.26958" lon="-106.192228"><ele>3797.0</ele><time>2024-03-03T02:02:38Z</time></trkpt><trkpt lat="39.269715" lon="-106.192329"><ele>3798.0</ele><time>2024-03-03T02:02:44Z</time></trkpt><trkpt lat="39.270078" lon="-106.192501"><ele>3804.0</ele><time>2024-03-03T02:03:00Z</time></trkpt><trkpt lat="39.270325" lon="-106.192574"><ele>3808.0</ele><time>2024-03-03T02:03:10Z</time></trkpt><trkpt lat="39.270705" lon="-106.192649"><ele>3812.0</ele><time>2024-03-03T02:03:25Z</time></trkpt><trkpt lat="39.270959" lon="-106.192657"><ele>3816.0</ele><time>2024-03-03T02:03:36Z</time></trkpt><trkpt lat="39.271276" lon="-106.192592"><ele>3822.0</ele><time>2024-03-03T02:03:48Z</time></trkpt><trkpt lat="39.271515" lon="-106.192496"><ele>3826.0</ele><time>2024-03-03T02:03:58Z</time></trkpt><trkpt lat="39.27169" lon="-106.192396"><ele>3830.0</ele><time>2024-03-03T02:04:06Z</time></trkpt><trkpt lat="39.271854" lon="-106.19227"><ele>3833.0</ele><time>2024-03-03T02:04:14Z</time></trkpt><trkpt lat="39.272371" lon="-106.192031"><ele>3841.0</ele><time>2024-03-03T02:04:36Z</time></trkpt><trkpt lat="39.272371" lon="-106.192031"><ele>3841.0</ele><time>2024-03-03T02:04:36Z</time></trkpt><trkpt lat="39.272383" lon="-106.191954"><ele>3844.0</ele><time>2024-03-03T02:04:38Z</time></trkpt><trkpt lat="39.272349" lon="-106.191908"><ele>3845.0</ele><time>2024-03-03T02:04:40Z</time></trkpt><trkpt lat="39.272308" lon="-106.191884"><ele>3846.0</ele><time>2024-03-03T02:04:42Z</time></trkpt><trkpt lat="39.272088" lon="-106.191812"><ele>3847.0</ele><time>2024-03-03T02:04:51Z</time></trkpt><trkpt lat="39.271895" lon="-106.191726"><ele>3848.0</ele><time>2024-03-03T02:04:59Z</time></trkpt><trkpt lat="39.27171" lon="-106.191584"><ele>3852.0</ele><time>2024-03-03T02:05:08Z</time></trkpt><trkpt lat="39.27135" lon="-106.191375"><ele>3859.0</ele><time>2024-03-03T02:05:24Z</time></trkpt><trkpt lat="39.271087" lon="-106.191012"><ele>3866.0</ele><time>2024-03-03T02:05:39Z</time></trkpt><trkpt lat="39.270989" lon="-106.190906"><ele>3868.0</ele><time>2024-03-03T02:05:44Z</time></trkpt><trkpt lat="39.270966" lon="-106.190849"><ele>3870.0</ele><time>2024-03-03T02:05:46Z</time></trkpt><trkpt lat="39.270969" lon="-106.190811"><ele>3870.0</ele><time>2024-03-03T02:05:47Z</time></trkpt><trkpt lat="39.270969" lon="-106.190811"><ele>3870.0</ele><time>2024-03-03T02:05:47Z</time></trkpt><trkpt lat="39.270973" lon="-106.190772"><ele>3871.0</ele><time>2024-03-03T02:05:49Z</time></trkpt><trkpt lat="39.271006" lon="-106.19075"><ele>3872.0</ele><time>2024-03-03T02:05:50Z</time></trkpt><trkpt lat="39.271158" lon="-106.190758"><ele>3874.0</ele><time>2024-03-03T02:05:56Z</time></trkpt><trkpt lat="39.271378" lon="-106.190715"><ele>3879.0</ele><time>2024-03-03T02:06:05Z</time></trkpt><trkpt lat="39.271625" lon="-106.190595"><ele>3883.0</ele><time>2024-03-03T02:06:16Z</time></trkpt><trkpt lat="39.271808" lon="-106.19053"><ele>3887.0</ele><time>2024-03-03T02:06:23Z</time></trkpt><trkpt lat="39.272011" lon="-106.190425"><ele>3892.0</ele><time>2024-03-03T02:06:32Z</time></trkpt><trkpt lat="39.272086" lon="-106.190353"><ele>3893.0</ele><time>2024-03-03T02:06:36Z</time></trkpt><trkpt lat="39.272192" lon="-106.190288"><ele>3896.0</ele><time>2024-03-03T02:06:41Z</time></trkpt><trkpt lat="39.272522" lon="-106.19012"><ele>3902.0</ele><time>2024-03-03T02:06:55Z</time></trkpt><trkpt lat="39.272821" lon="-106.189881"><ele>3910.0</ele><time>2024-03-03T02:07:09Z</time></trkpt><trkpt lat="39.272995" lon="-106.189777"><ele>3917.0</ele><time>2024-03-03T02:07:17Z</time></trkpt><trkpt lat="39.273136" lon="-106.189766"><ele>3920.0</ele><time>2024-03-03T02:07:22Z</time></trkpt><trkpt lat="39.273415" lon="-106.189859"><ele>3920.0</ele><time>2024-03-03T02:07:34Z</time></trkpt><trkpt lat="39.273542" lon="-106.189873"><ele>3920.0</ele><time>2024-03-03T02:07:39Z</time></trkpt><trkpt lat="39.273686" lon="-106.189832"><ele>3923.0</ele><time>2024-03-03T02:07:45Z</time></trkpt><trkpt lat="39.273686" lon="-106.189832"><ele>3923.0</ele><time>2024-03-03T02:07:45Z</time></trkpt><trkpt lat="39.273733" lon="-106.189819"><ele>3924.0</ele><time>2024-03-03T02:07:47Z</time></trkpt><trkpt lat="39.273874" lon="-106.189712"><ele>3930.0</ele><time>2024-03-03T02:07:53Z</time></trkpt><trkpt lat="39.274893" lon="-106.189581"><ele>3934.0</ele><time>2024-03-03T02:08:34Z</time></trkpt><trkpt lat="39.275251" lon="-106.189577"><ele>3935.0</ele><time>2024-03-03T02:08:49Z</time></trkpt><trkpt lat="39.27557" lon="-106.189455"><ele>3943.0</ele><time>2024-03-03T02:09:02Z</time></trkpt><trkpt lat="39.275771" lon="-106.189412"><ele>3945.0</ele><time>2024-03-03T02:09:10Z</time></trkpt><trkpt lat="39.276098" lon="-106.189366"><ele>3945.0</ele><time>2024-03-03T02:09:23Z</time></trkpt><trkpt lat="39.276556" lon="-106.189412"><ele>3945.0</ele><time>2024-03-03T02:09:42Z</time></trkpt><trkpt lat="39.277109" lon="-106.189422"><ele>3950.0</ele><time>2024-03-03T02:10:04Z</time></trkpt><trkpt lat="39.277354" lon="-106.189336"><ele>3954.0</ele><time>2024-03-03T02:10:14Z</time></trkpt><trkpt lat="39.2777" lon="-106.189263"><ele>3957.0</ele><time>2024-03-03T02:10:28Z</time></trkpt><trkpt lat="39.2777" lon="-106.189263"><ele>3957.0</ele><time>2024-03-03T02:10:28Z</time></trkpt><trkpt lat="39.277989" lon="-106.189202"><ele>3963.0</ele><time>2024-03-03T02:10:40Z</time></trkpt><trkpt lat="39.278333" lon="-106.1892"><ele>3967.0</ele><time>2024-03-03T02:10:54Z</time></trkpt><trkpt lat="39.278502" lon="-106.189157"><ele>3969.0</ele><time>2024-03-03T02:11:01Z</time></trkpt><trkpt lat="39.278739" lon="-106.189151"><ele>3969.0</ele><time>2024-03-03T02:11:10Z</time></trkpt><trkpt lat="39.278944" lon="-106.189119"><ele>3971.0</ele><time>2024-03-03T02:11:18Z</time></trkpt><trkpt lat="39.279306" lon="-106.188955"><ele>3977.0</ele><time>2024-03-03T02:11:34Z</time></trkpt><trkpt lat="39.280015" lon="-106.188407"><ele>3991.0</ele><time>2024-03-03T02:12:07Z</time></trkpt><trkpt lat="39.280221" lon="-106.188186"><ele>3994.0</ele><time>2024-03-03T02:12:17Z</time></trkpt><trkpt lat="39.280386" lon="-106.187928"><ele>3998.0</ele><time>2024-03-03T02:12:28Z</time></trkpt><trkpt lat="39.28089" lon="-106.186993"><ele>4009.0</ele><time>2024-03-03T02:13:03Z</time></trkpt><trkpt lat="39.281097" lon="-106.18647"><ele>4016.0</ele><time>2024-03-03T02:13:21Z</time></trkpt><trkpt lat="39.28108" lon="-106.186238"><ele>4017.0</ele><time>2024-03-03T02:13:29Z</time></trkpt><trkpt lat="39.281043" lon="-106.186056"><ele>4017.0</ele><time>2024-03-03T02:13:35Z</time></trkpt><trkpt lat="39.281043" lon="-106.186056"><ele>4017.0</ele><time>2024-03-03T02:13:35Z</time></trkpt><trkpt lat="39.28108" lon="-106.186238"><ele>4017.0</ele><time>2024-03-03T02:13:40Z</time></trkpt><trkpt lat="39.281097" lon="-106.18647"><ele>4016.0</ele><time>2024-03-03T02:13:48Z</time></trkpt><trkpt lat="39.28089" lon="-106.186993"><ele>4009.0</ele><time>2024-03-03T02:14:06Z</time></trkpt><trkpt lat="39.280386" lon="-106.187928"><ele>3998.0</ele><time>2024-03-03T02:14:41Z</time></trkpt><trkpt lat="39.280221" lon="-106.188186"><ele>3994.0</ele><time>2024-03-03T02:14:52Z</time></trkpt><trkpt lat="39.280015" lon="-106.188407"><ele>3991.0</ele><time>2024-03-03T02:15:02Z</time></trkpt><trkpt lat="39.279306" lon="-106.188955"><ele>3977.0</ele><time>2024-03-03T02:15:35Z</time></trkpt><trkpt lat="39.278944" lon="-106.189119"><ele>3971.0</ele><time>2024-03-03T02:15:51Z</time></trkpt><trkpt lat="39.278739" lon="-106.189151"><ele>3969.0</ele><time>2024-03-03T02:15:59Z</time></trkpt><trkpt lat="39.278502" lon="-106.189157"><ele>3969.0</ele><time>2024-03-03T02:16:09Z</time></trkpt><trkpt lat="39.278333" lon="-106.1892"><ele>3967.0</ele><time>2024-03-03T02:16:15Z</time></trkpt><trkpt lat="39.277989" lon="-106.189202"><ele>3963.0</ele><time>2024-03-03T02:16:29Z</time></trkpt><trkpt lat="39.277297" lon="-106.189356"><ele>3953.0</ele><time>2024-03-03T02:16:57Z</time></trkpt><trkpt lat="39.277297" lon="-106.189356"><ele>3953.0</ele><time>2024-03-03T02:16:57Z</time></trkpt><trkpt lat="39.277109" lon="-106.189422"><ele>3950.0</ele><time>2024-03-03T02:17:05Z</time></trkpt><trkpt lat="39.276556" lon="-106.189412"><ele>3945.0</ele><time>2024-03-03T02:17:27Z</time></trkpt><trkpt lat="39.276098" lon="-106.189366"><ele>3945.0</ele><time>2024-03-03T02:17:46Z</time></trkpt><trkpt lat="39.275771" lon="-106.189412"><ele>3945.0</ele><time>2024-03-03T02:17:59Z</time></trkpt><trkpt lat="39.27557" lon="-106.189455"><ele>3943.0</ele><time>2024-03-03T02:18:07Z</time></trkpt><trkpt lat="39.275251" lon="-106.189577"><ele>3935.0</ele><time>2024-03-03T02:18:20Z</time></trkpt><trkpt lat="39.274893" lon="-106.189581"><ele>3934.0</ele><time>2024-03-03T02:18:35Z</time></trkpt><trkpt lat="39.273874" lon="-106.189712"><ele>3930.0</ele><time>2024-03-03T02:19:16Z</time></trkpt><trkpt lat="39.273733" lon="-106.189819"><ele>3924.0</ele><time>2024-03-03T02:19:22Z</time></trkpt><trkpt lat="39.273542" lon="-106.189873"><ele>3920.0</ele><time>2024-03-03T02:19:30Z</time></trkpt><trkpt lat="39.273415" lon="-106.189859"><ele>3920.0</ele><time>2024-03-03T02:19:35Z</time></trkpt><trkpt lat="39.273136" lon="-106.189766"><ele>3920.0</ele><time>2024-03-03T02:19:47Z</time></trkpt><trkpt lat="39.272995" lon="-106.189777"><ele>3917.0</ele><time>2024-03-03T02:19:52Z</time></trkpt><trkpt lat="39.272821" lon="-106.189881"><ele>3910.0</ele><time>2024-03-03T02:20:00Z</time></trkpt><trkpt lat="39.272522" lon="-106.19012"><ele>3902.0</ele><time>2024-03-03T02:20:14Z</time></trkpt><trkpt lat="39.272192" lon="-106.190288"><ele>3896.0</ele><time>2024-03-03T02:20:28Z</time></trkpt><trkpt lat="39.272086" lon="-106.190353"><ele>3893.0</ele><time>2024-03-03T02:20:33Z</time></trkpt><trkpt lat="39.272011" lon="-106.190425"><ele>3892.0</ele><time>2024-03-03T02:20:37Z</time></trkpt><trkpt lat="39.271808" lon="-106.19053"><ele>3887.0</ele><time>2024-03-03T02:20:46Z</time></trkpt><trkpt lat="39.271625" lon="-106.190595"><ele>3883.0</ele><time>2024-03-03T02:20:53Z</time></trkpt><trkpt lat="39.271378" lon="-106.190715"><ele>3879.0</ele><time>2024-03-03T02:21:04Z</time></trkpt><trkpt lat="39.271158" lon="-106.190758"><ele>3874.0</ele><time>2024-03-03T02:21:13Z</time></trkpt><trkpt lat="39.271006" lon="-106.19075"><ele>3872.0</ele><time>2024-03-03T02:21:19Z</time></trkpt><trkpt lat="39.270981" lon="-106.190766"><ele>3872.0</ele><time>2024-03-03T02:21:20Z</time></trkpt><trkpt lat="39.270981" lon="-106.190766"><ele>3872.0</ele><time>2024-03-03T02:21:20Z</time></trkpt><trkpt lat="39.270966" lon="-106.190849"><ele>3870.0</ele><time>2024-03-03T02:21:23Z</time></trkpt><trkpt lat="39.270989" lon="-106.190906"><ele>3868.0</ele><time>2024-03-03T02:21:25Z</time></trkpt><trkpt lat="39.271087" lon="-106.191012"><ele>3866.0</ele><time>2024-03-03T02:21:30Z</time></trkpt><trkpt lat="39.27135" lon="-106.191375"><ele>3859.0</ele><time>2024-03-03T02:21:45Z</time></trkpt><trkpt lat="39.27171" lon="-106.191584"><ele>3852.0</ele><time>2024-03-03T02:22:01Z</time></trkpt><trkpt lat="39.271895" lon="-106.191726"><ele>3848.0</ele><time>2024-03-03T02:22:10Z</time></trkpt><trkpt lat="39.272088" lon="-106.191812"><ele>3847.0</ele><time>2024-03-03T02:22:18Z</time></trkpt><trkpt lat="39.272308" lon="-106.191884"><ele>3846.0</ele><time>2024-03-03T02:22:27Z</time></trkpt><trkpt lat="39.27236" lon="-106.191923"><ele>3845.0</ele><time>2024-03-03T02:22:29Z</time></trkpt><trkpt lat="39.27236" lon="-106.191923"><ele>3845.0</ele><time>2024-03-03T02:22:29Z</time></trkpt><trkpt lat="39.272383" lon="-106.191954"><ele>3844.0</ele><time>2024-03-03T02:22:31Z</time></trkpt><trkpt lat="39.27237" lon="-106.192033"><ele>3841.0</ele><time>2024-03-03T02:22:33Z</time></trkpt><trkpt lat="39.271854" lon="-106.19227"><ele>3833.0</ele><time>2024-03-03T02:22:55Z</time></trkpt><trkpt lat="39.27169" lon="-106.192396"><ele>3830.0</ele><time>2024-03-03T02:23:03Z</time></trkpt><trkpt lat="39.271515" lon="-106.192496"><ele>3826.0</ele><time>2024-03-03T02:23:10Z</time></trkpt><trkpt lat="39.271276" lon="-106.192592"><ele>3822.0</ele><time>2024-03-03T02:23:20Z</time></trkpt><trkpt lat="39.270959" lon="-106.192657"><ele>3816.0</ele><time>2024-03-03T02:23:33Z</time></trkpt><trkpt lat="39.270705" lon="-106.192649"><ele>3812.0</ele><time>2024-03-03T02:23:43Z</time></trkpt><trkpt lat="39.270325" lon="-106.192574"><ele>3808.0</ele><time>2024-03-03T02:23:59Z</time></trkpt><trkpt lat="39.270078" lon="-106.192501"><ele>3804.0</ele><time>2024-03-03T02:24:09Z</time></trkpt><trkpt lat="39.269715" lon="-106.192329"><ele>3798.0</ele><time>2024-03-03T02:24:25Z</time></trkpt><trkpt lat="39.26958" lon="-106.192228"><ele>3797.0</ele><time>2024-03-03T02:24:31Z</time></trkpt><trkpt lat="39.269455" lon="-106.192075"><ele>3797.0</ele><time>2024-03-03T02:24:38Z</time></trkpt><trkpt lat="39.269383" lon="-106.192107"><ele>3794.0</ele><time>2024-03-03T02:24:41Z</time></trkpt><trkpt lat="39.26938" lon="-106.192187"><ele>3792.0</ele><time>2024-03-03T02:24:43Z</time></trkpt><trkpt lat="39.26952" lon="-106.192473"><ele>3790.0</ele><time>2024-03-03T02:24:54Z</time></trkpt><trkpt lat="39.26968" lon="-106.19286"><ele>3782.0</ele><time>2024-03-03T02:25:07Z</time></trkpt><trkpt lat="39.269748" lon="-106.193137"><ele>3775.0</ele><time>2024-03-03T02:25:16Z</time></trkpt><trkpt lat="39.269875" lon="-106.193465"><ele>3768.0</ele><time>2024-03-03T02:25:28Z</time></trkpt><trkpt lat="39.269974" lon="-106.19361"><ele>3765.0</ele><time>2024-03-03T02:25:34Z</time></trkpt><trkpt lat="39.270102" lon="-106.19375"><ele>3763.0</ele><time>2024-03-03T02:25:40Z</time></trkpt><trkpt lat="39.270324" lon="-106.193921"><ele>3761.0</ele><time>2024-03-03T02:25:51Z</time></trkpt><trkpt lat="39.270717" lon="-106.194141"><ele>3756.0</ele><time>2024-03-03T02:26:08Z</time></trkpt><trkpt lat="39.270776" lon="-106.194192"><ele>3754.0</ele><time>2024-03-03T02:26:11Z</time></trkpt><trkpt lat="39.270794" lon="-106.194242"><ele>3753.0</ele><time>2024-03-03T02:26:13Z</time></trkpt><trkpt lat="39.270752" lon="-106.194286"><ele>3752.0</ele><time>2024-03-03T02:26:15Z</time></trkpt><trkpt lat="39.270752" lon="-106.194286"><ele>3752.0</ele><time>2024-03-03T02:26:15Z</time></trkpt><trkpt lat="39.270684" lon="-106.194356"><ele>3750.0</ele><time>2024-03-03T02:26:18Z</time></trkpt><trkpt lat="39.270017" lon="-106.194688"><ele>3740.0</ele><time>2024-03-03T02:26:47Z</time></trkpt><trkpt lat="39.269744" lon="-106.194844"><ele>3736.0</ele><time>2024-03-03T02:26:59Z</time></trkpt><trkpt lat="39.269599" lon="-106.194953"><ele>3732.0</ele><time>2024-03-03T02:27:06Z</time></trkpt><trkpt lat="39.269359" lon="-106.195332"><ele>3725.0</ele><time>2024-03-03T02:27:21Z</time></trkpt><trkpt lat="39.269256" lon="-106.195697"><ele>3720.0</ele><time>2024-03-03T02:27:33Z</time></trkpt><trkpt lat="39.269221" lon="-106.195943"><ele>3718.0</ele><time>2024-03-03T02:27:41Z</time></trkpt><trkpt lat="39.269126" lon="-106.196618"><ele>3708.0</ele><time>2024-03-03T02:28:02Z</time></trkpt><trkpt lat="39.269049" lon="-106.196929"><ele>3703.0</ele><time>2024-03-03T02:28:12Z</time></trkpt><trkpt lat="39.26897" lon="-106.197338"><ele>3696.0</ele><time>2024-03-03T02:28:25Z</time></trkpt><trkpt lat="39.268965" lon="-106.197804"><ele>3692.0</ele><time>2024-03-03T02:28:39Z</time></trkpt><trkpt lat="39.269018" lon="-106.198124"><ele>3687.0</ele><time>2024-03-03T02:28:50Z</time></trkpt><trkpt lat="39.269458" lon="-106.200029"><ele>3666.0</ele><time>2024-03-03T02:29:51Z</time></trkpt><trkpt lat="39.269446" lon="-106.200166"><ele>3665.0</ele><time>2024-03-03T02:29:56Z</time></trkpt><trkpt lat="39.269401" lon="-106.200351"><ele>3664.0</ele><time>2024-03-03T02:30:02Z</time></trkpt><trkpt lat="39.26934" lon="-106.200491"><ele>3661.0</ele><time>2024-03-03T02:30:07Z</time></trkpt><trkpt lat="39.269048" lon="-106.20086"><ele>3651.0</ele><time>2024-03-03T02:30:23Z</time></trkpt><trkpt lat="39.268952" lon="-106.201088"><ele>3646.0</ele><time>2024-03-03T02:30:31Z</time></trkpt><trkpt lat="39.26892" lon="-106.201326"><ele>3642.0</ele><time>2024-03-03T02:30:38Z</time></trkpt><trkpt lat="39.268968" lon="-106.20172"><ele>3639.0</ele><time>2024-03-03T02:30:51Z</time></trkpt><trkpt lat="39.268956" lon="-106.201873"><ele>3636.0</ele><time>2024-03-03T02:30:56Z</time></trkpt><trkpt lat="39.268923" lon="-106.202009"><ele>3633.0</ele><time>2024-03-03T02:31:00Z</time></trkpt><trkpt lat="39.268876" lon="-106.202113"><ele>3631.0</ele><time>2024-03-03T02:31:04Z</time></trkpt><trkpt lat="39.268832" lon="-106.202349"><ele>3628.0</ele><time>2024-03-03T02:31:11Z</time></trkpt><trkpt lat="39.268666" lon="-106.203997"><ele>3606.0</ele><time>2024-03-03T02:32:03Z</time></trkpt><trkpt lat="39.268595" lon="-106.204336"><ele>3599.0</ele><time>2024-03-03T02:32:14Z</time></trkpt><trkpt lat="39.268511" lon="-106.204529"><ele>3593.0</ele><time>2024-03-03T02:32:21Z</time></trkpt><trkpt lat="39.268485" lon="-106.204684"><ele>3592.0</ele><time>2024-03-03T02:32:26Z</time></trkpt><trkpt lat="39.268485" lon="-106.204684"><ele>3592.0</ele><time>2024-03-03T02:32:26Z</time></trkpt><trkpt lat="39.268477" lon="-106.205008"><ele>3591.0</ele><time>2024-03-03T02:32:36Z</time></trkpt><trkpt lat="39.268315" lon="-106.205559"><ele>3580.0</ele><time>2024-03-03T02:32:54Z</time></trkpt><trkpt lat="39.268273" lon="-106.205914"><ele>3575.0</ele><time>2024-03-03T02:33:05Z</time></trkpt><trkpt lat="39.268123" lon="-106.206302"><ele>3566.0</ele><time>2024-03-03T02:33:19Z</time></trkpt><trkpt lat="39.268071" lon="-106.206543"><ele>3561.0</ele><time>2024-03-03T02:33:26Z</time></trkpt><trkpt lat="39.268094" lon="-106.206886"><ele>3557.0</ele><time>2024-03-03T02:33:37Z</time></trkpt><trkpt lat="39.268059" lon="-106.2072"><ele>3554.0</ele><time>2024-03-03T02:33:47Z</time></trkpt><trkpt lat="39.267994" lon="-106.207542"><ele>3550.0</ele><time>2024-03-03T02:33:58Z</time></trkpt><trkpt lat="39.267606" lon="-106.208791"><ele>3539.0</ele><time>2024-03-03T02:34:39Z</time></trkpt><trkpt lat="39.267214" lon="-106.209853"><ele>3529.0</ele><time>2024-03-03T02:35:16Z</time></trkpt><trkpt lat="39.267135" lon="-106.210266"><ele>3527.0</ele><time>2024-03-03T02:35:29Z</time></trkpt><trkpt lat="39.267103" lon="-106.210644"><ele>3524.0</ele><time>2024-03-03T02:35:41Z</time></trkpt><trkpt lat="39.267057" lon="-106.210894"><ele>3523.0</ele><time>2024-03-03T02:35:49Z</time></trkpt><trkpt lat="39.267003" lon="-106.211049"><ele>3523.0</ele><time>2024-03-03T02:35:54Z</time></trkpt><trkpt lat="39.266918" lon="-106.211183"><ele>3522.0</ele><time>2024-03-03T02:36:00Z</time></trkpt><trkpt lat="39.266736" lon="-106.211726"><ele>3522.0</ele><time>2024-03-03T02:36:18Z</time></trkpt><trkpt lat="39.266518" lon="-106.212086"><ele>3520.0</ele><time>2024-03-03T02:36:32Z</time></trkpt><trkpt lat="39.266457" lon="-106.212263"><ele>3519.0</ele><time>2024-03-03T02:36:38Z</time></trkpt><trkpt lat="39.266367" lon="-106.212644"><ele>3518.0</ele><time>2024-03-03T02:36:51Z</time></trkpt><trkpt lat="39.266288" lon="-106.212794"><ele>3517.0</ele><time>2024-03-03T02:36:56Z</time></trkpt><trkpt lat="39.266268" lon="-106.212938"><ele>3517.0</ele><time>2024-03-03T02:37:01Z</time></trkpt><trkpt lat="39.266284" lon="-106.213193"><ele>3515.0</ele><time>2024-03-03T02:37:09Z</time></trkpt><trkpt lat="39.266108" lon="-106.213971"><ele>3509.0</ele><time>2024-03-03T02:37:34Z</time></trkpt><trkpt lat="39.266041" lon="-106.214169"><ele>3508.0</ele><time>2024-03-03T02:37:40Z</time></trkpt><trkpt lat="39.265927" lon="-106.214371"><ele>3505.0</ele><time>2024-03-03T02:37:48Z</time></trkpt><trkpt lat="39.265632" lon="-106.21478"><ele>3499.0</ele><time>2024-03-03T02:38:06Z</time></trkpt><trkpt lat="39.265475" lon="-106.215173"><ele>3497.0</ele><time>2024-03-03T02:38:19Z</time></trkpt><trkpt lat="39.26544" lon="-106.215309"><ele>3496.0</ele><time>2024-03-03T02:38:24Z</time></trkpt><trkpt lat="39.265398" lon="-106.215381"><ele>3496.0</ele><time>2024-03-03T02:38:27Z</time></trkpt><trkpt lat="39.265398" lon="-106.215381"><ele>3496.0</ele><time>2024-03-03T02:38:27Z</time></trkpt><trkpt lat="39.264986" lon="-106.216084"><ele>3487.0</ele><time>2024-03-03T02:38:54Z</time></trkpt><trkpt lat="39.2645" lon="-106.217224"><ele>3486.0</ele><time>2024-03-03T02:39:34Z</time></trkpt><trkpt lat="39.26419" lon="-106.217537"><ele>3480.0</ele><time>2024-03-03T02:39:50Z</time></trkpt><trkpt lat="39.264133" lon="-106.21768"><ele>3479.0</ele><time>2024-03-03T02:39:55Z</time></trkpt><trkpt lat="39.264029" lon="-106.217822"><ele>3477.0</ele><time>2024-03-03T02:40:01Z</time></trkpt><trkpt lat="39.263841" lon="-106.218026"><ele>3475.0</ele><time>2024-03-03T02:40:11Z</time></trkpt><trkpt lat="39.263673" lon="-106.218082"><ele>3473.0</ele><time>2024-03-03T02:40:18Z</time></trkpt><trkpt lat="39.263467" lon="-106.218191"><ele>3470.0</ele><time>2024-03-03T02:40:27Z</time></trkpt><trkpt lat="39.263305" lon="-106.218339"><ele>3469.0</ele><time>2024-03-03T02:40:35Z</time></trkpt><trkpt lat="39.26317" lon="-106.21851"><ele>3468.0</ele><time>2024-03-03T02:40:42Z</time></trkpt><trkpt lat="39.263008" lon="-106.218662"><ele>3466.0</ele><time>2024-03-03T02:40:50Z</time></trkpt><trkpt lat="39.262405" lon="-106.218973"><ele>3459.0</ele><time>2024-03-03T02:41:16Z</time></trkpt><trkpt lat="39.26202" lon="-106.219272"><ele>3455.0</ele><time>2024-03-03T02:41:34Z</time></trkpt><trkpt lat="39.261879" lon="-106.219432"><ele>3452.0</ele><time>2024-03-03T02:41:42Z</time></trkpt><trkpt lat="39.261632" lon="-106.219597"><ele>3449.0</ele><time>2024-03-03T02:41:53Z</time></trkpt><trkpt lat="39.261545" lon="-106.219625"><ele>3448.0</ele><time>2024-03-03T02:41:57Z</time></trkpt><trkpt lat="39.261456" lon="-106.219606"><ele>3447.0</ele><time>2024-03-03T02:42:00Z</time></trkpt><trkpt lat="39.261256" lon="-106.219702"><ele>3445.0</ele><time>2024-03-03T02:42:09Z</time></trkpt><trkpt lat="39.260815" lon="-106.219859"><ele>3440.0</ele><time>2024-03-03T02:42:27Z</time></trkpt><trkpt lat="39.260686" lon="-106.219859"><ele>3439.0</ele><time>2024-03-03T02:42:32Z</time></trkpt><trkpt lat="39.260572" lon="-106.219801"><ele>3438.0</ele><time>2024-03-03T02:42:37Z</time></trkpt><trkpt lat="39.260572" lon="-106.219801"><ele>3438.0</ele><time>2024-03-03T02:42:37Z</time></trkpt><trkpt lat="39.260562" lon="-106.219796"><ele>3438.0</ele><time>2024-03-03T02:42:38Z</time></trkpt><trkpt lat="39.260793" lon="-106.219352"><ele>3437.0</ele><time>2024-03-03T02:42:54Z</time></trkpt><trkpt lat="39.260817" lon="-106.219172"><ele>3435.0</ele><time>2024-03-03T02:43:00Z</time></trkpt><trkpt lat="39.260792" lon="-106.218964"><ele>3433.0</ele><time>2024-03-03T02:43:06Z</time></trkpt><trkpt lat="39.260702" lon="-106.218875"><ele>3431.0</ele><time>2024-03-03T02:43:11Z</time></trkpt><trkpt lat="39.259954" lon="-106.218589"><ele>3421.0</ele><time>2024-03-03T02:43:42Z</time></trkpt><trkpt lat="39.259753" lon="-106.218553"><ele>3420.0</ele><time>2024-03-03T02:43:50Z</time></trkpt><trkpt lat="39.259522" lon="-106.21856"><ele>3418.0</ele><time>2024-03-03T02:44:00Z</time></trkpt><trkpt lat="39.259055" lon="-106.218759"><ele>3417.0</ele><time>2024-03-03T02:44:19Z</time></trkpt><trkpt lat="39.25868" lon="-106.218777"><ele>3418.0</ele><time>2024-03-03T02:44:34Z</time></trkpt><trkpt lat="39.258587" lon="-106.218814"><ele>3418.0</ele><time>2024-03-03T02:44:38Z</time></trkpt><trkpt lat="39.258512" lon="-106.218878"><ele>3419.0</ele><time>2024-03-03T02:44:42Z</time></trkpt><trkpt lat="39.258426" lon="-106.219025"><ele>3420.0</ele><time>2024-03-03T02:44:48Z</time></trkpt><trkpt lat="39.258305" lon="-106.219314"><ele>3420.0</ele><time>2024-03-03T02:44:58Z</time></trkpt><trkpt lat="39.25806" lon="-106.220088"><ele>3417.0</ele><time>2024-03-03T02:45:24Z</time></trkpt><trkpt lat="39.25793" lon="-106.22034"><ele>3417.0</ele><time>2024-03-03T02:45:33Z</time></trkpt><trkpt lat="39.25745" lon="-106.220932"><ele>3416.0</ele><time>2024-03-03T02:46:00Z</time></trkpt><trkpt lat="39.257279" lon="-106.221116"><ele>3415.0</ele><time>2024-03-03T02:46:09Z</time></trkpt><trkpt lat="39.25719" lon="-106.221305"><ele>3413.0</ele><time>2024-03-03T02:46:16Z</time></trkpt><trkpt lat="39.256967" lon="-106.22275"><ele>3401.0</ele><time>2024-03-03T02:47:01Z</time></trkpt><trkpt lat="39.256741" lon="-106.223904"><ele>3397.0</ele><time>2024-03-03T02:47:38Z</time></trkpt><trkpt lat="39.256543" lon="-106.224756"><ele>3391.0</ele><time>2024-03-03T02:48:06Z</time></trkpt><trkpt lat="39.256499" lon="-106.225106"><ele>3390.0</ele><time>2024-03-03T02:48:17Z</time></trkpt><trkpt lat="39.256487" lon="-106.225741"><ele>3388.0</ele><time>2024-03-03T02:48:37Z</time></trkpt><trkpt lat="39.256408" lon="-106.226179"><ele>3383.0</ele><time>2024-03-03T02:48:50Z</time></trkpt><trkpt lat="39.256263" lon="-106.226756"><ele>3379.0</ele><time>2024-03-03T02:49:09Z</time></trkpt><trkpt lat="39.256245" lon="-106.226821"><ele>3379.0</ele><time>2024-03-03T02:49:11Z</time></trkpt><trkpt lat="39.256245" lon="-106.226821"><ele>3379.0</ele><time>2024-03-03T02:49:11Z</time></trkpt><trkpt lat="39.256217" lon="-106.22692"><ele>3378.0</ele><time>2024-03-03T02:49:15Z</time></trkpt><trkpt lat="39.256183" lon="-106.227176"><ele>3378.0</ele><time>2024-03-03T02:49:23Z</time></trkpt><trkpt lat="39.256188" lon="-106.227483"><ele>3377.0</ele><time>2024-03-03T02:49:32Z</time></trkpt><trkpt lat="39.256202" lon="-106.227614"><ele>3376.0</ele><time>2024-03-03T02:49:36Z</time></trkpt><trkpt lat="39.256241" lon="-106.227744"><ele>3376.0</ele><time>2024-03-03T02:49:41Z</time></trkpt><trkpt lat="39.256301" lon="-106.227833"><ele>3375.0</ele><time>2024-03-03T02:49:44Z</time></trkpt><trkpt lat="39.256228" lon="-106.228039"><ele>3373.0</ele><time>2024-03-03T02:49:51Z</time></trkpt><trkpt lat="39.256125" lon="-106.228249"><ele>3372.0</ele><time>2024-03-03T02:49:59Z</time></trkpt><trkpt lat="39.255995" lon="-106.22824"><ele>3373.0</ele><time>2024-03-03T02:50:04Z</time></trkpt><trkpt lat="39.255786" lon="-106.228291"><ele>3374.0</ele><time>2024-03-03T02:50:13Z</time></trkpt><trkpt lat="39.255558" lon="-106.228387"><ele>3375.0</ele><time>2024-03-03T02:50:22Z</time></trkpt><trkpt lat="39.255394" lon="-106.228534"><ele>3376.0</ele><time>2024-03-03T02:50:30Z</time></trkpt><trkpt lat="39.255251" lon="-106.228739"><ele>3377.0</ele><time>2024-03-03T02:50:39Z</time></trkpt><trkpt lat="39.255183" lon="-106.228866"><ele>3377.0</ele><time>2024-03-03T02:50:44Z</time></trkpt><trkpt lat="39.255133" lon="-106.229012"><ele>3377.0</ele><time>2024-03-03T02:50:49Z</time></trkpt><trkpt lat="39.255079" lon="-106.229328"><ele>3377.0</ele><time>2024-03-03T02:50:59Z</time></trkpt><trkpt lat="39.255006" lon="-106.230042"><ele>3381.0</ele><time>2024-03-03T02:51:21Z</time></trkpt><trkpt lat="39.255016" lon="-106.230436"><ele>3384.0</ele><time>2024-03-03T02:51:33Z</time></trkpt><trkpt lat="39.255235" lon="-106.231838"><ele>3388.0</ele><time>2024-03-03T02:52:18Z</time></trkpt><trkpt lat="39.255225" lon="-106.232074"><ele>3388.0</ele><time>2024-03-03T02:52:25Z</time></trkpt><trkpt lat="39.255199" lon="-106.232229"><ele>3388.0</ele><time>2024-03-03T02:52:30Z</time></trkpt><trkpt lat="39.25513" lon="-106.232453"><ele>3391.0</ele><time>2024-03-03T02:52:38Z</time></trkpt><trkpt lat="39.255059" lon="-106.232584"><ele>3392.0</ele><time>2024-03-03T02:52:42Z</time></trkpt><trkpt lat="39.25497" lon="-106.232694"><ele>3393.0</ele><time>2024-03-03T02:52:47Z</time></trkpt><trkpt lat="39.254779" lon="-106.232853"><ele>3393.0</ele><time>2024-03-03T02:52:57Z</time></trkpt><trkpt lat="39.25463" lon="-106.232924"><ele>3392.0</ele><time>2024-03-03T02:53:03Z</time></trkpt><trkpt lat="39.254517" lon="-106.232952"><ele>3391.0</ele><time>2024-03-03T02:53:08Z</time></trkpt><trkpt lat="39.254322" lon="-106.232957"><ele>3392.0</ele><time>2024-03-03T02:53:15Z</time></trkpt><trkpt lat="39.25418" lon="-106.23293"><ele>3392.0</ele><time>2024-03-03T02:53:21Z</time></trkpt><trkpt lat="39.253972" lon="-106.23282"><ele>3394.0</ele><time>2024-03-03T02:53:30Z</time></trkpt><trkpt lat="39.253846" lon="-106.232703"><ele>3395.0</ele><time>2024-03-03T02:53:36Z</time></trkpt><trkpt lat="39.253335" lon="-106.232107"><ele>3398.0</ele><time>2024-03-03T02:54:04Z</time></trkpt><trkpt lat="39.252901" lon="-106.231869"><ele>3398.0</ele><time>2024-03-03T02:54:23Z</time></trkpt><trkpt lat="39.252681" lon="-106.231814"><ele>3398.0</ele><time>2024-03-03T02:54:32Z</time></trkpt><trkpt lat="39.252397" lon="-106.231806"><ele>3398.0</ele><time>2024-03-03T02:54:43Z</time></trkpt><trkpt lat="39.252273" lon="-106.231845"><ele>3398.0</ele><time>2024-03-03T02:54:48Z</time></trkpt><trkpt lat="39.252273" lon="-106.231845"><ele>3398.0</ele><time>2024-03-03T02:54:48Z</time></trkpt><trkpt lat="39.252232" lon="-106.231858"><ele>3398.0</ele><time>2024-03-03T02:54:50Z</time></trkpt><trkpt lat="39.252424" lon="-106.23222"><ele>3395.0</ele><time>2024-03-03T02:55:04Z</time></trkpt><trkpt lat="39.252464" lon="-106.232403"><ele>3393.0</ele><time>2024-03-03T02:55:09Z</time></trkpt><trkpt lat="39.252457" lon="-106.233096"><ele>3398.0</ele><time>2024-03-03T02:55:31Z</time></trkpt><trkpt lat="39.252491" lon="-106.233224"><ele>3400.0</ele><time>2024-03-03T02:55:35Z</time></trkpt><trkpt lat="39.252973" lon="-106.233951"><ele>3394.0</ele><time>2024-03-03T02:56:05Z</time></trkpt><trkpt lat="39.253096" lon="-106.234114"><ele>3394.0</ele><time>2024-03-03T02:56:12Z</time></trkpt><trkpt lat="39.253015" lon="-106.234199"><ele>3394.0</ele><time>2024-03-03T02:56:16Z</time></trkpt><trkpt lat="39.252358" lon="-106.233982"><ele>3399.0</ele><time>2024-03-03T02:56:43Z</time></trkpt><trkpt lat="39.252124" lon="-106.233817"><ele>3403.0</ele><time>2024-03-03T02:56:54Z</time></trkpt><trkpt lat="39.251954" lon="-106.233658"><ele>3407.0</ele><time>2024-03-03T02:57:02Z</time></trkpt><trkpt lat="39.251906" lon="-106.233638"><ele>3408.0</ele><time>2024-03-03T02:57:04Z</time></trkpt><trkpt lat="39.251906" lon="-106.233638"><ele>3408.0</ele><time>2024-03-03T02:57:04Z</time></trkpt><trkpt lat="39.251875" lon="-106.233624"><ele>3408.0</ele><time>2024-03-03T02:57:06Z</time></trkpt><trkpt lat="39.251821" lon="-106.234937"><ele>3410.0</ele><time>2024-03-03T02:57:47Z</time></trkpt><trkpt lat="39.251917" lon="-106.236141"><ele>3412.0</ele><time>2024-03-03T02:58:24Z</time></trkpt><trkpt lat="39.251929" lon="-106.236505"><ele>3417.0</ele><time>2024-03-03T02:58:35Z</time></trkpt><trkpt lat="39.251905" lon="-106.236829"><ele>3421.0</ele><time>2024-03-03T02:58:46Z</time></trkpt><trkpt lat="39.251803" lon="-106.237618"><ele>3420.0</ele><time>2024-03-03T02:59:10Z</time></trkpt><trkpt lat="39.251751" lon="-106.238244"><ele>3421.0</ele><time>2024-03-03T02:59:30Z</time></trkpt><trkpt lat="39.251755" lon="-106.238502"><ele>3422.0</ele><time>2024-03-03T02:59:38Z</time></trkpt><trkpt lat="39.251805" lon="-106.238894"><ele>3423.0</ele><time>2024-03-03T02:59:50Z</time></trkpt><trkpt lat="39.251815" lon="-106.239362"><ele>3422.0</ele><time>2024-03-03T03:00:05Z</time></trkpt><trkpt lat="39.251781" lon="-106.239688"><ele>3421.0</ele><time>2024-03-03T03:00:15Z</time></trkpt><trkpt lat="39.251601" lon="-106.240508"><ele>3425.0</ele><time>2024-03-03T03:00:41Z</time></trkpt><trkpt lat="39.251499" lon="-106.241097"><ele>3428.0</ele><time>2024-03-03T03:01:00Z</time></trkpt><trkpt lat="39.251424" lon="-106.241688"><ele>3428.0</ele><time>2024-03-03T03:01:19Z</time></trkpt><trkpt lat="39.251426" lon="-106.242192"><ele>3430.0</ele><time>2024-03-03T03:01:34Z</time></trkpt><trkpt lat="39.251426" lon="-106.242192"><ele>3430.0</ele><time>2024-03-03T03:01:34Z</time></trkpt><trkpt lat="39.251426" lon="-106.242222"><ele>3430.0</ele><time>2024-03-03T03:01:35Z</time></trkpt><trkpt lat="39.251476" lon="-106.242424"><ele>3428.0</ele><time>2024-03-03T03:01:42Z</time></trkpt><trkpt lat="39.251505" lon="-106.242639"><ele>3425.0</ele><time>2024-03-03T03:01:49Z</time></trkpt><trkpt lat="39.251504" lon="-106.243163"><ele>3422.0</ele><time>2024-03-03T03:02:05Z</time></trkpt><trkpt lat="39.251453" lon="-106.243763"><ele>3419.0</ele><time>2024-03-03T03:02:24Z</time></trkpt><trkpt lat="39.251326" lon="-106.244685"><ele>3411.0</ele><time>2024-03-03T03:02:53Z</time></trkpt><trkpt lat="39.251257" lon="-106.244975"><ele>3407.0</ele><time>2024-03-03T03:03:02Z</time></trkpt><trkpt lat="39.251078" lon="-106.245469"><ele>3406.0</ele><time>2024-03-03T03:03:19Z</time></trkpt><trkpt lat="39.2507" lon="-106.246308"><ele>3400.0</ele><time>2024-03-03T03:03:49Z</time></trkpt><trkpt lat="39.250549" lon="-106.246602"><ele>3399.0</ele><time>2024-03-03T03:04:00Z</time></trkpt><trkpt lat="39.25039" lon="-106.247072"><ele>3395.0</ele><time>2024-03-03T03:04:16Z</time></trkpt><trkpt lat="39.250322" lon="-106.247383"><ele>3391.0</ele><time>2024-03-03T03:04:26Z</time></trkpt><trkpt lat="39.250277" lon="-106.24788"><ele>3386.0</ele><time>2024-03-03T03:04:42Z</time></trkpt><trkpt lat="39.250235" lon="-106.24868"><ele>3380.0</ele><time>2024-03-03T03:05:06Z</time></trkpt><trkpt lat="39.250246" lon="-106.249239"><ele>3374.0</ele><time>2024-03-03T03:05:24Z</time></trkpt><trkpt lat="39.250234" lon="-106.249612"><ele>3369.0</ele><time>2024-03-03T03:05:35Z</time></trkpt><trkpt lat="39.250168" lon="-106.249911"><ele>3364.0</ele><time>2024-03-03T03:05:45Z</time></trkpt><trkpt lat="39.249802" lon="-106.250959"><ele>3355.0</ele><time>2024-03-03T03:06:21Z</time></trkpt><trkpt lat="39.249802" lon="-106.250959"><ele>3355.0</ele><time>2024-03-03T03:06:21Z</time></trkpt><trkpt lat="39.249481" lon="-106.251734"><ele>3350.0</ele><time>2024-03-03T03:06:48Z</time></trkpt><trkpt lat="39.24936" lon="-106.25215"><ele>3348.0</ele><time>2024-03-03T03:07:02Z</time></trkpt><trkpt lat="39.249288" lon="-106.25258"><ele>3345.0</ele><time>2024-03-03T03:07:15Z</time></trkpt><trkpt lat="39.249206" lon="-106.253232"><ele>3340.0</ele><time>2024-03-03T03:07:36Z</time></trkpt><trkpt lat="39.249116" lon="-106.254081"><ele>3335.0</ele><time>2024-03-03T03:08:03Z</time></trkpt><trkpt lat="39.249085" lon="-106.254523"><ele>3333.0</ele><time>2024-03-03T03:08:16Z</time></trkpt><trkpt lat="39.249017" lon="-106.254819"><ele>3331.0</ele><time>2024-03-03T03:08:26Z</time></trkpt><trkpt lat="39.24895" lon="-106.255035"><ele>3329.0</ele><time>2024-03-03T03:08:33Z</time></trkpt><trkpt lat="39.248844" lon="-106.255244"><ele>3327.0</ele><time>2024-03-03T03:08:41Z</time></trkpt><trkpt lat="39.248281" lon="-106.256005"><ele>3318.0</ele><time>2024-03-03T03:09:14Z</time></trkpt><trkpt lat="39.248141" lon="-106.256257"><ele>3317.0</ele><time>2024-03-03T03:09:23Z</time></trkpt><trkpt lat="39.247998" lon="-106.256561"><ele>3316.0</ele><time>2024-03-03T03:09:34Z</time></trkpt><trkpt lat="39.24788" lon="-106.256878"><ele>3314.0</ele><time>2024-03-03T03:09:45Z</time></trkpt><trkpt lat="39.247743" lon="-106.257364"><ele>3311.0</ele><time>2024-03-03T03:10:01Z</time></trkpt><trkpt lat="39.247553" lon="-106.258168"><ele>3306.0</ele><time>2024-03-03T03:10:27Z</time></trkpt><trkpt lat="39.247457" lon="-106.258438"><ele>3304.0</ele><time>2024-03-03T03:10:36Z</time></trkpt><trkpt lat="39.247377" lon="-106.25861"><ele>3303.0</ele><time>2024-03-03T03:10:43Z</time></trkpt><trkpt lat="39.246731" lon="-106.258285"><ele>3303.0</ele><time>2024-03-03T03:11:10Z</time></trkpt><trkpt lat="39.24593" lon="-106.257976"><ele>3306.0</ele><time>2024-03-03T03:11:44Z</time></trkpt><trkpt lat="39.245152" lon="-106.257736"><ele>3314.0</ele><time>2024-03-03T03:12:16Z</time></trkpt><trkpt lat="39.244693" lon="-106.257691"><ele>3318.0</ele><time>2024-03-03T03:12:34Z</time></trkpt><trkpt lat="39.243344" lon="-106.257686"><ele>3329.0</ele><time>2024-03-03T03:13:29Z</time></trkpt><trkpt lat="39.242758" lon="-106.257798"><ele>3331.0</ele><time>2024-03-03T03:13:52Z</time></trkpt><trkpt lat="39.242758" lon="-106.257798"><ele>3331.0</ele><time>2024-03-03T03:13:52Z</time></trkpt><trkpt lat="39.242736" lon="-106.257802"><ele>3331.0</ele><time>2024-03-03T03:13:53Z</time></trkpt><trkpt lat="39.242799" lon="-106.257559"><ele>3332.0</ele><time>2024-03-03T03:14:01Z</time></trkpt><trkpt lat="39.242782" lon="-106.257406"><ele>3332.0</ele><time>2024-03-03T03:14:06Z</time></trkpt><trkpt lat="39.242582" lon="-106.25701"><ele>3333.0</ele><time>2024-03-03T03:14:21Z</time></trkpt><trkpt lat="39.242429" lon="-106.25657"><ele>3334.0</ele><time>2024-03-03T03:14:36Z</time></trkpt><trkpt lat="39.242433" lon="-106.256476"><ele>3335.0</ele><time>2024-03-03T03:14:39Z</time></trkpt><trkpt lat="39.242548" lon="-106.256014"><ele>3338.0</ele><time>2024-03-03T03:14:54Z</time></trkpt><trkpt lat="39.242514" lon="-106.254948"><ele>3345.0</ele><time>2024-03-03T03:15:27Z</time></trkpt><trkpt lat="39.242484" lon="-106.254337"><ele>3351.0</ele><time>2024-03-03T03:15:46Z</time></trkpt><trkpt lat="39.242493" lon="-106.253655"><ele>3356.0</ele><time>2024-03-03T03:16:07Z</time></trkpt><trkpt lat="39.242344" lon="-106.252494"><ele>3367.0</ele><time>2024-03-03T03:16:43Z</time></trkpt><trkpt lat="39.242276" lon="-106.252368"><ele>3369.0</ele><time>2024-03-03T03:16:48Z</time></trkpt><trkpt lat="39.242105" lon="-106.252219"><ele>3371.0</ele><time>2024-03-03T03:16:56Z</time></trkpt><trkpt lat="39.24202" lon="-106.252071"><ele>3374.0</ele><time>2024-03-03T03:17:02Z</time></trkpt><trkpt lat="39.241973" lon="-106.251796"><ele>3377.0</ele><time>2024-03-03T03:17:11Z</time></trkpt><trkpt lat="39.24179" lon="-106.251659"><ele>3378.0</ele><time>2024-03-03T03:17:19Z</time></trkpt><trkpt lat="39.241611" lon="-106.251114"><ele>3385.0</ele><time>2024-03-03T03:17:38Z</time></trkpt><trkpt lat="39.241453" lon="-106.250834"><ele>3387.0</ele><time>2024-03-03T03:17:48Z</time></trkpt><trkpt lat="39.241402" lon="-106.250713"><ele>3388.0</ele><time>2024-03-03T03:17:53Z</time></trkpt><trkpt lat="39.241353" lon="-106.250425"><ele>3390.0</ele><time>2024-03-03T03:18:02Z</time></trkpt><trkpt lat="39.241353" lon="-106.250425"><ele>3390.0</ele><time>2024-03-03T03:18:02Z</time></trkpt><trkpt lat="39.241334" lon="-106.250317"><ele>3391.0</ele><time>2024-03-03T03:18:05Z</time></trkpt><trkpt lat="39.241108" lon="-106.249772"><ele>3396.0</ele><time>2024-03-03T03:18:25Z</time></trkpt><trkpt lat="39.240993" lon="-106.248771"><ele>3404.0</ele><time>2024-03-03T03:18:56Z</time></trkpt><trkpt lat="39.24093" lon="-106.248507"><ele>3407.0</ele><time>2024-03-03T03:19:05Z</time></trkpt><trkpt lat="39.24055" lon="-106.247688"><ele>3418.0</ele><time>2024-03-03T03:19:34Z</time></trkpt><trkpt lat="39.240448" lon="-106.247501"><ele>3422.0</ele><time>2024-03-03T03:19:41Z</time></trkpt><trkpt lat="39.240414" lon="-106.247171"><ele>3426.0</ele><time>2024-03-03T03:19:52Z</time></trkpt><trkpt lat="39.24021" lon="-106.246918"><ele>3429.0</ele><time>2024-03-03T03:20:03Z</time></trkpt><trkpt lat="39.240218" lon="-106.246637"><ele>3433.0</ele><time>2024-03-03T03:20:12Z</time></trkpt><trkpt lat="39.240252" lon="-106.246412"><ele>3437.0</ele><time>2024-03-03T03:20:19Z</time></trkpt><trkpt lat="39.240252" lon="-106.245812"><ele>3446.0</ele><time>2024-03-03T03:20:37Z</time></trkpt><trkpt lat="39.240325" lon="-106.245318"><ele>3452.0</ele><time>2024-03-03T03:20:53Z</time></trkpt><trkpt lat="39.240286" lon="-106.244196"><ele>3463.0</ele><time>2024-03-03T03:21:28Z</time></trkpt><trkpt lat="39.240291" lon="-106.243915"><ele>3465.0</ele><time>2024-03-03T03:21:37Z</time></trkpt><trkpt lat="39.240435" lon="-106.243569"><ele>3470.0</ele><time>2024-03-03T03:21:49Z</time></trkpt><trkpt lat="39.240414" lon="-106.243195"><ele>3474.0</ele><time>2024-03-03T03:22:00Z</time></trkpt><trkpt lat="39.240401" lon="-106.240901"><ele>3501.0</ele><time>2024-03-03T03:23:12Z</time></trkpt><trkpt lat="39.240355" lon="-106.240797"><ele>3503.0</ele><time>2024-03-03T03:23:15Z</time></trkpt><trkpt lat="39.23995" lon="-106.240153"><ele>3512.0</ele><time>2024-03-03T03:23:41Z</time></trkpt><trkpt lat="39.239439" lon="-106.239481"><ele>3523.0</ele><time>2024-03-03T03:24:10Z</time></trkpt><trkpt lat="39.239439" lon="-106.239481"><ele>3523.0</ele><time>2024-03-03T03:24:10Z</time></trkpt><trkpt lat="39.23935" lon="-106.239363"><ele>3526.0</ele><time>2024-03-03T03:24:15Z</time></trkpt><trkpt lat="39.239194" lon="-106.239267"><ele>3528.0</ele><time>2024-03-03T03:24:22Z</time></trkpt><trkpt lat="39.238855" lon="-106.239134"><ele>3530.0</ele><time>2024-03-03T03:24:37Z</time></trkpt><trkpt lat="39.238667" lon="-106.238931"><ele>3534.0</ele><time>2024-03-03T03:24:46Z</time></trkpt><trkpt lat="39.238513" lon="-106.238844"><ele>3536.0</ele><time>2024-03-03T03:24:53Z</time></trkpt><trkpt lat="39.238357" lon="-106.238704"><ele>3538.0</ele><time>2024-03-03T03:25:01Z</time></trkpt><trkpt lat="39.238105" lon="-106.238548"><ele>3540.0</ele><time>2024-03-03T03:25:12Z</time></trkpt><trkpt lat="39.238117" lon="-106.238467"><ele>3542.0</ele><time>2024-03-03T03:25:14Z</time></trkpt><trkpt lat="39.238267" lon="-106.238399"><ele>3545.0</ele><time>2024-03-03T03:25:21Z</time></trkpt><trkpt lat="39.238472" lon="-106.238343"><ele>3547.0</ele><time>2024-03-03T03:25:29Z</time></trkpt><trkpt lat="39.239289" lon="-106.237904"><ele>3555.0</ele><time>2024-03-03T03:26:05Z</time></trkpt><trkpt lat="39.239564" lon="-106.237723"><ele>3559.0</ele><time>2024-03-03T03:26:17Z</time></trkpt><trkpt lat="39.239706" lon="-106.23745"><ele>3562.0</ele><time>2024-03-03T03:26:27Z</time></trkpt><trkpt lat="39.239679" lon="-106.237266"><ele>3564.0</ele><time>2024-03-03T03:26:33Z</time></trkpt><trkpt lat="39.239608" lon="-106.237076"><ele>3565.0</ele><time>2024-03-03T03:26:40Z</time></trkpt><trkpt lat="39.239579" lon="-106.236903"><ele>3567.0</ele><time>2024-03-03T03:26:45Z</time></trkpt><trkpt lat="39.239579" lon="-106.23678"><ele>3567.0</ele><time>2024-03-03T03:26:49Z</time></trkpt><trkpt lat="39.239617" lon="-106.236772"><ele>3567.0</ele><time>2024-03-03T03:26:50Z</time></trkpt><trkpt lat="39.239617" lon="-106.236772"><ele>3567.0</ele><time>2024-03-03T03:26:50Z</time></trkpt><trkpt lat="39.239579" lon="-106.23678"><ele>3567.0</ele><time>2024-03-03T03:26:52Z</time></trkpt><trkpt lat="39.239222" lon="-106.236662"><ele>3567.0</ele><time>2024-03-03T03:27:07Z</time></trkpt><trkpt lat="39.238874" lon="-106.236705"><ele>3567.0</ele><time>2024-03-03T03:27:21Z</time></trkpt><trkpt lat="39.238552" lon="-106.236985"><ele>3565.0</ele><time>2024-03-03T03:27:36Z</time></trkpt><trkpt lat="39.238375" lon="-106.237064"><ele>3564.0</ele><time>2024-03-03T03:27:44Z</time></trkpt><trkpt lat="39.237703" lon="-106.236968"><ele>3559.0</ele><time>2024-03-03T03:28:11Z</time></trkpt><trkpt lat="39.237544" lon="-106.236892"><ele>3557.0</ele><time>2024-03-03T03:28:18Z</time></trkpt><trkpt lat="39.237463" lon="-106.23676"><ele>3556.0</ele><time>2024-03-03T03:28:23Z</time></trkpt><trkpt lat="39.237447" lon="-106.236317"><ele>3552.0</ele><time>2024-03-03T03:28:37Z</time></trkpt><trkpt lat="39.237414" lon="-106.236001"><ele>3551.0</ele><time>2024-03-03T03:28:47Z</time></trkpt><trkpt lat="39.237312" lon="-106.235641"><ele>3548.0</ele><time>2024-03-03T03:28:59Z</time></trkpt><trkpt lat="39.237187" lon="-106.234818"><ele>3542.0</ele><time>2024-03-03T03:29:25Z</time></trkpt><trkpt lat="39.23698" lon="-106.234542"><ele>3537.0</ele><time>2024-03-03T03:29:37Z</time></trkpt><trkpt lat="39.236955" lon="-106.234535"><ele>3536.0</ele><time>2024-03-03T03:29:38Z</time></trkpt><trkpt lat="39.236955" lon="-106.234535"><ele>3536.0</ele><time>2024-03-03T03:29:38Z</time></trkpt><trkpt lat="39.236707" lon="-106.234458"><ele>3532.0</ele><time>2024-03-03T03:29:48Z</time></trkpt><trkpt lat="39.236573" lon="-106.23446"><ele>3529.0</ele><time>2024-03-03T03:29:53Z</time></trkpt><trkpt lat="39.236386" lon="-106.234508"><ele>3523.0</ele><time>2024-03-03T03:30:01Z</time></trkpt><trkpt lat="39.235485" lon="-106.234541"><ele>3502.0</ele><time>2024-03-03T03:30:37Z</time></trkpt><trkpt lat="39.234798" lon="-106.234347"><ele>3490.0</ele><time>2024-03-03T03:31:05Z</time></trkpt><trkpt lat="39.234421" lon="-106.234357"><ele>3480.0</ele><time>2024-03-03T03:31:20Z</time></trkpt><trkpt lat="39.233631" lon="-106.234139"><ele>3468.0</ele><time>2024-03-03T03:31:53Z</time></trkpt><trkpt lat="39.233475" lon="-106.234047"><ele>3466.0</ele><time>2024-03-03T03:31:59Z</time></trkpt><trkpt lat="39.23336" lon="-106.233953"><ele>3464.0</ele><time>2024-03-03T03:32:05Z</time></trkpt><trkpt lat="39.23311" lon="-106.233668"><ele>3459.0</ele><time>2024-03-03T03:32:18Z</time></trkpt><trkpt lat="39.232692" lon="-106.23347"><ele>3451.0</ele><time>2024-03-03T03:32:36Z</time></trkpt><trkpt lat="39.232326" lon="-106.233228"><ele>3448.0</ele><time>2024-03-03T03:32:53Z</time></trkpt><trkpt lat="39.232326" lon="-106.233228"><ele>3448.0</ele><time>2024-03-03T03:32:53Z</time></trkpt><trkpt lat="39.232284" lon="-106.233199"><ele>3448.0</ele><time>2024-03-03T03:32:54Z</time></trkpt><trkpt lat="39.232227" lon="-106.233267"><ele>3446.0</ele><time>2024-03-03T03:32:58Z</time></trkpt><trkpt lat="39.232376" lon="-106.233389"><ele>3445.0</ele><time>2024-03-03T03:33:05Z</time></trkpt><trkpt lat="39.232417" lon="-106.233539"><ele>3442.0</ele><time>2024-03-03T03:33:10Z</time></trkpt><trkpt lat="39.232452" lon="-106.234649"><ele>3424.0</ele><time>2024-03-03T03:33:44Z</time></trkpt><trkpt lat="39.232485" lon="-106.234815"><ele>3422.0</ele><time>2024-03-03T03:33:49Z</time></trkpt><trkpt lat="39.232555" lon="-106.234969"><ele>3421.0</ele><time>2024-03-03T03:33:55Z</time></trkpt><trkpt lat="39.232801" lon="-106.235326"><ele>3420.0</ele><time>2024-03-03T03:34:10Z</time></trkpt><trkpt lat="39.232803" lon="-106.235413"><ele>3420.0</ele><time>2024-03-03T03:34:12Z</time></trkpt><trkpt lat="39.232753" lon="-106.235463"><ele>3419.0</ele><time>2024-03-03T03:34:15Z</time></trkpt><trkpt lat="39.23267" lon="-106.235405"><ele>3417.0</ele><time>2024-03-03T03:34:19Z</time></trkpt><trkpt lat="39.232576" lon="-106.235378"><ele>3416.0</ele><time>2024-03-03T03:34:23Z</time></trkpt><trkpt lat="39.232484" lon="-106.235396"><ele>3414.0</ele><time>2024-03-03T03:34:26Z</time></trkpt><trkpt lat="39.232293" lon="-106.235522"><ele>3409.0</ele><time>2024-03-03T03:34:35Z</time></trkpt><trkpt lat="39.231757" lon="-106.236124"><ele>3399.0</ele><time>2024-03-03T03:35:03Z</time></trkpt><trkpt lat="39.231575" lon="-106.236445"><ele>3394.0</ele><time>2024-03-03T03:35:16Z</time></trkpt><trkpt lat="39.231471" lon="-106.236759"><ele>3390.0</ele><time>2024-03-03T03:35:26Z</time></trkpt><trkpt lat="39.23147" lon="-106.237372"><ele>3384.0</ele><time>2024-03-03T03:35:45Z</time></trkpt><trkpt lat="39.231439" lon="-106.237646"><ele>3381.0</ele><time>2024-03-03T03:35:54Z</time></trkpt><trkpt lat="39.231543" lon="-106.238073"><ele>3377.0</ele><time>2024-03-03T03:36:08Z</time></trkpt><trkpt lat="39.231571" lon="-106.238352"><ele>3374.0</ele><time>2024-03-03T03:36:17Z</time></trkpt><trkpt lat="39.231543" lon="-106.238586"><ele>3373.0</ele><time>2024-03-03T03:36:24Z</time></trkpt><trkpt lat="39.231336" lon="-106.239207"><ele>3365.0</ele><time>2024-03-03T03:36:45Z</time></trkpt><trkpt lat="39.231364" lon="-106.239688"><ele>3361.0</ele><time>2024-03-03T03:37:00Z</time></trkpt><trkpt lat="39.231364" lon="-106.239688"><ele>3361.0</ele><time>2024-03-03T03:37:00Z</time></trkpt><trkpt lat="39.231389" lon="-106.24012"><ele>3357.0</ele><time>2024-03-03T03:37:13Z</time></trkpt><trkpt lat="39.231592" lon="-106.240598"><ele>3354.0</ele><time>2024-03-03T03:37:30Z</time></trkpt><trkpt lat="39.23222" lon="-106.241769"><ele>3338.0</ele><time>2024-03-03T03:38:15Z</time></trkpt><trkpt lat="39.232268" lon="-106.241999"><ele>3336.0</ele><time>2024-03-03T03:38:22Z</time></trkpt><trkpt lat="39.232234" lon="-106.242451"><ele>3332.0</ele><time>2024-03-03T03:38:36Z</time></trkpt><trkpt lat="39.232231" lon="-106.242863"><ele>3327.0</ele><time>2024-03-03T03:38:49Z</time></trkpt><trkpt lat="39.232376" lon="-106.243367"><ele>3321.0</ele><time>2024-03-03T03:39:06Z</time></trkpt><trkpt lat="39.2324" lon="-106.243531"><ele>3321.0</ele><time>2024-03-03T03:39:11Z</time></trkpt><trkpt lat="39.232365" lon="-106.243852"><ele>3319.0</ele><time>2024-03-03T03:39:21Z</time></trkpt><trkpt lat="39.232125" lon="-106.244882"><ele>3309.0</ele><time>2024-03-03T03:39:54Z</time></trkpt><trkpt lat="39.232146" lon="-106.24536"><ele>3306.0</ele><time>2024-03-03T03:40:09Z</time></trkpt><trkpt lat="39.232266" lon="-106.246165"><ele>3296.0</ele><time>2024-03-03T03:40:34Z</time></trkpt><trkpt lat="39.232441" lon="-106.246728"><ele>3291.0</ele><time>2024-03-03T03:40:53Z</time></trkpt><trkpt lat="39.232669" lon="-106.24712"><ele>3288.0</ele><time>2024-03-03T03:41:09Z</time></trkpt><trkpt lat="39.232811" lon="-106.247452"><ele>3285.0</ele><time>2024-03-03T03:41:20Z</time></trkpt><trkpt lat="39.232855" lon="-106.247744"><ele>3283.0</ele><time>2024-03-03T03:41:30Z</time></trkpt><trkpt lat="39.232956" lon="-106.248049"><ele>3280.0</ele><time>2024-03-03T03:41:40Z</time></trkpt><trkpt lat="39.233342" lon="-106.248847"><ele>3271.0</ele><time>2024-03-03T03:42:09Z</time></trkpt><trkpt lat="39.233377" lon="-106.249083"><ele>3269.0</ele><time>2024-03-03T03:42:16Z</time></trkpt><trkpt lat="39.233342" lon="-106.249022"><ele>3269.0</ele><time>2024-03-03T03:42:19Z</time></trkpt><trkpt lat="39.233342" lon="-106.249022"><ele>3269.0</ele><time>2024-03-03T03:42:19Z</time></trkpt><trkpt lat="39.233377" lon="-106.249083"><ele>3269.0</ele><time>2024-03-03T03:42:21Z</time></trkpt><trkpt lat="39.233557" lon="-106.24945"><ele>3266.0</ele><time>2024-03-03T03:42:35Z</time></trkpt><trkpt lat="39.233839" lon="-106.250371"><ele>3259.0</ele><time>2024-03-03T03:43:05Z</time></trkpt><trkpt lat="39.234197" lon="-106.251326"><ele>3249.0</ele><time>2024-03-03T03:43:38Z</time></trkpt><trkpt lat="39.234315" lon="-106.251677"><ele>3246.0</ele><time>2024-03-03T03:43:50Z</time></trkpt><trkpt lat="39.234414" lon="-106.251975"><ele>3245.0</ele><time>2024-03-03T03:44:00Z</time></trkpt><trkpt lat="39.234542" lon="-106.25244"><ele>3243.0</ele><time>2024-03-03T03:44:16Z</time></trkpt><trkpt lat="39.234632" lon="-106.2525"><ele>3243.0</ele><time>2024-03-03T03:44:20Z</time></trkpt><trkpt lat="39.234939" lon="-106.2532"><ele>3243.0</ele><time>2024-03-03T03:44:45Z</time></trkpt><trkpt lat="39.235006" lon="-106.253312"><ele>3243.0</ele><time>2024-03-03T03:44:49Z</time></trkpt><trkpt lat="39.235414" lon="-106.253681"><ele>3249.0</ele><time>2024-03-03T03:45:09Z</time></trkpt><trkpt lat="39.235585" lon="-106.253968"><ele>3252.0</ele><time>2024-03-03T03:45:20Z</time></trkpt><trkpt lat="39.235935" lon="-106.254487"><ele>3258.0</ele><time>2024-03-03T03:45:42Z</time></trkpt><trkpt lat="39.236207" lon="-106.254983"><ele>3262.0</ele><time>2024-03-03T03:46:00Z</time></trkpt><trkpt lat="39.236207" lon="-106.254983"><ele>3262.0</ele><time>2024-03-03T03:46:00Z</time></trkpt><trkpt lat="39.236451" lon="-106.255404"><ele>3264.0</ele><time>2024-03-03T03:46:17Z</time></trkpt><trkpt lat="39.236538" lon="-106.25549"><ele>3264.0</ele><time>2024-03-03T03:46:21Z</time></trkpt><trkpt lat="39.236639" lon="-106.255557"><ele>3265.0</ele><time>2024-03-03T03:46:26Z</time></trkpt><trkpt lat="39.236806" lon="-106.255623"><ele>3266.0</ele><time>2024-03-03T03:46:33Z</time></trkpt><trkpt lat="39.237034" lon="-106.255681"><ele>3269.0</ele><time>2024-03-03T03:46:42Z</time></trkpt><trkpt lat="39.238773" lon="-106.25583"><ele>3288.0</ele><time>2024-03-03T03:47:52Z</time></trkpt><trkpt lat="39.239342" lon="-106.255925"><ele>3294.0</ele><time>2024-03-03T03:48:15Z</time></trkpt><trkpt lat="39.23986" lon="-106.256184"><ele>3300.0</ele><time>2024-03-03T03:48:37Z</time></trkpt><trkpt lat="39.24006" lon="-106.256336"><ele>3303.0</ele><time>2024-03-03T03:48:46Z</time></trkpt><trkpt lat="39.240182" lon="-106.256556"><ele>3305.0</ele><time>2024-03-03T03:48:55Z</time></trkpt><trkpt lat="39.240273" lon="-106.257045"><ele>3306.0</ele><time>2024-03-03T03:49:10Z</time></trkpt><trkpt lat="39.240354" lon="-106.2572"><ele>3308.0</ele><time>2024-03-03T03:49:16Z</time></trkpt><trkpt lat="39.240473" lon="-106.257284"><ele>3309.0</ele><time>2024-03-03T03:49:22Z</time></trkpt><trkpt lat="39.240618" lon="-106.257316"><ele>3311.0</ele><time>2024-03-03T03:49:28Z</time></trkpt><trkpt lat="39.241188" lon="-106.257366"><ele>3319.0</ele><time>2024-03-03T03:49:50Z</time></trkpt><trkpt lat="39.2415" lon="-106.257427"><ele>3323.0</ele><time>2024-03-03T03:50:03Z</time></trkpt><trkpt lat="39.24191" lon="-106.257667"><ele>3329.0</ele><time>2024-03-03T03:50:21Z</time></trkpt><trkpt lat="39.242212" lon="-106.257819"><ele>3331.0</ele><time>2024-03-03T03:50:34Z</time></trkpt><trkpt lat="39.242473" lon="-106.257848"><ele>3331.0</ele><time>2024-03-03T03:50:45Z</time></trkpt><trkpt lat="39.242736" lon="-106.257802"><ele>3331.0</ele><time>2024-03-03T03:50:55Z</time></trkpt><trkpt lat="39.242725" lon="-106.257817"><ele>3331.0</ele><time>2024-03-03T03:50:56Z</time></trkpt><trkpt lat="39.242725" lon="-106.257817"><ele>3331.0</ele><time>2024-03-03T03:50:56Z</time></trkpt><trkpt lat="39.242278" lon="-106.25849"><ele>3334.0</ele><time>2024-03-03T03:51:23Z</time></trkpt><trkpt lat="39.241988" lon="-106.258748"><ele>3335.0</ele><time>2024-03-03T03:51:38Z</time></trkpt><trkpt lat="39.241394" lon="-106.259684"><ele>3344.0</ele><time>2024-03-03T03:52:15Z</time></trkpt><trkpt lat="39.241052" lon="-106.260114"><ele>3347.0</ele><time>2024-03-03T03:52:34Z</time></trkpt><trkpt lat="39.240894" lon="-106.260643"><ele>3351.0</ele><time>2024-03-03T03:52:52Z</time></trkpt><trkpt lat="39.240849" lon="-106.261009"><ele>3353.0</ele><time>2024-03-03T03:53:03Z</time></trkpt><trkpt lat="39.240853" lon="-106.261207"><ele>3354.0</ele><time>2024-03-03T03:53:09Z</time></trkpt><trkpt lat="39.241034" lon="-106.261712"><ele>3355.0</ele><time>2024-03-03T03:53:27Z</time></trkpt><trkpt lat="39.241056" lon="-106.261904"><ele>3354.0</ele><time>2024-03-03T03:53:33Z</time></trkpt><trkpt lat="39.240777" lon="-106.262637"><ele>3351.0</ele><time>2024-03-03T03:53:58Z</time></trkpt><trkpt lat="39.240696" lon="-106.262794"><ele>3349.0</ele><time>2024-03-03T03:54:04Z</time></trkpt><trkpt lat="39.240592" lon="-106.262869"><ele>3349.0</ele><time>2024-03-03T03:54:09Z</time></trkpt><trkpt lat="39.240534" lon="-106.262945"><ele>3348.0</ele><time>2024-03-03T03:54:12Z</time></trkpt><trkpt lat="39.240514" lon="-106.263007"><ele>3348.0</ele><time>2024-03-03T03:54:14Z</time></trkpt><trkpt lat="39.240514" lon="-106.263007"><ele>3348.0</ele><time>2024-03-03T03:54:14Z</time></trkpt><trkpt lat="39.240505" lon="-106.263037"><ele>3348.0</ele><time>2024-03-03T03:54:15Z</time></trkpt><trkpt lat="39.240508" lon="-106.263075"><ele>3347.0</ele><time>2024-03-03T03:54:16Z</time></trkpt><trkpt lat="39.240535" lon="-106.263116"><ele>3346.0</ele><time>2024-03-03T03:54:18Z</time></trkpt><trkpt lat="39.240659" lon="-106.263184"><ele>3346.0</ele><time>2024-03-03T03:54:23Z</time></trkpt><trkpt lat="39.240664" lon="-106.263712"><ele>3338.0</ele><time>2024-03-03T03:54:40Z</time></trkpt><trkpt lat="39.240736" lon="-106.263892"><ele>3335.0</ele><time>2024-03-03T03:54:46Z</time></trkpt><trkpt lat="39.240804" lon="-106.263979"><ele>3333.0</ele><time>2024-03-03T03:54:50Z</time></trkpt><trkpt lat="39.240921" lon="-106.264049"><ele>3332.0</ele><time>2024-03-03T03:54:55Z</time></trkpt><trkpt lat="39.241124" lon="-106.264235"><ele>3329.0</ele><time>2024-03-03T03:55:05Z</time></trkpt><trkpt lat="39.241389" lon="-106.264282"><ele>3328.0</ele><time>2024-03-03T03:55:16Z</time></trkpt><trkpt lat="39.242019" lon="-106.264247"><ele>3328.0</ele><time>2024-03-03T03:55:41Z</time></trkpt><trkpt lat="39.242078" lon="-106.264287"><ele>3328.0</ele><time>2024-03-03T03:55:44Z</time></trkpt><trkpt lat="39.242082" lon="-106.264468"><ele>3325.0</ele><time>2024-03-03T03:55:49Z</time></trkpt><trkpt lat="39.242037" lon="-106.2647"><ele>3320.0</ele><time>2024-03-03T03:55:57Z</time></trkpt><trkpt lat="39.242087" lon="-106.26495"><ele>3316.0</ele><time>2024-03-03T03:56:05Z</time></trkpt><trkpt lat="39.242163" lon="-106.265229"><ele>3311.0</ele><time>2024-03-03T03:56:14Z</time></trkpt><trkpt lat="39.242339" lon="-106.265665"><ele>3304.0</ele><time>2024-03-03T03:56:29Z</time></trkpt><trkpt lat="39.242519" lon="-106.266043"><ele>3295.0</ele><time>2024-03-03T03:56:43Z</time></trkpt><trkpt lat="39.242623" lon="-106.266176"><ele>3292.0</ele><time>2024-03-03T03:56:49Z</time></trkpt><trkpt lat="39.242924" lon="-106.266333"><ele>3289.0</ele><time>2024-03-03T03:57:02Z</time></trkpt><trkpt lat="39.243014" lon="-106.266432"><ele>3287.0</ele><time>2024-03-03T03:57:07Z</time></trkpt><trkpt lat="39.243037" lon="-106.266548"><ele>3284.0</ele><time>2024-03-03T03:57:10Z</time></trkpt><trkpt lat="39.243024" lon="-106.2674"><ele>3270.0</ele><time>2024-03-03T03:57:37Z</time></trkpt><trkpt lat="39.243419" lon="-106.26763"><ele>3267.0</ele><time>2024-03-03T03:57:54Z</time></trkpt><trkpt lat="39.243478" lon="-106.26774"><ele>3264.0</ele><time>2024-03-03T03:57:58Z</time></trkpt><trkpt lat="39.243658" lon="-106.267868"><ele>3262.0</ele><time>2024-03-03T03:58:07Z</time></trkpt><trkpt lat="39.244041" lon="-106.268281"><ele>3256.0</ele><time>2024-03-03T03:58:27Z</time></trkpt><trkpt lat="39.244702" lon="-106.269257"><ele>3243.0</ele><time>2024-03-03T03:59:07Z</time></trkpt><trkpt lat="39.244878" lon="-106.269431"><ele>3241.0</ele><time>2024-03-03T03:59:16Z</time></trkpt><trkpt lat="39.245137" lon="-106.269575"><ele>3239.0</ele><time>2024-03-03T03:59:27Z</time></trkpt><trkpt lat="39.245225" lon="-106.269623"><ele>3238.0</ele><time>2024-03-03T03:59:31Z</time></trkpt><trkpt lat="39.245373" lon="-106.269807"><ele>3236.0</ele><time>2024-03-03T03:59:39Z</time></trkpt><trkpt lat="39.245639" lon="-106.270321"><ele>3232.0</ele><time>2024-03-03T03:59:58Z</time></trkpt><trkpt lat="39.245714" lon="-106.270527"><ele>3230.0</ele><time>2024-03-03T04:00:05Z</time></trkpt><trkpt lat="39.245714" lon="-106.270527"><ele>3230.0</ele><time>2024-03-03T04:00:05Z</time></trkpt><trkpt lat="39.245795" lon="-106.270745"><ele>3229.0</ele><time>2024-03-03T04:00:13Z</time></trkpt><trkpt lat="39.245819" lon="-106.270811"><ele>3229.0</ele><time>2024-03-03T04:00:15Z</time></trkpt><trkpt lat="39.245878" lon="-106.270971"><ele>3228.0</ele><time>2024-03-03T04:00:21Z</time></trkpt><trkpt lat="39.246102" lon="-106.271245"><ele>3228.0</ele><time>2024-03-03T04:00:33Z</time></trkpt><trkpt lat="39.24639" lon="-106.271559"><ele>3229.0</ele><time>2024-03-03T04:00:48Z</time></trkpt><trkpt lat="39.246489" lon="-106.271623"><ele>3229.0</ele><time>2024-03-03T04:00:52Z</time></trkpt><trkpt lat="39.247048" lon="-106.271518"><ele>3227.0</ele><time>2024-03-03T04:01:15Z</time></trkpt><trkpt lat="39.247179" lon="-106.271477"><ele>3227.0</ele><time>2024-03-03T04:01:20Z</time></trkpt><trkpt lat="39.24725" lon="-106.271454"><ele>3227.0</ele><time>2024-03-03T04:01:23Z</time></trkpt><trkpt lat="39.247376" lon="-106.271367"><ele>3225.0</ele><time>2024-03-03T04:01:29Z</time></trkpt><trkpt lat="39.247718" lon="-106.270908"><ele>3222.0</ele><time>2024-03-03T04:01:49Z</time></trkpt><trkpt lat="39.248443" lon="-106.270292"><ele>3219.0</ele><time>2024-03-03T04:02:24Z</time></trkpt><trkpt lat="39.248686" lon="-106.270036"><ele>3217.0</ele><time>2024-03-03T04:02:36Z</time></trkpt><trkpt lat="39.249047" lon="-106.269585"><ele>3214.0</ele><time>2024-03-03T04:02:56Z</time></trkpt><trkpt lat="39.24929" lon="-106.269412"><ele>3212.0</ele><time>2024-03-03T04:03:07Z</time></trkpt><trkpt lat="39.249588" lon="-106.269395"><ele>3212.0</ele><time>2024-03-03T04:03:19Z</time></trkpt><trkpt lat="39.249588" lon="-106.269395"><ele>3212.0</ele><time>2024-03-03T04:03:19Z</time></trkpt><trkpt lat="39.249629" lon="-106.269403"><ele>3212.0</ele><time>2024-03-03T04:03:21Z</time></trkpt><trkpt lat="39.249525" lon="-106.270003"><ele>3207.0</ele><time>2024-03-03T04:03:40Z</time></trkpt><trkpt lat="39.24937" lon="-106.270702"><ele>3203.0</ele><time>2024-03-03T04:04:03Z</time></trkpt><trkpt lat="39.249347" lon="-106.270795"><ele>3203.0</ele><time>2024-03-03T04:04:06Z</time></trkpt><trkpt lat="39.249341" lon="-106.270996"><ele>3202.0</ele><time>2024-03-03T04:04:12Z</time></trkpt><trkpt lat="39.249408" lon="-106.271251"><ele>3201.0</ele><time>2024-03-03T04:04:20Z</time></trkpt><trkpt lat="39.249466" lon="-106.271397"><ele>3199.0</ele><time>2024-03-03T04:04:25Z</time></trkpt><trkpt lat="39.249964" lon="-106.272087"><ele>3196.0</ele><time>2024-03-03T04:04:55Z</time></trkpt><trkpt lat="39.250041" lon="-106.27225"><ele>3194.0</ele><time>2024-03-03T04:05:01Z</time></trkpt><trkpt lat="39.250096" lon="-106.272417"><ele>3191.0</ele><time>2024-03-03T04:05:06Z</time></trkpt><trkpt lat="39.250135" lon="-106.272635"><ele>3189.0</ele><time>2024-03-03T04:05:13Z</time></trkpt><trkpt lat="39.250126" lon="-106.272804"><ele>3187.0</ele><time>2024-03-03T04:05:19Z</time></trkpt><trkpt lat="39.250022" lon="-106.273227"><ele>3185.0</ele><time>2024-03-03T04:05:32Z</time></trkpt><trkpt lat="39.250006" lon="-106.273354"><ele>3184.0</ele><time>2024-03-03T04:05:36Z</time></trkpt><trkpt lat="39.249986" lon="-106.27395"><ele>3180.0</ele><time>2024-03-03T04:05:55Z</time></trkpt><trkpt lat="39.249992" lon="-106.274889"><ele>3175.0</ele><time>2024-03-03T04:06:24Z</time></trkpt><trkpt lat="39.250161" lon="-106.27625"><ele>3165.0</ele><time>2024-03-03T04:07:07Z</time></trkpt><trkpt lat="39.250254" lon="-106.276998"><ele>3162.0</ele><time>2024-03-03T04:07:30Z</time></trkpt><trkpt lat="39.250295" lon="-106.277326"><ele>3161.0</ele><time>2024-03-03T04:07:41Z</time></trkpt><trkpt lat="39.250408" lon="-106.27772"><ele>3160.0</ele><time>2024-03-03T04:07:54Z</time></trkpt><trkpt lat="39.25074" lon="-106.278361"><ele>3154.0</ele><time>2024-03-03T04:08:17Z</time></trkpt><trkpt lat="39.250839" lon="-106.278629"><ele>3152.0</ele><time>2024-03-03T04:08:27Z</time></trkpt><trkpt lat="39.250854" lon="-106.278737"><ele>3152.0</ele><time>2024-03-03T04:08:30Z</time></trkpt><trkpt lat="39.250933" lon="-106.278726"><ele>3151.0</ele><time>2024-03-03T04:08:33Z</time></trkpt><trkpt lat="39.251022" lon="-106.278743"><ele>3151.0</ele><time>2024-03-03T04:08:37Z</time></trkpt><trkpt lat="39.25161" lon="-106.279033"><ele>3149.0</ele><time>2024-03-03T04:09:02Z</time></trkpt><trkpt lat="39.25161" lon="-106.279033"><ele>3149.0</ele><time>2024-03-03T04:09:02Z</time></trkpt><trkpt lat="39.251654" lon="-106.279055"><ele>3148.0</ele><time>2024-03-03T04:09:04Z</time></trkpt><trkpt lat="39.250969" lon="-106.282096"><ele>3132.0</ele><time>2024-03-03T04:10:42Z</time></trkpt><trkpt lat="39.24917" lon="-106.290294"><ele>3099.0</ele><time>2024-03-03T04:15:07Z</time></trkpt></trkseg></trk></gpx>