<?xml version="1.0" encoding="utf-8"?>
<gpx version="1.1" creator="RuffTerrain Explorer" xmlns="http://www.topografix.com/GPX/1/1" xmlns:ca="http://coursearchitect.com/schema/v1">
  <metadata>
    <name>Les Contamines (End)</name>
  </metadata>
  <wpt lat="45.92349" lon="6.8689800000000005">
    <ele>1042.3</ele>
    <name>Chamonix (Start)</name>
    <sym>icons/start.svg</sym>
    <desc>Pass 1 at 0.00km (Start)</desc>
    <extensions>
      <ca:station type="segmenting" id="chamonix-start" subtype="aid_station">
        <ca:passes>
          <ca:pass num="1" dist_m="0.0" label="Start"/>
        </ca:passes>
        <ca:services water="true" food="true" toilets="true"/>
        <ca:accessibility crew_allowed="true" pacer_allowed="false" vehicle_tier="auto" drop_bag_allowed="true"/>
      </ca:station>
    </extensions>
  </wpt>
  <wpt lat="45.889706399999994" lon="6.7977381">
    <ele>1013.07</ele>
    <name>Les Houches</name>
    <sym>icons/aid_station.svg</sym>
    <desc>Pass 1 at 7.92km</desc>
    <extensions>
      <ca:station type="segmenting" id="les-houches" subtype="aid_station">
        <ca:passes>
          <ca:pass num="1" dist_m="7917.2"/>
        </ca:passes>
        <ca:services water="true" food="true" toilets="true"/>
        <ca:accessibility crew_allowed="true" pacer_allowed="false" vehicle_tier="auto" drop_bag_allowed="false"/>
      </ca:station>
    </extensions>
  </wpt>
  <wpt lat="45.876409400000014" lon="6.774785400000001">
    <ele>1700.51</ele>
    <name>Bellevue</name>
    <sym>icons/aid_station.svg</sym>
    <desc>Pass 1 at 12.37km</desc>
    <extensions>
      <ca:station type="segmenting" id="bellevue" subtype="aid_station">
        <ca:passes>
          <ca:pass num="1" dist_m="12367.5"/>
        </ca:passes>
        <ca:services water="true" food="true" toilets="true"/>
        <ca:accessibility crew_allowed="false" pacer_allowed="false" vehicle_tier="none" drop_bag_allowed="false"/>
      </ca:station>
    </extensions>
  </wpt>
  <wpt lat="45.86362000000001" lon="6.78424">
    <ele>1738.79</ele>
    <name>Bionnassay Footbridge</name>
    <sym>icons/scenic.svg</sym>
    <desc>Pass 1 at 14.84km</desc>
    <extensions>
      <ca:station type="informational" id="bionnassay-footbridge" subtype="scenic">
        <ca:passes>
          <ca:pass num="1" dist_m="14840.3"/>
        </ca:passes>
      </ca:station>
    </extensions>
  </wpt>
  <wpt lat="45.85003000000002" lon="6.76951">
    <ele>2094.85</ele>
    <name>Tricot Pass</name>
    <sym>icons/summit.svg</sym>
    <desc>Pass 1 at 17.02km</desc>
    <extensions>
      <ca:station type="informational" id="tricot-pass" subtype="summit">
        <ca:passes>
          <ca:pass num="1" dist_m="17017.1"/>
        </ca:passes>
      </ca:station>
    </extensions>
  </wpt>
  <wpt lat="45.84509999999999" lon="6.765680000000001">
    <ele>1768.12</ele>
    <name>Miage</name>
    <sym>icons/aid_station.svg</sym>
    <desc>Pass 1 at 18.01km</desc>
    <extensions>
      <ca:station type="segmenting" id="miage" subtype="aid_station">
        <ca:passes>
          <ca:pass num="1" dist_m="18009.6"/>
        </ca:passes>
        <ca:services water="true" food="true" toilets="true"/>
        <ca:accessibility crew_allowed="false" pacer_allowed="false" vehicle_tier="none" drop_bag_allowed="false"/>
      </ca:station>
    </extensions>
  </wpt>
  <wpt lat="45.83474999999998" lon="6.747110000000001">
    <ele>1686.96</ele>
    <name>Truc</name>
    <sym>icons/aid_station.svg</sym>
    <desc>Pass 1 at 20.58km</desc>
    <extensions>
      <ca:station type="segmenting" id="truc" subtype="aid_station">
        <ca:passes>
          <ca:pass num="1" dist_m="20581.5"/>
        </ca:passes>
        <ca:services water="true" food="true" toilets="true"/>
        <ca:accessibility crew_allowed="false" pacer_allowed="false" vehicle_tier="none" drop_bag_allowed="false"/>
      </ca:station>
    </extensions>
  </wpt>
  <wpt lat="45.82114999999999" lon="6.72737">
    <ele>1158.73</ele>
    <name>Les Contamines (End)</name>
    <sym>icons/finish.svg</sym>
    <desc>Pass 1 at 23.75km (End)</desc>
    <extensions>
      <ca:station type="segmenting" id="les-contamines-end" subtype="aid_station">
        <ca:passes>
          <ca:pass num="1" dist_m="23746.3" label="End"/>
        </ca:passes>
        <ca:services water="true" food="true" toilets="true"/>
        <ca:accessibility crew_allowed="true" pacer_allowed="false" vehicle_tier="auto" drop_bag_allowed="true"/>
      </ca:station>
    </extensions>
  </wpt>
  <trk>
    <name>Les Contamines (End)</name>
    <trkseg>
      <trkpt lat="45.92349" lon="6.8689800000000005">
        <ele>1042.1783333333333</ele>
      </trkpt>
      <trkpt lat="45.92355000000001" lon="6.8690500000000005">
        <ele>1042.2957142857142</ele>
      </trkpt>
      <trkpt lat="45.92358999999999" lon="6.869140000000001">
        <ele>1042.40625</ele>
      </trkpt>
      <trkpt lat="45.92360289999999" lon="6.869095700000001">
        <ele>1042.51</ele>
      </trkpt>
      <trkpt lat="45.92363259999999" lon="6.8689919">
        <ele>1042.6399999999999</ele>
      </trkpt>
      <trkpt lat="45.9236679" lon="6.868868399999998">
        <ele>1042.7990909090909</ele>
      </trkpt>
      <trkpt lat="45.923697499999996" lon="6.868764600000001">
        <ele>1043.0618181818181</ele>
      </trkpt>
      <trkpt lat="45.92371000000001" lon="6.868719999999999">
        <ele>1043.3972727272726</ele>
      </trkpt>
      <trkpt lat="45.923659999999984" lon="6.86867">
        <ele>1043.8218181818181</ele>
      </trkpt>
      <trkpt lat="45.923659999999984" lon="6.86859">
        <ele>1044.2772727272727</ele>
      </trkpt>
      <trkpt lat="45.92368500000001" lon="6.868475">
        <ele>1044.7618181818182</ele>
      </trkpt>
      <trkpt lat="45.92371000000001" lon="6.86836">
        <ele>1045.2836363636366</ele>
      </trkpt>
      <trkpt lat="45.92372019999999" lon="6.868245">
        <ele>1045.8127272727272</ele>
      </trkpt>
      <trkpt lat="45.923730000000006" lon="6.86813">
        <ele>1046.3245454545452</ele>
      </trkpt>
      <trkpt lat="45.923715200000025" lon="6.8680349">
        <ele>1046.8199999999997</ele>
      </trkpt>
      <trkpt lat="45.92369999999999" lon="6.86794">
        <ele>1047.3018181818181</ele>
      </trkpt>
      <trkpt lat="45.923660199999986" lon="6.867824799999999">
        <ele>1047.7354545454546</ele>
      </trkpt>
      <trkpt lat="45.92362000000001" lon="6.86771">
        <ele>1048.0954545454547</ele>
      </trkpt>
      <trkpt lat="45.92356999999996" lon="6.867729999999999">
        <ele>1048.3354545454545</ele>
      </trkpt>
      <trkpt lat="45.923519999999996" lon="6.86771">
        <ele>1048.4881818181818</ele>
      </trkpt>
      <trkpt lat="45.92347999999999" lon="6.8676499999999985">
        <ele>1048.5754545454545</ele>
      </trkpt>
      <trkpt lat="45.92347" lon="6.867569999999999">
        <ele>1048.6063636363635</ele>
      </trkpt>
      <trkpt lat="45.923395000000006" lon="6.86756">
        <ele>1048.5372727272727</ele>
      </trkpt>
      <trkpt lat="45.92331999999999" lon="6.86755">
        <ele>1048.4127272727274</ele>
      </trkpt>
      <trkpt lat="45.923292100000005" lon="6.8675297">
        <ele>1048.2745454545454</ele>
      </trkpt>
      <trkpt lat="45.9232237" lon="6.867479699999999">
        <ele>1048.1236363636365</ele>
      </trkpt>
      <trkpt lat="45.923134999999995" lon="6.8674148">
        <ele>1047.9127272727274</ele>
      </trkpt>
      <trkpt lat="45.9230464" lon="6.8673501">
        <ele>1047.6727272727273</ele>
      </trkpt>
      <trkpt lat="45.922977999999986" lon="6.867300199999999">
        <ele>1047.41</ele>
      </trkpt>
      <trkpt lat="45.92295000000003" lon="6.86728">
        <ele>1047.189090909091</ele>
      </trkpt>
      <trkpt lat="45.92292589999999" lon="6.867278499999999">
        <ele>1046.94</ele>
      </trkpt>
      <trkpt lat="45.922863500000005" lon="6.8672751">
        <ele>1046.6781818181819</ele>
      </trkpt>
      <trkpt lat="45.92277560000001" lon="6.8672703">
        <ele>1046.4200000000003</ele>
      </trkpt>
      <trkpt lat="45.92267500000001" lon="6.8672648">
        <ele>1046.1572727272726</ele>
      </trkpt>
      <trkpt lat="45.92257440000001" lon="6.867259400000001">
        <ele>1045.9199999999998</ele>
      </trkpt>
      <trkpt lat="45.92248649999999" lon="6.8672547">
        <ele>1045.7045454545453</ele>
      </trkpt>
      <trkpt lat="45.92242410000001" lon="6.867251300000001">
        <ele>1045.5254545454545</ele>
      </trkpt>
      <trkpt lat="45.92240000000002" lon="6.867249999999999">
        <ele>1045.388181818182</ele>
      </trkpt>
      <trkpt lat="45.92233500000002" lon="6.8672352">
        <ele>1045.2754545454547</ele>
      </trkpt>
      <trkpt lat="45.92226999999999" lon="6.86722">
        <ele>1045.198181818182</ele>
      </trkpt>
      <trkpt lat="45.92221249999998" lon="6.8671940000000005">
        <ele>1045.1563636363635</ele>
      </trkpt>
      <trkpt lat="45.92210750000002" lon="6.8671462">
        <ele>1045.1663636363635</ele>
      </trkpt>
      <trkpt lat="45.922050000000006" lon="6.86712">
        <ele>1045.2281818181816</ele>
      </trkpt>
      <trkpt lat="45.9220257" lon="6.867107000000001">
        <ele>1045.328181818182</ele>
      </trkpt>
      <trkpt lat="45.92196419999999" lon="6.867074099999999">
        <ele>1045.4554545454546</ele>
      </trkpt>
      <trkpt lat="45.921880499999986" lon="6.8670294">
        <ele>1045.5727272727272</ele>
      </trkpt>
      <trkpt lat="45.92178939999999" lon="6.866980600000001">
        <ele>1045.69</ele>
      </trkpt>
      <trkpt lat="45.92170579999998" lon="6.8669359000000005">
        <ele>1045.8054545454545</ele>
      </trkpt>
      <trkpt lat="45.9216443" lon="6.866903">
        <ele>1045.9081818181817</ele>
      </trkpt>
      <trkpt lat="45.92161999999999" lon="6.866890000000001">
        <ele>1046</ele>
      </trkpt>
      <trkpt lat="45.9215957" lon="6.866876999999999">
        <ele>1046.0590909090909</ele>
      </trkpt>
      <trkpt lat="45.921534199999996" lon="6.866844200000001">
        <ele>1046.1100000000001</ele>
      </trkpt>
      <trkpt lat="45.92145049999999" lon="6.866799399999999">
        <ele>1046.1490909090908</ele>
      </trkpt>
      <trkpt lat="45.921359400000014" lon="6.866750699999999">
        <ele>1046.2045454545455</ele>
      </trkpt>
      <trkpt lat="45.92127569999998" lon="6.866705900000001">
        <ele>1046.2536363636364</ele>
      </trkpt>
      <trkpt lat="45.9212143" lon="6.8666731">
        <ele>1046.2972727272727</ele>
      </trkpt>
      <trkpt lat="45.92118999999999" lon="6.86666">
        <ele>1046.330909090909</ele>
      </trkpt>
      <trkpt lat="45.9211149" lon="6.866595199999999">
        <ele>1046.3572727272729</ele>
      </trkpt>
      <trkpt lat="45.92104000000003" lon="6.866529999999999">
        <ele>1046.3636363636363</ele>
      </trkpt>
      <trkpt lat="45.920989899999995" lon="6.866475100000001">
        <ele>1046.3654545454547</ele>
      </trkpt>
      <trkpt lat="45.920939999999995" lon="6.866420000000001">
        <ele>1046.3600000000001</ele>
      </trkpt>
      <trkpt lat="45.92091249999998" lon="6.8663809">
        <ele>1046.3254545454545</ele>
      </trkpt>
      <trkpt lat="45.92084829999998" lon="6.866289400000001">
        <ele>1046.27</ele>
      </trkpt>
      <trkpt lat="45.920771800000026" lon="6.8661805">
        <ele>1046.2</ele>
      </trkpt>
      <trkpt lat="45.920707500000006" lon="6.866088999999999">
        <ele>1046.0736363636363</ele>
      </trkpt>
      <trkpt lat="45.92068000000001" lon="6.866050000000002">
        <ele>1045.9381818181819</ele>
      </trkpt>
      <trkpt lat="45.920570000000005" lon="6.86599">
        <ele>1045.7972727272727</ele>
      </trkpt>
      <trkpt lat="45.92054580000002" lon="6.8659674">
        <ele>1045.646363636364</ele>
      </trkpt>
      <trkpt lat="45.9204866" lon="6.8659119">
        <ele>1045.4781818181818</ele>
      </trkpt>
      <trkpt lat="45.92040999999998" lon="6.86584">
        <ele>1045.2763636363636</ele>
      </trkpt>
      <trkpt lat="45.920333400000004" lon="6.865768100000001">
        <ele>1045.0572727272727</ele>
      </trkpt>
      <trkpt lat="45.9202742" lon="6.865712600000002">
        <ele>1044.788181818182</ele>
      </trkpt>
      <trkpt lat="45.92025000000002" lon="6.865690000000002">
        <ele>1044.5145454545457</ele>
      </trkpt>
      <trkpt lat="45.920175099999994" lon="6.865644700000001">
        <ele>1044.239090909091</ele>
      </trkpt>
      <trkpt lat="45.920099999999984" lon="6.865599999999999">
        <ele>1043.940909090909</ele>
      </trkpt>
      <trkpt lat="45.92005570000002" lon="6.865590400000001">
        <ele>1043.631818181818</ele>
      </trkpt>
      <trkpt lat="45.91995999999999" lon="6.865569900000001">
        <ele>1043.2927272727272</ele>
      </trkpt>
      <trkpt lat="45.91986430000001" lon="6.865549400000002">
        <ele>1042.9490909090907</ele>
      </trkpt>
      <trkpt lat="45.91982000000002" lon="6.86554">
        <ele>1042.5963636363638</ele>
      </trkpt>
      <trkpt lat="45.9197757" lon="6.865535200000001">
        <ele>1042.2263636363637</ele>
      </trkpt>
      <trkpt lat="45.91968" lon="6.8655249000000005">
        <ele>1041.8736363636365</ele>
      </trkpt>
      <trkpt lat="45.9195843" lon="6.8655146">
        <ele>1041.4954545454545</ele>
      </trkpt>
      <trkpt lat="45.919539999999984" lon="6.8655100000000004">
        <ele>1041.179090909091</ele>
      </trkpt>
      <trkpt lat="45.91948" lon="6.86554">
        <ele>1040.9236363636364</ele>
      </trkpt>
      <trkpt lat="45.91937999999998" lon="6.86556">
        <ele>1040.678181818182</ele>
      </trkpt>
      <trkpt lat="45.919325099999995" lon="6.865539200000001">
        <ele>1040.4672727272728</ele>
      </trkpt>
      <trkpt lat="45.91922490000001" lon="6.8655008">
        <ele>1040.2927272727275</ele>
      </trkpt>
      <trkpt lat="45.91917000000002" lon="6.86548">
        <ele>1040.1436363636365</ele>
      </trkpt>
      <trkpt lat="45.91910000000002" lon="6.8655100000000004">
        <ele>1039.9718181818182</ele>
      </trkpt>
      <trkpt lat="45.91901999999999" lon="6.86546">
        <ele>1039.8045454545456</ele>
      </trkpt>
      <trkpt lat="45.91901000000002" lon="6.865420000000001">
        <ele>1039.6863636363637</ele>
      </trkpt>
      <trkpt lat="45.91899999999998" lon="6.86533">
        <ele>1039.601818181818</ele>
      </trkpt>
      <trkpt lat="45.91903" lon="6.865249999999999">
        <ele>1039.5827272727272</ele>
      </trkpt>
      <trkpt lat="45.919004900000004" lon="6.865165">
        <ele>1039.5854545454545</ele>
      </trkpt>
      <trkpt lat="45.918980000000005" lon="6.865080000000001">
        <ele>1039.6181818181815</ele>
      </trkpt>
      <trkpt lat="45.91903" lon="6.86496">
        <ele>1039.6881818181819</ele>
      </trkpt>
      <trkpt lat="45.91901000000002" lon="6.86483">
        <ele>1039.7836363636363</ele>
      </trkpt>
      <trkpt lat="45.91900019999998" lon="6.864810200000001">
        <ele>1039.879090909091</ele>
      </trkpt>
      <trkpt lat="45.91897389999998" lon="6.8647569">
        <ele>1039.9854545454543</ele>
      </trkpt>
      <trkpt lat="45.91893479999999" lon="6.8646778">
        <ele>1040.1172727272726</ele>
      </trkpt>
      <trkpt lat="45.9188866" lon="6.8645800999999995">
        <ele>1040.2727272727273</ele>
      </trkpt>
      <trkpt lat="45.91883279999999" lon="6.864471299999999">
        <ele>1040.4190909090908</ele>
      </trkpt>
      <trkpt lat="45.918777200000015" lon="6.864358700000001">
        <ele>1040.5618181818181</ele>
      </trkpt>
      <trkpt lat="45.9187234" lon="6.864249899999999">
        <ele>1040.6936363636362</ele>
      </trkpt>
      <trkpt lat="45.918675099999994" lon="6.864152200000001">
        <ele>1040.8190909090908</ele>
      </trkpt>
      <trkpt lat="45.91863599999999" lon="6.864073099999999">
        <ele>1040.9218181818183</ele>
      </trkpt>
      <trkpt lat="45.91860980000002" lon="6.8640198">
        <ele>1041.0254545454547</ele>
      </trkpt>
      <trkpt lat="45.918600000000005" lon="6.864">
        <ele>1041.1072727272729</ele>
      </trkpt>
      <trkpt lat="45.91858510000002" lon="6.863954599999999">
        <ele>1041.1899999999998</ele>
      </trkpt>
      <trkpt lat="45.91855050000002" lon="6.863848300000001">
        <ele>1041.2836363636363</ele>
      </trkpt>
      <trkpt lat="45.9185093" lon="6.8637218">
        <ele>1041.4072727272726</ele>
      </trkpt>
      <trkpt lat="45.9184748" lon="6.863615500000001">
        <ele>1041.5436363636366</ele>
      </trkpt>
      <trkpt lat="45.91846000000001" lon="6.86357">
        <ele>1041.678181818182</ele>
      </trkpt>
      <trkpt lat="45.91845230000003" lon="6.863541599999999">
        <ele>1041.7954545454543</ele>
      </trkpt>
      <trkpt lat="45.918432" lon="6.863467">
        <ele>1041.9136363636362</ele>
      </trkpt>
      <trkpt lat="45.918402799999996" lon="6.8633594">
        <ele>1042.0299999999997</ele>
      </trkpt>
      <trkpt lat="45.918368199999996" lon="6.863232000000001">
        <ele>1042.1390909090906</ele>
      </trkpt>
      <trkpt lat="45.91833179999999" lon="6.863097999999999">
        <ele>1042.221818181818</ele>
      </trkpt>
      <trkpt lat="45.9182972" lon="6.8629706">
        <ele>1042.3036363636363</ele>
      </trkpt>
      <trkpt lat="45.91826789999999" lon="6.862863000000001">
        <ele>1042.3981818181817</ele>
      </trkpt>
      <trkpt lat="45.918247699999995" lon="6.8627884">
        <ele>1042.4881818181818</ele>
      </trkpt>
      <trkpt lat="45.918240000000004" lon="6.862759999999998">
        <ele>1042.5436363636366</ele>
      </trkpt>
      <trkpt lat="45.918231600000006" lon="6.862717700000001">
        <ele>1042.6000000000001</ele>
      </trkpt>
      <trkpt lat="45.91821129999999" lon="6.8626142">
        <ele>1042.6754545454548</ele>
      </trkpt>
      <trkpt lat="45.91818489999999" lon="6.86248">
        <ele>1042.7863636363638</ele>
      </trkpt>
      <trkpt lat="45.9181586" lon="6.8623459">
        <ele>1042.9045454545455</ele>
      </trkpt>
      <trkpt lat="45.9181383" lon="6.862242299999999">
        <ele>1043.0654545454545</ele>
      </trkpt>
      <trkpt lat="45.918130000000005" lon="6.862199999999999">
        <ele>1043.2381818181818</ele>
      </trkpt>
      <trkpt lat="45.9181257" lon="6.862163499999999">
        <ele>1043.4281818181819</ele>
      </trkpt>
      <trkpt lat="45.91811499999999" lon="6.862071399999999">
        <ele>1043.629090909091</ele>
      </trkpt>
      <trkpt lat="45.91810040000003" lon="6.861945799999998">
        <ele>1043.831818181818</ele>
      </trkpt>
      <trkpt lat="45.91808449999999" lon="6.8618092">
        <ele>1044.0463636363636</ele>
      </trkpt>
      <trkpt lat="45.9180699" lon="6.861683700000001">
        <ele>1044.3163636363638</ele>
      </trkpt>
      <trkpt lat="45.9180592" lon="6.8615915">
        <ele>1044.5836363636363</ele>
      </trkpt>
      <trkpt lat="45.91805500000001" lon="6.861555">
        <ele>1044.8627272727272</ele>
      </trkpt>
      <trkpt lat="45.9180508" lon="6.8615185">
        <ele>1045.1336363636362</ele>
      </trkpt>
      <trkpt lat="45.918039999999976" lon="6.8614264">
        <ele>1045.3972727272728</ele>
      </trkpt>
      <trkpt lat="45.918025499999985" lon="6.8613008">
        <ele>1045.6109090909092</ele>
      </trkpt>
      <trkpt lat="45.9180096" lon="6.861164199999999">
        <ele>1045.8218181818183</ele>
      </trkpt>
      <trkpt lat="45.917995000000005" lon="6.861038599999999">
        <ele>1046.0245454545454</ele>
      </trkpt>
      <trkpt lat="45.91798430000001" lon="6.860946500000001">
        <ele>1046.2372727272727</ele>
      </trkpt>
      <trkpt lat="45.91797999999999" lon="6.86091">
        <ele>1046.4572727272728</ele>
      </trkpt>
      <trkpt lat="45.91797669999999" lon="6.8608862">
        <ele>1046.7</ele>
      </trkpt>
      <trkpt lat="45.917967699999956" lon="6.860822400000001">
        <ele>1046.9163636363635</ele>
      </trkpt>
      <trkpt lat="45.91795429999999" lon="6.8607275">
        <ele>1047.121818181818</ele>
      </trkpt>
      <trkpt lat="45.917937899999984" lon="6.860610399999999">
        <ele>1047.2963636363636</ele>
      </trkpt>
      <trkpt lat="45.917919500000025" lon="6.860479999999999">
        <ele>1047.4472727272728</ele>
      </trkpt>
      <trkpt lat="45.9179005" lon="6.860344999999999">
        <ele>1047.578181818182</ele>
      </trkpt>
      <trkpt lat="45.91788220000001" lon="6.8602146">
        <ele>1047.7090909090912</ele>
      </trkpt>
      <trkpt lat="45.91786570000001" lon="6.8600974">
        <ele>1047.8209090909093</ele>
      </trkpt>
      <trkpt lat="45.91785229999999" lon="6.8600025">
        <ele>1047.9190909090912</ele>
      </trkpt>
      <trkpt lat="45.91784330000001" lon="6.859938799999999">
        <ele>1047.969090909091</ele>
      </trkpt>
      <trkpt lat="45.917840000000005" lon="6.859915">
        <ele>1047.98</ele>
      </trkpt>
      <trkpt lat="45.917836700000024" lon="6.859891199999999">
        <ele>1047.971818181818</ele>
      </trkpt>
      <trkpt lat="45.91782769999999" lon="6.859827400000001">
        <ele>1047.97</ele>
      </trkpt>
      <trkpt lat="45.917814299999996" lon="6.8597325">
        <ele>1047.9909090909093</ele>
      </trkpt>
      <trkpt lat="45.91779789999999" lon="6.859615400000001">
        <ele>1047.9918181818182</ele>
      </trkpt>
      <trkpt lat="45.91777949999998" lon="6.8594849">
        <ele>1048.0045454545455</ele>
      </trkpt>
      <trkpt lat="45.91776049999998" lon="6.85935">
        <ele>1048.030909090909</ele>
      </trkpt>
      <trkpt lat="45.91774219999999" lon="6.8592195999999985">
        <ele>1048.0654545454545</ele>
      </trkpt>
      <trkpt lat="45.91772570000001" lon="6.8591024">
        <ele>1048.0863636363636</ele>
      </trkpt>
      <trkpt lat="45.9177123" lon="6.859007500000001">
        <ele>1048.1372727272726</ele>
      </trkpt>
      <trkpt lat="45.917703399999986" lon="6.8589438">
        <ele>1048.1936363636362</ele>
      </trkpt>
      <trkpt lat="45.91770000000001" lon="6.858920000000001">
        <ele>1048.2627272727273</ele>
      </trkpt>
      <trkpt lat="45.91769540000003" lon="6.858894699999999">
        <ele>1048.3045454545454</ele>
      </trkpt>
      <trkpt lat="45.917683199999985" lon="6.8588276">
        <ele>1048.34</ele>
      </trkpt>
      <trkpt lat="45.91766530000002" lon="6.858729199999999">
        <ele>1048.3336363636363</ele>
      </trkpt>
      <trkpt lat="45.9176436" lon="6.858609800000001">
        <ele>1048.3581818181817</ele>
      </trkpt>
      <trkpt lat="45.91762" lon="6.85848">
        <ele>1048.3572727272726</ele>
      </trkpt>
      <trkpt lat="45.91759640000002" lon="6.858350199999999">
        <ele>1048.3563636363635</ele>
      </trkpt>
      <trkpt lat="45.91757469999998" lon="6.858230800000001">
        <ele>1048.3572727272726</ele>
      </trkpt>
      <trkpt lat="45.91755680000001" lon="6.8581323">
        <ele>1048.3863636363637</ele>
      </trkpt>
      <trkpt lat="45.91754459999999" lon="6.8580653">
        <ele>1048.3727272727274</ele>
      </trkpt>
      <trkpt lat="45.91754000000001" lon="6.858039999999999">
        <ele>1048.371818181818</ele>
      </trkpt>
      <trkpt lat="45.9175334" lon="6.8580092">
        <ele>1048.3672727272726</ele>
      </trkpt>
      <trkpt lat="45.91751640000001" lon="6.8579298">
        <ele>1048.3772727272726</ele>
      </trkpt>
      <trkpt lat="45.917492400000015" lon="6.857818000000001">
        <ele>1048.360909090909</ele>
      </trkpt>
      <trkpt lat="45.91746499999999" lon="6.857689999999999">
        <ele>1048.3545454545454</ele>
      </trkpt>
      <trkpt lat="45.9174375" lon="6.857561999999999">
        <ele>1048.34</ele>
      </trkpt>
      <trkpt lat="45.9174136" lon="6.8574502">
        <ele>1048.3500000000001</ele>
      </trkpt>
      <trkpt lat="45.91739659999999" lon="6.8573708">
        <ele>1048.351818181818</ele>
      </trkpt>
      <trkpt lat="45.917390000000005" lon="6.857339999999999">
        <ele>1048.34</ele>
      </trkpt>
      <trkpt lat="45.91738659999997" lon="6.857319199999999">
        <ele>1048.3336363636363</ele>
      </trkpt>
      <trkpt lat="45.91737739999999" lon="6.8572624">
        <ele>1048.3372727272726</ele>
      </trkpt>
      <trkpt lat="45.917363499999986" lon="6.8571763">
        <ele>1048.3381818181817</ele>
      </trkpt>
      <trkpt lat="45.917345799999985" lon="6.8570671999999995">
        <ele>1048.3254545454547</ele>
      </trkpt>
      <trkpt lat="45.91732559999999" lon="6.856941899999999">
        <ele>1048.2963636363638</ele>
      </trkpt>
      <trkpt lat="45.91730369999998" lon="6.8568067">
        <ele>1048.2527272727273</ele>
      </trkpt>
      <trkpt lat="45.91728130000003" lon="6.856668300000001">
        <ele>1048.206363636364</ele>
      </trkpt>
      <trkpt lat="45.91725940000001" lon="6.8565331">
        <ele>1048.1554545454546</ele>
      </trkpt>
      <trkpt lat="45.91723910000002" lon="6.8564077999999995">
        <ele>1048.0936363636363</ele>
      </trkpt>
      <trkpt lat="45.91722149999996" lon="6.856298700000002">
        <ele>1048.0145454545454</ele>
      </trkpt>
      <trkpt lat="45.91720759999998" lon="6.856212600000001">
        <ele>1047.939090909091</ele>
      </trkpt>
      <trkpt lat="45.9171984" lon="6.8561558">
        <ele>1047.823636363636</ele>
      </trkpt>
      <trkpt lat="45.91719499999997" lon="6.856134999999998">
        <ele>1047.711818181818</ele>
      </trkpt>
      <trkpt lat="45.917191599999995" lon="6.8561142">
        <ele>1047.5763636363636</ele>
      </trkpt>
      <trkpt lat="45.91718239999999" lon="6.8560574">
        <ele>1047.4345454545453</ele>
      </trkpt>
      <trkpt lat="45.9171685" lon="6.855971299999999">
        <ele>1047.2754545454547</ele>
      </trkpt>
      <trkpt lat="45.9171509" lon="6.855862200000001">
        <ele>1047.0981818181817</ele>
      </trkpt>
      <trkpt lat="45.91713060000001" lon="6.855736900000001">
        <ele>1046.8936363636365</ele>
      </trkpt>
      <trkpt lat="45.91710870000002" lon="6.8556017">
        <ele>1046.6618181818183</ele>
      </trkpt>
      <trkpt lat="45.917086299999994" lon="6.8554633">
        <ele>1046.3909090909092</ele>
      </trkpt>
      <trkpt lat="45.9170644" lon="6.8553281">
        <ele>1046.1454545454546</ele>
      </trkpt>
      <trkpt lat="45.91704420000001" lon="6.8552028">
        <ele>1045.8927272727274</ele>
      </trkpt>
      <trkpt lat="45.917026500000006" lon="6.855093700000001">
        <ele>1045.6499999999999</ele>
      </trkpt>
      <trkpt lat="45.9170126" lon="6.855007600000001">
        <ele>1045.400909090909</ele>
      </trkpt>
      <trkpt lat="45.91700339999999" lon="6.854950799999999">
        <ele>1045.1336363636362</ele>
      </trkpt>
      <trkpt lat="45.917000000000016" lon="6.85493">
        <ele>1044.8472727272726</ele>
      </trkpt>
      <trkpt lat="45.916992699999994" lon="6.8548918">
        <ele>1044.5536363636363</ele>
      </trkpt>
      <trkpt lat="45.91697410000001" lon="6.854795400000001">
        <ele>1044.2990909090909</ele>
      </trkpt>
      <trkpt lat="45.91694879999999" lon="6.854663999999999">
        <ele>1044.0736363636363</ele>
      </trkpt>
      <trkpt lat="45.916921200000004" lon="6.854521">
        <ele>1043.8536363636365</ele>
      </trkpt>
      <trkpt lat="45.916895899999986" lon="6.8543896">
        <ele>1043.6509090909092</ele>
      </trkpt>
      <trkpt lat="45.9168773" lon="6.8542931">
        <ele>1043.391818181818</ele>
      </trkpt>
      <trkpt lat="45.91687000000003" lon="6.854255000000001">
        <ele>1043.1327272727274</ele>
      </trkpt>
      <trkpt lat="45.916862600000016" lon="6.8542169">
        <ele>1042.8636363636363</ele>
      </trkpt>
      <trkpt lat="45.91684409999998" lon="6.8541204">
        <ele>1042.6018181818183</ele>
      </trkpt>
      <trkpt lat="45.91681869999999" lon="6.853988999999999">
        <ele>1042.390909090909</ele>
      </trkpt>
      <trkpt lat="45.9167912" lon="6.853845999999999">
        <ele>1042.219090909091</ele>
      </trkpt>
      <trkpt lat="45.91676590000001" lon="6.8537146">
        <ele>1042.0590909090909</ele>
      </trkpt>
      <trkpt lat="45.9167473" lon="6.853618199999999">
        <ele>1041.8663636363635</ele>
      </trkpt>
      <trkpt lat="45.916740000000004" lon="6.853579999999999">
        <ele>1041.6563636363635</ele>
      </trkpt>
      <trkpt lat="45.916736799999995" lon="6.853557399999999">
        <ele>1041.4172727272728</ele>
      </trkpt>
      <trkpt lat="45.916728000000006" lon="6.853496200000001">
        <ele>1041.1554545454546</ele>
      </trkpt>
      <trkpt lat="45.91671489999996" lon="6.853404200000001">
        <ele>1040.93</ele>
      </trkpt>
      <trkpt lat="45.91669839999998" lon="6.853289">
        <ele>1040.6436363636365</ele>
      </trkpt>
      <trkpt lat="45.9166797" lon="6.853158399999999">
        <ele>1040.3390909090908</ele>
      </trkpt>
      <trkpt lat="45.916659999999965" lon="6.85302">
        <ele>1039.9927272727275</ele>
      </trkpt>
      <trkpt lat="45.91664019999999" lon="6.852881700000002">
        <ele>1039.6254545454547</ele>
      </trkpt>
      <trkpt lat="45.91662159999998" lon="6.852751">
        <ele>1039.2663636363636</ele>
      </trkpt>
      <trkpt lat="45.916605100000005" lon="6.8526358">
        <ele>1038.8845454545453</ele>
      </trkpt>
      <trkpt lat="45.916592" lon="6.8525438">
        <ele>1038.4827272727273</ele>
      </trkpt>
      <trkpt lat="45.91658319999999" lon="6.8524826">
        <ele>1038.050909090909</ele>
      </trkpt>
      <trkpt lat="45.91658000000001" lon="6.85246">
        <ele>1037.5763636363636</ele>
      </trkpt>
      <trkpt lat="45.9165768" lon="6.8524374">
        <ele>1037.0827272727272</ele>
      </trkpt>
      <trkpt lat="45.916567999999984" lon="6.8523762">
        <ele>1036.5372727272727</ele>
      </trkpt>
      <trkpt lat="45.91655489999999" lon="6.852284200000001">
        <ele>1035.9936363636364</ele>
      </trkpt>
      <trkpt lat="45.91653840000001" lon="6.852169">
        <ele>1035.4336363636364</ele>
      </trkpt>
      <trkpt lat="45.9165198" lon="6.8520382999999985">
        <ele>1034.848181818182</ele>
      </trkpt>
      <trkpt lat="45.9165" lon="6.8519000000000005">
        <ele>1034.2672727272727</ele>
      </trkpt>
      <trkpt lat="45.91648029999999" lon="6.8517616">
        <ele>1033.6745454545455</ele>
      </trkpt>
      <trkpt lat="45.916461600000005" lon="6.851631">
        <ele>1033.0545454545454</ele>
      </trkpt>
      <trkpt lat="45.916445100000004" lon="6.8515158">
        <ele>1032.4063636363637</ele>
      </trkpt>
      <trkpt lat="45.91643199999998" lon="6.8514238">
        <ele>1031.76</ele>
      </trkpt>
      <trkpt lat="45.91642319999999" lon="6.8513626">
        <ele>1031.1636363636362</ele>
      </trkpt>
      <trkpt lat="45.91642000000004" lon="6.851340000000001">
        <ele>1030.5581818181818</ele>
      </trkpt>
      <trkpt lat="45.91640180000002" lon="6.8512512">
        <ele>1029.9409090909087</ele>
      </trkpt>
      <trkpt lat="45.9163684" lon="6.851088699999999">
        <ele>1029.3336363636363</ele>
      </trkpt>
      <trkpt lat="45.91634999999999" lon="6.851000000000001">
        <ele>1028.7527272727273</ele>
      </trkpt>
      <trkpt lat="45.91633569999999" lon="6.850958500000001">
        <ele>1028.2181818181818</ele>
      </trkpt>
      <trkpt lat="45.91630060000001" lon="6.850856799999999">
        <ele>1027.6772727272728</ele>
      </trkpt>
      <trkpt lat="45.916255100000015" lon="6.850725">
        <ele>1027.0990909090908</ele>
      </trkpt>
      <trkpt lat="45.91620950000001" lon="6.850593199999999">
        <ele>1026.5345454545454</ele>
      </trkpt>
      <trkpt lat="45.916174399999974" lon="6.850491500000001">
        <ele>1026.0436363636363</ele>
      </trkpt>
      <trkpt lat="45.91615999999998" lon="6.850450000000001">
        <ele>1025.5427272727272</ele>
      </trkpt>
      <trkpt lat="45.916139399999985" lon="6.850399200000001">
        <ele>1025.057272727273</ele>
      </trkpt>
      <trkpt lat="45.91609509999999" lon="6.8502899">
        <ele>1024.6445454545456</ele>
      </trkpt>
      <trkpt lat="45.916050699999985" lon="6.8501807">
        <ele>1024.3118181818181</ele>
      </trkpt>
      <trkpt lat="45.91602999999999" lon="6.850129999999999">
        <ele>1024.037272727273</ele>
      </trkpt>
      <trkpt lat="45.915980000000005" lon="6.8500700000000005">
        <ele>1023.7627272727273</ele>
      </trkpt>
      <trkpt lat="45.915889999999976" lon="6.85005">
        <ele>1023.4981818181816</ele>
      </trkpt>
      <trkpt lat="45.915880699999995" lon="6.850019299999999">
        <ele>1023.260909090909</ele>
      </trkpt>
      <trkpt lat="45.9158569" lon="6.8499399">
        <ele>1023.0718181818182</ele>
      </trkpt>
      <trkpt lat="45.91582339999998" lon="6.8498281">
        <ele>1022.9372727272727</ele>
      </trkpt>
      <trkpt lat="45.91578499999999" lon="6.8496999999999995">
        <ele>1022.8154545454546</ele>
      </trkpt>
      <trkpt lat="45.915746600000006" lon="6.849571899999998">
        <ele>1022.7500000000001</ele>
      </trkpt>
      <trkpt lat="45.91571310000001" lon="6.849460099999999">
        <ele>1022.7100000000002</ele>
      </trkpt>
      <trkpt lat="45.91568929999999" lon="6.849380699999999">
        <ele>1022.6718181818183</ele>
      </trkpt>
      <trkpt lat="45.91568000000001" lon="6.84935">
        <ele>1022.638181818182</ele>
      </trkpt>
      <trkpt lat="45.91564999999999" lon="6.8493055">
        <ele>1022.6254545454548</ele>
      </trkpt>
      <trkpt lat="45.91558509999999" lon="6.849209900000001">
        <ele>1022.6672727272729</ele>
      </trkpt>
      <trkpt lat="45.91552010000001" lon="6.8491144">
        <ele>1022.7209090909091</ele>
      </trkpt>
      <trkpt lat="45.91548999999997" lon="6.84907">
        <ele>1022.7881818181818</ele>
      </trkpt>
      <trkpt lat="45.91546640000002" lon="6.8489995">
        <ele>1022.8827272727272</ele>
      </trkpt>
      <trkpt lat="45.9154236" lon="6.8488706">
        <ele>1022.9790909090908</ele>
      </trkpt>
      <trkpt lat="45.9154" lon="6.848799999999999">
        <ele>1023.1045454545455</ele>
      </trkpt>
      <trkpt lat="45.91537149999997" lon="6.848754">
        <ele>1023.2327272727274</ele>
      </trkpt>
      <trkpt lat="45.91531" lon="6.848654999999999">
        <ele>1023.3636363636364</ele>
      </trkpt>
      <trkpt lat="45.915248399999996" lon="6.848556">
        <ele>1023.4845454545456</ele>
      </trkpt>
      <trkpt lat="45.91522" lon="6.848510000000001">
        <ele>1023.6427272727274</ele>
      </trkpt>
      <trkpt lat="45.9152" lon="6.848369999999999">
        <ele>1023.7336363636365</ele>
      </trkpt>
      <trkpt lat="45.915170100000005" lon="6.848274900000001">
        <ele>1023.8118181818182</ele>
      </trkpt>
      <trkpt lat="45.915140000000015" lon="6.84818">
        <ele>1023.8954545454544</ele>
      </trkpt>
      <trkpt lat="45.915117800000004" lon="6.8481308">
        <ele>1023.9790909090908</ele>
      </trkpt>
      <trkpt lat="45.91506989999999" lon="6.848025">
        <ele>1024.0181818181818</ele>
      </trkpt>
      <trkpt lat="45.91502209999998" lon="6.847919199999999">
        <ele>1024.0036363636364</ele>
      </trkpt>
      <trkpt lat="45.91499999999999" lon="6.847870000000001">
        <ele>1023.92</ele>
      </trkpt>
      <trkpt lat="45.91498719999999" lon="6.8478183">
        <ele>1023.8227272727272</ele>
      </trkpt>
      <trkpt lat="45.914957500000014" lon="6.8476972">
        <ele>1023.670909090909</ele>
      </trkpt>
      <trkpt lat="45.914922200000014" lon="6.847552900000001">
        <ele>1023.4518181818183</ele>
      </trkpt>
      <trkpt lat="45.91489259999999" lon="6.847431800000001">
        <ele>1023.22</ele>
      </trkpt>
      <trkpt lat="45.914879999999975" lon="6.847379999999999">
        <ele>1023.03</ele>
      </trkpt>
      <trkpt lat="45.9148721" lon="6.8473229">
        <ele>1022.8127272727273</ele>
      </trkpt>
      <trkpt lat="45.91485510000003" lon="6.8472">
        <ele>1022.5818181818181</ele>
      </trkpt>
      <trkpt lat="45.91483809999999" lon="6.847077">
        <ele>1022.3627272727273</ele>
      </trkpt>
      <trkpt lat="45.91482999999998" lon="6.84702">
        <ele>1022.2836363636364</ele>
      </trkpt>
      <trkpt lat="45.91480480000001" lon="6.846966">
        <ele>1022.4254545454546</ele>
      </trkpt>
      <trkpt lat="45.91475020000002" lon="6.846849800000001">
        <ele>1022.5590909090911</ele>
      </trkpt>
      <trkpt lat="45.9146954" lon="6.846733700000001">
        <ele>1022.8109090909093</ele>
      </trkpt>
      <trkpt lat="45.914670000000015" lon="6.84668">
        <ele>1023.3145454545455</ele>
      </trkpt>
      <trkpt lat="45.91460519999998" lon="6.8465997">
        <ele>1024.2581818181816</ele>
      </trkpt>
      <trkpt lat="45.91453999999998" lon="6.84652">
        <ele>1025.3645454545456</ele>
      </trkpt>
      <trkpt lat="45.9145227" lon="6.846508099999999">
        <ele>1026.2027272727273</ele>
      </trkpt>
      <trkpt lat="45.91447659999999" lon="6.846476399999999">
        <ele>1027.1372727272726</ele>
      </trkpt>
      <trkpt lat="45.9144089" lon="6.84643">
        <ele>1028.1436363636362</ele>
      </trkpt>
      <trkpt lat="45.91432680000001" lon="6.846373699999999">
        <ele>1028.9472727272728</ele>
      </trkpt>
      <trkpt lat="45.91423750000002" lon="6.8463124">
        <ele>1029.7936363636366</ele>
      </trkpt>
      <trkpt lat="45.91414820000001" lon="6.8462512">
        <ele>1030.370909090909</ele>
      </trkpt>
      <trkpt lat="45.914066200000015" lon="6.8461948999999995">
        <ele>1031.0518181818181</ele>
      </trkpt>
      <trkpt lat="45.91399849999999" lon="6.8461485">
        <ele>1031.4381818181819</ele>
      </trkpt>
      <trkpt lat="45.91395229999999" lon="6.846116899999999">
        <ele>1031.595454545455</ele>
      </trkpt>
      <trkpt lat="45.91393500000001" lon="6.846104999999999">
        <ele>1031.5281818181818</ele>
      </trkpt>
      <trkpt lat="45.9139177" lon="6.8460931">
        <ele>1031.4054545454544</ele>
      </trkpt>
      <trkpt lat="45.9138715" lon="6.8460614">
        <ele>1031.6545454545453</ele>
      </trkpt>
      <trkpt lat="45.9138039" lon="6.846015000000001">
        <ele>1031.8927272727271</ele>
      </trkpt>
      <trkpt lat="45.91372180000001" lon="6.8459585999999994">
        <ele>1032.0381818181818</ele>
      </trkpt>
      <trkpt lat="45.91363250000002" lon="6.845897400000001">
        <ele>1032.2181818181818</ele>
      </trkpt>
      <trkpt lat="45.91354330000003" lon="6.8458361000000005">
        <ele>1032.0563636363638</ele>
      </trkpt>
      <trkpt lat="45.91346120000001" lon="6.8457798">
        <ele>1031.6027272727272</ele>
      </trkpt>
      <trkpt lat="45.91339349999999" lon="6.8457334">
        <ele>1030.96</ele>
      </trkpt>
      <trkpt lat="45.913347399999985" lon="6.8457018">
        <ele>1030.48</ele>
      </trkpt>
      <trkpt lat="45.91333000000001" lon="6.84569">
        <ele>1030.0009090909093</ele>
      </trkpt>
      <trkpt lat="45.9132841" lon="6.8456896">
        <ele>1029.4254545454546</ele>
      </trkpt>
      <trkpt lat="45.91318500000002" lon="6.845689699999999">
        <ele>1028.6209090909092</ele>
      </trkpt>
      <trkpt lat="45.91308590000001" lon="6.8456899">
        <ele>1027.609090909091</ele>
      </trkpt>
      <trkpt lat="45.91304" lon="6.84569">
        <ele>1026.5609090909093</ele>
      </trkpt>
      <trkpt lat="45.913014000000004" lon="6.845687200000001">
        <ele>1025.5063636363636</ele>
      </trkpt>
      <trkpt lat="45.91294829999999" lon="6.845680099999999">
        <ele>1024.639090909091</ele>
      </trkpt>
      <trkpt lat="45.91285870000001" lon="6.8456705">
        <ele>1023.9490909090908</ele>
      </trkpt>
      <trkpt lat="45.91276120000002" lon="6.8456599">
        <ele>1023.5863636363636</ele>
      </trkpt>
      <trkpt lat="45.912671700000004" lon="6.8456502">
        <ele>1023.3636363636364</ele>
      </trkpt>
      <trkpt lat="45.91260599999997" lon="6.845643">
        <ele>1023.1772727272727</ele>
      </trkpt>
      <trkpt lat="45.91257999999999" lon="6.845640000000001">
        <ele>1023.042727272727</ele>
      </trkpt>
      <trkpt lat="45.9125607" lon="6.845630300000001">
        <ele>1022.9754545454545</ele>
      </trkpt>
      <trkpt lat="45.91251" lon="6.8456045">
        <ele>1023.1518181818182</ele>
      </trkpt>
      <trkpt lat="45.91243689999999" lon="6.845567399999999">
        <ele>1023.5445454545454</ele>
      </trkpt>
      <trkpt lat="45.912350400000015" lon="6.845523299999999">
        <ele>1023.8654545454546</ele>
      </trkpt>
      <trkpt lat="45.91225950000001" lon="6.845477">
        <ele>1024.3036363636363</ele>
      </trkpt>
      <trkpt lat="45.91217299999999" lon="6.845432999999999">
        <ele>1024.658181818182</ele>
      </trkpt>
      <trkpt lat="45.9121" lon="6.8453957">
        <ele>1024.7663636363638</ele>
      </trkpt>
      <trkpt lat="45.9120493" lon="6.845369899999999">
        <ele>1025.0372727272727</ele>
      </trkpt>
      <trkpt lat="45.91203000000001" lon="6.8453599999999994">
        <ele>1025.300909090909</ele>
      </trkpt>
      <trkpt lat="45.91200029999996" lon="6.845336800000001">
        <ele>1025.5263636363636</ele>
      </trkpt>
      <trkpt lat="45.91193109999997" lon="6.845282500000001">
        <ele>1025.6854545454546</ele>
      </trkpt>
      <trkpt lat="45.91184879999998" lon="6.845217800000001">
        <ele>1025.732727272727</ele>
      </trkpt>
      <trkpt lat="45.911779599999996" lon="6.8451634">
        <ele>1025.590909090909</ele>
      </trkpt>
      <trkpt lat="45.91174999999999" lon="6.845140000000001">
        <ele>1025.34</ele>
      </trkpt>
      <trkpt lat="45.91170549999998" lon="6.845085199999999">
        <ele>1025.1336363636362</ele>
      </trkpt>
      <trkpt lat="45.911624399999994" lon="6.844984900000001">
        <ele>1024.8972727272726</ele>
      </trkpt>
      <trkpt lat="45.91158000000001" lon="6.84493">
        <ele>1024.7945454545454</ele>
      </trkpt>
      <trkpt lat="45.91152779999999" lon="6.844880400000002">
        <ele>1025.0809090909088</ele>
      </trkpt>
      <trkpt lat="45.9114322" lon="6.8447897">
        <ele>1025.2245454545455</ele>
      </trkpt>
      <trkpt lat="45.91138000000001" lon="6.844739999999999">
        <ele>1025.35</ele>
      </trkpt>
      <trkpt lat="45.91133819999999" lon="6.8446695">
        <ele>1025.5318181818182</ele>
      </trkpt>
      <trkpt lat="45.9112619" lon="6.844540400000001">
        <ele>1025.648181818182</ele>
      </trkpt>
      <trkpt lat="45.91122000000001" lon="6.84447">
        <ele>1025.71</ele>
      </trkpt>
      <trkpt lat="45.91120069999999" lon="6.8444532">
        <ele>1025.7154545454543</ele>
      </trkpt>
      <trkpt lat="45.911150799999994" lon="6.8444102">
        <ele>1025.8290909090906</ele>
      </trkpt>
      <trkpt lat="45.91108040000001" lon="6.844349500000001">
        <ele>1026.0509090909088</ele>
      </trkpt>
      <trkpt lat="45.91099990000001" lon="6.8442801">
        <ele>1026.219090909091</ele>
      </trkpt>
      <trkpt lat="45.910919400000004" lon="6.8442107">
        <ele>1026.4663636363634</ele>
      </trkpt>
      <trkpt lat="45.910849200000015" lon="6.84415">
        <ele>1026.611818181818</ele>
      </trkpt>
      <trkpt lat="45.910799299999994" lon="6.844106799999999">
        <ele>1026.8854545454544</ele>
      </trkpt>
      <trkpt lat="45.910779999999974" lon="6.84409">
        <ele>1027.280909090909</ele>
      </trkpt>
      <trkpt lat="45.91076549999998" lon="6.8440539">
        <ele>1027.709090909091</ele>
      </trkpt>
      <trkpt lat="45.9107304" lon="6.843965100000001">
        <ele>1028.2154545454543</ele>
      </trkpt>
      <trkpt lat="45.910684899999985" lon="6.843850099999999">
        <ele>1028.8427272727274</ele>
      </trkpt>
      <trkpt lat="45.910639500000016" lon="6.843735">
        <ele>1029.3990909090908</ele>
      </trkpt>
      <trkpt lat="45.910604400000004" lon="6.8436462">
        <ele>1030.0745454545456</ele>
      </trkpt>
      <trkpt lat="45.91059000000001" lon="6.843609999999999">
        <ele>1030.6745454545455</ele>
      </trkpt>
      <trkpt lat="45.91057250000001" lon="6.843588399999999">
        <ele>1030.971818181818</ele>
      </trkpt>
      <trkpt lat="45.91052709999996" lon="6.8435328">
        <ele>1031.1218181818183</ele>
      </trkpt>
      <trkpt lat="45.91046320000002" lon="6.843454600000001">
        <ele>1031.1618181818183</ele>
      </trkpt>
      <trkpt lat="45.91039000000001" lon="6.843365">
        <ele>1031.2463636363636</ele>
      </trkpt>
      <trkpt lat="45.910316800000004" lon="6.8432754">
        <ele>1031.5800000000002</ele>
      </trkpt>
      <trkpt lat="45.91025289999998" lon="6.8431972000000005">
        <ele>1032.0400000000002</ele>
      </trkpt>
      <trkpt lat="45.91020750000001" lon="6.843141600000001">
        <ele>1032.7818181818182</ele>
      </trkpt>
      <trkpt lat="45.91019000000001" lon="6.84312">
        <ele>1033.4581818181816</ele>
      </trkpt>
      <trkpt lat="45.910174" lon="6.843076700000001">
        <ele>1034.320909090909</ele>
      </trkpt>
      <trkpt lat="45.910137" lon="6.8429754">
        <ele>1034.8827272727274</ele>
      </trkpt>
      <trkpt lat="45.910093" lon="6.842854699999999">
        <ele>1035.4345454545455</ele>
      </trkpt>
      <trkpt lat="45.91005600000001" lon="6.8427533">
        <ele>1036.299090909091</ele>
      </trkpt>
      <trkpt lat="45.91004000000002" lon="6.84271">
        <ele>1037.138181818182</ele>
      </trkpt>
      <trkpt lat="45.910014699999984" lon="6.8426792">
        <ele>1038.0345454545457</ele>
      </trkpt>
      <trkpt lat="45.909955300000014" lon="6.8426076">
        <ele>1038.8472727272726</ele>
      </trkpt>
      <trkpt lat="45.909884700000006" lon="6.8425224">
        <ele>1039.059090909091</ele>
      </trkpt>
      <trkpt lat="45.90982529999998" lon="6.842450800000001">
        <ele>1039.0772727272727</ele>
      </trkpt>
      <trkpt lat="45.90979999999999" lon="6.842420000000001">
        <ele>1038.7281818181818</ele>
      </trkpt>
      <trkpt lat="45.909777700000014" lon="6.842361600000001">
        <ele>1038.2054545454541</ele>
      </trkpt>
      <trkpt lat="45.909729999999996" lon="6.842235">
        <ele>1037.6772727272726</ele>
      </trkpt>
      <trkpt lat="45.90968219999998" lon="6.842108500000001">
        <ele>1037.5454545454543</ele>
      </trkpt>
      <trkpt lat="45.909659999999995" lon="6.8420499999999995">
        <ele>1037.5045454545455</ele>
      </trkpt>
      <trkpt lat="45.90964139999999" lon="6.842020000000001">
        <ele>1037.4963636363636</ele>
      </trkpt>
      <trkpt lat="45.90959419999999" lon="6.841944300000001">
        <ele>1037.4763636363639</ele>
      </trkpt>
      <trkpt lat="45.90952999999997" lon="6.8418411">
        <ele>1037.468181818182</ele>
      </trkpt>
      <trkpt lat="45.909459999999996" lon="6.841728899999999">
        <ele>1037.4409090909091</ele>
      </trkpt>
      <trkpt lat="45.9093958" lon="6.8416257">
        <ele>1037.7409090909093</ele>
      </trkpt>
      <trkpt lat="45.9093486" lon="6.84155">
        <ele>1038.0790909090908</ele>
      </trkpt>
      <trkpt lat="45.90933000000002" lon="6.841519999999999">
        <ele>1038.470909090909</ele>
      </trkpt>
      <trkpt lat="45.909318100000014" lon="6.841492799999999">
        <ele>1039.1981818181816</ele>
      </trkpt>
      <trkpt lat="45.90928739999994" lon="6.841422499999999">
        <ele>1039.9409090909091</ele>
      </trkpt>
      <trkpt lat="45.9092443" lon="6.8413235">
        <ele>1040.3936363636365</ele>
      </trkpt>
      <trkpt lat="45.909194899999996" lon="6.841210099999999">
        <ele>1040.8681818181817</ele>
      </trkpt>
      <trkpt lat="45.90914549999999" lon="6.8410967">
        <ele>1041.6409090909092</ele>
      </trkpt>
      <trkpt lat="45.909102399999995" lon="6.8409977">
        <ele>1042.5418181818184</ele>
      </trkpt>
      <trkpt lat="45.90907179999999" lon="6.8409273">
        <ele>1043.3081818181818</ele>
      </trkpt>
      <trkpt lat="45.90906000000002" lon="6.8408999999999995">
        <ele>1043.7927272727275</ele>
      </trkpt>
      <trkpt lat="45.9090441" lon="6.8408368">
        <ele>1043.8009090909093</ele>
      </trkpt>
      <trkpt lat="45.909009999999995" lon="6.840699999999999">
        <ele>1043.2609090909093</ele>
      </trkpt>
      <trkpt lat="45.908975899999994" lon="6.8405632999999995">
        <ele>1042.3554545454547</ele>
      </trkpt>
      <trkpt lat="45.90896" lon="6.840499999999998">
        <ele>1041.2063636363637</ele>
      </trkpt>
      <trkpt lat="45.90893999999997" lon="6.8404524">
        <ele>1039.9563636363637</ele>
      </trkpt>
      <trkpt lat="45.9088929" lon="6.8403413">
        <ele>1038.49</ele>
      </trkpt>
      <trkpt lat="45.908836899999976" lon="6.840208800000001">
        <ele>1036.8400000000001</ele>
      </trkpt>
      <trkpt lat="45.908789899999995" lon="6.840097600000001">
        <ele>1034.8463636363638</ele>
      </trkpt>
      <trkpt lat="45.90876999999999" lon="6.84005">
        <ele>1032.6754545454548</ele>
      </trkpt>
      <trkpt lat="45.90876689999998" lon="6.840009199999999">
        <ele>1030.6336363636365</ele>
      </trkpt>
      <trkpt lat="45.90875949999999" lon="6.8399094">
        <ele>1028.8227272727272</ele>
      </trkpt>
      <trkpt lat="45.90874999999999" lon="6.83978">
        <ele>1027.2881818181818</ele>
      </trkpt>
      <trkpt lat="45.908740499999986" lon="6.8396506">
        <ele>1026.3172727272727</ele>
      </trkpt>
      <trkpt lat="45.90873319999999" lon="6.8395508000000005">
        <ele>1025.7681818181818</ele>
      </trkpt>
      <trkpt lat="45.908729999999984" lon="6.83951">
        <ele>1025.368181818182</ele>
      </trkpt>
      <trkpt lat="45.9087199" lon="6.8394829">
        <ele>1025.0327272727275</ele>
      </trkpt>
      <trkpt lat="45.90869330000001" lon="6.839411999999999">
        <ele>1024.8418181818183</ele>
      </trkpt>
      <trkpt lat="45.9086548" lon="6.839309700000001">
        <ele>1024.629090909091</ele>
      </trkpt>
      <trkpt lat="45.90860919999999" lon="6.839188600000001">
        <ele>1024.419090909091</ele>
      </trkpt>
      <trkpt lat="45.90856120000002" lon="6.8390612">
        <ele>1024.1872727272728</ele>
      </trkpt>
      <trkpt lat="45.90851559999999" lon="6.838940099999999">
        <ele>1023.9609090909092</ele>
      </trkpt>
      <trkpt lat="45.908477000000005" lon="6.838837799999999">
        <ele>1023.7454545454547</ele>
      </trkpt>
      <trkpt lat="45.90845020000002" lon="6.838766999999999">
        <ele>1023.4281818181818</ele>
      </trkpt>
      <trkpt lat="45.908439999999985" lon="6.83874">
        <ele>1022.9581818181817</ele>
      </trkpt>
      <trkpt lat="45.9084225" lon="6.8387127">
        <ele>1022.5200000000001</ele>
      </trkpt>
      <trkpt lat="45.90837830000001" lon="6.838644099999999">
        <ele>1021.8972727272726</ele>
      </trkpt>
      <trkpt lat="45.90831800000001" lon="6.8385507">
        <ele>1021.2281818181818</ele>
      </trkpt>
      <trkpt lat="45.90825230000002" lon="6.838449">
        <ele>1020.5209090909091</ele>
      </trkpt>
      <trkpt lat="45.90819189999997" lon="6.838355599999999">
        <ele>1019.7790909090909</ele>
      </trkpt>
      <trkpt lat="45.90814760000001" lon="6.8382871">
        <ele>1018.8881818181818</ele>
      </trkpt>
      <trkpt lat="45.90813000000001" lon="6.83826">
        <ele>1018.1009090909091</ele>
      </trkpt>
      <trkpt lat="45.908102499999984" lon="6.8382251">
        <ele>1017.2609090909092</ele>
      </trkpt>
      <trkpt lat="45.90803819999999" lon="6.8381436">
        <ele>1016.3345454545455</ele>
      </trkpt>
      <trkpt lat="45.907961599999986" lon="6.8380466">
        <ele>1015.5290909090909</ele>
      </trkpt>
      <trkpt lat="45.90789739999999" lon="6.837965000000001">
        <ele>1014.8563636363638</ele>
      </trkpt>
      <trkpt lat="45.907869999999996" lon="6.83793">
        <ele>1014.1718181818183</ele>
      </trkpt>
      <trkpt lat="45.90785399999998" lon="6.8378815">
        <ele>1013.5581818181818</ele>
      </trkpt>
      <trkpt lat="45.907816900000014" lon="6.8377678">
        <ele>1012.7709090909091</ele>
      </trkpt>
      <trkpt lat="45.9077728" lon="6.8376324">
        <ele>1012.0918181818182</ele>
      </trkpt>
      <trkpt lat="45.907735800000005" lon="6.8375187">
        <ele>1011.7854545454545</ele>
      </trkpt>
      <trkpt lat="45.90771999999998" lon="6.837470000000001">
        <ele>1011.6918181818182</ele>
      </trkpt>
      <trkpt lat="45.9077041" lon="6.8373865">
        <ele>1011.5609090909091</ele>
      </trkpt>
      <trkpt lat="45.90767540000003" lon="6.8372337">
        <ele>1011.4281818181818</ele>
      </trkpt>
      <trkpt lat="45.90766000000001" lon="6.837150000000001">
        <ele>1011.2754545454544</ele>
      </trkpt>
      <trkpt lat="45.90768980000002" lon="6.837034999999999">
        <ele>1011.2881818181818</ele>
      </trkpt>
      <trkpt lat="45.90771999999998" lon="6.836919999999999">
        <ele>1011.5209090909091</ele>
      </trkpt>
      <trkpt lat="45.9077253" lon="6.836879899999999">
        <ele>1011.7636363636364</ele>
      </trkpt>
      <trkpt lat="45.9077383" lon="6.836782000000001">
        <ele>1012.0472727272728</ele>
      </trkpt>
      <trkpt lat="45.907755099999996" lon="6.836655">
        <ele>1012.4745454545456</ele>
      </trkpt>
      <trkpt lat="45.90777189999999" lon="6.8365281">
        <ele>1012.8563636363638</ele>
      </trkpt>
      <trkpt lat="45.907784800000016" lon="6.8364301">
        <ele>1013.0272727272727</ele>
      </trkpt>
      <trkpt lat="45.907790000000006" lon="6.83639">
        <ele>1013.3472727272728</ele>
      </trkpt>
      <trkpt lat="45.90775999999999" lon="6.836220000000001">
        <ele>1013.7672727272728</ele>
      </trkpt>
      <trkpt lat="45.90771509999999" lon="6.8361049">
        <ele>1014.3163636363638</ele>
      </trkpt>
      <trkpt lat="45.90766999999999" lon="6.835989999999999">
        <ele>1015.1063636363637</ele>
      </trkpt>
      <trkpt lat="45.90762519999999" lon="6.8359097">
        <ele>1015.9527272727272</ele>
      </trkpt>
      <trkpt lat="45.907579999999996" lon="6.8358300000000005">
        <ele>1016.3236363636363</ele>
      </trkpt>
      <trkpt lat="45.90754199999999" lon="6.8358061">
        <ele>1016.158181818182</ele>
      </trkpt>
      <trkpt lat="45.90746" lon="6.835755">
        <ele>1015.9854545454546</ele>
      </trkpt>
      <trkpt lat="45.90737799999998" lon="6.8357038999999995">
        <ele>1015.7727272727273</ele>
      </trkpt>
      <trkpt lat="45.907339999999984" lon="6.835680000000001">
        <ele>1015.4872727272726</ele>
      </trkpt>
      <trkpt lat="45.90727490000001" lon="6.8355902">
        <ele>1015.1281818181818</ele>
      </trkpt>
      <trkpt lat="45.907210000000006" lon="6.835500000000001">
        <ele>1014.6218181818182</ele>
      </trkpt>
      <trkpt lat="45.9071831" lon="6.8354525">
        <ele>1014.0399999999998</ele>
      </trkpt>
      <trkpt lat="45.907125" lon="6.835349999999999">
        <ele>1013.4163636363636</ele>
      </trkpt>
      <trkpt lat="45.907067000000026" lon="6.8352475">
        <ele>1012.6236363636364</ele>
      </trkpt>
      <trkpt lat="45.907039999999995" lon="6.8351999999999995">
        <ele>1011.7990909090912</ele>
      </trkpt>
      <trkpt lat="45.90700349999999" lon="6.8351527">
        <ele>1011.31</ele>
      </trkpt>
      <trkpt lat="45.906936700000024" lon="6.835066899999999">
        <ele>1011.4045454545455</ele>
      </trkpt>
      <trkpt lat="45.9069" lon="6.835020000000001">
        <ele>1011.4718181818181</ele>
      </trkpt>
      <trkpt lat="45.906819900000016" lon="6.8349602">
        <ele>1011.7090909090908</ele>
      </trkpt>
      <trkpt lat="45.906740000000006" lon="6.834900000000001">
        <ele>1012.180909090909</ele>
      </trkpt>
      <trkpt lat="45.906705800000005" lon="6.834821899999999">
        <ele>1012.8572727272727</ele>
      </trkpt>
      <trkpt lat="45.90664369999999" lon="6.8346786">
        <ele>1013.569090909091</ele>
      </trkpt>
      <trkpt lat="45.90661" lon="6.834599999999999">
        <ele>1014.4736363636363</ele>
      </trkpt>
      <trkpt lat="45.9066031" lon="6.834555499999999">
        <ele>1015.4472727272728</ele>
      </trkpt>
      <trkpt lat="45.90658640000002" lon="6.8344464">
        <ele>1016.8254545454547</ele>
      </trkpt>
      <trkpt lat="45.906564800000005" lon="6.834304999999999">
        <ele>1018.5027272727275</ele>
      </trkpt>
      <trkpt lat="45.90654330000001" lon="6.8341636">
        <ele>1020.47</ele>
      </trkpt>
      <trkpt lat="45.90652670000001" lon="6.834054499999999">
        <ele>1022.9381818181816</ele>
      </trkpt>
      <trkpt lat="45.90652" lon="6.83401">
        <ele>1025.4963636363636</ele>
      </trkpt>
      <trkpt lat="45.90652990000002" lon="6.833885">
        <ele>1027.8090909090909</ele>
      </trkpt>
      <trkpt lat="45.90654" lon="6.833759999999998">
        <ele>1029.9481818181819</ele>
      </trkpt>
      <trkpt lat="45.9065352" lon="6.833645000000001">
        <ele>1031.671818181818</ele>
      </trkpt>
      <trkpt lat="45.90653000000001" lon="6.8335300000000005">
        <ele>1032.9309090909092</ele>
      </trkpt>
      <trkpt lat="45.906479999999995" lon="6.83343">
        <ele>1033.668181818182</ele>
      </trkpt>
      <trkpt lat="45.90646370000001" lon="6.8334190999999995">
        <ele>1034.3018181818181</ele>
      </trkpt>
      <trkpt lat="45.90642020000001" lon="6.833390100000001">
        <ele>1034.1863636363637</ele>
      </trkpt>
      <trkpt lat="45.90635640000001" lon="6.8333475">
        <ele>1033.5263636363636</ele>
      </trkpt>
      <trkpt lat="45.90627910000001" lon="6.833296">
        <ele>1032.3600000000001</ele>
      </trkpt>
      <trkpt lat="45.90619500000001" lon="6.833239900000001">
        <ele>1030.6218181818183</ele>
      </trkpt>
      <trkpt lat="45.90611089999996" lon="6.8331838000000005">
        <ele>1028.7236363636364</ele>
      </trkpt>
      <trkpt lat="45.90603360000002" lon="6.833132300000001">
        <ele>1026.879090909091</ele>
      </trkpt>
      <trkpt lat="45.905969799999994" lon="6.8330898">
        <ele>1024.8545454545454</ele>
      </trkpt>
      <trkpt lat="45.905926400000006" lon="6.8330609">
        <ele>1022.8727272727275</ele>
      </trkpt>
      <trkpt lat="45.905910000000006" lon="6.83305">
        <ele>1021.2327272727274</ele>
      </trkpt>
      <trkpt lat="45.90587310000001" lon="6.833032">
        <ele>1019.8827272727275</ele>
      </trkpt>
      <trkpt lat="45.90578649999999" lon="6.8329901">
        <ele>1018.5518181818184</ele>
      </trkpt>
      <trkpt lat="45.90568350000001" lon="6.8329401">
        <ele>1017.630909090909</ele>
      </trkpt>
      <trkpt lat="45.90559689999999" lon="6.8328980999999995">
        <ele>1016.8754545454543</ele>
      </trkpt>
      <trkpt lat="45.905559999999994" lon="6.832880000000001">
        <ele>1016.1863636363636</ele>
      </trkpt>
      <trkpt lat="45.905523200000026" lon="6.8328332">
        <ele>1015.3781818181818</ele>
      </trkpt>
      <trkpt lat="45.9054566" lon="6.832747300000001">
        <ele>1014.7954545454544</ele>
      </trkpt>
      <trkpt lat="45.90541999999998" lon="6.832700000000001">
        <ele>1014.2527272727272</ele>
      </trkpt>
      <trkpt lat="45.90539559999999" lon="6.832667200000001">
        <ele>1014.0209090909091</ele>
      </trkpt>
      <trkpt lat="45.90533880000002" lon="6.8325906000000005">
        <ele>1014.3618181818182</ele>
      </trkpt>
      <trkpt lat="45.90527109999999" lon="6.832499500000001">
        <ele>1014.829090909091</ele>
      </trkpt>
      <trkpt lat="45.90521430000002" lon="6.832422900000001">
        <ele>1015.16</ele>
      </trkpt>
      <trkpt lat="45.905190000000005" lon="6.832389999999999">
        <ele>1015.4527272727272</ele>
      </trkpt>
      <trkpt lat="45.90517410000002" lon="6.832361200000001">
        <ele>1015.6709090909092</ele>
      </trkpt>
      <trkpt lat="45.90513410000001" lon="6.832288400000001">
        <ele>1015.85</ele>
      </trkpt>
      <trkpt lat="45.90507949999999" lon="6.8321892">
        <ele>1016.249090909091</ele>
      </trkpt>
      <trkpt lat="45.905020199999996" lon="6.832081100000001">
        <ele>1016.9309090909089</ele>
      </trkpt>
      <trkpt lat="45.90496569999999" lon="6.8319819">
        <ele>1017.6027272727274</ele>
      </trkpt>
      <trkpt lat="45.90492580000001" lon="6.8319090000000005">
        <ele>1018.4418181818182</ele>
      </trkpt>
      <trkpt lat="45.90491000000002" lon="6.831880000000001">
        <ele>1019.1281818181818</ele>
      </trkpt>
      <trkpt lat="45.9049014" lon="6.8318461">
        <ele>1019.4781818181817</ele>
      </trkpt>
      <trkpt lat="45.904880000000006" lon="6.831760399999999">
        <ele>1019.6227272727273</ele>
      </trkpt>
      <trkpt lat="45.90485079999999" lon="6.8316436000000005">
        <ele>1019.9772727272727</ele>
      </trkpt>
      <trkpt lat="45.90481909999999" lon="6.8315164">
        <ele>1020.2590909090908</ele>
      </trkpt>
      <trkpt lat="45.90478999999998" lon="6.831399600000002">
        <ele>1020.5381818181818</ele>
      </trkpt>
      <trkpt lat="45.904768600000004" lon="6.8313139">
        <ele>1020.8163636363638</ele>
      </trkpt>
      <trkpt lat="45.90476000000001" lon="6.83128">
        <ele>1020.7745454545455</ele>
      </trkpt>
      <trkpt lat="45.90475159999999" lon="6.831261399999999">
        <ele>1020.4809090909092</ele>
      </trkpt>
      <trkpt lat="45.9047286" lon="6.8312111">
        <ele>1020.1700000000001</ele>
      </trkpt>
      <trkpt lat="45.9046941" lon="6.8311355">
        <ele>1019.7099999999999</ele>
      </trkpt>
      <trkpt lat="45.90465099999999" lon="6.8310408">
        <ele>1019.3872727272726</ele>
      </trkpt>
      <trkpt lat="45.904602" lon="6.830933500000001">
        <ele>1018.950909090909</ele>
      </trkpt>
      <trkpt lat="45.904550099999994" lon="6.8308199">
        <ele>1018.7400000000001</ele>
      </trkpt>
      <trkpt lat="45.904498300000014" lon="6.8307062">
        <ele>1018.469090909091</ele>
      </trkpt>
      <trkpt lat="45.904449299999996" lon="6.830598900000001">
        <ele>1018.2918181818181</ele>
      </trkpt>
      <trkpt lat="45.90440610000001" lon="6.830504299999999">
        <ele>1018.1263636363636</ele>
      </trkpt>
      <trkpt lat="45.90437150000002" lon="6.830428800000001">
        <ele>1017.7427272727273</ele>
      </trkpt>
      <trkpt lat="45.904348499999976" lon="6.8303785">
        <ele>1017.330909090909</ele>
      </trkpt>
      <trkpt lat="45.90433999999998" lon="6.830360000000001">
        <ele>1016.8999999999997</ele>
      </trkpt>
      <trkpt lat="45.9043274" lon="6.8303439">
        <ele>1016.5081818181817</ele>
      </trkpt>
      <trkpt lat="45.904293399999986" lon="6.830300900000001">
        <ele>1016.4681818181817</ele>
      </trkpt>
      <trkpt lat="45.90424289999998" lon="6.8302369999999994">
        <ele>1016.4772727272727</ele>
      </trkpt>
      <trkpt lat="45.904180499999995" lon="6.830158099999999">
        <ele>1016.6927272727273</ele>
      </trkpt>
      <trkpt lat="45.904111000000015" lon="6.830070299999999">
        <ele>1016.8536363636363</ele>
      </trkpt>
      <trkpt lat="45.90403920000001" lon="6.8299794">
        <ele>1017.0263636363635</ele>
      </trkpt>
      <trkpt lat="45.903969700000026" lon="6.829891600000001">
        <ele>1017.2809090909091</ele>
      </trkpt>
      <trkpt lat="45.903907300000014" lon="6.8298127">
        <ele>1017.6300000000002</ele>
      </trkpt>
      <trkpt lat="45.90385670000001" lon="6.8297489">
        <ele>1018.0600000000002</ele>
      </trkpt>
      <trkpt lat="45.903822700000006" lon="6.829706000000001">
        <ele>1017.9954545454547</ele>
      </trkpt>
      <trkpt lat="45.90380999999999" lon="6.82969">
        <ele>1018.2654545454548</ele>
      </trkpt>
      <trkpt lat="45.90379069999998" lon="6.8296719">
        <ele>1018.7372727272727</ele>
      </trkpt>
      <trkpt lat="45.90374080000001" lon="6.8296253999999985">
        <ele>1019.1118181818182</ele>
      </trkpt>
      <trkpt lat="45.90367049999999" lon="6.829559899999999">
        <ele>1019.4563636363637</ele>
      </trkpt>
      <trkpt lat="45.903590000000015" lon="6.8294849">
        <ele>1019.5354545454545</ele>
      </trkpt>
      <trkpt lat="45.903509600000014" lon="6.829409999999999">
        <ele>1019.5845454545455</ele>
      </trkpt>
      <trkpt lat="45.9034393" lon="6.829344500000001">
        <ele>1019.5309090909091</ele>
      </trkpt>
      <trkpt lat="45.90338930000001" lon="6.8292980000000005">
        <ele>1019.4709090909091</ele>
      </trkpt>
      <trkpt lat="45.90336999999999" lon="6.82928">
        <ele>1019.1645454545454</ele>
      </trkpt>
      <trkpt lat="45.90335070000002" lon="6.829262000000001">
        <ele>1018.860909090909</ele>
      </trkpt>
      <trkpt lat="45.9033007" lon="6.8292155">
        <ele>1019.1427272727273</ele>
      </trkpt>
      <trkpt lat="45.903230399999984" lon="6.82915">
        <ele>1019.0663636363636</ele>
      </trkpt>
      <trkpt lat="45.90314999999998" lon="6.829075099999999">
        <ele>1018.5227272727275</ele>
      </trkpt>
      <trkpt lat="45.90306950000003" lon="6.8290001">
        <ele>1017.569090909091</ele>
      </trkpt>
      <trkpt lat="45.90299920000002" lon="6.828934600000001">
        <ele>1016.4418181818182</ele>
      </trkpt>
      <trkpt lat="45.902949299999996" lon="6.8288881">
        <ele>1015.3627272727274</ele>
      </trkpt>
      <trkpt lat="45.902930000000005" lon="6.82887">
        <ele>1014.1663636363638</ele>
      </trkpt>
      <trkpt lat="45.90290450000002" lon="6.828834199999999">
        <ele>1013.2709090909092</ele>
      </trkpt>
      <trkpt lat="45.90284509999999" lon="6.828750300000001">
        <ele>1012.5381818181818</ele>
      </trkpt>
      <trkpt lat="45.902774499999985" lon="6.8286503000000005">
        <ele>1012.2036363636363</ele>
      </trkpt>
      <trkpt lat="45.90271519999999" lon="6.828566199999999">
        <ele>1011.9245454545454</ele>
      </trkpt>
      <trkpt lat="45.90268999999999" lon="6.828529999999999">
        <ele>1011.7063636363636</ele>
      </trkpt>
      <trkpt lat="45.902681799999996" lon="6.828469900000001">
        <ele>1011.6045454545455</ele>
      </trkpt>
      <trkpt lat="45.9026647" lon="6.828340099999998">
        <ele>1011.6981818181819</ele>
      </trkpt>
      <trkpt lat="45.90264780000001" lon="6.828210300000002">
        <ele>1011.7618181818181</ele>
      </trkpt>
      <trkpt lat="45.90263999999998" lon="6.828150000000001">
        <ele>1011.9172727272727</ele>
      </trkpt>
      <trkpt lat="45.90263479999999" lon="6.828045000000001">
        <ele>1012.09</ele>
      </trkpt>
      <trkpt lat="45.90262999999999" lon="6.82794">
        <ele>1012.1345454545454</ele>
      </trkpt>
      <trkpt lat="45.90264260000002" lon="6.827881399999999">
        <ele>1011.7563636363637</ele>
      </trkpt>
      <trkpt lat="45.90266999999999" lon="6.827755">
        <ele>1010.9327272727273</ele>
      </trkpt>
      <trkpt lat="45.90269739999999" lon="6.827628600000001">
        <ele>1009.7409090909092</ele>
      </trkpt>
      <trkpt lat="45.90271" lon="6.827570000000001">
        <ele>1008.6600000000002</ele>
      </trkpt>
      <trkpt lat="45.90270040000003" lon="6.8274799">
        <ele>1007.7909090909092</ele>
      </trkpt>
      <trkpt lat="45.90268999999999" lon="6.827390000000002">
        <ele>1007.0572727272727</ele>
      </trkpt>
      <trkpt lat="45.90264009999997" lon="6.8272949">
        <ele>1006.1363636363636</ele>
      </trkpt>
      <trkpt lat="45.902590000000004" lon="6.8271999999999995">
        <ele>1005.2990909090909</ele>
      </trkpt>
      <trkpt lat="45.902590000000004" lon="6.827190000000001">
        <ele>1004.4181818181819</ele>
      </trkpt>
      <trkpt lat="45.90251999999998" lon="6.827079999999999">
        <ele>1003.5409090909092</ele>
      </trkpt>
      <trkpt lat="45.902490399999984" lon="6.827051399999999">
        <ele>1002.8563636363637</ele>
      </trkpt>
      <trkpt lat="45.90242130000002" lon="6.826984599999999">
        <ele>1002.3127272727271</ele>
      </trkpt>
      <trkpt lat="45.90233889999998" lon="6.8269051">
        <ele>1001.8972727272726</ele>
      </trkpt>
      <trkpt lat="45.9022697" lon="6.8268384">
        <ele>1001.6718181818181</ele>
      </trkpt>
      <trkpt lat="45.90224" lon="6.82681">
        <ele>1001.4281818181819</ele>
      </trkpt>
      <trkpt lat="45.902211300000005" lon="6.826793300000001">
        <ele>1000.9927272727273</ele>
      </trkpt>
      <trkpt lat="45.90214109999999" lon="6.826752699999999">
        <ele>1000.3972727272726</ele>
      </trkpt>
      <trkpt lat="45.90205000000001" lon="6.826699999999999">
        <ele>999.9454545454547</ele>
      </trkpt>
      <trkpt lat="45.90195890000001" lon="6.8266474">
        <ele>999.7209090909092</ele>
      </trkpt>
      <trkpt lat="45.901888600000014" lon="6.826606699999999">
        <ele>999.5209090909092</ele>
      </trkpt>
      <trkpt lat="45.90186" lon="6.82659">
        <ele>999.3427272727273</ele>
      </trkpt>
      <trkpt lat="45.901812800000016" lon="6.826527699999999">
        <ele>999.1763636363635</ele>
      </trkpt>
      <trkpt lat="45.901726800000006" lon="6.8264130000000005">
        <ele>999.1154545454544</ele>
      </trkpt>
      <trkpt lat="45.90168" lon="6.826349999999999">
        <ele>999.2772727272727</ele>
      </trkpt>
      <trkpt lat="45.90164469999999" lon="6.8262302">
        <ele>999.4672727272725</ele>
      </trkpt>
      <trkpt lat="45.90161" lon="6.826109999999999">
        <ele>999.6754545454546</ele>
      </trkpt>
      <trkpt lat="45.9016149" lon="6.82601">
        <ele>999.8481818181816</ele>
      </trkpt>
      <trkpt lat="45.901620000000015" lon="6.82591">
        <ele>999.9654545454545</ele>
      </trkpt>
      <trkpt lat="45.901605399999994" lon="6.8257948">
        <ele>1000.0445454545453</ele>
      </trkpt>
      <trkpt lat="45.90159" lon="6.82568">
        <ele>999.9890909090908</ele>
      </trkpt>
      <trkpt lat="45.901579000000005" lon="6.825662299999999">
        <ele>999.9045454545453</ele>
      </trkpt>
      <trkpt lat="45.9015496" lon="6.825614799999999">
        <ele>1000</ele>
      </trkpt>
      <trkpt lat="45.9015057" lon="6.825544300000001">
        <ele>1000.1836363636364</ele>
      </trkpt>
      <trkpt lat="45.90145149999999" lon="6.825457200000001">
        <ele>1000.2554545454545</ele>
      </trkpt>
      <trkpt lat="45.90139119999999" lon="6.825360200000001">
        <ele>1000.1072727272727</ele>
      </trkpt>
      <trkpt lat="45.90132879999999" lon="6.825259899999999">
        <ele>999.9336363636362</ele>
      </trkpt>
      <trkpt lat="45.901268399999985" lon="6.8251629000000005">
        <ele>999.7845454545455</ele>
      </trkpt>
      <trkpt lat="45.90121430000001" lon="6.8250758">
        <ele>999.58</ele>
      </trkpt>
      <trkpt lat="45.901170400000005" lon="6.825005199999998">
        <ele>999.2927272727273</ele>
      </trkpt>
      <trkpt lat="45.9011409" lon="6.8249577">
        <ele>998.8690909090909</ele>
      </trkpt>
      <trkpt lat="45.90113000000001" lon="6.82494">
        <ele>998.4954545454547</ele>
      </trkpt>
      <trkpt lat="45.90112149999999" lon="6.824900800000001">
        <ele>998.181818181818</ele>
      </trkpt>
      <trkpt lat="45.90110110000002" lon="6.8248047">
        <ele>997.8818181818181</ele>
      </trkpt>
      <trkpt lat="45.9010747" lon="6.8246801999999995">
        <ele>997.6372727272726</ele>
      </trkpt>
      <trkpt lat="45.90104850000001" lon="6.8245556">
        <ele>997.5536363636364</ele>
      </trkpt>
      <trkpt lat="45.901028199999985" lon="6.8244594">
        <ele>997.2536363636365</ele>
      </trkpt>
      <trkpt lat="45.90102000000003" lon="6.82442">
        <ele>997.1563636363637</ele>
      </trkpt>
      <trkpt lat="45.901017300000014" lon="6.824344199999998">
        <ele>996.8336363636365</ele>
      </trkpt>
      <trkpt lat="45.901012600000016" lon="6.8242059">
        <ele>996.8081818181819</ele>
      </trkpt>
      <trkpt lat="45.90100999999999" lon="6.824129999999999">
        <ele>996.999090909091</ele>
      </trkpt>
      <trkpt lat="45.90099019999999" lon="6.824">
        <ele>997.5172727272728</ele>
      </trkpt>
      <trkpt lat="45.900970000000015" lon="6.8238699999999985">
        <ele>998.23</ele>
      </trkpt>
      <trkpt lat="45.90096379999999" lon="6.8238461">
        <ele>998.930909090909</ele>
      </trkpt>
      <trkpt lat="45.900947099999996" lon="6.823782">
        <ele>999.3563636363637</ele>
      </trkpt>
      <trkpt lat="45.9009223" lon="6.823686699999999">
        <ele>999.6263636363637</ele>
      </trkpt>
      <trkpt lat="45.90089169999999" lon="6.823569">
        <ele>999.8100000000002</ele>
      </trkpt>
      <trkpt lat="45.90085760000001" lon="6.823437799999999">
        <ele>1000.2100000000002</ele>
      </trkpt>
      <trkpt lat="45.90082230000003" lon="6.823302199999999">
        <ele>1000.3854545454545</ele>
      </trkpt>
      <trkpt lat="45.90078819999998" lon="6.823171099999999">
        <ele>1000.7709090909092</ele>
      </trkpt>
      <trkpt lat="45.9007576" lon="6.8230534">
        <ele>1000.9418181818182</ele>
      </trkpt>
      <trkpt lat="45.9007328" lon="6.822958000000001">
        <ele>1000.9781818181818</ele>
      </trkpt>
      <trkpt lat="45.9007162" lon="6.8228939">
        <ele>1000.8463636363638</ele>
      </trkpt>
      <trkpt lat="45.900710000000004" lon="6.82287">
        <ele>1000.58</ele>
      </trkpt>
      <trkpt lat="45.900707600000004" lon="6.8228299">
        <ele>1000.3481818181818</ele>
      </trkpt>
      <trkpt lat="45.9007019" lon="6.8227285">
        <ele>1000.1754545454546</ele>
      </trkpt>
      <trkpt lat="45.90069410000002" lon="6.822590299999999">
        <ele>1000.0409090909089</ele>
      </trkpt>
      <trkpt lat="45.90068569999999" lon="6.8224398">
        <ele>999.9499999999999</ele>
      </trkpt>
      <trkpt lat="45.900678000000006" lon="6.822301499999999">
        <ele>1000.0063636363636</ele>
      </trkpt>
      <trkpt lat="45.9006723" lon="6.822200099999999">
        <ele>1000.1236363636364</ele>
      </trkpt>
      <trkpt lat="45.90067" lon="6.822159999999999">
        <ele>1000.3163636363636</ele>
      </trkpt>
      <trkpt lat="45.900658999999976" lon="6.822101299999999">
        <ele>1000.5918181818182</ele>
      </trkpt>
      <trkpt lat="45.90063520000001" lon="6.8219749">
        <ele>1000.9018181818182</ele>
      </trkpt>
      <trkpt lat="45.900611200000014" lon="6.8218486">
        <ele>1001.1336363636365</ele>
      </trkpt>
      <trkpt lat="45.900600000000004" lon="6.82179">
        <ele>1001.3536363636366</ele>
      </trkpt>
      <trkpt lat="45.90054000000002" lon="6.821659999999999">
        <ele>1001.5236363636366</ele>
      </trkpt>
      <trkpt lat="45.90053180000002" lon="6.8215867999999995">
        <ele>1001.6063636363637</ele>
      </trkpt>
      <trkpt lat="45.90051749999999" lon="6.8214533">
        <ele>1001.6372727272726</ele>
      </trkpt>
      <trkpt lat="45.900510000000004" lon="6.82138">
        <ele>1001.6754545454546</ele>
      </trkpt>
      <trkpt lat="45.900514399999985" lon="6.821359">
        <ele>1001.8527272727274</ele>
      </trkpt>
      <trkpt lat="45.90052639999998" lon="6.8213021">
        <ele>1002.2390909090908</ele>
      </trkpt>
      <trkpt lat="45.900544499999995" lon="6.821216700000001">
        <ele>1002.6272727272727</ele>
      </trkpt>
      <trkpt lat="45.900567099999996" lon="6.821109699999999">
        <ele>1002.8245454545454</ele>
      </trkpt>
      <trkpt lat="45.900592800000005" lon="6.8209884">
        <ele>1003.1118181818182</ele>
      </trkpt>
      <trkpt lat="45.90062" lon="6.82086">
        <ele>1003.4218181818183</ele>
      </trkpt>
      <trkpt lat="45.9006472" lon="6.820731500000001">
        <ele>1003.7318181818184</ele>
      </trkpt>
      <trkpt lat="45.90067279999999" lon="6.8206103">
        <ele>1004.2145454545455</ele>
      </trkpt>
      <trkpt lat="45.90069549999998" lon="6.820503300000001">
        <ele>1004.9090909090908</ele>
      </trkpt>
      <trkpt lat="45.900713600000024" lon="6.820417799999999">
        <ele>1006.3772727272727</ele>
      </trkpt>
      <trkpt lat="45.90072559999997" lon="6.820361000000002">
        <ele>1008.4036363636365</ele>
      </trkpt>
      <trkpt lat="45.90073" lon="6.820340000000001">
        <ele>1010.3654545454546</ele>
      </trkpt>
      <trkpt lat="45.900735399999995" lon="6.8202851">
        <ele>1012.3027272727272</ele>
      </trkpt>
      <trkpt lat="45.900747800000005" lon="6.8201566">
        <ele>1014.1354545454543</ele>
      </trkpt>
      <trkpt lat="45.90076249999997" lon="6.820003499999999">
        <ele>1015.9681818181817</ele>
      </trkpt>
      <trkpt lat="45.90077480000001" lon="6.819874900000001">
        <ele>1017.9990909090909</ele>
      </trkpt>
      <trkpt lat="45.900779999999976" lon="6.81982">
        <ele>1020.260909090909</ele>
      </trkpt>
      <trkpt lat="45.900767099999996" lon="6.8197494">
        <ele>1022.4581818181819</ele>
      </trkpt>
      <trkpt lat="45.90074310000001" lon="6.819620699999999">
        <ele>1024.6881818181819</ele>
      </trkpt>
      <trkpt lat="45.90073" lon="6.8195500000000004">
        <ele>1026.908181818182</ele>
      </trkpt>
      <trkpt lat="45.900729799999986" lon="6.819469000000001">
        <ele>1028.6645454545455</ele>
      </trkpt>
      <trkpt lat="45.900729699999985" lon="6.819321">
        <ele>1029.7636363636364</ele>
      </trkpt>
      <trkpt lat="45.90073" lon="6.81924">
        <ele>1030.671818181818</ele>
      </trkpt>
      <trkpt lat="45.90074729999999" lon="6.8191767">
        <ele>1031.4381818181819</ele>
      </trkpt>
      <trkpt lat="45.90078499999999" lon="6.819040000000001">
        <ele>1032.1154545454547</ele>
      </trkpt>
      <trkpt lat="45.90082269999997" lon="6.8189033">
        <ele>1032.8845454545453</ele>
      </trkpt>
      <trkpt lat="45.90084000000001" lon="6.81884">
        <ele>1033.63</ele>
      </trkpt>
      <trkpt lat="45.90084480000003" lon="6.818782900000001">
        <ele>1034.5036363636364</ele>
      </trkpt>
      <trkpt lat="45.90085499999999" lon="6.818660000000001">
        <ele>1035.5772727272727</ele>
      </trkpt>
      <trkpt lat="45.9008652" lon="6.818537100000001">
        <ele>1036.8663636363638</ele>
      </trkpt>
      <trkpt lat="45.90087" lon="6.81848">
        <ele>1038.4172727272728</ele>
      </trkpt>
      <trkpt lat="45.900909700000014" lon="6.8183748">
        <ele>1039.6236363636365</ele>
      </trkpt>
      <trkpt lat="45.90094999999999" lon="6.818270000000001">
        <ele>1041.1290909090908</ele>
      </trkpt>
      <trkpt lat="45.900994399999995" lon="6.8182047">
        <ele>1042.740909090909</ele>
      </trkpt>
      <trkpt lat="45.90107570000001" lon="6.818085400000001">
        <ele>1044.1699999999998</ele>
      </trkpt>
      <trkpt lat="45.90112" lon="6.818019999999999">
        <ele>1045.3263636363636</ele>
      </trkpt>
      <trkpt lat="45.90114370000002" lon="6.8179418">
        <ele>1046.4127272727274</ele>
      </trkpt>
      <trkpt lat="45.90118669999999" lon="6.817798500000001">
        <ele>1047.3736363636365</ele>
      </trkpt>
      <trkpt lat="45.90121" lon="6.81772">
        <ele>1048.4036363636365</ele>
      </trkpt>
      <trkpt lat="45.90121640000001" lon="6.8176703">
        <ele>1049.3872727272728</ele>
      </trkpt>
      <trkpt lat="45.9012312" lon="6.817554099999999">
        <ele>1049.9845454545457</ele>
      </trkpt>
      <trkpt lat="45.901248800000005" lon="6.8174158">
        <ele>1050.3027272727275</ele>
      </trkpt>
      <trkpt lat="45.901263599999986" lon="6.8172996999999995">
        <ele>1050.5581818181818</ele>
      </trkpt>
      <trkpt lat="45.901270000000004" lon="6.81725">
        <ele>1050.4436363636364</ele>
      </trkpt>
      <trkpt lat="45.9012773" lon="6.8172212000000005">
        <ele>1050.0536363636368</ele>
      </trkpt>
      <trkpt lat="45.90129669999999" lon="6.8171457">
        <ele>1049.529090909091</ele>
      </trkpt>
      <trkpt lat="45.9013246" lon="6.8170368">
        <ele>1049.2181818181818</ele>
      </trkpt>
      <trkpt lat="45.901357599999976" lon="6.816907799999999">
        <ele>1049.240909090909</ele>
      </trkpt>
      <trkpt lat="45.90139239999999" lon="6.816772199999999">
        <ele>1048.9509090909091</ele>
      </trkpt>
      <trkpt lat="45.9014254" lon="6.8166432">
        <ele>1048.5381818181816</ele>
      </trkpt>
      <trkpt lat="45.90145330000001" lon="6.8165343">
        <ele>1047.9154545454546</ele>
      </trkpt>
      <trkpt lat="45.9014726" lon="6.8164588">
        <ele>1047.0845454545454</ele>
      </trkpt>
      <trkpt lat="45.90147999999999" lon="6.81643">
        <ele>1046.0872727272726</ele>
      </trkpt>
      <trkpt lat="45.90149109999999" lon="6.8163667000000006">
        <ele>1045.2236363636364</ele>
      </trkpt>
      <trkpt lat="45.90151490000001" lon="6.8162299">
        <ele>1044.7045454545455</ele>
      </trkpt>
      <trkpt lat="45.901538800000004" lon="6.8160932">
        <ele>1044.170909090909</ele>
      </trkpt>
      <trkpt lat="45.90154999999999" lon="6.81603">
        <ele>1043.9563636363634</ele>
      </trkpt>
      <trkpt lat="45.90158649999999" lon="6.8159723">
        <ele>1043.7563636363634</ele>
      </trkpt>
      <trkpt lat="45.90165339999998" lon="6.8158676">
        <ele>1043.5072727272725</ele>
      </trkpt>
      <trkpt lat="45.90169000000001" lon="6.815809999999999">
        <ele>1043.4272727272726</ele>
      </trkpt>
      <trkpt lat="45.90171109999999" lon="6.8157291">
        <ele>1043.179090909091</ele>
      </trkpt>
      <trkpt lat="45.901749300000006" lon="6.8155811">
        <ele>1043.4236363636364</ele>
      </trkpt>
      <trkpt lat="45.90177" lon="6.8155">
        <ele>1043.8936363636365</ele>
      </trkpt>
      <trkpt lat="45.90177640000004" lon="6.815432000000001">
        <ele>1044.3009090909093</ele>
      </trkpt>
      <trkpt lat="45.90179019999999" lon="6.815284999999999">
        <ele>1044.7654545454543</ele>
      </trkpt>
      <trkpt lat="45.90180380000001" lon="6.815137999999999">
        <ele>1045.0245454545454</ele>
      </trkpt>
      <trkpt lat="45.901810000000005" lon="6.8150699999999995">
        <ele>1045.7745454545454</ele>
      </trkpt>
      <trkpt lat="45.90180860000001" lon="6.8150398">
        <ele>1046.7136363636364</ele>
      </trkpt>
      <trkpt lat="45.90180499999998" lon="6.814960599999999">
        <ele>1047.6699999999998</ele>
      </trkpt>
      <trkpt lat="45.9017996" lon="6.8148464">
        <ele>1048.4936363636361</ele>
      </trkpt>
      <trkpt lat="45.90179329999998" lon="6.8147111">
        <ele>1049.4154545454546</ele>
      </trkpt>
      <trkpt lat="45.901786699999995" lon="6.8145689">
        <ele>1050.2936363636366</ele>
      </trkpt>
      <trkpt lat="45.9017804" lon="6.814433600000001">
        <ele>1050.8272727272729</ele>
      </trkpt>
      <trkpt lat="45.901775100000016" lon="6.8143194000000005">
        <ele>1051.3163636363636</ele>
      </trkpt>
      <trkpt lat="45.901771400000015" lon="6.8142402">
        <ele>1051.861818181818</ele>
      </trkpt>
      <trkpt lat="45.90177" lon="6.814209999999998">
        <ele>1051.951818181818</ele>
      </trkpt>
      <trkpt lat="45.90177030000002" lon="6.8141839">
        <ele>1052.441818181818</ele>
      </trkpt>
      <trkpt lat="45.901771" lon="6.8141145000000005">
        <ele>1052.659090909091</ele>
      </trkpt>
      <trkpt lat="45.901772199999996" lon="6.8140127">
        <ele>1052.5354545454547</ele>
      </trkpt>
      <trkpt lat="45.9017735" lon="6.8138892">
        <ele>1052.539090909091</ele>
      </trkpt>
      <trkpt lat="45.901774999999965" lon="6.8137550000000005">
        <ele>1052.4645454545455</ele>
      </trkpt>
      <trkpt lat="45.90177649999998" lon="6.8136206999999995">
        <ele>1052.3336363636363</ele>
      </trkpt>
      <trkpt lat="45.901777900000006" lon="6.8134973">
        <ele>1051.8972727272728</ele>
      </trkpt>
      <trkpt lat="45.901779000000005" lon="6.8133955">
        <ele>1051.6172727272728</ele>
      </trkpt>
      <trkpt lat="45.901779799999986" lon="6.813326099999999">
        <ele>1051.4463636363637</ele>
      </trkpt>
      <trkpt lat="45.90178000000001" lon="6.8133">
        <ele>1051.1354545454544</ele>
      </trkpt>
      <trkpt lat="45.901778" lon="6.813277">
        <ele>1051.204545454545</ele>
      </trkpt>
      <trkpt lat="45.901772600000015" lon="6.8132147000000005">
        <ele>1050.9509090909091</ele>
      </trkpt>
      <trkpt lat="45.90176439999999" lon="6.813120999999999">
        <ele>1050.5227272727273</ele>
      </trkpt>
      <trkpt lat="45.901754100000005" lon="6.813003799999999">
        <ele>1050.1881818181819</ele>
      </trkpt>
      <trkpt lat="45.90174239999998" lon="6.812870800000001">
        <ele>1049.9654545454546</ele>
      </trkpt>
      <trkpt lat="45.901730100000016" lon="6.81273">
        <ele>1049.5836363636365</ele>
      </trkpt>
      <trkpt lat="45.9017177" lon="6.812589199999999">
        <ele>1049.3663636363638</ele>
      </trkpt>
      <trkpt lat="45.90170610000002" lon="6.8124562">
        <ele>1049.4181818181821</ele>
      </trkpt>
      <trkpt lat="45.901695799999985" lon="6.812339000000001">
        <ele>1049.4654545454543</ele>
      </trkpt>
      <trkpt lat="45.901687500000016" lon="6.812245299999999">
        <ele>1049.4199999999998</ele>
      </trkpt>
      <trkpt lat="45.90168199999998" lon="6.812183000000001">
        <ele>1049.7054545454544</ele>
      </trkpt>
      <trkpt lat="45.90168" lon="6.81216">
        <ele>1050.0872727272729</ele>
      </trkpt>
      <trkpt lat="45.90167480000001" lon="6.8121281">
        <ele>1050.1036363636367</ele>
      </trkpt>
      <trkpt lat="45.90166119999999" lon="6.812045900000001">
        <ele>1050.2236363636364</ele>
      </trkpt>
      <trkpt lat="45.901642000000024" lon="6.8119301000000005">
        <ele>1050.3654545454544</ele>
      </trkpt>
      <trkpt lat="45.90162010000001" lon="6.811797499999999">
        <ele>1050.4027272727271</ele>
      </trkpt>
      <trkpt lat="45.9015981" lon="6.8116649">
        <ele>1050.7563636363636</ele>
      </trkpt>
      <trkpt lat="45.901578900000004" lon="6.811549099999999">
        <ele>1050.9572727272725</ele>
      </trkpt>
      <trkpt lat="45.901565300000016" lon="6.811466899999999">
        <ele>1050.982727272727</ele>
      </trkpt>
      <trkpt lat="45.90156" lon="6.811435">
        <ele>1051.01</ele>
      </trkpt>
      <trkpt lat="45.90155469999999" lon="6.811403100000001">
        <ele>1050.82</ele>
      </trkpt>
      <trkpt lat="45.9015411" lon="6.811320900000001">
        <ele>1050.4963636363636</ele>
      </trkpt>
      <trkpt lat="45.901521999999986" lon="6.8112051">
        <ele>1050.0845454545454</ele>
      </trkpt>
      <trkpt lat="45.9015" lon="6.8110725">
        <ele>1050.0109090909089</ele>
      </trkpt>
      <trkpt lat="45.901478099999984" lon="6.8109399">
        <ele>1049.921818181818</ele>
      </trkpt>
      <trkpt lat="45.901458899999966" lon="6.810824099999999">
        <ele>1049.890909090909</ele>
      </trkpt>
      <trkpt lat="45.9014453" lon="6.8107419">
        <ele>1049.9063636363635</ele>
      </trkpt>
      <trkpt lat="45.901440000000015" lon="6.810710000000001">
        <ele>1049.5554545454545</ele>
      </trkpt>
      <trkpt lat="45.901432699999994" lon="6.810674100000001">
        <ele>1048.9372727272728</ele>
      </trkpt>
      <trkpt lat="45.90141410000001" lon="6.8105833">
        <ele>1048.4881818181818</ele>
      </trkpt>
      <trkpt lat="45.90138879999999" lon="6.8104598">
        <ele>1047.8636363636363</ele>
      </trkpt>
      <trkpt lat="45.901361200000004" lon="6.8103252">
        <ele>1047.2363636363634</ele>
      </trkpt>
      <trkpt lat="45.901335899999985" lon="6.810201600000001">
        <ele>1046.4936363636364</ele>
      </trkpt>
      <trkpt lat="45.901317399999975" lon="6.8101109">
        <ele>1045.5872727272729</ele>
      </trkpt>
      <trkpt lat="45.90130999999998" lon="6.810074999999999">
        <ele>1044.3927272727271</ele>
      </trkpt>
      <trkpt lat="45.901302700000016" lon="6.8100391">
        <ele>1043.3554545454544</ele>
      </trkpt>
      <trkpt lat="45.901284099999984" lon="6.809948300000001">
        <ele>1042.2636363636364</ele>
      </trkpt>
      <trkpt lat="45.901258900000016" lon="6.8098247">
        <ele>1041.0036363636364</ele>
      </trkpt>
      <trkpt lat="45.90123139999999" lon="6.8096901">
        <ele>1039.7772727272727</ele>
      </trkpt>
      <trkpt lat="45.9012061" lon="6.8095665">
        <ele>1038.4700000000003</ele>
      </trkpt>
      <trkpt lat="45.9011875" lon="6.809475899999999">
        <ele>1036.9063636363635</ele>
      </trkpt>
      <trkpt lat="45.901180000000004" lon="6.809440000000001">
        <ele>1035.4327272727273</ele>
      </trkpt>
      <trkpt lat="45.901154699999985" lon="6.809398699999999">
        <ele>1034.0154545454548</ele>
      </trkpt>
      <trkpt lat="45.901095300000016" lon="6.8093024">
        <ele>1032.8263636363636</ele>
      </trkpt>
      <trkpt lat="45.90102450000001" lon="6.809187699999999">
        <ele>1031.9109090909094</ele>
      </trkpt>
      <trkpt lat="45.90096509999999" lon="6.809091400000002">
        <ele>1031.3872727272728</ele>
      </trkpt>
      <trkpt lat="45.90094" lon="6.809050000000001">
        <ele>1030.770909090909</ele>
      </trkpt>
      <trkpt lat="45.90093759999997" lon="6.809023099999999">
        <ele>1029.9781818181816</ele>
      </trkpt>
      <trkpt lat="45.90093150000003" lon="6.8089514">
        <ele>1029.159090909091</ele>
      </trkpt>
      <trkpt lat="45.900922499999965" lon="6.808846299999999">
        <ele>1028.5736363636363</ele>
      </trkpt>
      <trkpt lat="45.900911699999995" lon="6.808718700000001">
        <ele>1028.371818181818</ele>
      </trkpt>
      <trkpt lat="45.90089990000002" lon="6.80858">
        <ele>1028.46</ele>
      </trkpt>
      <trkpt lat="45.90088819999999" lon="6.8084413">
        <ele>1028.1254545454547</ele>
      </trkpt>
      <trkpt lat="45.90087740000002" lon="6.8083138">
        <ele>1027.5172727272727</ele>
      </trkpt>
      <trkpt lat="45.90086840000001" lon="6.808208600000001">
        <ele>1026.8627272727274</ele>
      </trkpt>
      <trkpt lat="45.900862299999986" lon="6.808136999999999">
        <ele>1026.1072727272729</ele>
      </trkpt>
      <trkpt lat="45.90085999999999" lon="6.80811">
        <ele>1024.9745454545455</ele>
      </trkpt>
      <trkpt lat="45.90081019999999" lon="6.8080048">
        <ele>1023.7118181818183</ele>
      </trkpt>
      <trkpt lat="45.90075999999997" lon="6.807899999999999">
        <ele>1022.4118181818184</ele>
      </trkpt>
      <trkpt lat="45.90075999999997" lon="6.80789">
        <ele>1021.4645454545457</ele>
      </trkpt>
      <trkpt lat="45.900750200000004" lon="6.807869199999999">
        <ele>1020.6254545454547</ele>
      </trkpt>
      <trkpt lat="45.90072390000001" lon="6.8078135">
        <ele>1019.5490909090909</ele>
      </trkpt>
      <trkpt lat="45.900684799999986" lon="6.8077305">
        <ele>1018.3745454545456</ele>
      </trkpt>
      <trkpt lat="45.90063649999998" lon="6.8076281">
        <ele>1017.5845454545455</ele>
      </trkpt>
      <trkpt lat="45.900582700000015" lon="6.807514000000001">
        <ele>1017.1354545454545</ele>
      </trkpt>
      <trkpt lat="45.90052709999999" lon="6.807396099999999">
        <ele>1016.6863636363636</ele>
      </trkpt>
      <trkpt lat="45.900473400000024" lon="6.807282">
        <ele>1016.1336363636365</ele>
      </trkpt>
      <trkpt lat="45.90042510000002" lon="6.8071795999999996">
        <ele>1016.0354545454545</ele>
      </trkpt>
      <trkpt lat="45.900386" lon="6.807096600000001">
        <ele>1016.0590909090909</ele>
      </trkpt>
      <trkpt lat="45.9003597" lon="6.807040799999999">
        <ele>1016.2799999999999</ele>
      </trkpt>
      <trkpt lat="45.90035" lon="6.80702">
        <ele>1016.3445454545454</ele>
      </trkpt>
      <trkpt lat="45.90034080000002" lon="6.8069771">
        <ele>1016.3454545454545</ele>
      </trkpt>
      <trkpt lat="45.90031859999999" lon="6.8068717">
        <ele>1016.457272727273</ele>
      </trkpt>
      <trkpt lat="45.900289899999976" lon="6.806735">
        <ele>1016.6936363636361</ele>
      </trkpt>
      <trkpt lat="45.90026119999998" lon="6.8065983999999995">
        <ele>1016.6754545454544</ele>
      </trkpt>
      <trkpt lat="45.90023909999999" lon="6.806493000000001">
        <ele>1016.8690909090907</ele>
      </trkpt>
      <trkpt lat="45.900229999999986" lon="6.80645">
        <ele>1017.0254545454546</ele>
      </trkpt>
      <trkpt lat="45.90021210000002" lon="6.806400299999999">
        <ele>1017.2763636363634</ele>
      </trkpt>
      <trkpt lat="45.9001702" lon="6.8062841">
        <ele>1017.1345454545454</ele>
      </trkpt>
      <trkpt lat="45.90012010000001" lon="6.806145699999999">
        <ele>1016.8336363636364</ele>
      </trkpt>
      <trkpt lat="45.900078" lon="6.8060296">
        <ele>1016.2854545454546</ele>
      </trkpt>
      <trkpt lat="45.900059999999975" lon="6.80598">
        <ele>1015.619090909091</ele>
      </trkpt>
      <trkpt lat="45.90004420000001" lon="6.805950500000001">
        <ele>1014.5872727272726</ele>
      </trkpt>
      <trkpt lat="45.900004200000005" lon="6.805876199999999">
        <ele>1013.6936363636363</ele>
      </trkpt>
      <trkpt lat="45.89994970000001" lon="6.805775000000001">
        <ele>1012.5736363636363</ele>
      </trkpt>
      <trkpt lat="45.89989040000001" lon="6.805664900000001">
        <ele>1011.6545454545455</ele>
      </trkpt>
      <trkpt lat="45.899835899999985" lon="6.8055636999999995">
        <ele>1010.7172727272726</ele>
      </trkpt>
      <trkpt lat="45.89979590000003" lon="6.8054894">
        <ele>1009.9154545454545</ele>
      </trkpt>
      <trkpt lat="45.89977999999999" lon="6.80546">
        <ele>1009.151818181818</ele>
      </trkpt>
      <trkpt lat="45.8997642" lon="6.805430599999999">
        <ele>1008.6218181818181</ele>
      </trkpt>
      <trkpt lat="45.899724199999994" lon="6.805356199999999">
        <ele>1008.2763636363635</ele>
      </trkpt>
      <trkpt lat="45.8996697" lon="6.805254999999999">
        <ele>1008.1218181818181</ele>
      </trkpt>
      <trkpt lat="45.89961039999999" lon="6.8051448">
        <ele>1007.9099999999999</ele>
      </trkpt>
      <trkpt lat="45.899555899999996" lon="6.805043599999999">
        <ele>1007.9254545454544</ele>
      </trkpt>
      <trkpt lat="45.89951589999997" lon="6.8049693">
        <ele>1007.8054545454544</ele>
      </trkpt>
      <trkpt lat="45.8995" lon="6.804939999999999">
        <ele>1007.6890909090909</ele>
      </trkpt>
      <trkpt lat="45.899483900000014" lon="6.804921700000001">
        <ele>1007.55</ele>
      </trkpt>
      <trkpt lat="45.899441500000016" lon="6.8048738">
        <ele>1007.1981818181819</ele>
      </trkpt>
      <trkpt lat="45.89938039999998" lon="6.804804699999999">
        <ele>1006.7018181818183</ele>
      </trkpt>
      <trkpt lat="45.899307999999984" lon="6.804722999999999">
        <ele>1006.1672727272727</ele>
      </trkpt>
      <trkpt lat="45.89923189999999" lon="6.804636999999999">
        <ele>1005.5627272727273</ele>
      </trkpt>
      <trkpt lat="45.89915959999999" lon="6.804555299999999">
        <ele>1004.9772727272727</ele>
      </trkpt>
      <trkpt lat="45.89909850000001" lon="6.8044863">
        <ele>1004.4527272727271</ele>
      </trkpt>
      <trkpt lat="45.8990561" lon="6.804438300000002">
        <ele>1004.0936363636363</ele>
      </trkpt>
      <trkpt lat="45.899040000000014" lon="6.804420000000001">
        <ele>1003.8027272727271</ele>
      </trkpt>
      <trkpt lat="45.89902739999998" lon="6.8043939">
        <ele>1003.7836363636364</ele>
      </trkpt>
      <trkpt lat="45.89899500000001" lon="6.8043265">
        <ele>1003.9572727272728</ele>
      </trkpt>
      <trkpt lat="45.8989495" lon="6.804231399999999">
        <ele>1004.2209090909091</ele>
      </trkpt>
      <trkpt lat="45.8988974" lon="6.804122600000001">
        <ele>1004.5645454545454</ele>
      </trkpt>
      <trkpt lat="45.8988453" lon="6.8040138">
        <ele>1005.1136363636361</ele>
      </trkpt>
      <trkpt lat="45.89879980000001" lon="6.803918699999999">
        <ele>1005.7436363636364</ele>
      </trkpt>
      <trkpt lat="45.89876749999999" lon="6.803851200000001">
        <ele>1006.6700000000002</ele>
      </trkpt>
      <trkpt lat="45.89875499999998" lon="6.803825">
        <ele>1007.749090909091</ele>
      </trkpt>
      <trkpt lat="45.8987425" lon="6.803798800000001">
        <ele>1008.9436363636364</ele>
      </trkpt>
      <trkpt lat="45.89871010000003" lon="6.8037313">
        <ele>1010.1</ele>
      </trkpt>
      <trkpt lat="45.89866459999999" lon="6.8036363">
        <ele>1011.3245454545454</ele>
      </trkpt>
      <trkpt lat="45.89861250000002" lon="6.8035275">
        <ele>1012.4527272727272</ele>
      </trkpt>
      <trkpt lat="45.898560399999994" lon="6.803418700000001">
        <ele>1013.5745454545456</ele>
      </trkpt>
      <trkpt lat="45.89851479999998" lon="6.803323700000001">
        <ele>1014.6609090909093</ele>
      </trkpt>
      <trkpt lat="45.898482499999986" lon="6.8032562">
        <ele>1015.7100000000002</ele>
      </trkpt>
      <trkpt lat="45.89847" lon="6.80323">
        <ele>1016.6181818181817</ele>
      </trkpt>
      <trkpt lat="45.89843" lon="6.803100000000001">
        <ele>1017.4445454545454</ele>
      </trkpt>
      <trkpt lat="45.898393699999986" lon="6.8030587">
        <ele>1017.8981818181819</ele>
      </trkpt>
      <trkpt lat="45.89831509999997" lon="6.802969799999999">
        <ele>1018.1481818181819</ele>
      </trkpt>
      <trkpt lat="45.89823649999998" lon="6.802880999999999">
        <ele>1018.1136363636364</ele>
      </trkpt>
      <trkpt lat="45.8982" lon="6.80284">
        <ele>1017.8981818181819</ele>
      </trkpt>
      <trkpt lat="45.898124899999985" lon="6.8027801">
        <ele>1017.401818181818</ele>
      </trkpt>
      <trkpt lat="45.89804999999999" lon="6.80272">
        <ele>1016.7018181818181</ele>
      </trkpt>
      <trkpt lat="45.89803239999999" lon="6.8026912">
        <ele>1015.9281818181818</ele>
      </trkpt>
      <trkpt lat="45.89798809999998" lon="6.802618399999999">
        <ele>1015.0127272727274</ele>
      </trkpt>
      <trkpt lat="45.89792779999998" lon="6.802519199999999">
        <ele>1014.0609090909093</ele>
      </trkpt>
      <trkpt lat="45.89786210000001" lon="6.8024111">
        <ele>1013.0754545454547</ele>
      </trkpt>
      <trkpt lat="45.89780170000001" lon="6.8023118">
        <ele>1012.1890909090912</ele>
      </trkpt>
      <trkpt lat="45.8977575" lon="6.802238900000001">
        <ele>1011.5054545454547</ele>
      </trkpt>
      <trkpt lat="45.89773999999999" lon="6.802210000000001">
        <ele>1011.0072727272728</ele>
      </trkpt>
      <trkpt lat="45.89770470000001" lon="6.8021052">
        <ele>1010.5727272727273</ele>
      </trkpt>
      <trkpt lat="45.89767000000002" lon="6.802">
        <ele>1010.3790909090911</ele>
      </trkpt>
      <trkpt lat="45.89766779999999" lon="6.801945100000001">
        <ele>1010.4172727272727</ele>
      </trkpt>
      <trkpt lat="45.89766289999999" lon="6.801816499999999">
        <ele>1010.5172727272726</ele>
      </trkpt>
      <trkpt lat="45.89765709999999" lon="6.8016635">
        <ele>1010.5545454545455</ele>
      </trkpt>
      <trkpt lat="45.89765220000002" lon="6.8015349">
        <ele>1010.6854545454546</ele>
      </trkpt>
      <trkpt lat="45.89765000000001" lon="6.80148">
        <ele>1010.7790909090908</ele>
      </trkpt>
      <trkpt lat="45.89764059999999" lon="6.801433399999999">
        <ele>1010.8881818181818</ele>
      </trkpt>
      <trkpt lat="45.897618400000006" lon="6.801324600000001">
        <ele>1010.8081818181818</ele>
      </trkpt>
      <trkpt lat="45.89759199999999" lon="6.8011952">
        <ele>1010.5427272727272</ele>
      </trkpt>
      <trkpt lat="45.897569699999984" lon="6.8010865">
        <ele>1010.0418181818181</ele>
      </trkpt>
      <trkpt lat="45.89755999999999" lon="6.80104">
        <ele>1009.5590909090907</ele>
      </trkpt>
      <trkpt lat="45.8975499" lon="6.801015399999999">
        <ele>1009.0263636363635</ele>
      </trkpt>
      <trkpt lat="45.897523199999995" lon="6.800950799999999">
        <ele>1008.5</ele>
      </trkpt>
      <trkpt lat="45.89748470000001" lon="6.8008578">
        <ele>1008.1290909090909</ele>
      </trkpt>
      <trkpt lat="45.897439200000015" lon="6.8007477">
        <ele>1007.8772727272727</ele>
      </trkpt>
      <trkpt lat="45.89739120000003" lon="6.800631900000001">
        <ele>1007.588181818182</ele>
      </trkpt>
      <trkpt lat="45.897345599999994" lon="6.8005219">
        <ele>1007.349090909091</ele>
      </trkpt>
      <trkpt lat="45.897307100000006" lon="6.800428900000001">
        <ele>1007.15</ele>
      </trkpt>
      <trkpt lat="45.89728030000002" lon="6.8003645">
        <ele>1007.050909090909</ele>
      </trkpt>
      <trkpt lat="45.89726999999999" lon="6.80034">
        <ele>1006.9345454545452</ele>
      </trkpt>
      <trkpt lat="45.89723059999999" lon="6.8003143">
        <ele>1007.0418181818181</ele>
      </trkpt>
      <trkpt lat="45.897145099999975" lon="6.8002597">
        <ele>1007.0672727272727</ele>
      </trkpt>
      <trkpt lat="45.897059600000006" lon="6.8002053">
        <ele>1006.9572727272728</ele>
      </trkpt>
      <trkpt lat="45.89701999999999" lon="6.80018">
        <ele>1006.8718181818182</ele>
      </trkpt>
      <trkpt lat="45.896996500000014" lon="6.8001559">
        <ele>1006.6100000000001</ele>
      </trkpt>
      <trkpt lat="45.89693919999997" lon="6.8000967">
        <ele>1006.4163636363638</ele>
      </trkpt>
      <trkpt lat="45.89686499999999" lon="6.800019899999999">
        <ele>1006.1445454545454</ele>
      </trkpt>
      <trkpt lat="45.896790800000005" lon="6.7999432">
        <ele>1005.8599999999999</ele>
      </trkpt>
      <trkpt lat="45.89673350000002" lon="6.7998841">
        <ele>1005.3572727272727</ele>
      </trkpt>
      <trkpt lat="45.89671000000001" lon="6.79986">
        <ele>1004.9227272727275</ele>
      </trkpt>
      <trkpt lat="45.8966762" lon="6.799843999999999">
        <ele>1004.579090909091</ele>
      </trkpt>
      <trkpt lat="45.896597099999994" lon="6.7998069999999995">
        <ele>1003.8563636363638</ele>
      </trkpt>
      <trkpt lat="45.89650289999999" lon="6.7997629">
        <ele>1003.3090909090909</ele>
      </trkpt>
      <trkpt lat="45.89642380000001" lon="6.7997259">
        <ele>1002.7736363636363</ele>
      </trkpt>
      <trkpt lat="45.89639" lon="6.79971">
        <ele>1002.2518181818182</ele>
      </trkpt>
      <trkpt lat="45.89635349999999" lon="6.7996784">
        <ele>1001.7354545454546</ele>
      </trkpt>
      <trkpt lat="45.896274999999996" lon="6.79961">
        <ele>1000.8909090909091</ele>
      </trkpt>
      <trkpt lat="45.89619650000001" lon="6.799541600000001">
        <ele>1000.2081818181819</ele>
      </trkpt>
      <trkpt lat="45.89616" lon="6.79951">
        <ele>999.5163636363638</ele>
      </trkpt>
      <trkpt lat="45.896120400000015" lon="6.799494">
        <ele>998.9845454545456</ele>
      </trkpt>
      <trkpt lat="45.89603499999999" lon="6.7994599000000004">
        <ele>998.2763636363635</ele>
      </trkpt>
      <trkpt lat="45.895949599999994" lon="6.799425900000001">
        <ele>997.4772727272725</ele>
      </trkpt>
      <trkpt lat="45.89591000000001" lon="6.799410000000001">
        <ele>997.0072727272727</ele>
      </trkpt>
      <trkpt lat="45.89588510000001" lon="6.7993953000000005">
        <ele>996.3590909090908</ele>
      </trkpt>
      <trkpt lat="45.89582220000001" lon="6.799358200000001">
        <ele>995.8836363636364</ele>
      </trkpt>
      <trkpt lat="45.89573659999999" lon="6.7993076">
        <ele>995.3836363636364</ele>
      </trkpt>
      <trkpt lat="45.89564339999998" lon="6.7992525">
        <ele>995.029090909091</ele>
      </trkpt>
      <trkpt lat="45.89555769999997" lon="6.7992019">
        <ele>994.9445454545454</ele>
      </trkpt>
      <trkpt lat="45.895494900000024" lon="6.7991647">
        <ele>994.7636363636365</ele>
      </trkpt>
      <trkpt lat="45.895469999999996" lon="6.799150000000001">
        <ele>994.6827272727271</ele>
      </trkpt>
      <trkpt lat="45.89541510000001" lon="6.799105599999999">
        <ele>994.5972727272728</ele>
      </trkpt>
      <trkpt lat="45.895314900000024" lon="6.799024299999999">
        <ele>994.5636363636364</ele>
      </trkpt>
      <trkpt lat="45.89526000000001" lon="6.798980000000001">
        <ele>994.4590909090908</ele>
      </trkpt>
      <trkpt lat="45.8952328" lon="6.7989671">
        <ele>994.3145454545452</ele>
      </trkpt>
      <trkpt lat="45.89516620000001" lon="6.798935600000001">
        <ele>994.2272727272725</ele>
      </trkpt>
      <trkpt lat="45.89508000000001" lon="6.798894899999998">
        <ele>993.8218181818182</ele>
      </trkpt>
      <trkpt lat="45.8949938" lon="6.798854300000001">
        <ele>993.0518181818184</ele>
      </trkpt>
      <trkpt lat="45.894927199999984" lon="6.798822899999999">
        <ele>992.1381818181818</ele>
      </trkpt>
      <trkpt lat="45.89490000000001" lon="6.7988100000000005">
        <ele>991.1436363636366</ele>
      </trkpt>
      <trkpt lat="45.89479000000001" lon="6.798739999999999">
        <ele>990.1736363636365</ele>
      </trkpt>
      <trkpt lat="45.894742899999976" lon="6.7987789">
        <ele>989.1445454545454</ele>
      </trkpt>
      <trkpt lat="45.89465710000001" lon="6.798850699999999">
        <ele>988.1354545454543</ele>
      </trkpt>
      <trkpt lat="45.89461000000001" lon="6.79889">
        <ele>987.2145454545454</ele>
      </trkpt>
      <trkpt lat="45.894549999999995" lon="6.79889">
        <ele>986.4327272727271</ele>
      </trkpt>
      <trkpt lat="45.89448999999999" lon="6.798849999999999">
        <ele>985.6381818181817</ele>
      </trkpt>
      <trkpt lat="45.894480499999986" lon="6.7988324">
        <ele>984.9218181818181</ele>
      </trkpt>
      <trkpt lat="45.894454799999984" lon="6.7987849">
        <ele>984.4727272727273</ele>
      </trkpt>
      <trkpt lat="45.894416199999995" lon="6.7987134">
        <ele>984.3645454545455</ele>
      </trkpt>
      <trkpt lat="45.89436789999999" lon="6.798623899999999">
        <ele>984.3263636363637</ele>
      </trkpt>
      <trkpt lat="45.8943131" lon="6.7985224">
        <ele>984.4345454545454</ele>
      </trkpt>
      <trkpt lat="45.894255" lon="6.798415">
        <ele>984.5454545454545</ele>
      </trkpt>
      <trkpt lat="45.894197" lon="6.7983075">
        <ele>984.6981818181819</ele>
      </trkpt>
      <trkpt lat="45.894142200000005" lon="6.798206">
        <ele>984.7409090909092</ele>
      </trkpt>
      <trkpt lat="45.89409380000001" lon="6.798116599999999">
        <ele>984.6818181818181</ele>
      </trkpt>
      <trkpt lat="45.89405519999997" lon="6.7980451">
        <ele>984.6218181818182</ele>
      </trkpt>
      <trkpt lat="45.89402949999999" lon="6.7979975">
        <ele>984.5454545454545</ele>
      </trkpt>
      <trkpt lat="45.89402000000001" lon="6.797980000000001">
        <ele>984.3154545454545</ele>
      </trkpt>
      <trkpt lat="45.893949799999994" lon="6.7979182">
        <ele>983.1636363636363</ele>
      </trkpt>
      <trkpt lat="45.893879999999996" lon="6.797859999999999">
        <ele>982.0154545454545</ele>
      </trkpt>
      <trkpt lat="45.893875600000015" lon="6.7978869">
        <ele>981.6409090909091</ele>
      </trkpt>
      <trkpt lat="45.8938641" lon="6.797958500000001">
        <ele>981.4581818181817</ele>
      </trkpt>
      <trkpt lat="45.89384730000001" lon="6.798063699999999">
        <ele>981.3672727272726</ele>
      </trkpt>
      <trkpt lat="45.89382689999999" lon="6.7981912">
        <ele>981.2918181818181</ele>
      </trkpt>
      <trkpt lat="45.893804800000005" lon="6.7983299000000015">
        <ele>981.3554545454546</ele>
      </trkpt>
      <trkpt lat="45.8937828" lon="6.798468599999999">
        <ele>981.5581818181818</ele>
      </trkpt>
      <trkpt lat="45.89376240000003" lon="6.7985962">
        <ele>981.85</ele>
      </trkpt>
      <trkpt lat="45.893745700000004" lon="6.7987014">
        <ele>982.2163636363638</ele>
      </trkpt>
      <trkpt lat="45.89373430000002" lon="6.798773000000001">
        <ele>982.7618181818183</ele>
      </trkpt>
      <trkpt lat="45.893729999999984" lon="6.798800000000001">
        <ele>984.0827272727273</ele>
      </trkpt>
      <trkpt lat="45.89370020000002" lon="6.7989201">
        <ele>985.0972727272728</ele>
      </trkpt>
      <trkpt lat="45.89367" lon="6.799040000000001">
        <ele>985.3136363636364</ele>
      </trkpt>
      <trkpt lat="45.89362019999998" lon="6.7991352">
        <ele>985.3436363636363</ele>
      </trkpt>
      <trkpt lat="45.89357000000002" lon="6.7992300000000006">
        <ele>986.0799999999999</ele>
      </trkpt>
      <trkpt lat="45.893548100000004" lon="6.7992602">
        <ele>986.84</ele>
      </trkpt>
      <trkpt lat="45.89349450000001" lon="6.799334199999999">
        <ele>987.6290909090909</ele>
      </trkpt>
      <trkpt lat="45.8934251" lon="6.799430100000001">
        <ele>988.4181818181819</ele>
      </trkpt>
      <trkpt lat="45.89335559999999" lon="6.7995259">
        <ele>989.180909090909</ele>
      </trkpt>
      <trkpt lat="45.893301899999976" lon="6.799599799999999">
        <ele>989.9536363636363</ele>
      </trkpt>
      <trkpt lat="45.89328000000001" lon="6.7996300000000005">
        <ele>990.7399999999999</ele>
      </trkpt>
      <trkpt lat="45.89321000000002" lon="6.7996799999999995">
        <ele>991.707272727273</ele>
      </trkpt>
      <trkpt lat="45.89312000000002" lon="6.799649999999999">
        <ele>993.0763636363638</ele>
      </trkpt>
      <trkpt lat="45.89307030000002" lon="6.799597899999998">
        <ele>994.5227272727273</ele>
      </trkpt>
      <trkpt lat="45.89297959999998" lon="6.799502400000001">
        <ele>995.9390909090909</ele>
      </trkpt>
      <trkpt lat="45.89292999999998" lon="6.79945">
        <ele>996.6490909090909</ele>
      </trkpt>
      <trkpt lat="45.89288569999999" lon="6.799389499999999">
        <ele>997.5872727272728</ele>
      </trkpt>
      <trkpt lat="45.8928046" lon="6.799279200000001">
        <ele>998.6709090909092</ele>
      </trkpt>
      <trkpt lat="45.89276000000002" lon="6.79922">
        <ele>999.7154545454545</ele>
      </trkpt>
      <trkpt lat="45.892724999999984" lon="6.799241599999999">
        <ele>1000.7327272727272</ele>
      </trkpt>
      <trkpt lat="45.89264330000001" lon="6.7992932">
        <ele>1001.7454545454544</ele>
      </trkpt>
      <trkpt lat="45.89254610000001" lon="6.799355">
        <ele>1002.7527272727272</ele>
      </trkpt>
      <trkpt lat="45.89246459999998" lon="6.799407199999998">
        <ele>1003.7236363636363</ele>
      </trkpt>
      <trkpt lat="45.89242999999998" lon="6.799429999999999">
        <ele>1004.5718181818182</ele>
      </trkpt>
      <trkpt lat="45.892438899999995" lon="6.7994869">
        <ele>1005.4154545454545</ele>
      </trkpt>
      <trkpt lat="45.892459500000015" lon="6.7996098">
        <ele>1006.2581818181818</ele>
      </trkpt>
      <trkpt lat="45.8924804" lon="6.7997328">
        <ele>1007.0445454545454</ele>
      </trkpt>
      <trkpt lat="45.892490000000016" lon="6.79979">
        <ele>1007.6527272727272</ele>
      </trkpt>
      <trkpt lat="45.89244" lon="6.79994">
        <ele>1008.0954545454545</ele>
      </trkpt>
      <trkpt lat="45.892369900000006" lon="6.799875700000001">
        <ele>1008.5118181818181</ele>
      </trkpt>
      <trkpt lat="45.892300000000006" lon="6.799810000000001">
        <ele>1008.4381818181816</ele>
      </trkpt>
      <trkpt lat="45.89229000000002" lon="6.799810000000001">
        <ele>1008.0990909090907</ele>
      </trkpt>
      <trkpt lat="45.892224900000016" lon="6.799720099999999">
        <ele>1008.3690909090909</ele>
      </trkpt>
      <trkpt lat="45.89215999999999" lon="6.7996300000000005">
        <ele>1008.6363636363635</ele>
      </trkpt>
      <trkpt lat="45.89213779999998" lon="6.799590899999999">
        <ele>1008.8772727272727</ele>
      </trkpt>
      <trkpt lat="45.89208589999998" lon="6.799499399999999">
        <ele>1009.0754545454546</ele>
      </trkpt>
      <trkpt lat="45.89202410000001" lon="6.7993905">
        <ele>1009.2227272727275</ele>
      </trkpt>
      <trkpt lat="45.8919723" lon="6.7992991">
        <ele>1009.3700000000001</ele>
      </trkpt>
      <trkpt lat="45.891949999999994" lon="6.79926">
        <ele>1009.4281818181819</ele>
      </trkpt>
      <trkpt lat="45.8919109" lon="6.799215299999999">
        <ele>1009.4618181818182</ele>
      </trkpt>
      <trkpt lat="45.89183940000001" lon="6.7991342999999995">
        <ele>1009.5090909090909</ele>
      </trkpt>
      <trkpt lat="45.89179999999999" lon="6.799089999999999">
        <ele>1010.0381818181818</ele>
      </trkpt>
      <trkpt lat="45.89170999999999" lon="6.79905">
        <ele>1010.7709090909092</ele>
      </trkpt>
      <trkpt lat="45.89168799999998" lon="6.7990423">
        <ele>1010.8463636363635</ele>
      </trkpt>
      <trkpt lat="45.8916313" lon="6.799022400000001">
        <ele>1010.929090909091</ele>
      </trkpt>
      <trkpt lat="45.89155140000001" lon="6.798994499999999">
        <ele>1011.031818181818</ele>
      </trkpt>
      <trkpt lat="45.891459999999995" lon="6.798962500000001">
        <ele>1011.1427272727273</ele>
      </trkpt>
      <trkpt lat="45.8913686" lon="6.7989305">
        <ele>1011.260909090909</ele>
      </trkpt>
      <trkpt lat="45.89128869999998" lon="6.7989025">
        <ele>1011.3872727272727</ele>
      </trkpt>
      <trkpt lat="45.89123199999998" lon="6.7988827">
        <ele>1011.5290909090909</ele>
      </trkpt>
      <trkpt lat="45.891209999999994" lon="6.798875">
        <ele>1011.6818181818181</ele>
      </trkpt>
      <trkpt lat="45.891188000000014" lon="6.798867300000001">
        <ele>1011.8218181818181</ele>
      </trkpt>
      <trkpt lat="45.891131299999984" lon="6.798847500000001">
        <ele>1011.9436363636361</ele>
      </trkpt>
      <trkpt lat="45.89105140000002" lon="6.7988196">
        <ele>1012.0409090909088</ele>
      </trkpt>
      <trkpt lat="45.89096000000003" lon="6.798787599999999">
        <ele>1012.1272727272728</ele>
      </trkpt>
      <trkpt lat="45.89086850000001" lon="6.7987556">
        <ele>1012.2027272727272</ele>
      </trkpt>
      <trkpt lat="45.890788700000016" lon="6.798727600000001">
        <ele>1012.2754545454546</ele>
      </trkpt>
      <trkpt lat="45.890732000000014" lon="6.7987078">
        <ele>1012.3463636363638</ele>
      </trkpt>
      <trkpt lat="45.89071000000003" lon="6.7987">
        <ele>1012.4127272727272</ele>
      </trkpt>
      <trkpt lat="45.89067410000001" lon="6.798676900000001">
        <ele>1012.4690909090909</ele>
      </trkpt>
      <trkpt lat="45.89058999999999" lon="6.7986226">
        <ele>1012.5254545454546</ele>
      </trkpt>
      <trkpt lat="45.8904899" lon="6.7985578">
        <ele>1012.5827272727274</ele>
      </trkpt>
      <trkpt lat="45.890405899999976" lon="6.7985033">
        <ele>1012.6354545454545</ele>
      </trkpt>
      <trkpt lat="45.89036999999998" lon="6.798479999999999">
        <ele>1012.6763636363635</ele>
      </trkpt>
      <trkpt lat="45.89033930000001" lon="6.798451499999999">
        <ele>1012.7227272727272</ele>
      </trkpt>
      <trkpt lat="45.89026760000002" lon="6.7983848">
        <ele>1012.7709090909091</ele>
      </trkpt>
      <trkpt lat="45.8901823" lon="6.7983053">
        <ele>1012.820909090909</ele>
      </trkpt>
      <trkpt lat="45.89011070000001" lon="6.798238600000001">
        <ele>1012.8781818181816</ele>
      </trkpt>
      <trkpt lat="45.890080000000005" lon="6.79821">
        <ele>1012.9281818181818</ele>
      </trkpt>
      <trkpt lat="45.890004899999994" lon="6.798135099999999">
        <ele>1012.9754545454545</ele>
      </trkpt>
      <trkpt lat="45.88993" lon="6.79806">
        <ele>1013.0245454545455</ele>
      </trkpt>
      <trkpt lat="45.88990350000001" lon="6.798021999999999">
        <ele>1013.0572727272727</ele>
      </trkpt>
      <trkpt lat="45.88984169999999" lon="6.797933099999998">
        <ele>1013.0681818181819</ele>
      </trkpt>
      <trkpt lat="45.88976819999999" lon="6.7978271">
        <ele>1013.0463636363635</ele>
      </trkpt>
      <trkpt lat="45.889706399999994" lon="6.7977381">
        <ele>1013.0172727272726</ele>
      </trkpt>
      <trkpt lat="45.889680000000006" lon="6.797699999999999">
        <ele>1012.9736363636363</ele>
      </trkpt>
      <trkpt lat="45.889651400000005" lon="6.797649400000001">
        <ele>1012.9281818181818</ele>
      </trkpt>
      <trkpt lat="45.889589900000004" lon="6.797540099999999">
        <ele>1012.8954545454544</ele>
      </trkpt>
      <trkpt lat="45.8895284" lon="6.7974308">
        <ele>1012.8690909090909</ele>
      </trkpt>
      <trkpt lat="45.889500000000005" lon="6.79738">
        <ele>1012.8572727272727</ele>
      </trkpt>
      <trkpt lat="45.88948400000002" lon="6.7973231">
        <ele>1012.8581818181818</ele>
      </trkpt>
      <trkpt lat="45.889449800000016" lon="6.7972001">
        <ele>1012.8609090909092</ele>
      </trkpt>
      <trkpt lat="45.88941570000001" lon="6.7970771">
        <ele>1012.8645454545457</ele>
      </trkpt>
      <trkpt lat="45.88939999999999" lon="6.79702">
        <ele>1012.8854545454545</ele>
      </trkpt>
      <trkpt lat="45.889397499999994" lon="6.7969936">
        <ele>1012.8554545454546</ele>
      </trkpt>
      <trkpt lat="45.88939099999998" lon="6.796923500000001">
        <ele>1012.9445454545454</ele>
      </trkpt>
      <trkpt lat="45.889381500000006" lon="6.796820500000001">
        <ele>1013.0654545454546</ele>
      </trkpt>
      <trkpt lat="45.88936999999997" lon="6.7966957">
        <ele>1013.1936363636363</ele>
      </trkpt>
      <trkpt lat="45.88935739999999" lon="6.79656">
        <ele>1013.3136363636363</ele>
      </trkpt>
      <trkpt lat="45.889344900000005" lon="6.7964243">
        <ele>1013.4309090909089</ele>
      </trkpt>
      <trkpt lat="45.8893334" lon="6.796299499999999">
        <ele>1013.551818181818</ele>
      </trkpt>
      <trkpt lat="45.889323899999994" lon="6.796196500000001">
        <ele>1013.6954545454547</ele>
      </trkpt>
      <trkpt lat="45.88931740000001" lon="6.7961264">
        <ele>1013.8663636363636</ele>
      </trkpt>
      <trkpt lat="45.88931500000001" lon="6.796099999999999">
        <ele>1014.0890909090908</ele>
      </trkpt>
      <trkpt lat="45.88931259999998" lon="6.7960736">
        <ele>1014.3336363636362</ele>
      </trkpt>
      <trkpt lat="45.889306000000026" lon="6.796003500000001">
        <ele>1014.6881818181816</ele>
      </trkpt>
      <trkpt lat="45.8892965" lon="6.795900499999999">
        <ele>1014.9563636363637</ele>
      </trkpt>
      <trkpt lat="45.88928489999999" lon="6.795775699999999">
        <ele>1015.2045454545455</ele>
      </trkpt>
      <trkpt lat="45.88927240000001" lon="6.79564">
        <ele>1015.4827272727274</ele>
      </trkpt>
      <trkpt lat="45.8892598" lon="6.7955043">
        <ele>1015.7190909090907</ele>
      </trkpt>
      <trkpt lat="45.88924829999999" lon="6.795379500000001">
        <ele>1015.9481818181819</ele>
      </trkpt>
      <trkpt lat="45.889238799999994" lon="6.795276499999998">
        <ele>1016.1472727272726</ele>
      </trkpt>
      <trkpt lat="45.889232400000004" lon="6.795206400000001">
        <ele>1016.2918181818181</ele>
      </trkpt>
      <trkpt lat="45.889230000000005" lon="6.79518">
        <ele>1016.4754545454545</ele>
      </trkpt>
      <trkpt lat="45.889232799999995" lon="6.7951549">
        <ele>1016.5172727272728</ele>
      </trkpt>
      <trkpt lat="45.889240499999985" lon="6.795087599999999">
        <ele>1016.5427272727272</ele>
      </trkpt>
      <trkpt lat="45.88925190000002" lon="6.794987500000001">
        <ele>1016.4045454545455</ele>
      </trkpt>
      <trkpt lat="45.88926599999999" lon="6.7948639">
        <ele>1016.1981818181819</ele>
      </trkpt>
      <trkpt lat="45.889281799999985" lon="6.7947261999999995">
        <ele>1015.9727272727273</ele>
      </trkpt>
      <trkpt lat="45.88929809999999" lon="6.7945838">
        <ele>1015.6945454545454</ele>
      </trkpt>
      <trkpt lat="45.88931389999998" lon="6.794446099999999">
        <ele>1015.4345454545454</ele>
      </trkpt>
      <trkpt lat="45.88932800000001" lon="6.7943225">
        <ele>1015.110909090909</ele>
      </trkpt>
      <trkpt lat="45.88933949999999" lon="6.7942224">
        <ele>1014.749090909091</ele>
      </trkpt>
      <trkpt lat="45.8893472" lon="6.7941551">
        <ele>1014.3463636363635</ele>
      </trkpt>
      <trkpt lat="45.88935000000002" lon="6.794129999999999">
        <ele>1013.8609090909092</ele>
      </trkpt>
      <trkpt lat="45.88934799999996" lon="6.794080300000001">
        <ele>1013.4481818181819</ele>
      </trkpt>
      <trkpt lat="45.88934309999999" lon="6.7939641">
        <ele>1013.0318181818183</ele>
      </trkpt>
      <trkpt lat="45.88933719999999" lon="6.793825900000001">
        <ele>1012.6781818181818</ele>
      </trkpt>
      <trkpt lat="45.88933220000002" lon="6.793709699999999">
        <ele>1012.3163636363636</ele>
      </trkpt>
      <trkpt lat="45.889329999999994" lon="6.79366">
        <ele>1011.930909090909</ele>
      </trkpt>
      <trkpt lat="45.889327200000004" lon="6.793621300000001">
        <ele>1011.5054545454545</ele>
      </trkpt>
      <trkpt lat="45.889320000000005" lon="6.793523399999999">
        <ele>1011.0736363636362</ele>
      </trkpt>
      <trkpt lat="45.889310300000005" lon="6.793390100000001">
        <ele>1010.6872727272727</ele>
      </trkpt>
      <trkpt lat="45.88929970000001" lon="6.7932448999999995">
        <ele>1010.3245454545456</ele>
      </trkpt>
      <trkpt lat="45.88929000000001" lon="6.7931116000000005">
        <ele>1009.9963636363635</ele>
      </trkpt>
      <trkpt lat="45.88928279999999" lon="6.793013700000001">
        <ele>1009.6563636363636</ele>
      </trkpt>
      <trkpt lat="45.88928" lon="6.792975">
        <ele>1009.3063636363639</ele>
      </trkpt>
      <trkpt lat="45.88927720000001" lon="6.792936299999999">
        <ele>1008.9200000000001</ele>
      </trkpt>
      <trkpt lat="45.88927000000001" lon="6.7928384">
        <ele>1008.6018181818182</ele>
      </trkpt>
      <trkpt lat="45.88926029999999" lon="6.792705099999999">
        <ele>1008.3390909090908</ele>
      </trkpt>
      <trkpt lat="45.889249699999965" lon="6.7925599">
        <ele>1008.0954545454543</ele>
      </trkpt>
      <trkpt lat="45.88923990000002" lon="6.792426599999999">
        <ele>1007.8954545454545</ele>
      </trkpt>
      <trkpt lat="45.889232799999995" lon="6.7923287">
        <ele>1007.7154545454546</ele>
      </trkpt>
      <trkpt lat="45.889230000000005" lon="6.79229">
        <ele>1007.5536363636364</ele>
      </trkpt>
      <trkpt lat="45.889229900000004" lon="6.792216700000001">
        <ele>1007.4227272727272</ele>
      </trkpt>
      <trkpt lat="45.889229900000004" lon="6.792083299999999">
        <ele>1007.3163636363636</ele>
      </trkpt>
      <trkpt lat="45.889230000000005" lon="6.79201">
        <ele>1007.2272727272725</ele>
      </trkpt>
      <trkpt lat="45.88923170000002" lon="6.791983899999999">
        <ele>1007.1409090909091</ele>
      </trkpt>
      <trkpt lat="45.88923629999999" lon="6.7919145">
        <ele>1007.0654545454545</ele>
      </trkpt>
      <trkpt lat="45.88924299999998" lon="6.7918126999999995">
        <ele>1006.9827272727272</ele>
      </trkpt>
      <trkpt lat="45.88925109999998" lon="6.7916892">
        <ele>1006.8881818181818</ele>
      </trkpt>
      <trkpt lat="45.88926000000002" lon="6.791555">
        <ele>1006.8136363636364</ele>
      </trkpt>
      <trkpt lat="45.88926879999998" lon="6.791420700000001">
        <ele>1006.6572727272727</ele>
      </trkpt>
      <trkpt lat="45.889276999999986" lon="6.791297300000001">
        <ele>1006.470909090909</ele>
      </trkpt>
      <trkpt lat="45.88928369999999" lon="6.7911955">
        <ele>1006.2472727272726</ele>
      </trkpt>
      <trkpt lat="45.8892883" lon="6.7911261000000005">
        <ele>1006.0436363636363</ele>
      </trkpt>
      <trkpt lat="45.88929000000001" lon="6.7911">
        <ele>1005.769090909091</ele>
      </trkpt>
      <trkpt lat="45.88930039999999" lon="6.7910086">
        <ele>1005.4909090909091</ele>
      </trkpt>
      <trkpt lat="45.88931949999999" lon="6.790841399999999">
        <ele>1005.2154545454545</ele>
      </trkpt>
      <trkpt lat="45.889329999999994" lon="6.790749999999999">
        <ele>1004.7154545454545</ele>
      </trkpt>
      <trkpt lat="45.88934820000001" lon="6.790663799999999">
        <ele>1003.9618181818182</ele>
      </trkpt>
      <trkpt lat="45.8893816" lon="6.7905062">
        <ele>1002.7872727272729</ele>
      </trkpt>
      <trkpt lat="45.88939999999999" lon="6.790420000000001">
        <ele>1002.1481818181818</ele>
      </trkpt>
      <trkpt lat="45.889409" lon="6.790389000000001">
        <ele>1001.8272727272728</ele>
      </trkpt>
      <trkpt lat="45.88943219999999" lon="6.790309100000001">
        <ele>1001.5036363636365</ele>
      </trkpt>
      <trkpt lat="45.889464999999994" lon="6.7901964">
        <ele>1001.1963636363636</ele>
      </trkpt>
      <trkpt lat="45.8895025" lon="6.7900675">
        <ele>1000.87</ele>
      </trkpt>
      <trkpt lat="45.88954000000001" lon="6.789938499999999">
        <ele>1000.5699999999998</ele>
      </trkpt>
      <trkpt lat="45.889572700000016" lon="6.789825899999999">
        <ele>1000.2327272727272</ele>
      </trkpt>
      <trkpt lat="45.889595999999976" lon="6.789745999999999">
        <ele>999.8745454545453</ele>
      </trkpt>
      <trkpt lat="45.88960500000001" lon="6.789714999999999">
        <ele>999.6909090909091</ele>
      </trkpt>
      <trkpt lat="45.889613999999995" lon="6.789684">
        <ele>999.7509090909091</ele>
      </trkpt>
      <trkpt lat="45.8896372" lon="6.7896041">
        <ele>1000.2445454545455</ele>
      </trkpt>
      <trkpt lat="45.88966999999999" lon="6.7894914">
        <ele>1000.2072727272728</ele>
      </trkpt>
      <trkpt lat="45.88970749999997" lon="6.7893625">
        <ele>999.9581818181819</ele>
      </trkpt>
      <trkpt lat="45.88974489999998" lon="6.7892335">
        <ele>999.8063636363639</ele>
      </trkpt>
      <trkpt lat="45.88977769999999" lon="6.7891208999999995">
        <ele>999.6927272727273</ele>
      </trkpt>
      <trkpt lat="45.889801" lon="6.789040999999999">
        <ele>999.6381818181817</ele>
      </trkpt>
      <trkpt lat="45.889810000000004" lon="6.789009999999999">
        <ele>999.6845454545452</ele>
      </trkpt>
      <trkpt lat="45.88986999999999" lon="6.788930000000001">
        <ele>999.8081818181817</ele>
      </trkpt>
      <trkpt lat="45.88986999999999" lon="6.788779999999999">
        <ele>999.9845454545455</ele>
      </trkpt>
      <trkpt lat="45.8898838" lon="6.7887366">
        <ele>1000.249090909091</ele>
      </trkpt>
      <trkpt lat="45.88991599999999" lon="6.788635299999999">
        <ele>1000.668181818182</ele>
      </trkpt>
      <trkpt lat="45.889954300000014" lon="6.7885148000000015">
        <ele>1001.0872727272726</ele>
      </trkpt>
      <trkpt lat="45.889986500000006" lon="6.788413499999999">
        <ele>1001.6036363636363</ele>
      </trkpt>
      <trkpt lat="45.88999999999997" lon="6.78837">
        <ele>1002.1981818181816</ele>
      </trkpt>
      <trkpt lat="45.889955499999985" lon="6.7882698">
        <ele>1002.7899999999998</ele>
      </trkpt>
      <trkpt lat="45.88990999999999" lon="6.78817">
        <ele>1003.5027272727272</ele>
      </trkpt>
      <trkpt lat="45.88990999999999" lon="6.7881599999999995">
        <ele>1004.35</ele>
      </trkpt>
      <trkpt lat="45.889869899999994" lon="6.7880651">
        <ele>1005.3009090909092</ele>
      </trkpt>
      <trkpt lat="45.88983000000004" lon="6.78797">
        <ele>1006.3827272727274</ele>
      </trkpt>
      <trkpt lat="45.8898187" lon="6.787926999999999">
        <ele>1007.4854545454546</ele>
      </trkpt>
      <trkpt lat="45.88979090000001" lon="6.7878216">
        <ele>1008.6918181818182</ele>
      </trkpt>
      <trkpt lat="45.889754999999994" lon="6.787685">
        <ele>1009.8581818181821</ele>
      </trkpt>
      <trkpt lat="45.8897191" lon="6.787548400000001">
        <ele>1011.1245454545456</ele>
      </trkpt>
      <trkpt lat="45.88969140000001" lon="6.787443">
        <ele>1012.369090909091</ele>
      </trkpt>
      <trkpt lat="45.889680000000006" lon="6.7874">
        <ele>1013.6700000000002</ele>
      </trkpt>
      <trkpt lat="45.889610000000005" lon="6.787309999999999">
        <ele>1015.1354545454546</ele>
      </trkpt>
      <trkpt lat="45.88955010000002" lon="6.787259799999999">
        <ele>1016.7218181818184</ele>
      </trkpt>
      <trkpt lat="45.889490000000016" lon="6.787209999999999">
        <ele>1018.168181818182</ele>
      </trkpt>
      <trkpt lat="45.889452999999996" lon="6.787192999999999">
        <ele>1019.4954545454547</ele>
      </trkpt>
      <trkpt lat="45.889366499999994" lon="6.7871535">
        <ele>1020.93</ele>
      </trkpt>
      <trkpt lat="45.8892635" lon="6.787106399999999">
        <ele>1022.6018181818181</ele>
      </trkpt>
      <trkpt lat="45.889176999999975" lon="6.787066900000001">
        <ele>1024.1372727272726</ele>
      </trkpt>
      <trkpt lat="45.889139999999976" lon="6.78705">
        <ele>1025.7127272727273</ele>
      </trkpt>
      <trkpt lat="45.88908499999999" lon="6.7870162999999994">
        <ele>1027.3518181818183</ele>
      </trkpt>
      <trkpt lat="45.88898470000001" lon="6.7869543">
        <ele>1029.03</ele>
      </trkpt>
      <trkpt lat="45.888930000000016" lon="6.78692">
        <ele>1030.9790909090907</ele>
      </trkpt>
      <trkpt lat="45.88891799999999" lon="6.786902399999999">
        <ele>1032.9363636363635</ele>
      </trkpt>
      <trkpt lat="45.88888600000002" lon="6.7868549">
        <ele>1034.5827272727272</ele>
      </trkpt>
      <trkpt lat="45.8888383" lon="6.7867843">
        <ele>1036.170909090909</ele>
      </trkpt>
      <trkpt lat="45.88877949999999" lon="6.7866972">
        <ele>1037.9490909090907</ele>
      </trkpt>
      <trkpt lat="45.8887139" lon="6.7866001">
        <ele>1039.6727272727273</ele>
      </trkpt>
      <trkpt lat="45.88864610000003" lon="6.786499700000002">
        <ele>1041.128181818182</ele>
      </trkpt>
      <trkpt lat="45.88858060000002" lon="6.786402699999999">
        <ele>1042.9163636363637</ele>
      </trkpt>
      <trkpt lat="45.88852170000001" lon="6.7863155">
        <ele>1044.8436363636363</ele>
      </trkpt>
      <trkpt lat="45.88847409999999" lon="6.786245000000001">
        <ele>1046.9063636363637</ele>
      </trkpt>
      <trkpt lat="45.88844199999999" lon="6.786197600000001">
        <ele>1048.9799999999998</ele>
      </trkpt>
      <trkpt lat="45.88842999999999" lon="6.78618">
        <ele>1050.6218181818183</ele>
      </trkpt>
      <trkpt lat="45.8883942" lon="6.7861649">
        <ele>1052.3009090909088</ele>
      </trkpt>
      <trkpt lat="45.88831010000003" lon="6.7861305">
        <ele>1054.4072727272726</ele>
      </trkpt>
      <trkpt lat="45.88820989999999" lon="6.786089499999999">
        <ele>1056.5763636363636</ele>
      </trkpt>
      <trkpt lat="45.88812580000002" lon="6.786055099999999">
        <ele>1058.7227272727273</ele>
      </trkpt>
      <trkpt lat="45.88809" lon="6.786039999999999">
        <ele>1060.4454545454544</ele>
      </trkpt>
      <trkpt lat="45.888088999999994" lon="6.7859253">
        <ele>1061.9354545454544</ele>
      </trkpt>
      <trkpt lat="45.88809" lon="6.78581">
        <ele>1062.801818181818</ele>
      </trkpt>
      <trkpt lat="45.8881647" lon="6.7857444000000005">
        <ele>1063.3445454545456</ele>
      </trkpt>
      <trkpt lat="45.88823999999998" lon="6.78568">
        <ele>1063.6436363636362</ele>
      </trkpt>
      <trkpt lat="45.888315" lon="6.785664599999999">
        <ele>1064.1081818181817</ele>
      </trkpt>
      <trkpt lat="45.888390000000015" lon="6.785650000000001">
        <ele>1064.79</ele>
      </trkpt>
      <trkpt lat="45.88846999999998" lon="6.78566">
        <ele>1065.2018181818182</ele>
      </trkpt>
      <trkpt lat="45.88855000000001" lon="6.785669999999999">
        <ele>1065.4136363636362</ele>
      </trkpt>
      <trkpt lat="45.88859750000001" lon="6.785663900000001">
        <ele>1065.5954545454547</ele>
      </trkpt>
      <trkpt lat="45.888700099999994" lon="6.785650499999998">
        <ele>1065.8772727272726</ele>
      </trkpt>
      <trkpt lat="45.888802600000005" lon="6.785636799999999">
        <ele>1066.4799999999998</ele>
      </trkpt>
      <trkpt lat="45.88884999999998" lon="6.78563">
        <ele>1067.3081818181818</ele>
      </trkpt>
      <trkpt lat="45.888885699999996" lon="6.785510599999999">
        <ele>1068.4945454545452</ele>
      </trkpt>
      <trkpt lat="45.88891999999998" lon="6.78539">
        <ele>1069.7954545454545</ele>
      </trkpt>
      <trkpt lat="45.88884999999998" lon="6.78529">
        <ele>1071.2854545454545</ele>
      </trkpt>
      <trkpt lat="45.88877500000001" lon="6.78533">
        <ele>1072.851818181818</ele>
      </trkpt>
      <trkpt lat="45.88869999999999" lon="6.78537">
        <ele>1074.4954545454545</ele>
      </trkpt>
      <trkpt lat="45.88864480000001" lon="6.785325799999999">
        <ele>1076.3254545454547</ele>
      </trkpt>
      <trkpt lat="45.88858999999999" lon="6.78528">
        <ele>1078.528181818182</ele>
      </trkpt>
      <trkpt lat="45.888570000000016" lon="6.7851799999999995">
        <ele>1081.2363636363636</ele>
      </trkpt>
      <trkpt lat="45.888589599999975" lon="6.7850847000000005">
        <ele>1083.9236363636364</ele>
      </trkpt>
      <trkpt lat="45.88860999999999" lon="6.78499">
        <ele>1086.5081818181818</ele>
      </trkpt>
      <trkpt lat="45.888644699999986" lon="6.7849503">
        <ele>1089.3936363636362</ele>
      </trkpt>
      <trkpt lat="45.888719800000004" lon="6.7848648">
        <ele>1092.1690909090908</ele>
      </trkpt>
      <trkpt lat="45.88879510000001" lon="6.7847794">
        <ele>1095.1972727272725</ele>
      </trkpt>
      <trkpt lat="45.88882999999998" lon="6.784740000000001">
        <ele>1098.1554545454546</ele>
      </trkpt>
      <trkpt lat="45.88887700000001" lon="6.784708600000001">
        <ele>1101.0627272727272</ele>
      </trkpt>
      <trkpt lat="45.888962899999996" lon="6.7846515">
        <ele>1103.9136363636362</ele>
      </trkpt>
      <trkpt lat="45.88901" lon="6.78462">
        <ele>1106.6572727272726</ele>
      </trkpt>
      <trkpt lat="45.88907000000001" lon="6.78451">
        <ele>1108.820909090909</ele>
      </trkpt>
      <trkpt lat="45.8890859" lon="6.784434300000001">
        <ele>1110.510909090909</ele>
      </trkpt>
      <trkpt lat="45.88911460000001" lon="6.784295900000002">
        <ele>1112.0790909090908</ele>
      </trkpt>
      <trkpt lat="45.88912999999999" lon="6.78422">
        <ele>1113.7245454545455</ele>
      </trkpt>
      <trkpt lat="45.88907000000001" lon="6.78422">
        <ele>1115.3654545454547</ele>
      </trkpt>
      <trkpt lat="45.88900000000001" lon="6.78429">
        <ele>1117.1054545454547</ele>
      </trkpt>
      <trkpt lat="45.888930000000016" lon="6.78436">
        <ele>1118.5654545454545</ele>
      </trkpt>
      <trkpt lat="45.88882000000001" lon="6.784390000000001">
        <ele>1119.861818181818</ele>
      </trkpt>
      <trkpt lat="45.88873970000001" lon="6.784365800000001">
        <ele>1120.8136363636363</ele>
      </trkpt>
      <trkpt lat="45.888660000000016" lon="6.78434">
        <ele>1121.5563636363636</ele>
      </trkpt>
      <trkpt lat="45.88871999999997" lon="6.784230000000001">
        <ele>1122.3218181818181</ele>
      </trkpt>
      <trkpt lat="45.888795299999984" lon="6.7841754">
        <ele>1123.2054545454544</ele>
      </trkpt>
      <trkpt lat="45.88886999999998" lon="6.78412">
        <ele>1124.0881818181817</ele>
      </trkpt>
      <trkpt lat="45.88887189999999" lon="6.784052099999999">
        <ele>1124.9009090909092</ele>
      </trkpt>
      <trkpt lat="45.888875199999994" lon="6.783905099999999">
        <ele>1125.5545454545454</ele>
      </trkpt>
      <trkpt lat="45.8888784" lon="6.783758100000001">
        <ele>1125.9063636363635</ele>
      </trkpt>
      <trkpt lat="45.88887999999999" lon="6.78369">
        <ele>1126.2781818181818</ele>
      </trkpt>
      <trkpt lat="45.888904700000026" lon="6.7835899">
        <ele>1126.9136363636362</ele>
      </trkpt>
      <trkpt lat="45.888930000000016" lon="6.783489999999999">
        <ele>1127.6309090909092</ele>
      </trkpt>
      <trkpt lat="45.88899" lon="6.78339">
        <ele>1128.5618181818181</ele>
      </trkpt>
      <trkpt lat="45.8890005" lon="6.78329">
        <ele>1129.5436363636363</ele>
      </trkpt>
      <trkpt lat="45.88901" lon="6.78319">
        <ele>1130.5790909090906</ele>
      </trkpt>
      <trkpt lat="45.888930000000016" lon="6.78312">
        <ele>1131.6909090909091</ele>
      </trkpt>
      <trkpt lat="45.888877699999995" lon="6.7831486">
        <ele>1132.741818181818</ele>
      </trkpt>
      <trkpt lat="45.88878230000001" lon="6.783201499999999">
        <ele>1133.740909090909</ele>
      </trkpt>
      <trkpt lat="45.88873000000001" lon="6.7832300000000005">
        <ele>1134.8663636363638</ele>
      </trkpt>
      <trkpt lat="45.888664000000006" lon="6.7831811">
        <ele>1136.1254545454544</ele>
      </trkpt>
      <trkpt lat="45.888600000000004" lon="6.78313">
        <ele>1137.3509090909092</ele>
      </trkpt>
      <trkpt lat="45.888607299999975" lon="6.783108199999999">
        <ele>1138.4354545454544</ele>
      </trkpt>
      <trkpt lat="45.88862710000001" lon="6.7830498">
        <ele>1139.5518181818181</ele>
      </trkpt>
      <trkpt lat="45.88865659999998" lon="6.782963">
        <ele>1140.590909090909</ele>
      </trkpt>
      <trkpt lat="45.88869309999999" lon="6.782855900000001">
        <ele>1141.6772727272726</ele>
      </trkpt>
      <trkpt lat="45.888733800000004" lon="6.782736600000002">
        <ele>1142.7618181818182</ele>
      </trkpt>
      <trkpt lat="45.8887758" lon="6.782613199999999">
        <ele>1143.6581818181817</ele>
      </trkpt>
      <trkpt lat="45.88881649999998" lon="6.7824939">
        <ele>1144.5945454545454</ele>
      </trkpt>
      <trkpt lat="45.88885299999999" lon="6.7823868">
        <ele>1145.5818181818179</ele>
      </trkpt>
      <trkpt lat="45.88888259999999" lon="6.7823">
        <ele>1146.6436363636365</ele>
      </trkpt>
      <trkpt lat="45.888902599999994" lon="6.7822417">
        <ele>1147.6263636363635</ele>
      </trkpt>
      <trkpt lat="45.88891000000001" lon="6.78222">
        <ele>1148.7009090909091</ele>
      </trkpt>
      <trkpt lat="45.88893839999999" lon="6.7821786">
        <ele>1149.7163636363637</ele>
      </trkpt>
      <trkpt lat="45.88899989999999" lon="6.7820899">
        <ele>1150.6190909090908</ele>
      </trkpt>
      <trkpt lat="45.88906149999999" lon="6.7820013">
        <ele>1151.4245454545455</ele>
      </trkpt>
      <trkpt lat="45.88909000000001" lon="6.78196">
        <ele>1152.16</ele>
      </trkpt>
      <trkpt lat="45.88911000000002" lon="6.781840000000001">
        <ele>1152.7427272727273</ele>
      </trkpt>
      <trkpt lat="45.889050000000005" lon="6.78173">
        <ele>1153.308181818182</ele>
      </trkpt>
      <trkpt lat="45.88900000000001" lon="6.78167">
        <ele>1153.8518181818183</ele>
      </trkpt>
      <trkpt lat="45.888949999999994" lon="6.781609999999999">
        <ele>1154.3463636363635</ele>
      </trkpt>
      <trkpt lat="45.88889000000001" lon="6.781489999999998">
        <ele>1154.7490909090911</ele>
      </trkpt>
      <trkpt lat="45.88889000000001" lon="6.78148">
        <ele>1155.1436363636365</ele>
      </trkpt>
      <trkpt lat="45.888949999999994" lon="6.781609999999999">
        <ele>1155.4090909090908</ele>
      </trkpt>
      <trkpt lat="45.88890050000001" lon="6.781628800000001">
        <ele>1155.651818181818</ele>
      </trkpt>
      <trkpt lat="45.888809799999976" lon="6.7816617">
        <ele>1155.9136363636362</ele>
      </trkpt>
      <trkpt lat="45.888760000000005" lon="6.781680000000001">
        <ele>1156.280909090909</ele>
      </trkpt>
      <trkpt lat="45.888746700000006" lon="6.7816919">
        <ele>1156.640909090909</ele>
      </trkpt>
      <trkpt lat="45.888710599999996" lon="6.7817241">
        <ele>1157.1381818181815</ele>
      </trkpt>
      <trkpt lat="45.888656400000016" lon="6.781772599999999">
        <ele>1157.822727272727</ele>
      </trkpt>
      <trkpt lat="45.8885885" lon="6.7818333">
        <ele>1158.54</ele>
      </trkpt>
      <trkpt lat="45.8885115" lon="6.781902200000001">
        <ele>1159.2918181818181</ele>
      </trkpt>
      <trkpt lat="45.88842999999999" lon="6.781975100000001">
        <ele>1160.0381818181818</ele>
      </trkpt>
      <trkpt lat="45.88834850000002" lon="6.782048">
        <ele>1160.7509090909089</ele>
      </trkpt>
      <trkpt lat="45.888271500000016" lon="6.782116800000002">
        <ele>1161.4990909090907</ele>
      </trkpt>
      <trkpt lat="45.8882037" lon="6.7821775">
        <ele>1162.2172727272728</ele>
      </trkpt>
      <trkpt lat="45.888149399999996" lon="6.782226">
        <ele>1162.992727272727</ele>
      </trkpt>
      <trkpt lat="45.888113299999986" lon="6.782258200000001">
        <ele>1163.7272727272725</ele>
      </trkpt>
      <trkpt lat="45.888100000000016" lon="6.78227">
        <ele>1164.5454545454545</ele>
      </trkpt>
      <trkpt lat="45.888080699999996" lon="6.782278199999999">
        <ele>1165.3263636363636</ele>
      </trkpt>
      <trkpt lat="45.88803009999999" lon="6.7822995">
        <ele>1166.0427272727272</ele>
      </trkpt>
      <trkpt lat="45.88795700000001" lon="6.7823302">
        <ele>1166.7836363636363</ele>
      </trkpt>
      <trkpt lat="45.887870599999985" lon="6.7823664">
        <ele>1167.4863636363636</ele>
      </trkpt>
      <trkpt lat="45.8877796" lon="6.7824045">
        <ele>1168.1972727272728</ele>
      </trkpt>
      <trkpt lat="45.88769310000001" lon="6.7824406">
        <ele>1169.0163636363636</ele>
      </trkpt>
      <trkpt lat="45.88762" lon="6.7824710999999995">
        <ele>1169.9354545454544</ele>
      </trkpt>
      <trkpt lat="45.887569299999996" lon="6.782492099999999">
        <ele>1171.0481818181818</ele>
      </trkpt>
      <trkpt lat="45.887550000000005" lon="6.782499999999999">
        <ele>1172.0800000000002</ele>
      </trkpt>
      <trkpt lat="45.887518199999974" lon="6.782481500000001">
        <ele>1173.1618181818185</ele>
      </trkpt>
      <trkpt lat="45.887444000000016" lon="6.782437100000001">
        <ele>1174.219090909091</ele>
      </trkpt>
      <trkpt lat="45.8873558" lon="6.7823839999999995">
        <ele>1175.379090909091</ele>
      </trkpt>
      <trkpt lat="45.88728170000002" lon="6.782339300000001">
        <ele>1176.7254545454543</ele>
      </trkpt>
      <trkpt lat="45.88724999999996" lon="6.78232">
        <ele>1178.1581818181817</ele>
      </trkpt>
      <trkpt lat="45.8872235" lon="6.7822904">
        <ele>1179.4463636363637</ele>
      </trkpt>
      <trkpt lat="45.8871618" lon="6.782221099999999">
        <ele>1180.6509090909092</ele>
      </trkpt>
      <trkpt lat="45.88708830000002" lon="6.782138500000001">
        <ele>1181.7745454545454</ele>
      </trkpt>
      <trkpt lat="45.887026600000006" lon="6.782069300000001">
        <ele>1182.8827272727274</ele>
      </trkpt>
      <trkpt lat="45.88699999999999" lon="6.782039999999999">
        <ele>1184.0709090909093</ele>
      </trkpt>
      <trkpt lat="45.88693729999999" lon="6.782055299999999">
        <ele>1185.3927272727274</ele>
      </trkpt>
      <trkpt lat="45.88682270000001" lon="6.7820846">
        <ele>1186.712727272727</ele>
      </trkpt>
      <trkpt lat="45.88676000000001" lon="6.782099999999999">
        <ele>1188.03</ele>
      </trkpt>
      <trkpt lat="45.88671779999997" lon="6.7820484">
        <ele>1189.251818181818</ele>
      </trkpt>
      <trkpt lat="45.886641300000015" lon="6.781952899999999">
        <ele>1190.2481818181818</ele>
      </trkpt>
      <trkpt lat="45.88659999999999" lon="6.7819">
        <ele>1191.090909090909</ele>
      </trkpt>
      <trkpt lat="45.88663400000002" lon="6.7818245">
        <ele>1192.200909090909</ele>
      </trkpt>
      <trkpt lat="45.88667000000001" lon="6.781749999999999">
        <ele>1193.441818181818</ele>
      </trkpt>
      <trkpt lat="45.886719599999985" lon="6.781739299999999">
        <ele>1194.8754545454542</ele>
      </trkpt>
      <trkpt lat="45.88681030000002" lon="6.7817205000000005">
        <ele>1196.302727272727</ele>
      </trkpt>
      <trkpt lat="45.88686" lon="6.78171">
        <ele>1197.5509090909088</ele>
      </trkpt>
      <trkpt lat="45.88692" lon="6.78162">
        <ele>1198.7099999999998</ele>
      </trkpt>
      <trkpt lat="45.886923300000014" lon="6.7815712999999995">
        <ele>1199.8572727272729</ele>
      </trkpt>
      <trkpt lat="45.8869307" lon="6.781457700000001">
        <ele>1201.0436363636363</ele>
      </trkpt>
      <trkpt lat="45.88693949999997" lon="6.7813224">
        <ele>1202.2363636363636</ele>
      </trkpt>
      <trkpt lat="45.886946899999984" lon="6.781208699999999">
        <ele>1203.4818181818182</ele>
      </trkpt>
      <trkpt lat="45.88695000000002" lon="6.78116">
        <ele>1204.7490909090907</ele>
      </trkpt>
      <trkpt lat="45.88694549999999" lon="6.781054799999998">
        <ele>1205.9390909090907</ele>
      </trkpt>
      <trkpt lat="45.88694000000001" lon="6.780949999999999">
        <ele>1207.2790909090909</ele>
      </trkpt>
      <trkpt lat="45.88687529999997" lon="6.7809094">
        <ele>1208.3972727272726</ele>
      </trkpt>
      <trkpt lat="45.886810000000004" lon="6.780869999999999">
        <ele>1209.4745454545455</ele>
      </trkpt>
      <trkpt lat="45.886730000000014" lon="6.78084">
        <ele>1210.472727272727</ele>
      </trkpt>
      <trkpt lat="45.88665" lon="6.78081">
        <ele>1211.56</ele>
      </trkpt>
      <trkpt lat="45.886539999999975" lon="6.78075">
        <ele>1212.540909090909</ele>
      </trkpt>
      <trkpt lat="45.886509100000005" lon="6.780757399999999">
        <ele>1213.421818181818</ele>
      </trkpt>
      <trkpt lat="45.886433200000006" lon="6.780776000000002">
        <ele>1214.2536363636364</ele>
      </trkpt>
      <trkpt lat="45.88633500000001" lon="6.7808">
        <ele>1215.2018181818182</ele>
      </trkpt>
      <trkpt lat="45.886236800000006" lon="6.780824">
        <ele>1216.1636363636362</ele>
      </trkpt>
      <trkpt lat="45.886160899999986" lon="6.780842499999999">
        <ele>1217.1972727272728</ele>
      </trkpt>
      <trkpt lat="45.88613000000001" lon="6.780850000000001">
        <ele>1218.0345454545457</ele>
      </trkpt>
      <trkpt lat="45.88607759999999" lon="6.78084">
        <ele>1219.2118181818184</ele>
      </trkpt>
      <trkpt lat="45.88598220000001" lon="6.780820900000001">
        <ele>1220.5127272727275</ele>
      </trkpt>
      <trkpt lat="45.88593000000001" lon="6.78081">
        <ele>1222.078181818182</ele>
      </trkpt>
      <trkpt lat="45.88590980000001" lon="6.780794700000001">
        <ele>1223.7081818181819</ele>
      </trkpt>
      <trkpt lat="45.885857600000016" lon="6.780755">
        <ele>1225.599090909091</ele>
      </trkpt>
      <trkpt lat="45.885784100000016" lon="6.780699000000001">
        <ele>1227.4590909090912</ele>
      </trkpt>
      <trkpt lat="45.88569999999999" lon="6.7806349">
        <ele>1229.5745454545454</ele>
      </trkpt>
      <trkpt lat="45.88561589999999" lon="6.7805708">
        <ele>1231.8781818181817</ele>
      </trkpt>
      <trkpt lat="45.88554239999999" lon="6.780514899999998">
        <ele>1234.3000000000002</ele>
      </trkpt>
      <trkpt lat="45.88549019999999" lon="6.7804752">
        <ele>1236.6627272727274</ele>
      </trkpt>
      <trkpt lat="45.88547" lon="6.78046">
        <ele>1239.1527272727274</ele>
      </trkpt>
      <trkpt lat="45.88542029999999" lon="6.780478">
        <ele>1241.3590909090908</ele>
      </trkpt>
      <trkpt lat="45.88532960000001" lon="6.780512200000001">
        <ele>1243.3472727272726</ele>
      </trkpt>
      <trkpt lat="45.88528000000001" lon="6.780530000000001">
        <ele>1245.160909090909</ele>
      </trkpt>
      <trkpt lat="45.885244099999994" lon="6.780415699999999">
        <ele>1246.7954545454545</ele>
      </trkpt>
      <trkpt lat="45.88520999999999" lon="6.780300000000001">
        <ele>1248.2136363636362</ele>
      </trkpt>
      <trkpt lat="45.88521900000002" lon="6.780271600000001">
        <ele>1249.69</ele>
      </trkpt>
      <trkpt lat="45.885242900000016" lon="6.780196900000001">
        <ele>1250.9227272727273</ele>
      </trkpt>
      <trkpt lat="45.885277500000015" lon="6.7800893">
        <ele>1251.722727272727</ele>
      </trkpt>
      <trkpt lat="45.885318400000024" lon="6.779961899999999">
        <ele>1252.3300000000002</ele>
      </trkpt>
      <trkpt lat="45.88536139999999" lon="6.779828">
        <ele>1252.8918181818183</ele>
      </trkpt>
      <trkpt lat="45.8854024" lon="6.7797006">
        <ele>1253.3481818181817</ele>
      </trkpt>
      <trkpt lat="45.88543690000002" lon="6.779593">
        <ele>1253.788181818182</ele>
      </trkpt>
      <trkpt lat="45.88546089999999" lon="6.779518400000001">
        <ele>1254.2863636363638</ele>
      </trkpt>
      <trkpt lat="45.88547" lon="6.779490000000001">
        <ele>1254.7763636363636</ele>
      </trkpt>
      <trkpt lat="45.88547530000001" lon="6.779400099999999">
        <ele>1255.3900000000003</ele>
      </trkpt>
      <trkpt lat="45.88548000000001" lon="6.77931">
        <ele>1256.146363636364</ele>
      </trkpt>
      <trkpt lat="45.885478299999995" lon="6.7792859000000005">
        <ele>1256.967272727273</ele>
      </trkpt>
      <trkpt lat="45.88547389999999" lon="6.779221100000001">
        <ele>1257.859090909091</ele>
      </trkpt>
      <trkpt lat="45.88546720000001" lon="6.7791248">
        <ele>1258.8136363636365</ele>
      </trkpt>
      <trkpt lat="45.885459000000004" lon="6.7790059">
        <ele>1259.8472727272726</ele>
      </trkpt>
      <trkpt lat="45.885449799999996" lon="6.778873500000001">
        <ele>1260.8445454545454</ele>
      </trkpt>
      <trkpt lat="45.8854403" lon="6.778736499999999">
        <ele>1261.7972727272727</ele>
      </trkpt>
      <trkpt lat="45.88543120000001" lon="6.778604100000001">
        <ele>1262.8118181818181</ele>
      </trkpt>
      <trkpt lat="45.885422900000016" lon="6.778485200000001">
        <ele>1263.9963636363636</ele>
      </trkpt>
      <trkpt lat="45.88541620000001" lon="6.7783888999999995">
        <ele>1265.091818181818</ele>
      </trkpt>
      <trkpt lat="45.885411700000006" lon="6.7783241">
        <ele>1266.0945454545454</ele>
      </trkpt>
      <trkpt lat="45.885410000000014" lon="6.778300000000001">
        <ele>1266.9736363636364</ele>
      </trkpt>
      <trkpt lat="45.88535000000003" lon="6.778229999999999">
        <ele>1267.8181818181818</ele>
      </trkpt>
      <trkpt lat="45.88528000000001" lon="6.778260000000002">
        <ele>1268.6163636363638</ele>
      </trkpt>
      <trkpt lat="45.88525110000002" lon="6.778325299999999">
        <ele>1269.4954545454545</ele>
      </trkpt>
      <trkpt lat="45.885198800000026" lon="6.778444599999999">
        <ele>1270.4381818181819</ele>
      </trkpt>
      <trkpt lat="45.88517000000003" lon="6.77851">
        <ele>1271.5936363636365</ele>
      </trkpt>
      <trkpt lat="45.88511" lon="6.778579999999999">
        <ele>1273.0445454545454</ele>
      </trkpt>
      <trkpt lat="45.8850603" lon="6.7785907">
        <ele>1274.537272727273</ele>
      </trkpt>
      <trkpt lat="45.88496970000001" lon="6.778609799999999">
        <ele>1275.9400000000003</ele>
      </trkpt>
      <trkpt lat="45.88491999999999" lon="6.77862">
        <ele>1277.3700000000001</ele>
      </trkpt>
      <trkpt lat="45.88482" lon="6.77859">
        <ele>1278.802727272727</ele>
      </trkpt>
      <trkpt lat="45.88473" lon="6.7784699999999996">
        <ele>1280.4254545454546</ele>
      </trkpt>
      <trkpt lat="45.88470999999999" lon="6.778389999999999">
        <ele>1282.1281818181817</ele>
      </trkpt>
      <trkpt lat="45.88470999999999" lon="6.778220000000001">
        <ele>1284.011818181818</ele>
      </trkpt>
      <trkpt lat="45.88469000000001" lon="6.778114999999999">
        <ele>1286.0163636363636</ele>
      </trkpt>
      <trkpt lat="45.884669999999986" lon="6.77801">
        <ele>1288.1663636363637</ele>
      </trkpt>
      <trkpt lat="45.88466" lon="6.777860000000001">
        <ele>1290.4372727272728</ele>
      </trkpt>
      <trkpt lat="45.88464020000002" lon="6.7777599">
        <ele>1292.5645454545456</ele>
      </trkpt>
      <trkpt lat="45.88461999999997" lon="6.77766">
        <ele>1294.9154545454546</ele>
      </trkpt>
      <trkpt lat="45.884559999999986" lon="6.77754">
        <ele>1297.3581818181817</ele>
      </trkpt>
      <trkpt lat="45.8845" lon="6.7775">
        <ele>1299.901818181818</ele>
      </trkpt>
      <trkpt lat="45.88442000000002" lon="6.777480000000001">
        <ele>1302.6345454545453</ele>
      </trkpt>
      <trkpt lat="45.88435730000002" lon="6.777482599999999">
        <ele>1305.068181818182</ele>
      </trkpt>
      <trkpt lat="45.88424270000001" lon="6.7774875">
        <ele>1307.521818181818</ele>
      </trkpt>
      <trkpt lat="45.88418000000001" lon="6.777490000000001">
        <ele>1310.1181818181817</ele>
      </trkpt>
      <trkpt lat="45.88411730000001" lon="6.777477">
        <ele>1312.7318181818182</ele>
      </trkpt>
      <trkpt lat="45.8840027" lon="6.777453">
        <ele>1315.338181818182</ele>
      </trkpt>
      <trkpt lat="45.88394" lon="6.777440000000001">
        <ele>1317.629090909091</ele>
      </trkpt>
      <trkpt lat="45.88385999999999" lon="6.777470000000001">
        <ele>1319.8045454545454</ele>
      </trkpt>
      <trkpt lat="45.88378000000001" lon="6.777569999999999">
        <ele>1321.6818181818182</ele>
      </trkpt>
      <trkpt lat="45.883756199999986" lon="6.7776206000000006">
        <ele>1323.4154545454546</ele>
      </trkpt>
      <trkpt lat="45.88370489999997" lon="6.7777299">
        <ele>1325.1054545454544</ele>
      </trkpt>
      <trkpt lat="45.883653699999996" lon="6.7778393">
        <ele>1326.6218181818183</ele>
      </trkpt>
      <trkpt lat="45.88363" lon="6.777890000000001">
        <ele>1328.2972727272727</ele>
      </trkpt>
      <trkpt lat="45.88360779999999" lon="6.7779485">
        <ele>1329.9036363636362</ele>
      </trkpt>
      <trkpt lat="45.883559999999974" lon="6.778075">
        <ele>1331.3081818181818</ele>
      </trkpt>
      <trkpt lat="45.883512199999984" lon="6.7782015">
        <ele>1332.5536363636363</ele>
      </trkpt>
      <trkpt lat="45.88348999999998" lon="6.778260000000002">
        <ele>1333.6572727272726</ele>
      </trkpt>
      <trkpt lat="45.88342000000001" lon="6.778339999999999">
        <ele>1334.8472727272726</ele>
      </trkpt>
      <trkpt lat="45.88336259999999" lon="6.7783714999999995">
        <ele>1336.1672727272728</ele>
      </trkpt>
      <trkpt lat="45.88325750000001" lon="6.7784288">
        <ele>1337.6427272727271</ele>
      </trkpt>
      <trkpt lat="45.88319999999998" lon="6.778460000000001">
        <ele>1339.1736363636364</ele>
      </trkpt>
      <trkpt lat="45.88311999999999" lon="6.77848">
        <ele>1340.6063636363635</ele>
      </trkpt>
      <trkpt lat="45.883049899999996" lon="6.7784403">
        <ele>1342.0263636363636</ele>
      </trkpt>
      <trkpt lat="45.882979999999996" lon="6.778400000000001">
        <ele>1343.2009090909091</ele>
      </trkpt>
      <trkpt lat="45.882889999999996" lon="6.77832">
        <ele>1344.27</ele>
      </trkpt>
      <trkpt lat="45.88284999999999" lon="6.77824">
        <ele>1345.1690909090908</ele>
      </trkpt>
      <trkpt lat="45.88283260000001" lon="6.778179799999999">
        <ele>1346.2463636363636</ele>
      </trkpt>
      <trkpt lat="45.8827951" lon="6.7780499">
        <ele>1347.49</ele>
      </trkpt>
      <trkpt lat="45.8827575" lon="6.777920100000001">
        <ele>1349.0645454545454</ele>
      </trkpt>
      <trkpt lat="45.88274000000001" lon="6.777860000000001">
        <ele>1350.9472727272725</ele>
      </trkpt>
      <trkpt lat="45.88269029999999" lon="6.7777995">
        <ele>1352.7981818181818</ele>
      </trkpt>
      <trkpt lat="45.88264" lon="6.77774">
        <ele>1354.7445454545457</ele>
      </trkpt>
      <trkpt lat="45.88257010000003" lon="6.7777146">
        <ele>1356.689090909091</ele>
      </trkpt>
      <trkpt lat="45.88250000000001" lon="6.77769">
        <ele>1358.528181818182</ele>
      </trkpt>
      <trkpt lat="45.88238999999998" lon="6.7777">
        <ele>1360.399090909091</ele>
      </trkpt>
      <trkpt lat="45.8823299" lon="6.7777296">
        <ele>1362.2981818181818</ele>
      </trkpt>
      <trkpt lat="45.88227000000001" lon="6.777759999999999">
        <ele>1364.4927272727275</ele>
      </trkpt>
      <trkpt lat="45.88223000000001" lon="6.777860000000001">
        <ele>1366.6127272727272</ele>
      </trkpt>
      <trkpt lat="45.88222769999996" lon="6.7779045">
        <ele>1368.5263636363636</ele>
      </trkpt>
      <trkpt lat="45.8822221" lon="6.7780135999999995">
        <ele>1370.0754545454545</ele>
      </trkpt>
      <trkpt lat="45.882215" lon="6.778155">
        <ele>1371.729090909091</ele>
      </trkpt>
      <trkpt lat="45.8822078" lon="6.7782963999999994">
        <ele>1373.4654545454543</ele>
      </trkpt>
      <trkpt lat="45.88220230000002" lon="6.7784055">
        <ele>1375.0681818181818</ele>
      </trkpt>
      <trkpt lat="45.88219999999999" lon="6.778450000000001">
        <ele>1376.8036363636363</ele>
      </trkpt>
      <trkpt lat="45.8821937" lon="6.7785149">
        <ele>1378.888181818182</ele>
      </trkpt>
      <trkpt lat="45.88217999999999" lon="6.7786551">
        <ele>1381.5472727272727</ele>
      </trkpt>
      <trkpt lat="45.88216629999998" lon="6.7787952">
        <ele>1385.2072727272728</ele>
      </trkpt>
      <trkpt lat="45.882159999999985" lon="6.77886">
        <ele>1389.0590909090909</ele>
      </trkpt>
      <trkpt lat="45.88215890000001" lon="6.778914899999999">
        <ele>1392.771818181818</ele>
      </trkpt>
      <trkpt lat="45.882156399999985" lon="6.779043500000001">
        <ele>1397.070909090909</ele>
      </trkpt>
      <trkpt lat="45.8821534" lon="6.7791966">
        <ele>1401.671818181818</ele>
      </trkpt>
      <trkpt lat="45.882151" lon="6.7793251">
        <ele>1405.8445454545454</ele>
      </trkpt>
      <trkpt lat="45.882149999999996" lon="6.779379999999999">
        <ele>1409.950909090909</ele>
      </trkpt>
      <trkpt lat="45.88215780000001" lon="6.779436999999999">
        <ele>1414.0863636363636</ele>
      </trkpt>
      <trkpt lat="45.882174899999995" lon="6.77956">
        <ele>1418.198181818182</ele>
      </trkpt>
      <trkpt lat="45.88219209999998" lon="6.779682900000001">
        <ele>1422.028181818182</ele>
      </trkpt>
      <trkpt lat="45.88219999999999" lon="6.77974">
        <ele>1425.3663636363635</ele>
      </trkpt>
      <trkpt lat="45.882200199999986" lon="6.779835000000001">
        <ele>1427.5945454545454</ele>
      </trkpt>
      <trkpt lat="45.88219999999999" lon="6.77993">
        <ele>1429.3281818181817</ele>
      </trkpt>
      <trkpt lat="45.88218030000001" lon="6.780020099999998">
        <ele>1430.9699999999998</ele>
      </trkpt>
      <trkpt lat="45.882159999999985" lon="6.7801100000000005">
        <ele>1432.0327272727272</ele>
      </trkpt>
      <trkpt lat="45.88211519999998" lon="6.7801753">
        <ele>1432.8054545454545</ele>
      </trkpt>
      <trkpt lat="45.88207000000001" lon="6.78024">
        <ele>1433.3809090909092</ele>
      </trkpt>
      <trkpt lat="45.882041500000014" lon="6.780268599999999">
        <ele>1433.8054545454545</ele>
      </trkpt>
      <trkpt lat="45.881974799999995" lon="6.780335399999999">
        <ele>1433.7218181818184</ele>
      </trkpt>
      <trkpt lat="45.881895300000004" lon="6.7804148">
        <ele>1432.858181818182</ele>
      </trkpt>
      <trkpt lat="45.88182860000001" lon="6.780481499999999">
        <ele>1431.7900000000002</ele>
      </trkpt>
      <trkpt lat="45.88180000000001" lon="6.7805100000000005">
        <ele>1430.6136363636367</ele>
      </trkpt>
      <trkpt lat="45.881765199999975" lon="6.780536499999999">
        <ele>1429.5127272727275</ele>
      </trkpt>
      <trkpt lat="45.881683599999995" lon="6.780598399999999">
        <ele>1428.274545454546</ele>
      </trkpt>
      <trkpt lat="45.8815865" lon="6.780672">
        <ele>1427.2118181818184</ele>
      </trkpt>
      <trkpt lat="45.88150490000002" lon="6.780733699999999">
        <ele>1426.1100000000001</ele>
      </trkpt>
      <trkpt lat="45.88147000000001" lon="6.780759999999999">
        <ele>1424.9418181818185</ele>
      </trkpt>
      <trkpt lat="45.88143910000001" lon="6.7807714">
        <ele>1423.8036363636363</ele>
      </trkpt>
      <trkpt lat="45.88136329999998" lon="6.780799200000001">
        <ele>1422.6127272727272</ele>
      </trkpt>
      <trkpt lat="45.881264999999985" lon="6.780835100000001">
        <ele>1421.8154545454547</ele>
      </trkpt>
      <trkpt lat="45.88116680000001" lon="6.780871000000001">
        <ele>1421.64</ele>
      </trkpt>
      <trkpt lat="45.88109089999999" lon="6.7808987">
        <ele>1421.63</ele>
      </trkpt>
      <trkpt lat="45.88105999999996" lon="6.78091">
        <ele>1421.7354545454546</ele>
      </trkpt>
      <trkpt lat="45.88098999999999" lon="6.78096">
        <ele>1421.8136363636365</ele>
      </trkpt>
      <trkpt lat="45.88095989999998" lon="6.7810043">
        <ele>1422.0363636363638</ele>
      </trkpt>
      <trkpt lat="45.880894999999995" lon="6.7811">
        <ele>1422.2436363636361</ele>
      </trkpt>
      <trkpt lat="45.88083019999999" lon="6.7811957000000005">
        <ele>1422.8781818181817</ele>
      </trkpt>
      <trkpt lat="45.8808" lon="6.78124">
        <ele>1423.8590909090906</ele>
      </trkpt>
      <trkpt lat="45.88071999999999" lon="6.781269999999999">
        <ele>1425</ele>
      </trkpt>
      <trkpt lat="45.88066000000001" lon="6.7812600000000005">
        <ele>1426.2154545454543</ele>
      </trkpt>
      <trkpt lat="45.8806204" lon="6.7812362">
        <ele>1427.6645454545453</ele>
      </trkpt>
      <trkpt lat="45.88053500000002" lon="6.7811849">
        <ele>1429.2872727272727</ele>
      </trkpt>
      <trkpt lat="45.88044959999995" lon="6.7811335999999995">
        <ele>1431.277272727273</ele>
      </trkpt>
      <trkpt lat="45.88040999999999" lon="6.781110000000001">
        <ele>1433.5263636363636</ele>
      </trkpt>
      <trkpt lat="45.880360299999985" lon="6.781107099999999">
        <ele>1436.15</ele>
      </trkpt>
      <trkpt lat="45.88026969999998" lon="6.7811025">
        <ele>1439.1918181818182</ele>
      </trkpt>
      <trkpt lat="45.88022000000002" lon="6.7811">
        <ele>1442.2818181818184</ele>
      </trkpt>
      <trkpt lat="45.88015999999999" lon="6.78108">
        <ele>1445.030909090909</ele>
      </trkpt>
      <trkpt lat="45.88013039999999" lon="6.781047300000001">
        <ele>1447.6236363636363</ele>
      </trkpt>
      <trkpt lat="45.88006120000001" lon="6.7809707">
        <ele>1450.3718181818183</ele>
      </trkpt>
      <trkpt lat="45.879978699999995" lon="6.7808795">
        <ele>1453.1527272727274</ele>
      </trkpt>
      <trkpt lat="45.879909500000004" lon="6.780802800000001">
        <ele>1455.972727272727</ele>
      </trkpt>
      <trkpt lat="45.87988000000001" lon="6.780770000000001">
        <ele>1458.6909090909091</ele>
      </trkpt>
      <trkpt lat="45.87984999999999" lon="6.7806999999999995">
        <ele>1461.1627272727274</ele>
      </trkpt>
      <trkpt lat="45.879829999999984" lon="6.78058">
        <ele>1463.558181818182</ele>
      </trkpt>
      <trkpt lat="45.87984999999999" lon="6.7805100000000005">
        <ele>1465.6681818181821</ele>
      </trkpt>
      <trkpt lat="45.879905199999996" lon="6.780405199999999">
        <ele>1467.4045454545458</ele>
      </trkpt>
      <trkpt lat="45.87995999999997" lon="6.780300000000001">
        <ele>1468.9509090909094</ele>
      </trkpt>
      <trkpt lat="45.87996240000002" lon="6.7802643">
        <ele>1470.5145454545457</ele>
      </trkpt>
      <trkpt lat="45.879968200000015" lon="6.780174400000001">
        <ele>1471.989090909091</ele>
      </trkpt>
      <trkpt lat="45.879976000000006" lon="6.7800518">
        <ele>1473.329090909091</ele>
      </trkpt>
      <trkpt lat="45.8799844" lon="6.7799183">
        <ele>1474.97</ele>
      </trkpt>
      <trkpt lat="45.87999220000001" lon="6.779795699999999">
        <ele>1476.7954545454543</ele>
      </trkpt>
      <trkpt lat="45.87999780000002" lon="6.7797057">
        <ele>1478.7209090909093</ele>
      </trkpt>
      <trkpt lat="45.879999999999995" lon="6.779669999999999">
        <ele>1480.6618181818185</ele>
      </trkpt>
      <trkpt lat="45.87999610000001" lon="6.779634299999999">
        <ele>1482.6681818181821</ele>
      </trkpt>
      <trkpt lat="45.87998619999999" lon="6.779544300000001">
        <ele>1484.6045454545456</ele>
      </trkpt>
      <trkpt lat="45.879972599999974" lon="6.779421699999999">
        <ele>1486.6409090909094</ele>
      </trkpt>
      <trkpt lat="45.87995770000001" lon="6.7792882">
        <ele>1488.8700000000001</ele>
      </trkpt>
      <trkpt lat="45.879944" lon="6.779165599999999">
        <ele>1491.1127272727274</ele>
      </trkpt>
      <trkpt lat="45.87993399999999" lon="6.7790756">
        <ele>1493.3372727272726</ele>
      </trkpt>
      <trkpt lat="45.87992999999997" lon="6.779040000000001">
        <ele>1495.5854545454545</ele>
      </trkpt>
      <trkpt lat="45.879889999999996" lon="6.77892">
        <ele>1497.7727272727273</ele>
      </trkpt>
      <trkpt lat="45.879845700000004" lon="6.7788597">
        <ele>1499.5763636363636</ele>
      </trkpt>
      <trkpt lat="45.87976449999999" lon="6.778749900000001">
        <ele>1501.426363636364</ele>
      </trkpt>
      <trkpt lat="45.879719999999985" lon="6.778690000000001">
        <ele>1503.4563636363634</ele>
      </trkpt>
      <trkpt lat="45.87964499999994" lon="6.778644900000001">
        <ele>1505.669090909091</ele>
      </trkpt>
      <trkpt lat="45.87957" lon="6.7786">
        <ele>1508.1009090909092</ele>
      </trkpt>
      <trkpt lat="45.8795451" lon="6.7785781">
        <ele>1510.376363636364</ele>
      </trkpt>
      <trkpt lat="45.87948399999999" lon="6.778524499999999">
        <ele>1512.6772727272728</ele>
      </trkpt>
      <trkpt lat="45.879404999999984" lon="6.778455">
        <ele>1514.7554545454548</ele>
      </trkpt>
      <trkpt lat="45.87932599999998" lon="6.778385500000001">
        <ele>1516.6527272727274</ele>
      </trkpt>
      <trkpt lat="45.879264899999995" lon="6.7783318999999995">
        <ele>1518.3190909090908</ele>
      </trkpt>
      <trkpt lat="45.87924000000002" lon="6.778309999999999">
        <ele>1519.5618181818181</ele>
      </trkpt>
      <trkpt lat="45.879179999999984" lon="6.778290000000001">
        <ele>1520.5300000000002</ele>
      </trkpt>
      <trkpt lat="45.87906000000002" lon="6.77833">
        <ele>1521.3627272727272</ele>
      </trkpt>
      <trkpt lat="45.87900500000001" lon="6.778375">
        <ele>1521.8936363636362</ele>
      </trkpt>
      <trkpt lat="45.87894999999999" lon="6.77842">
        <ele>1522.169090909091</ele>
      </trkpt>
      <trkpt lat="45.8788951" lon="6.7784436">
        <ele>1522.5536363636363</ele>
      </trkpt>
      <trkpt lat="45.87879489999999" lon="6.7784866">
        <ele>1523.4790909090907</ele>
      </trkpt>
      <trkpt lat="45.87874" lon="6.77851">
        <ele>1524.2309090909089</ele>
      </trkpt>
      <trkpt lat="45.87872" lon="6.77851">
        <ele>1525.021818181818</ele>
      </trkpt>
      <trkpt lat="45.87865" lon="6.77857">
        <ele>1525.9372727272726</ele>
      </trkpt>
      <trkpt lat="45.87857489999999" lon="6.778604800000001">
        <ele>1526.9881818181818</ele>
      </trkpt>
      <trkpt lat="45.878499999999995" lon="6.778640000000001">
        <ele>1528.1599999999999</ele>
      </trkpt>
      <trkpt lat="45.87847349999998" lon="6.7786748">
        <ele>1529.9009090909092</ele>
      </trkpt>
      <trkpt lat="45.87841170000001" lon="6.7787562999999995">
        <ele>1531.6636363636362</ele>
      </trkpt>
      <trkpt lat="45.87833820000001" lon="6.778853500000001">
        <ele>1533.5454545454545</ele>
      </trkpt>
      <trkpt lat="45.87827639999999" lon="6.778935099999999">
        <ele>1535.4963636363636</ele>
      </trkpt>
      <trkpt lat="45.878249999999994" lon="6.778969999999999">
        <ele>1537.2145454545455</ele>
      </trkpt>
      <trkpt lat="45.87817000000001" lon="6.779049999999999">
        <ele>1539.01</ele>
      </trkpt>
      <trkpt lat="45.87815000000001" lon="6.7790300000000006">
        <ele>1541.0036363636364</ele>
      </trkpt>
      <trkpt lat="45.87815000000001" lon="6.778969999999999">
        <ele>1543.2527272727273</ele>
      </trkpt>
      <trkpt lat="45.87810000000002" lon="6.77901">
        <ele>1545.640909090909</ele>
      </trkpt>
      <trkpt lat="45.878119999999996" lon="6.778929999999998">
        <ele>1548.2663636363636</ele>
      </trkpt>
      <trkpt lat="45.87808000000001" lon="6.778880000000001">
        <ele>1551.0690909090908</ele>
      </trkpt>
      <trkpt lat="45.87807" lon="6.77884">
        <ele>1554.0236363636361</ele>
      </trkpt>
      <trkpt lat="45.87810000000002" lon="6.77875">
        <ele>1556.4936363636361</ele>
      </trkpt>
      <trkpt lat="45.87808999999997" lon="6.778719999999999">
        <ele>1559.1281818181817</ele>
      </trkpt>
      <trkpt lat="45.87806000000001" lon="6.778690000000001">
        <ele>1561.942727272727</ele>
      </trkpt>
      <trkpt lat="45.87801000000002" lon="6.778709999999999">
        <ele>1564.9199999999998</ele>
      </trkpt>
      <trkpt lat="45.877949999999984" lon="6.778690000000001">
        <ele>1567.113636363636</ele>
      </trkpt>
      <trkpt lat="45.878" lon="6.77866">
        <ele>1569.1045454545454</ele>
      </trkpt>
      <trkpt lat="45.8780131" lon="6.778576400000002">
        <ele>1571.129090909091</ele>
      </trkpt>
      <trkpt lat="45.8780368" lon="6.7784235">
        <ele>1573.1090909090906</ele>
      </trkpt>
      <trkpt lat="45.878049999999995" lon="6.778339999999999">
        <ele>1575.578181818182</ele>
      </trkpt>
      <trkpt lat="45.878109900000005" lon="6.7782649">
        <ele>1577.9772727272727</ele>
      </trkpt>
      <trkpt lat="45.87817000000001" lon="6.77819">
        <ele>1580.359090909091</ele>
      </trkpt>
      <trkpt lat="45.878220000000006" lon="6.778039999999999">
        <ele>1583.3054545454545</ele>
      </trkpt>
      <trkpt lat="45.878220000000006" lon="6.777980000000001">
        <ele>1586.25</ele>
      </trkpt>
      <trkpt lat="45.878139999999995" lon="6.777949999999999">
        <ele>1588.6263636363635</ele>
      </trkpt>
      <trkpt lat="45.87806000000001" lon="6.777980000000001">
        <ele>1590.9263636363635</ele>
      </trkpt>
      <trkpt lat="45.878040000000006" lon="6.777860000000001">
        <ele>1593.3136363636365</ele>
      </trkpt>
      <trkpt lat="45.87795499999998" lon="6.7779093999999995">
        <ele>1595.7827272727272</ele>
      </trkpt>
      <trkpt lat="45.87787000000002" lon="6.77796">
        <ele>1597.8963636363637</ele>
      </trkpt>
      <trkpt lat="45.877849999999995" lon="6.77799">
        <ele>1600.159090909091</ele>
      </trkpt>
      <trkpt lat="45.87781999999998" lon="6.777980000000001">
        <ele>1601.6945454545455</ele>
      </trkpt>
      <trkpt lat="45.87787000000002" lon="6.77793">
        <ele>1603.2572727272725</ele>
      </trkpt>
      <trkpt lat="45.87789" lon="6.77785">
        <ele>1604.5418181818177</ele>
      </trkpt>
      <trkpt lat="45.87798" lon="6.77774">
        <ele>1605.7954545454543</ele>
      </trkpt>
      <trkpt lat="45.87799000000001" lon="6.77762">
        <ele>1606.9254545454542</ele>
      </trkpt>
      <trkpt lat="45.87797000000001" lon="6.77754">
        <ele>1608.275454545454</ele>
      </trkpt>
      <trkpt lat="45.87790000000001" lon="6.777640000000001">
        <ele>1609.769090909091</ele>
      </trkpt>
      <trkpt lat="45.87787000000002" lon="6.77762">
        <ele>1611.3890909090908</ele>
      </trkpt>
      <trkpt lat="45.87787000000002" lon="6.777505000000001">
        <ele>1613.0581818181818</ele>
      </trkpt>
      <trkpt lat="45.87787000000002" lon="6.777389999999999">
        <ele>1615.0045454545455</ele>
      </trkpt>
      <trkpt lat="45.87784990000002" lon="6.777290000000001">
        <ele>1616.729090909091</ele>
      </trkpt>
      <trkpt lat="45.87783000000002" lon="6.777189999999999">
        <ele>1618.4</ele>
      </trkpt>
      <trkpt lat="45.87783769999998" lon="6.7771167000000005">
        <ele>1619.888181818182</ele>
      </trkpt>
      <trkpt lat="45.87785209999998" lon="6.776983200000001">
        <ele>1621.147272727273</ele>
      </trkpt>
      <trkpt lat="45.877860000000005" lon="6.776910000000001">
        <ele>1622.4736363636366</ele>
      </trkpt>
      <trkpt lat="45.877849999999995" lon="6.776890000000001">
        <ele>1623.3836363636365</ele>
      </trkpt>
      <trkpt lat="45.87783000000002" lon="6.776910000000001">
        <ele>1624.200909090909</ele>
      </trkpt>
      <trkpt lat="45.87781999999998" lon="6.7768999999999995">
        <ele>1624.6527272727274</ele>
      </trkpt>
      <trkpt lat="45.87789" lon="6.776820000000001">
        <ele>1625.2681818181818</ele>
      </trkpt>
      <trkpt lat="45.87790000000001" lon="6.7767599999999995">
        <ele>1626.0054545454548</ele>
      </trkpt>
      <trkpt lat="45.877959999999995" lon="6.776799999999999">
        <ele>1626.91</ele>
      </trkpt>
      <trkpt lat="45.87802000000001" lon="6.776730000000001">
        <ele>1627.7936363636366</ele>
      </trkpt>
      <trkpt lat="45.878049999999995" lon="6.776720000000001">
        <ele>1628.798181818182</ele>
      </trkpt>
      <trkpt lat="45.87801500000001" lon="6.776644999999999">
        <ele>1629.8390909090908</ele>
      </trkpt>
      <trkpt lat="45.87798" lon="6.7765699999999995">
        <ele>1630.8790909090908</ele>
      </trkpt>
      <trkpt lat="45.87799000000001" lon="6.77645">
        <ele>1631.7336363636364</ele>
      </trkpt>
      <trkpt lat="45.87801000000002" lon="6.77639">
        <ele>1632.9036363636362</ele>
      </trkpt>
      <trkpt lat="45.87806000000001" lon="6.776320000000001">
        <ele>1634.1727272727271</ele>
      </trkpt>
      <trkpt lat="45.87807" lon="6.77626">
        <ele>1635.6027272727274</ele>
      </trkpt>
      <trkpt lat="45.87802000000001" lon="6.77619">
        <ele>1637</ele>
      </trkpt>
      <trkpt lat="45.877939999999995" lon="6.7761699">
        <ele>1638.4954545454545</ele>
      </trkpt>
      <trkpt lat="45.877860000000005" lon="6.77615">
        <ele>1639.730909090909</ele>
      </trkpt>
      <trkpt lat="45.87783000000002" lon="6.77611">
        <ele>1641.0945454545451</ele>
      </trkpt>
      <trkpt lat="45.87779000000001" lon="6.77595">
        <ele>1642.5445454545452</ele>
      </trkpt>
      <trkpt lat="45.877730299999996" lon="6.775884400000001">
        <ele>1644.2254545454546</ele>
      </trkpt>
      <trkpt lat="45.877669999999995" lon="6.77582">
        <ele>1646.0654545454547</ele>
      </trkpt>
      <trkpt lat="45.87764930000001" lon="6.775817100000001">
        <ele>1648.0036363636361</ele>
      </trkpt>
      <trkpt lat="45.87759499999998" lon="6.7758097">
        <ele>1650.098181818182</ele>
      </trkpt>
      <trkpt lat="45.87751660000001" lon="6.7757990999999995">
        <ele>1652.2609090909093</ele>
      </trkpt>
      <trkpt lat="45.877423799999995" lon="6.7757865">
        <ele>1654.3027272727275</ele>
      </trkpt>
      <trkpt lat="45.877326200000006" lon="6.775773300000001">
        <ele>1656.192727272727</ele>
      </trkpt>
      <trkpt lat="45.87723339999999" lon="6.775760799999999">
        <ele>1657.8636363636363</ele>
      </trkpt>
      <trkpt lat="45.877155000000016" lon="6.775750199999999">
        <ele>1659.6963636363637</ele>
      </trkpt>
      <trkpt lat="45.87710069999999" lon="6.7757428">
        <ele>1661.5854545454545</ele>
      </trkpt>
      <trkpt lat="45.87708" lon="6.775740000000001">
        <ele>1663.4436363636364</ele>
      </trkpt>
      <trkpt lat="45.87705720000001" lon="6.7757343">
        <ele>1665.3472727272726</ele>
      </trkpt>
      <trkpt lat="45.87699820000003" lon="6.7757197">
        <ele>1667.3009090909093</ele>
      </trkpt>
      <trkpt lat="45.876915099999984" lon="6.7756989">
        <ele>1669.217272727273</ele>
      </trkpt>
      <trkpt lat="45.876819999999995" lon="6.775675199999999">
        <ele>1671.1272727272726</ele>
      </trkpt>
      <trkpt lat="45.876724800000005" lon="6.7756514">
        <ele>1673.067272727273</ele>
      </trkpt>
      <trkpt lat="45.8766418" lon="6.7756306">
        <ele>1675.1854545454544</ele>
      </trkpt>
      <trkpt lat="45.8765828" lon="6.7756158">
        <ele>1677.620909090909</ele>
      </trkpt>
      <trkpt lat="45.876559999999984" lon="6.77561">
        <ele>1680.0772727272727</ele>
      </trkpt>
      <trkpt lat="45.8765246" lon="6.775535699999999">
        <ele>1682.4954545454543</ele>
      </trkpt>
      <trkpt lat="45.87648999999998" lon="6.77546">
        <ele>1684.932727272727</ele>
      </trkpt>
      <trkpt lat="45.87647670000002" lon="6.7753869">
        <ele>1687.2745454545452</ele>
      </trkpt>
      <trkpt lat="45.876452799999996" lon="6.7752533">
        <ele>1689.459090909091</ele>
      </trkpt>
      <trkpt lat="45.87644000000002" lon="6.775179999999999">
        <ele>1691.6727272727273</ele>
      </trkpt>
      <trkpt lat="45.87646489999999" lon="6.775054999999999">
        <ele>1693.8318181818183</ele>
      </trkpt>
      <trkpt lat="45.87648999999998" lon="6.7749299999999995">
        <ele>1695.932727272727</ele>
      </trkpt>
      <trkpt lat="45.87648000000002" lon="6.77482">
        <ele>1697.8336363636365</ele>
      </trkpt>
      <trkpt lat="45.876409400000014" lon="6.774785400000001">
        <ele>1699.64</ele>
      </trkpt>
      <trkpt lat="45.87634" lon="6.774750000000001">
        <ele>1701.15</ele>
      </trkpt>
      <trkpt lat="45.87636509999997" lon="6.774692899999999">
        <ele>1702.6063636363638</ele>
      </trkpt>
      <trkpt lat="45.876420199999984" lon="6.774570000000001">
        <ele>1703.957272727273</ele>
      </trkpt>
      <trkpt lat="45.87647520000002" lon="6.774447">
        <ele>1705.1681818181821</ele>
      </trkpt>
      <trkpt lat="45.87649999999997" lon="6.77439">
        <ele>1706.2154545454543</ele>
      </trkpt>
      <trkpt lat="45.8764406" lon="6.7743835">
        <ele>1707.2109090909091</ele>
      </trkpt>
      <trkpt lat="45.87633040000001" lon="6.774374399999998">
        <ele>1708.090909090909</ele>
      </trkpt>
      <trkpt lat="45.876270000000005" lon="6.77437">
        <ele>1709.0418181818181</ele>
      </trkpt>
      <trkpt lat="45.876205000000006" lon="6.774400199999999">
        <ele>1709.8781818181817</ele>
      </trkpt>
      <trkpt lat="45.87614" lon="6.774429999999999">
        <ele>1710.8872727272728</ele>
      </trkpt>
      <trkpt lat="45.876054999999994" lon="6.7743851">
        <ele>1711.9481818181819</ele>
      </trkpt>
      <trkpt lat="45.87597000000002" lon="6.7743400000000005">
        <ele>1713.0836363636363</ele>
      </trkpt>
      <trkpt lat="45.87588499999998" lon="6.7743397000000005">
        <ele>1714.2463636363632</ele>
      </trkpt>
      <trkpt lat="45.875800000000005" lon="6.7743400000000005">
        <ele>1715.3790909090908</ele>
      </trkpt>
      <trkpt lat="45.875710000000005" lon="6.77437">
        <ele>1716.6154545454542</ele>
      </trkpt>
      <trkpt lat="45.87562500000003" lon="6.7743699">
        <ele>1718.1309090909092</ele>
      </trkpt>
      <trkpt lat="45.87554000000002" lon="6.77437">
        <ele>1719.6827272727276</ele>
      </trkpt>
      <trkpt lat="45.875440000000005" lon="6.77445">
        <ele>1721.2190909090912</ele>
      </trkpt>
      <trkpt lat="45.8754036" lon="6.7744911000000005">
        <ele>1722.6827272727276</ele>
      </trkpt>
      <trkpt lat="45.87532490000001" lon="6.7745799">
        <ele>1724.2027272727275</ele>
      </trkpt>
      <trkpt lat="45.87524629999999" lon="6.774668699999999">
        <ele>1725.7736363636366</ele>
      </trkpt>
      <trkpt lat="45.87520999999999" lon="6.77471">
        <ele>1727.4309090909092</ele>
      </trkpt>
      <trkpt lat="45.875174899999976" lon="6.774794899999999">
        <ele>1729.0363636363638</ele>
      </trkpt>
      <trkpt lat="45.87513999999999" lon="6.77488">
        <ele>1730.6336363636362</ele>
      </trkpt>
      <trkpt lat="45.87511149999999" lon="6.7749212">
        <ele>1732.2836363636363</ele>
      </trkpt>
      <trkpt lat="45.87504989999999" lon="6.775009999999999">
        <ele>1733.9945454545457</ele>
      </trkpt>
      <trkpt lat="45.87498839999999" lon="6.7750987">
        <ele>1735.7636363636361</ele>
      </trkpt>
      <trkpt lat="45.87495999999999" lon="6.77514">
        <ele>1737.471818181818</ele>
      </trkpt>
      <trkpt lat="45.87494090000002" lon="6.775189499999999">
        <ele>1739.0763636363636</ele>
      </trkpt>
      <trkpt lat="45.87489629999999" lon="6.775305699999999">
        <ele>1740.8272727272729</ele>
      </trkpt>
      <trkpt lat="45.8748433" lon="6.775443999999999">
        <ele>1742.7209090909091</ele>
      </trkpt>
      <trkpt lat="45.874798899999995" lon="6.775560300000001">
        <ele>1744.538181818182</ele>
      </trkpt>
      <trkpt lat="45.874779999999994" lon="6.77561">
        <ele>1746.4027272727274</ele>
      </trkpt>
      <trkpt lat="45.874774699999975" lon="6.775643299999998">
        <ele>1748.34</ele>
      </trkpt>
      <trkpt lat="45.87476100000002" lon="6.7757295">
        <ele>1750.161818181818</ele>
      </trkpt>
      <trkpt lat="45.8747419" lon="6.7758509">
        <ele>1751.8563636363635</ele>
      </trkpt>
      <trkpt lat="45.87471990000001" lon="6.775989999999999">
        <ele>1753.2763636363636</ele>
      </trkpt>
      <trkpt lat="45.874697999999995" lon="6.776129">
        <ele>1754.564545454545</ele>
      </trkpt>
      <trkpt lat="45.8746789" lon="6.776250400000001">
        <ele>1755.9518181818182</ele>
      </trkpt>
      <trkpt lat="45.87466530000001" lon="6.776336599999999">
        <ele>1757.5518181818181</ele>
      </trkpt>
      <trkpt lat="45.87466" lon="6.776369999999998">
        <ele>1759.0227272727273</ele>
      </trkpt>
      <trkpt lat="45.87465389999998" lon="6.776400400000001">
        <ele>1760.4918181818182</ele>
      </trkpt>
      <trkpt lat="45.87463800000002" lon="6.7764786">
        <ele>1762.0463636363638</ele>
      </trkpt>
      <trkpt lat="45.874615699999985" lon="6.776588799999999">
        <ele>1763.3318181818183</ele>
      </trkpt>
      <trkpt lat="45.8745901" lon="6.776715">
        <ele>1764.4681818181816</ele>
      </trkpt>
      <trkpt lat="45.87456449999999" lon="6.7768412">
        <ele>1765.769090909091</ele>
      </trkpt>
      <trkpt lat="45.87454209999999" lon="6.7769514000000015">
        <ele>1767.0890909090908</ele>
      </trkpt>
      <trkpt lat="45.8745262" lon="6.7770297">
        <ele>1768.6445454545456</ele>
      </trkpt>
      <trkpt lat="45.874520000000004" lon="6.777059999999999">
        <ele>1770.2218181818184</ele>
      </trkpt>
      <trkpt lat="45.8745144" lon="6.777081999999999">
        <ele>1771.9154545454546</ele>
      </trkpt>
      <trkpt lat="45.87449910000002" lon="6.7771415">
        <ele>1773.4990909090907</ele>
      </trkpt>
      <trkpt lat="45.87447610000001" lon="6.7772311">
        <ele>1775.1190909090908</ele>
      </trkpt>
      <trkpt lat="45.87444729999999" lon="6.777343199999999">
        <ele>1776.5690909090908</ele>
      </trkpt>
      <trkpt lat="45.87441460000001" lon="6.777470299999999">
        <ele>1777.8872727272728</ele>
      </trkpt>
      <trkpt lat="45.874380000000016" lon="6.777604999999999">
        <ele>1779.2281818181814</ele>
      </trkpt>
      <trkpt lat="45.87434540000002" lon="6.777739600000002">
        <ele>1780.5718181818183</ele>
      </trkpt>
      <trkpt lat="45.87431269999998" lon="6.7778668">
        <ele>1781.790909090909</ele>
      </trkpt>
      <trkpt lat="45.874283899999995" lon="6.777978899999999">
        <ele>1783.0763636363636</ele>
      </trkpt>
      <trkpt lat="45.8742609" lon="6.778068499999999">
        <ele>1784.2418181818184</ele>
      </trkpt>
      <trkpt lat="45.8742456" lon="6.778128">
        <ele>1785.3800000000003</ele>
      </trkpt>
      <trkpt lat="45.874239999999965" lon="6.778149999999999">
        <ele>1786.3290909090915</ele>
      </trkpt>
      <trkpt lat="45.874239999999965" lon="6.77827">
        <ele>1787.2163636363634</ele>
      </trkpt>
      <trkpt lat="45.87422800000002" lon="6.7783078">
        <ele>1788.1418181818183</ele>
      </trkpt>
      <trkpt lat="45.874198400000026" lon="6.7784002999999995">
        <ele>1789.0536363636363</ele>
      </trkpt>
      <trkpt lat="45.87416009999998" lon="6.7785201">
        <ele>1790.0400000000002</ele>
      </trkpt>
      <trkpt lat="45.87412180000001" lon="6.778639799999999">
        <ele>1791.1818181818182</ele>
      </trkpt>
      <trkpt lat="45.874092200000014" lon="6.778732299999999">
        <ele>1792.4900000000002</ele>
      </trkpt>
      <trkpt lat="45.87408" lon="6.77877">
        <ele>1793.6699999999998</ele>
      </trkpt>
      <trkpt lat="45.87403510000002" lon="6.778835100000001">
        <ele>1794.969090909091</ele>
      </trkpt>
      <trkpt lat="45.87399" lon="6.7789">
        <ele>1796.2827272727272</ele>
      </trkpt>
      <trkpt lat="45.873960000000004" lon="6.779">
        <ele>1797.3672727272728</ele>
      </trkpt>
      <trkpt lat="45.873960000000004" lon="6.779100000000001">
        <ele>1798.3445454545456</ele>
      </trkpt>
      <trkpt lat="45.87399999999999" lon="6.77918">
        <ele>1799.2790909090909</ele>
      </trkpt>
      <trkpt lat="45.873950000000015" lon="6.77919">
        <ele>1800.0681818181818</ele>
      </trkpt>
      <trkpt lat="45.87387999999997" lon="6.7791451">
        <ele>1800.8527272727274</ele>
      </trkpt>
      <trkpt lat="45.87381" lon="6.779100000000001">
        <ele>1801.5045454545455</ele>
      </trkpt>
      <trkpt lat="45.87376999999999" lon="6.779100000000001">
        <ele>1801.9990909090907</ele>
      </trkpt>
      <trkpt lat="45.87370499999999" lon="6.779005">
        <ele>1802.280909090909</ele>
      </trkpt>
      <trkpt lat="45.873640000000016" lon="6.778910000000001">
        <ele>1802.5772727272727</ele>
      </trkpt>
      <trkpt lat="45.87363" lon="6.778929999999998">
        <ele>1802.590909090909</ele>
      </trkpt>
      <trkpt lat="45.87360429999999" lon="6.778907399999998">
        <ele>1802.3181818181818</ele>
      </trkpt>
      <trkpt lat="45.8735413" lon="6.7788521">
        <ele>1802.0436363636366</ele>
      </trkpt>
      <trkpt lat="45.87345980000002" lon="6.7787803">
        <ele>1801.597272727273</ele>
      </trkpt>
      <trkpt lat="45.87337830000001" lon="6.7787085">
        <ele>1800.9390909090907</ele>
      </trkpt>
      <trkpt lat="45.87331549999999" lon="6.778652899999999">
        <ele>1800.0854545454545</ele>
      </trkpt>
      <trkpt lat="45.873290000000004" lon="6.778630000000001">
        <ele>1798.9036363636362</ele>
      </trkpt>
      <trkpt lat="45.87328020000001" lon="6.7785923">
        <ele>1797.6199999999997</ele>
      </trkpt>
      <trkpt lat="45.8732559" lon="6.7784966">
        <ele>1796.2545454545455</ele>
      </trkpt>
      <trkpt lat="45.87322279999999" lon="6.7783662">
        <ele>1794.87</ele>
      </trkpt>
      <trkpt lat="45.87318690000001" lon="6.778224100000002">
        <ele>1793.3299999999997</ele>
      </trkpt>
      <trkpt lat="45.8731539" lon="6.7780936">
        <ele>1791.7136363636362</ele>
      </trkpt>
      <trkpt lat="45.87312960000001" lon="6.7779978">
        <ele>1789.9172727272728</ele>
      </trkpt>
      <trkpt lat="45.87311999999999" lon="6.77796">
        <ele>1788.0490909090906</ele>
      </trkpt>
      <trkpt lat="45.87307999999999" lon="6.77796">
        <ele>1785.9963636363636</ele>
      </trkpt>
      <trkpt lat="45.87304000000001" lon="6.777799999999999">
        <ele>1783.8345454545454</ele>
      </trkpt>
      <trkpt lat="45.8729905" lon="6.777773400000001">
        <ele>1781.8072727272724</ele>
      </trkpt>
      <trkpt lat="45.87289979999999" lon="6.777725800000001">
        <ele>1779.939090909091</ele>
      </trkpt>
      <trkpt lat="45.87284999999999" lon="6.7777">
        <ele>1777.8227272727274</ele>
      </trkpt>
      <trkpt lat="45.872729999999954" lon="6.77769">
        <ele>1775.6109090909092</ele>
      </trkpt>
      <trkpt lat="45.872630000000015" lon="6.77762">
        <ele>1773.338181818182</ele>
      </trkpt>
      <trkpt lat="45.8725904" lon="6.7776088">
        <ele>1771.2590909090911</ele>
      </trkpt>
      <trkpt lat="45.872505000000004" lon="6.7775848">
        <ele>1769.3563636363635</ele>
      </trkpt>
      <trkpt lat="45.8724197" lon="6.777560899999999">
        <ele>1767.6427272727271</ele>
      </trkpt>
      <trkpt lat="45.87237999999999" lon="6.777549999999999">
        <ele>1766.080909090909</ele>
      </trkpt>
      <trkpt lat="45.87229999999998" lon="6.77759">
        <ele>1764.7190909090912</ele>
      </trkpt>
      <trkpt lat="45.87227099999999" lon="6.7776526">
        <ele>1763.5790909090908</ele>
      </trkpt>
      <trkpt lat="45.872218600000004" lon="6.7777671">
        <ele>1762.507272727273</ele>
      </trkpt>
      <trkpt lat="45.87219" lon="6.77783">
        <ele>1761.6145454545456</ele>
      </trkpt>
      <trkpt lat="45.87218189999997" lon="6.777856299999999">
        <ele>1760.8999999999999</ele>
      </trkpt>
      <trkpt lat="45.872160699999995" lon="6.777925400000001">
        <ele>1760.302727272727</ele>
      </trkpt>
      <trkpt lat="45.87213009999999" lon="6.7780249999999995">
        <ele>1759.8409090909088</ele>
      </trkpt>
      <trkpt lat="45.87209390000001" lon="6.7781429">
        <ele>1759.3063636363636</ele>
      </trkpt>
      <trkpt lat="45.872055899999985" lon="6.778266999999999">
        <ele>1758.75</ele>
      </trkpt>
      <trkpt lat="45.872019700000024" lon="6.778384899999999">
        <ele>1758.4445454545457</ele>
      </trkpt>
      <trkpt lat="45.871989199999994" lon="6.7784845">
        <ele>1758.0727272727274</ele>
      </trkpt>
      <trkpt lat="45.87196800000002" lon="6.778553600000001">
        <ele>1758.0054545454548</ele>
      </trkpt>
      <trkpt lat="45.87196000000001" lon="6.778579999999999">
        <ele>1757.9527272727273</ele>
      </trkpt>
      <trkpt lat="45.871955899999996" lon="6.7786018">
        <ele>1757.848181818182</ele>
      </trkpt>
      <trkpt lat="45.871944999999975" lon="6.778660800000001">
        <ele>1757.61</ele>
      </trkpt>
      <trkpt lat="45.871928599999976" lon="6.778749499999999">
        <ele>1757.4681818181816</ele>
      </trkpt>
      <trkpt lat="45.87190799999998" lon="6.778860599999999">
        <ele>1757.6045454545456</ele>
      </trkpt>
      <trkpt lat="45.871884700000024" lon="6.7789866000000005">
        <ele>1757.5654545454547</ele>
      </trkpt>
      <trkpt lat="45.87186" lon="6.779119999999999">
        <ele>1757.7618181818182</ele>
      </trkpt>
      <trkpt lat="45.871835299999994" lon="6.779253399999999">
        <ele>1757.9581818181819</ele>
      </trkpt>
      <trkpt lat="45.871811999999984" lon="6.779379400000001">
        <ele>1757.9490909090907</ele>
      </trkpt>
      <trkpt lat="45.8717914" lon="6.779490399999999">
        <ele>1758.171818181818</ele>
      </trkpt>
      <trkpt lat="45.87177500000002" lon="6.779579200000001">
        <ele>1758.4845454545452</ele>
      </trkpt>
      <trkpt lat="45.87176409999997" lon="6.7796382">
        <ele>1758.7890909090909</ele>
      </trkpt>
      <trkpt lat="45.87176000000001" lon="6.77966">
        <ele>1758.8818181818183</ele>
      </trkpt>
      <trkpt lat="45.87175269999999" lon="6.779688799999998">
        <ele>1758.7845454545457</ele>
      </trkpt>
      <trkpt lat="45.87173339999997" lon="6.7797643">
        <ele>1759.1245454545453</ele>
      </trkpt>
      <trkpt lat="45.87170549999998" lon="6.7798733">
        <ele>1759.2127272727273</ele>
      </trkpt>
      <trkpt lat="45.87167249999998" lon="6.7800022">
        <ele>1759.579090909091</ele>
      </trkpt>
      <trkpt lat="45.87163779999999" lon="6.780137899999999">
        <ele>1759.742727272727</ele>
      </trkpt>
      <trkpt lat="45.87160470000001" lon="6.7802669">
        <ele>1759.988181818182</ele>
      </trkpt>
      <trkpt lat="45.8715768" lon="6.7803758">
        <ele>1760.4127272727274</ele>
      </trkpt>
      <trkpt lat="45.871557399999986" lon="6.780451299999999">
        <ele>1760.4554545454548</ele>
      </trkpt>
      <trkpt lat="45.87155000000002" lon="6.78048">
        <ele>1760.186363636364</ele>
      </trkpt>
      <trkpt lat="45.8715343" lon="6.7805131">
        <ele>1760.1645454545453</ele>
      </trkpt>
      <trkpt lat="45.871494299999995" lon="6.780596700000001">
        <ele>1760.46</ele>
      </trkpt>
      <trkpt lat="45.8714398" lon="6.7807106">
        <ele>1761.19</ele>
      </trkpt>
      <trkpt lat="45.8713804" lon="6.7808346">
        <ele>1761.5118181818182</ele>
      </trkpt>
      <trkpt lat="45.871325899999974" lon="6.780948399999999">
        <ele>1762.2645454545454</ele>
      </trkpt>
      <trkpt lat="45.871285800000024" lon="6.781031999999999">
        <ele>1763.1063636363638</ele>
      </trkpt>
      <trkpt lat="45.87127" lon="6.781064999999999">
        <ele>1763.8054545454545</ele>
      </trkpt>
      <trkpt lat="45.87125420000002" lon="6.781098000000001">
        <ele>1763.9172727272728</ele>
      </trkpt>
      <trkpt lat="45.87121409999999" lon="6.781181600000001">
        <ele>1763.9381818181819</ele>
      </trkpt>
      <trkpt lat="45.871159599999984" lon="6.7812955">
        <ele>1764.0627272727272</ele>
      </trkpt>
      <trkpt lat="45.871100300000016" lon="6.7814194">
        <ele>1764.1818181818182</ele>
      </trkpt>
      <trkpt lat="45.87104570000002" lon="6.7815332999999995">
        <ele>1763.6263636363635</ele>
      </trkpt>
      <trkpt lat="45.871005800000006" lon="6.7816169">
        <ele>1762.810909090909</ele>
      </trkpt>
      <trkpt lat="45.87098999999999" lon="6.78165">
        <ele>1762.1227272727272</ele>
      </trkpt>
      <trkpt lat="45.87098999999999" lon="6.7818">
        <ele>1761.5127272727268</ele>
      </trkpt>
      <trkpt lat="45.870960000000004" lon="6.781879999999999">
        <ele>1760.0772727272727</ele>
      </trkpt>
      <trkpt lat="45.87088499999999" lon="6.78189">
        <ele>1758.8554545454544</ele>
      </trkpt>
      <trkpt lat="45.87080999999999" lon="6.7819">
        <ele>1757.9918181818182</ele>
      </trkpt>
      <trkpt lat="45.87073999999997" lon="6.78199">
        <ele>1757.729090909091</ele>
      </trkpt>
      <trkpt lat="45.87069999999999" lon="6.781999999999999">
        <ele>1757.559090909091</ele>
      </trkpt>
      <trkpt lat="45.87063000000002" lon="6.78196">
        <ele>1757.7199999999998</ele>
      </trkpt>
      <trkpt lat="45.87053" lon="6.78206">
        <ele>1757.901818181818</ele>
      </trkpt>
      <trkpt lat="45.870470000000026" lon="6.782099999999999">
        <ele>1758.2290909090907</ele>
      </trkpt>
      <trkpt lat="45.87040999999999" lon="6.78214">
        <ele>1758.709090909091</ele>
      </trkpt>
      <trkpt lat="45.87036" lon="6.78221">
        <ele>1759.0081818181818</ele>
      </trkpt>
      <trkpt lat="45.87027" lon="6.782235">
        <ele>1759.2163636363637</ele>
      </trkpt>
      <trkpt lat="45.87018000000002" lon="6.782260000000001">
        <ele>1760.18</ele>
      </trkpt>
      <trkpt lat="45.87010489999998" lon="6.7823098">
        <ele>1760.492727272727</ele>
      </trkpt>
      <trkpt lat="45.870029999999986" lon="6.78236">
        <ele>1760.7081818181819</ele>
      </trkpt>
      <trkpt lat="45.86999930000001" lon="6.7823864">
        <ele>1760.8627272727274</ele>
      </trkpt>
      <trkpt lat="45.869927599999976" lon="6.782448099999999">
        <ele>1761.109090909091</ele>
      </trkpt>
      <trkpt lat="45.86984230000003" lon="6.782521599999999">
        <ele>1761.0872727272726</ele>
      </trkpt>
      <trkpt lat="45.86977060000002" lon="6.782583399999999">
        <ele>1761.0618181818181</ele>
      </trkpt>
      <trkpt lat="45.869740000000014" lon="6.78261">
        <ele>1761.2254545454546</ele>
      </trkpt>
      <trkpt lat="45.8697085" lon="6.7826699999999995">
        <ele>1761.6090909090906</ele>
      </trkpt>
      <trkpt lat="45.86965140000001" lon="6.7827799">
        <ele>1761.7727272727273</ele>
      </trkpt>
      <trkpt lat="45.86962" lon="6.782839999999999">
        <ele>1762.225454545454</ele>
      </trkpt>
      <trkpt lat="45.8695549" lon="6.782899900000001">
        <ele>1762.7027272727275</ele>
      </trkpt>
      <trkpt lat="45.86948999999999" lon="6.78296">
        <ele>1763.2554545454548</ele>
      </trkpt>
      <trkpt lat="45.869459600000006" lon="6.783074799999999">
        <ele>1763.46</ele>
      </trkpt>
      <trkpt lat="45.86943000000001" lon="6.78319">
        <ele>1763.4363636363635</ele>
      </trkpt>
      <trkpt lat="45.869435" lon="6.783305000000001">
        <ele>1763.1163636363638</ele>
      </trkpt>
      <trkpt lat="45.86944" lon="6.78342">
        <ele>1763.0918181818183</ele>
      </trkpt>
      <trkpt lat="45.86941" lon="6.783440000000001">
        <ele>1763.2872727272727</ele>
      </trkpt>
      <trkpt lat="45.86933999999998" lon="6.783440000000001">
        <ele>1763.6454545454544</ele>
      </trkpt>
      <trkpt lat="45.8693" lon="6.783479999999999">
        <ele>1763.7863636363638</ele>
      </trkpt>
      <trkpt lat="45.86926" lon="6.78354">
        <ele>1763.8845454545458</ele>
      </trkpt>
      <trkpt lat="45.86927000000001" lon="6.7836099999999995">
        <ele>1764.0236363636368</ele>
      </trkpt>
      <trkpt lat="45.86923000000001" lon="6.783699999999998">
        <ele>1763.9936363636364</ele>
      </trkpt>
      <trkpt lat="45.86916000000001" lon="6.78378">
        <ele>1764.0990909090908</ele>
      </trkpt>
      <trkpt lat="45.86905000000003" lon="6.783819999999999">
        <ele>1764.79</ele>
      </trkpt>
      <trkpt lat="45.86893000000001" lon="6.78384">
        <ele>1765.841818181818</ele>
      </trkpt>
      <trkpt lat="45.86888279999999" lon="6.7838894000000005">
        <ele>1766.9490909090907</ele>
      </trkpt>
      <trkpt lat="45.8687969" lon="6.7839801">
        <ele>1767.9418181818182</ele>
      </trkpt>
      <trkpt lat="45.86875000000001" lon="6.7840300000000004">
        <ele>1768.578181818182</ele>
      </trkpt>
      <trkpt lat="45.8687199" lon="6.784109900000001">
        <ele>1769.3981818181817</ele>
      </trkpt>
      <trkpt lat="45.86869000000001" lon="6.78419">
        <ele>1770.2754545454545</ele>
      </trkpt>
      <trkpt lat="45.868635200000014" lon="6.784285199999999">
        <ele>1771.495454545455</ele>
      </trkpt>
      <trkpt lat="45.86858000000001" lon="6.7843800000000005">
        <ele>1772.1272727272726</ele>
      </trkpt>
      <trkpt lat="45.86845999999996" lon="6.7844299999999995">
        <ele>1772.720909090909</ele>
      </trkpt>
      <trkpt lat="45.86840769999999" lon="6.784476999999999">
        <ele>1773.4063636363637</ele>
      </trkpt>
      <trkpt lat="45.86831230000001" lon="6.7845631">
        <ele>1773.648181818182</ele>
      </trkpt>
      <trkpt lat="45.868260000000014" lon="6.784610000000001">
        <ele>1773.5372727272727</ele>
      </trkpt>
      <trkpt lat="45.868169999999985" lon="6.784610000000001">
        <ele>1773.4563636363637</ele>
      </trkpt>
      <trkpt lat="45.868069999999975" lon="6.784659999999999">
        <ele>1773.269090909091</ele>
      </trkpt>
      <trkpt lat="45.867989999999985" lon="6.78479">
        <ele>1773.39</ele>
      </trkpt>
      <trkpt lat="45.86796499999999" lon="6.784904999999998">
        <ele>1773.4645454545455</ele>
      </trkpt>
      <trkpt lat="45.86793999999999" lon="6.785019999999999">
        <ele>1773.419090909091</ele>
      </trkpt>
      <trkpt lat="45.867889999999974" lon="6.785059999999999">
        <ele>1773.1818181818185</ele>
      </trkpt>
      <trkpt lat="45.86783769999998" lon="6.7850339">
        <ele>1773.4618181818184</ele>
      </trkpt>
      <trkpt lat="45.867742299999996" lon="6.784985900000001">
        <ele>1773.5445454545452</ele>
      </trkpt>
      <trkpt lat="45.867689999999996" lon="6.784960000000001">
        <ele>1773.7072727272725</ele>
      </trkpt>
      <trkpt lat="45.86761989999998" lon="6.784989399999999">
        <ele>1774.0372727272727</ele>
      </trkpt>
      <trkpt lat="45.86755" lon="6.785019999999999">
        <ele>1774.4836363636366</ele>
      </trkpt>
      <trkpt lat="45.86745999999998" lon="6.78511">
        <ele>1774.6527272727274</ele>
      </trkpt>
      <trkpt lat="45.8673751" lon="6.7851603">
        <ele>1774.6672727272728</ele>
      </trkpt>
      <trkpt lat="45.86728999999999" lon="6.785209999999998">
        <ele>1774.7490909090907</ele>
      </trkpt>
      <trkpt lat="45.86722499999999" lon="6.7852055">
        <ele>1774.709090909091</ele>
      </trkpt>
      <trkpt lat="45.86716000000001" lon="6.785200000000001">
        <ele>1774.6636363636362</ele>
      </trkpt>
      <trkpt lat="45.867130000000024" lon="6.785160000000001">
        <ele>1774.5963636363633</ele>
      </trkpt>
      <trkpt lat="45.86705000000001" lon="6.785160000000001">
        <ele>1774.3154545454547</ele>
      </trkpt>
      <trkpt lat="45.86698989999996" lon="6.785180800000001">
        <ele>1774.0845454545454</ele>
      </trkpt>
      <trkpt lat="45.866880099999975" lon="6.7852191">
        <ele>1773.7172727272728</ele>
      </trkpt>
      <trkpt lat="45.86681999999999" lon="6.785239999999999">
        <ele>1773.4036363636362</ele>
      </trkpt>
      <trkpt lat="45.86673999999998" lon="6.78525">
        <ele>1773.0918181818183</ele>
      </trkpt>
      <trkpt lat="45.866679999999995" lon="6.785220000000001">
        <ele>1772.9736363636364</ele>
      </trkpt>
      <trkpt lat="45.86664400000001" lon="6.785219900000001">
        <ele>1772.9109090909087</ele>
      </trkpt>
      <trkpt lat="45.866559999999986" lon="6.785219900000001">
        <ele>1772.5809090909095</ele>
      </trkpt>
      <trkpt lat="45.86645999999997" lon="6.785219900000001">
        <ele>1772.2136363636366</ele>
      </trkpt>
      <trkpt lat="45.866375999999995" lon="6.785220000000001">
        <ele>1771.9909090909093</ele>
      </trkpt>
      <trkpt lat="45.86634" lon="6.785220000000001">
        <ele>1771.8209090909093</ele>
      </trkpt>
      <trkpt lat="45.86629569999999" lon="6.7852231">
        <ele>1771.8409090909095</ele>
      </trkpt>
      <trkpt lat="45.866199999999985" lon="6.7852299">
        <ele>1771.686363636364</ele>
      </trkpt>
      <trkpt lat="45.86610430000003" lon="6.785236800000001">
        <ele>1771.4399999999996</ele>
      </trkpt>
      <trkpt lat="45.86605999999999" lon="6.785239999999999">
        <ele>1771.2045454545455</ele>
      </trkpt>
      <trkpt lat="45.865994999999984" lon="6.7852552">
        <ele>1771.0818181818179</ele>
      </trkpt>
      <trkpt lat="45.86593000000001" lon="6.78527">
        <ele>1771.1572727272726</ele>
      </trkpt>
      <trkpt lat="45.86587" lon="6.7852399">
        <ele>1771.4227272727278</ele>
      </trkpt>
      <trkpt lat="45.86581000000002" lon="6.785209999999998">
        <ele>1771.8081818181818</ele>
      </trkpt>
      <trkpt lat="45.865729999999985" lon="6.78528">
        <ele>1772.0427272727275</ele>
      </trkpt>
      <trkpt lat="45.865728299999994" lon="6.7853417">
        <ele>1772.0000000000002</ele>
      </trkpt>
      <trkpt lat="45.86572499999999" lon="6.785475">
        <ele>1771.9163636363637</ele>
      </trkpt>
      <trkpt lat="45.86572169999998" lon="6.785608200000001">
        <ele>1771.8663636363635</ele>
      </trkpt>
      <trkpt lat="45.86572000000002" lon="6.785669999999999">
        <ele>1771.8881818181821</ele>
      </trkpt>
      <trkpt lat="45.86569409999999" lon="6.785748500000001">
        <ele>1771.9009090909094</ele>
      </trkpt>
      <trkpt lat="45.8656463" lon="6.7858917000000005">
        <ele>1772.0109090909093</ele>
      </trkpt>
      <trkpt lat="45.86562000000001" lon="6.785970000000001">
        <ele>1772.129090909091</ele>
      </trkpt>
      <trkpt lat="45.86557010000001" lon="6.7860800999999995">
        <ele>1772.157272727273</ele>
      </trkpt>
      <trkpt lat="45.86552000000002" lon="6.78619">
        <ele>1772.2527272727273</ele>
      </trkpt>
      <trkpt lat="45.86546509999997" lon="6.786275100000001">
        <ele>1772.3872727272721</ele>
      </trkpt>
      <trkpt lat="45.86540999999999" lon="6.786360000000001">
        <ele>1772.8445454545451</ele>
      </trkpt>
      <trkpt lat="45.8653681" lon="6.786409600000001">
        <ele>1773.6427272727271</ele>
      </trkpt>
      <trkpt lat="45.865291699999986" lon="6.7865001">
        <ele>1774.5272727272722</ele>
      </trkpt>
      <trkpt lat="45.86525000000002" lon="6.786550000000001">
        <ele>1775.154545454545</ele>
      </trkpt>
      <trkpt lat="45.86521970000001" lon="6.786659799999999">
        <ele>1775.8845454545453</ele>
      </trkpt>
      <trkpt lat="45.865189999999984" lon="6.78677">
        <ele>1776.6881818181819</ele>
      </trkpt>
      <trkpt lat="45.86519509999998" lon="6.78687">
        <ele>1777.267272727273</ele>
      </trkpt>
      <trkpt lat="45.8652" lon="6.786970000000001">
        <ele>1777.8509090909092</ele>
      </trkpt>
      <trkpt lat="45.86517669999999" lon="6.787033">
        <ele>1778.5890909090913</ele>
      </trkpt>
      <trkpt lat="45.8651337" lon="6.7871473">
        <ele>1779.101818181818</ele>
      </trkpt>
      <trkpt lat="45.86511000000005" lon="6.787209999999999">
        <ele>1779.5763636363636</ele>
      </trkpt>
      <trkpt lat="45.86509000000002" lon="6.7872503">
        <ele>1780.0763636363636</ele>
      </trkpt>
      <trkpt lat="45.865043100000015" lon="6.7873443">
        <ele>1780.4963636363636</ele>
      </trkpt>
      <trkpt lat="45.86498729999999" lon="6.787456200000001">
        <ele>1780.8409090909088</ele>
      </trkpt>
      <trkpt lat="45.86494030000001" lon="6.7875499999999995">
        <ele>1781.2572727272723</ele>
      </trkpt>
      <trkpt lat="45.864919999999984" lon="6.787590000000001">
        <ele>1781.7036363636362</ele>
      </trkpt>
      <trkpt lat="45.86482000000002" lon="6.787520000000001">
        <ele>1782.1572727272724</ele>
      </trkpt>
      <trkpt lat="45.86482000000002" lon="6.78751">
        <ele>1782.769090909091</ele>
      </trkpt>
      <trkpt lat="45.86480290000001" lon="6.7874897999999995">
        <ele>1783.5481818181818</ele>
      </trkpt>
      <trkpt lat="45.864758600000016" lon="6.7874376">
        <ele>1784.1709090909092</ele>
      </trkpt>
      <trkpt lat="45.86469640000001" lon="6.7873641">
        <ele>1784.7536363636361</ele>
      </trkpt>
      <trkpt lat="45.86462499999999" lon="6.7872799">
        <ele>1785.2845454545457</ele>
      </trkpt>
      <trkpt lat="45.86455369999997" lon="6.787195799999999">
        <ele>1785.7827272727272</ele>
      </trkpt>
      <trkpt lat="45.864491399999984" lon="6.787122300000001">
        <ele>1786.3663636363635</ele>
      </trkpt>
      <trkpt lat="45.864447199999994" lon="6.787070199999999">
        <ele>1786.961818181818</ele>
      </trkpt>
      <trkpt lat="45.864429999999984" lon="6.78705">
        <ele>1787.5300000000002</ele>
      </trkpt>
      <trkpt lat="45.864349999999995" lon="6.787009900000001">
        <ele>1788.0645454545456</ele>
      </trkpt>
      <trkpt lat="45.86427000000001" lon="6.786970000000001">
        <ele>1788.5036363636364</ele>
      </trkpt>
      <trkpt lat="45.86420490000001" lon="6.7868853">
        <ele>1788.8154545454547</ele>
      </trkpt>
      <trkpt lat="45.86413999999998" lon="6.7867999999999995">
        <ele>1788.9481818181814</ele>
      </trkpt>
      <trkpt lat="45.864113" lon="6.7867509">
        <ele>1788.5772727272727</ele>
      </trkpt>
      <trkpt lat="45.864055" lon="6.786645">
        <ele>1787.6672727272728</ele>
      </trkpt>
      <trkpt lat="45.863996899999975" lon="6.7865391">
        <ele>1786.25</ele>
      </trkpt>
      <trkpt lat="45.863969999999995" lon="6.786489999999999">
        <ele>1784.580909090909</ele>
      </trkpt>
      <trkpt lat="45.86392560000001" lon="6.786422099999999">
        <ele>1782.8145454545454</ele>
      </trkpt>
      <trkpt lat="45.863844299999975" lon="6.7862979">
        <ele>1781.0363636363638</ele>
      </trkpt>
      <trkpt lat="45.86380000000001" lon="6.78623">
        <ele>1779.1036363636363</ele>
      </trkpt>
      <trkpt lat="45.863789999999995" lon="6.78616">
        <ele>1777.1563636363637</ele>
      </trkpt>
      <trkpt lat="45.86383" lon="6.78607">
        <ele>1775.2063636363637</ele>
      </trkpt>
      <trkpt lat="45.86383" lon="6.786020000000001">
        <ele>1773.117272727273</ele>
      </trkpt>
      <trkpt lat="45.86381" lon="6.78601">
        <ele>1770.926363636364</ele>
      </trkpt>
      <trkpt lat="45.863760000000006" lon="6.7860299999999985">
        <ele>1769.178181818182</ele>
      </trkpt>
      <trkpt lat="45.863760000000006" lon="6.7860000000000005">
        <ele>1767.790909090909</ele>
      </trkpt>
      <trkpt lat="45.863793999999984" lon="6.7859269">
        <ele>1766.7363636363639</ele>
      </trkpt>
      <trkpt lat="45.8638561" lon="6.785793199999999">
        <ele>1765.5800000000002</ele>
      </trkpt>
      <trkpt lat="45.86389000000001" lon="6.7857199999999995">
        <ele>1764.2800000000002</ele>
      </trkpt>
      <trkpt lat="45.86390999999999" lon="6.78557">
        <ele>1762.8045454545456</ele>
      </trkpt>
      <trkpt lat="45.863879999999995" lon="6.785429999999999">
        <ele>1761.3636363636363</ele>
      </trkpt>
      <trkpt lat="45.86389000000001" lon="6.78528">
        <ele>1759.719090909091</ele>
      </trkpt>
      <trkpt lat="45.8638303" lon="6.7852097">
        <ele>1757.9445454545455</ele>
      </trkpt>
      <trkpt lat="45.863769999999995" lon="6.785139999999999">
        <ele>1756.154545454545</ele>
      </trkpt>
      <trkpt lat="45.863715000000006" lon="6.7850951">
        <ele>1754.401818181818</ele>
      </trkpt>
      <trkpt lat="45.86366000000002" lon="6.785049999999999">
        <ele>1752.4709090909091</ele>
      </trkpt>
      <trkpt lat="45.86361479999999" lon="6.784980300000001">
        <ele>1750.5627272727272</ele>
      </trkpt>
      <trkpt lat="45.86357000000002" lon="6.78491">
        <ele>1748.8063636363638</ele>
      </trkpt>
      <trkpt lat="45.86357000000002" lon="6.7848299999999995">
        <ele>1747.1372727272726</ele>
      </trkpt>
      <trkpt lat="45.86362000000001" lon="6.78476">
        <ele>1745.5963636363633</ele>
      </trkpt>
      <trkpt lat="45.863630199999996" lon="6.7846401">
        <ele>1744.061818181818</ele>
      </trkpt>
      <trkpt lat="45.86364000000001" lon="6.78452">
        <ele>1742.4572727272725</ele>
      </trkpt>
      <trkpt lat="45.863634899999994" lon="6.7844467">
        <ele>1740.8272727272727</ele>
      </trkpt>
      <trkpt lat="45.8636254" lon="6.784313200000001">
        <ele>1739.269090909091</ele>
      </trkpt>
      <trkpt lat="45.86362000000001" lon="6.78424">
        <ele>1737.7200000000003</ele>
      </trkpt>
      <trkpt lat="45.8635801" lon="6.784129900000001">
        <ele>1735.6636363636362</ele>
      </trkpt>
      <trkpt lat="45.86354" lon="6.78402">
        <ele>1733.5645454545454</ele>
      </trkpt>
      <trkpt lat="45.863519999999994" lon="6.78391">
        <ele>1731.3754545454542</ele>
      </trkpt>
      <trkpt lat="45.8635351" lon="6.783819999999999">
        <ele>1729.1436363636365</ele>
      </trkpt>
      <trkpt lat="45.86355000000001" lon="6.78373">
        <ele>1727.1145454545454</ele>
      </trkpt>
      <trkpt lat="45.863509999999984" lon="6.783570000000001">
        <ele>1725.0354545454545</ele>
      </trkpt>
      <trkpt lat="45.863460299999986" lon="6.783514199999999">
        <ele>1723.13</ele>
      </trkpt>
      <trkpt lat="45.863409999999966" lon="6.783459999999998">
        <ele>1721.0863636363638</ele>
      </trkpt>
      <trkpt lat="45.86335510000001" lon="6.7834781">
        <ele>1719.0045454545457</ele>
      </trkpt>
      <trkpt lat="45.86325490000002" lon="6.783511999999999">
        <ele>1716.838181818182</ele>
      </trkpt>
      <trkpt lat="45.863200000000006" lon="6.78353">
        <ele>1714.8254545454547</ele>
      </trkpt>
      <trkpt lat="45.86316030000002" lon="6.783505">
        <ele>1712.361818181818</ele>
      </trkpt>
      <trkpt lat="45.86307490000002" lon="6.7834503">
        <ele>1709.9063636363635</ele>
      </trkpt>
      <trkpt lat="45.8629896" lon="6.7833955">
        <ele>1707.7481818181818</ele>
      </trkpt>
      <trkpt lat="45.862950000000005" lon="6.78337">
        <ele>1706.067272727273</ele>
      </trkpt>
      <trkpt lat="45.862930000000006" lon="6.78334">
        <ele>1704.5099999999998</ele>
      </trkpt>
      <trkpt lat="45.862959999999944" lon="6.783170000000001">
        <ele>1703.2700000000002</ele>
      </trkpt>
      <trkpt lat="45.86292220000002" lon="6.783134800000001">
        <ele>1701.7854545454545</ele>
      </trkpt>
      <trkpt lat="45.8628402" lon="6.7830596000000005">
        <ele>1700.9890909090907</ele>
      </trkpt>
      <trkpt lat="45.86275810000001" lon="6.7829846">
        <ele>1700.9463636363637</ele>
      </trkpt>
      <trkpt lat="45.86271999999999" lon="6.78295">
        <ele>1701.601818181818</ele>
      </trkpt>
      <trkpt lat="45.862649999999995" lon="6.78294">
        <ele>1702.6754545454546</ele>
      </trkpt>
      <trkpt lat="45.86271999999999" lon="6.78295">
        <ele>1705.0681818181818</ele>
      </trkpt>
      <trkpt lat="45.86262" lon="6.78294">
        <ele>1707.8636363636363</ele>
      </trkpt>
      <trkpt lat="45.862559999999995" lon="6.78302">
        <ele>1710.8581818181817</ele>
      </trkpt>
      <trkpt lat="45.862470000000016" lon="6.783000000000001">
        <ele>1713.7836363636363</ele>
      </trkpt>
      <trkpt lat="45.862390000000005" lon="6.783020100000001">
        <ele>1716.8</ele>
      </trkpt>
      <trkpt lat="45.862309999999994" lon="6.78304">
        <ele>1719.8145454545454</ele>
      </trkpt>
      <trkpt lat="45.86225999999998" lon="6.782990000000001">
        <ele>1723.2018181818182</ele>
      </trkpt>
      <trkpt lat="45.86224999999999" lon="6.782869999999999">
        <ele>1726.8</ele>
      </trkpt>
      <trkpt lat="45.862190000000005" lon="6.782820000000001">
        <ele>1730.1536363636367</ele>
      </trkpt>
      <trkpt lat="45.862124900000005" lon="6.7828545">
        <ele>1733.4518181818182</ele>
      </trkpt>
      <trkpt lat="45.86205999999998" lon="6.78289">
        <ele>1736.8154545454543</ele>
      </trkpt>
      <trkpt lat="45.861999999999995" lon="6.782990000000001">
        <ele>1740.5090909090907</ele>
      </trkpt>
      <trkpt lat="45.86187999999998" lon="6.782990000000001">
        <ele>1744.1463636363633</ele>
      </trkpt>
      <trkpt lat="45.86180500000001" lon="6.7830653">
        <ele>1747.700909090909</ele>
      </trkpt>
      <trkpt lat="45.861729999999994" lon="6.783140000000001">
        <ele>1751.472727272727</ele>
      </trkpt>
      <trkpt lat="45.8616695" lon="6.783076100000001">
        <ele>1755.4627272727273</ele>
      </trkpt>
      <trkpt lat="45.86160999999998" lon="6.783010000000001">
        <ele>1759.2136363636362</ele>
      </trkpt>
      <trkpt lat="45.86162500000001" lon="6.782895">
        <ele>1763.0718181818183</ele>
      </trkpt>
      <trkpt lat="45.861639999999994" lon="6.78278">
        <ele>1766.36</ele>
      </trkpt>
      <trkpt lat="45.86158009999998" lon="6.78273">
        <ele>1770.049090909091</ele>
      </trkpt>
      <trkpt lat="45.86151999999998" lon="6.782679999999999">
        <ele>1773.2418181818182</ele>
      </trkpt>
      <trkpt lat="45.861509399999974" lon="6.7825991000000005">
        <ele>1775.86</ele>
      </trkpt>
      <trkpt lat="45.8614905" lon="6.782451">
        <ele>1777.9136363636362</ele>
      </trkpt>
      <trkpt lat="45.86148" lon="6.78237">
        <ele>1779.86</ele>
      </trkpt>
      <trkpt lat="45.86139" lon="6.78227">
        <ele>1781.8954545454544</ele>
      </trkpt>
      <trkpt lat="45.8613899" lon="6.782180000000001">
        <ele>1783.26</ele>
      </trkpt>
      <trkpt lat="45.86139" lon="6.782089999999999">
        <ele>1784.2390909090907</ele>
      </trkpt>
      <trkpt lat="45.8613732" lon="6.782043399999999">
        <ele>1785.4181818181817</ele>
      </trkpt>
      <trkpt lat="45.86133369999999" lon="6.781934599999999">
        <ele>1786.2390909090907</ele>
      </trkpt>
      <trkpt lat="45.86128660000001" lon="6.7818051">
        <ele>1787.3572727272729</ele>
      </trkpt>
      <trkpt lat="45.86124699999999" lon="6.7816964">
        <ele>1788.0645454545456</ele>
      </trkpt>
      <trkpt lat="45.86123" lon="6.78165">
        <ele>1789.3781818181822</ele>
      </trkpt>
      <trkpt lat="45.8611602" lon="6.781579599999999">
        <ele>1791.1181818181822</ele>
      </trkpt>
      <trkpt lat="45.86108999999998" lon="6.781509999999999">
        <ele>1792.8436363636363</ele>
      </trkpt>
      <trkpt lat="45.86097999999998" lon="6.78148">
        <ele>1794.8363636363638</ele>
      </trkpt>
      <trkpt lat="45.8609199" lon="6.7814748">
        <ele>1796.7727272727277</ele>
      </trkpt>
      <trkpt lat="45.860810100000045" lon="6.7814654">
        <ele>1799.0627272727274</ele>
      </trkpt>
      <trkpt lat="45.86074999999999" lon="6.78146">
        <ele>1801.3872727272728</ele>
      </trkpt>
      <trkpt lat="45.860684800000016" lon="6.7814105">
        <ele>1803.3872727272728</ele>
      </trkpt>
      <trkpt lat="45.86061999999998" lon="6.781360000000001">
        <ele>1805.3827272727272</ele>
      </trkpt>
      <trkpt lat="45.8605883" lon="6.781302700000001">
        <ele>1807.2654545454548</ele>
      </trkpt>
      <trkpt lat="45.86053100000001" lon="6.7811979">
        <ele>1809.0799999999997</ele>
      </trkpt>
      <trkpt lat="45.86049999999999" lon="6.781139999999999">
        <ele>1810.6372727272728</ele>
      </trkpt>
      <trkpt lat="45.86052499999999" lon="6.781055">
        <ele>1812.2654545454548</ele>
      </trkpt>
      <trkpt lat="45.86055000000001" lon="6.78097">
        <ele>1814.3763636363635</ele>
      </trkpt>
      <trkpt lat="45.86049550000001" lon="6.780869300000002">
        <ele>1816.479090909091</ele>
      </trkpt>
      <trkpt lat="45.86043999999998" lon="6.780770000000001">
        <ele>1818.6727272727271</ele>
      </trkpt>
      <trkpt lat="45.860392600000004" lon="6.780760299999999">
        <ele>1820.7181818181816</ele>
      </trkpt>
      <trkpt lat="45.86029" lon="6.78074">
        <ele>1822.7018181818182</ele>
      </trkpt>
      <trkpt lat="45.86018739999999" lon="6.7807197">
        <ele>1825.1609090909092</ele>
      </trkpt>
      <trkpt lat="45.860139999999994" lon="6.780709999999999">
        <ele>1827.7945454545456</ele>
      </trkpt>
      <trkpt lat="45.86009480000002" lon="6.780620399999999">
        <ele>1830.26</ele>
      </trkpt>
      <trkpt lat="45.860049999999994" lon="6.780530000000001">
        <ele>1832.7890909090906</ele>
      </trkpt>
      <trkpt lat="45.86001089999999" lon="6.780482700000001">
        <ele>1835.132727272727</ele>
      </trkpt>
      <trkpt lat="45.8599394" lon="6.7803968999999995">
        <ele>1837.082727272727</ele>
      </trkpt>
      <trkpt lat="45.85990000000001" lon="6.78035">
        <ele>1838.5545454545454</ele>
      </trkpt>
      <trkpt lat="45.85984259999999" lon="6.780310699999999">
        <ele>1839.7954545454545</ele>
      </trkpt>
      <trkpt lat="45.85973749999999" lon="6.780239199999999">
        <ele>1840.8163636363636</ele>
      </trkpt>
      <trkpt lat="45.859680000000004" lon="6.780200000000001">
        <ele>1841.836363636364</ele>
      </trkpt>
      <trkpt lat="45.85962520000001" lon="6.7801555">
        <ele>1842.9527272727275</ele>
      </trkpt>
      <trkpt lat="45.859524900000004" lon="6.7800742000000005">
        <ele>1843.7918181818184</ele>
      </trkpt>
      <trkpt lat="45.85946999999999" lon="6.780030000000001">
        <ele>1844.7109090909094</ele>
      </trkpt>
      <trkpt lat="45.8594304" lon="6.7800203">
        <ele>1845.8890909090908</ele>
      </trkpt>
      <trkpt lat="45.859344999999976" lon="6.779999900000001">
        <ele>1846.9609090909091</ele>
      </trkpt>
      <trkpt lat="45.85925960000001" lon="6.7799796">
        <ele>1848.04</ele>
      </trkpt>
      <trkpt lat="45.85921999999999" lon="6.779969999999999">
        <ele>1849.2345454545457</ele>
      </trkpt>
      <trkpt lat="45.85914999999999" lon="6.7799">
        <ele>1850.3790909090908</ele>
      </trkpt>
      <trkpt lat="45.859120000000004" lon="6.77975">
        <ele>1851.6636363636367</ele>
      </trkpt>
      <trkpt lat="45.859077400000004" lon="6.779716600000001">
        <ele>1853.138181818182</ele>
      </trkpt>
      <trkpt lat="45.85898509999998" lon="6.779644900000001">
        <ele>1854.7145454545455</ele>
      </trkpt>
      <trkpt lat="45.85889270000003" lon="6.7795732">
        <ele>1856.190909090909</ele>
      </trkpt>
      <trkpt lat="45.85884999999998" lon="6.779539999999999">
        <ele>1857.7027272727275</ele>
      </trkpt>
      <trkpt lat="45.85876999999997" lon="6.77944">
        <ele>1859.307272727273</ele>
      </trkpt>
      <trkpt lat="45.858770200000016" lon="6.7793348">
        <ele>1860.772727272727</ele>
      </trkpt>
      <trkpt lat="45.85876999999997" lon="6.77923">
        <ele>1862.2109090909091</ele>
      </trkpt>
      <trkpt lat="45.85873939999999" lon="6.779203400000002">
        <ele>1863.6272727272726</ele>
      </trkpt>
      <trkpt lat="45.858667700000005" lon="6.7791417">
        <ele>1865.2618181818182</ele>
      </trkpt>
      <trkpt lat="45.85858229999998" lon="6.7790683000000005">
        <ele>1867.1127272727274</ele>
      </trkpt>
      <trkpt lat="45.858510599999995" lon="6.779006599999999">
        <ele>1868.9318181818182</ele>
      </trkpt>
      <trkpt lat="45.85847999999999" lon="6.77898">
        <ele>1870.7190909090905</ele>
      </trkpt>
      <trkpt lat="45.858459199999984" lon="6.7789248">
        <ele>1872.6163636363635</ele>
      </trkpt>
      <trkpt lat="45.858414900000014" lon="6.7788051">
        <ele>1874.7272727272723</ele>
      </trkpt>
      <trkpt lat="45.8583706" lon="6.7786854000000005">
        <ele>1876.8636363636363</ele>
      </trkpt>
      <trkpt lat="45.85834999999999" lon="6.778630000000001">
        <ele>1879.2754545454545</ele>
      </trkpt>
      <trkpt lat="45.858280000000015" lon="6.77857">
        <ele>1881.5700000000004</ele>
      </trkpt>
      <trkpt lat="45.8582251" lon="6.778474799999999">
        <ele>1884.1454545454544</ele>
      </trkpt>
      <trkpt lat="45.85816999999999" lon="6.778379999999999">
        <ele>1887.0145454545454</ele>
      </trkpt>
      <trkpt lat="45.85808509999998" lon="6.7783598000000005">
        <ele>1889.6963636363637</ele>
      </trkpt>
      <trkpt lat="45.858000000000004" lon="6.778339999999999">
        <ele>1892.2900000000002</ele>
      </trkpt>
      <trkpt lat="45.85795569999999" lon="6.778318">
        <ele>1894.942727272727</ele>
      </trkpt>
      <trkpt lat="45.85785989999999" lon="6.7782703">
        <ele>1897.6836363636364</ele>
      </trkpt>
      <trkpt lat="45.857764200000005" lon="6.7782225">
        <ele>1900.3118181818181</ele>
      </trkpt>
      <trkpt lat="45.857719999999986" lon="6.7782">
        <ele>1902.778181818182</ele>
      </trkpt>
      <trkpt lat="45.857689500000006" lon="6.7781055">
        <ele>1905.3354545454547</ele>
      </trkpt>
      <trkpt lat="45.85766000000001" lon="6.77801">
        <ele>1907.6309090909092</ele>
      </trkpt>
      <trkpt lat="45.85766000000001" lon="6.77792">
        <ele>1910.0699999999997</ele>
      </trkpt>
      <trkpt lat="45.85766000000001" lon="6.77783">
        <ele>1912.207272727273</ele>
      </trkpt>
      <trkpt lat="45.8576474" lon="6.777784399999999">
        <ele>1913.9899999999996</ele>
      </trkpt>
      <trkpt lat="45.85761790000002" lon="6.777678099999999">
        <ele>1915.6854545454546</ele>
      </trkpt>
      <trkpt lat="45.85758259999999" lon="6.777551599999999">
        <ele>1917.3463636363638</ele>
      </trkpt>
      <trkpt lat="45.857552899999995" lon="6.7774454">
        <ele>1919.0627272727272</ele>
      </trkpt>
      <trkpt lat="45.857540000000014" lon="6.777400000000001">
        <ele>1920.5427272727275</ele>
      </trkpt>
      <trkpt lat="45.85747520000001" lon="6.7773796">
        <ele>1921.9872727272725</ele>
      </trkpt>
      <trkpt lat="45.85741000000004" lon="6.77736">
        <ele>1923.4063636363635</ele>
      </trkpt>
      <trkpt lat="45.85735999999999" lon="6.777295100000001">
        <ele>1924.6109090909088</ele>
      </trkpt>
      <trkpt lat="45.85730999999997" lon="6.777229999999999">
        <ele>1925.6681818181817</ele>
      </trkpt>
      <trkpt lat="45.857272" lon="6.777198399999998">
        <ele>1926.7300000000002</ele>
      </trkpt>
      <trkpt lat="45.85718990000001" lon="6.777130200000001">
        <ele>1927.8418181818183</ele>
      </trkpt>
      <trkpt lat="45.857107799999994" lon="6.777062">
        <ele>1929.1609090909092</ele>
      </trkpt>
      <trkpt lat="45.857069999999986" lon="6.77703">
        <ele>1930.4663636363637</ele>
      </trkpt>
      <trkpt lat="45.85704620000002" lon="6.776944099999999">
        <ele>1931.817272727273</ele>
      </trkpt>
      <trkpt lat="45.857003299999995" lon="6.776786300000001">
        <ele>1933.1809090909092</ele>
      </trkpt>
      <trkpt lat="45.85697999999999" lon="6.776700000000001">
        <ele>1934.6399999999996</ele>
      </trkpt>
      <trkpt lat="45.856960000000015" lon="6.776540000000001">
        <ele>1935.9990909090907</ele>
      </trkpt>
      <trkpt lat="45.856917399999986" lon="6.776509800000001">
        <ele>1937.3272727272727</ele>
      </trkpt>
      <trkpt lat="45.856825000000015" lon="6.7764449">
        <ele>1938.757272727273</ele>
      </trkpt>
      <trkpt lat="45.85673270000001" lon="6.776380199999999">
        <ele>1940.2209090909091</ele>
      </trkpt>
      <trkpt lat="45.856690000000015" lon="6.776350000000002">
        <ele>1941.630909090909</ele>
      </trkpt>
      <trkpt lat="45.8566728" lon="6.7763285">
        <ele>1943.180909090909</ele>
      </trkpt>
      <trkpt lat="45.856628500000014" lon="6.776273">
        <ele>1944.602727272727</ele>
      </trkpt>
      <trkpt lat="45.8565662" lon="6.7761948">
        <ele>1946.042727272727</ele>
      </trkpt>
      <trkpt lat="45.85649490000001" lon="6.776105199999999">
        <ele>1947.4254545454546</ele>
      </trkpt>
      <trkpt lat="45.856423599999985" lon="6.776015599999999">
        <ele>1948.8854545454544</ele>
      </trkpt>
      <trkpt lat="45.8563613" lon="6.7759373">
        <ele>1950.3736363636365</ele>
      </trkpt>
      <trkpt lat="45.85631710000001" lon="6.775881600000001">
        <ele>1952.1081818181824</ele>
      </trkpt>
      <trkpt lat="45.8563" lon="6.77586">
        <ele>1954.0790909090908</ele>
      </trkpt>
      <trkpt lat="45.85627490000003" lon="6.775745099999999">
        <ele>1956.1472727272726</ele>
      </trkpt>
      <trkpt lat="45.85624999999998" lon="6.77563">
        <ele>1958.204545454545</ele>
      </trkpt>
      <trkpt lat="45.85622579999999" lon="6.775589699999999">
        <ele>1960.222727272727</ele>
      </trkpt>
      <trkpt lat="45.85616899999999" lon="6.775495800000001">
        <ele>1962.1609090909087</ele>
      </trkpt>
      <trkpt lat="45.85610130000002" lon="6.7753839">
        <ele>1964.1872727272726</ele>
      </trkpt>
      <trkpt lat="45.856044399999995" lon="6.77529">
        <ele>1966.219090909091</ele>
      </trkpt>
      <trkpt lat="45.85601999999999" lon="6.775249999999999">
        <ele>1968.1881818181819</ele>
      </trkpt>
      <trkpt lat="45.85598519999999" lon="6.775216599999999">
        <ele>1970.027272727273</ele>
      </trkpt>
      <trkpt lat="45.85591000000001" lon="6.775145">
        <ele>1971.9645454545455</ele>
      </trkpt>
      <trkpt lat="45.8558348" lon="6.775073399999999">
        <ele>1973.7672727272727</ele>
      </trkpt>
      <trkpt lat="45.85579999999998" lon="6.77504">
        <ele>1975.4954545454545</ele>
      </trkpt>
      <trkpt lat="45.85577960000001" lon="6.7750076">
        <ele>1977.0436363636366</ele>
      </trkpt>
      <trkpt lat="45.85572969999996" lon="6.7749280999999995">
        <ele>1978.5545454545456</ele>
      </trkpt>
      <trkpt lat="45.85566499999998" lon="6.774825">
        <ele>1980.0900000000001</ele>
      </trkpt>
      <trkpt lat="45.8556003" lon="6.774721900000001">
        <ele>1981.6745454545453</ele>
      </trkpt>
      <trkpt lat="45.8555504" lon="6.774642399999999">
        <ele>1983.2790909090907</ele>
      </trkpt>
      <trkpt lat="45.85552999999998" lon="6.77461">
        <ele>1984.9954545454543</ele>
      </trkpt>
      <trkpt lat="45.855514200000016" lon="6.774591700000001">
        <ele>1986.8763636363635</ele>
      </trkpt>
      <trkpt lat="45.85547279999999" lon="6.7745438">
        <ele>1988.682727272727</ele>
      </trkpt>
      <trkpt lat="45.855413" lon="6.774474700000001">
        <ele>1990.323636363636</ele>
      </trkpt>
      <trkpt lat="45.8553423" lon="6.7743929">
        <ele>1991.8363636363633</ele>
      </trkpt>
      <trkpt lat="45.855267899999994" lon="6.774306899999999">
        <ele>1993.1754545454546</ele>
      </trkpt>
      <trkpt lat="45.855197099999984" lon="6.7742251">
        <ele>1994.609090909091</ele>
      </trkpt>
      <trkpt lat="45.855137299999996" lon="6.774156100000001">
        <ele>1996.0372727272731</ele>
      </trkpt>
      <trkpt lat="45.8550958" lon="6.7741082">
        <ele>1997.4609090909094</ele>
      </trkpt>
      <trkpt lat="45.85507999999998" lon="6.774089999999999">
        <ele>1998.7681818181816</ele>
      </trkpt>
      <trkpt lat="45.8550625" lon="6.7740752">
        <ele>2000.1463636363637</ele>
      </trkpt>
      <trkpt lat="45.855016400000004" lon="6.774036500000001">
        <ele>2001.4827272727273</ele>
      </trkpt>
      <trkpt lat="45.85494999999998" lon="6.773980699999999">
        <ele>2002.6881818181819</ele>
      </trkpt>
      <trkpt lat="45.854871400000015" lon="6.7739145999999995">
        <ele>2003.8927272727271</ele>
      </trkpt>
      <trkpt lat="45.85478870000001" lon="6.7738452">
        <ele>2004.9954545454543</ele>
      </trkpt>
      <trkpt lat="45.85471009999999" lon="6.7737792">
        <ele>2006.0963636363633</ele>
      </trkpt>
      <trkpt lat="45.854643599999996" lon="6.773723400000001">
        <ele>2007.3318181818183</ele>
      </trkpt>
      <trkpt lat="45.85459759999999" lon="6.773684699999998">
        <ele>2008.5436363636363</ele>
      </trkpt>
      <trkpt lat="45.85457999999999" lon="6.773670000000001">
        <ele>2009.8100000000004</ele>
      </trkpt>
      <trkpt lat="45.85454830000001" lon="6.773645599999999">
        <ele>2010.9872727272727</ele>
      </trkpt>
      <trkpt lat="45.8544742" lon="6.773588700000001">
        <ele>2012.1481818181817</ele>
      </trkpt>
      <trkpt lat="45.85438590000001" lon="6.773520999999999">
        <ele>2013.1663636363637</ele>
      </trkpt>
      <trkpt lat="45.854311800000005" lon="6.7734642">
        <ele>2014.16</ele>
      </trkpt>
      <trkpt lat="45.854280000000024" lon="6.773440000000001">
        <ele>2015.2009090909094</ele>
      </trkpt>
      <trkpt lat="45.85426019999999" lon="6.773429299999999">
        <ele>2016.279090909091</ele>
      </trkpt>
      <trkpt lat="45.854208200000016" lon="6.7734012">
        <ele>2017.526363636364</ele>
      </trkpt>
      <trkpt lat="45.854133100000006" lon="6.7733606">
        <ele>2018.8736363636365</ele>
      </trkpt>
      <trkpt lat="45.854044200000004" lon="6.773312699999999">
        <ele>2020.0754545454545</ele>
      </trkpt>
      <trkpt lat="45.85395080000003" lon="6.7732622">
        <ele>2021.2254545454546</ele>
      </trkpt>
      <trkpt lat="45.853861900000005" lon="6.773214300000001">
        <ele>2022.3936363636362</ele>
      </trkpt>
      <trkpt lat="45.85378689999999" lon="6.773173800000001">
        <ele>2023.7454545454543</ele>
      </trkpt>
      <trkpt lat="45.853734799999984" lon="6.773145699999999">
        <ele>2025.204545454545</ele>
      </trkpt>
      <trkpt lat="45.85371500000001" lon="6.773134999999999">
        <ele>2026.7281818181816</ele>
      </trkpt>
      <trkpt lat="45.8536952" lon="6.773124299999999">
        <ele>2028.3154545454543</ele>
      </trkpt>
      <trkpt lat="45.8536431" lon="6.7730962">
        <ele>2029.894545454545</ele>
      </trkpt>
      <trkpt lat="45.853568100000004" lon="6.7730558">
        <ele>2031.4345454545457</ele>
      </trkpt>
      <trkpt lat="45.85347920000001" lon="6.773007800000001">
        <ele>2032.8390909090908</ele>
      </trkpt>
      <trkpt lat="45.85338569999998" lon="6.772957399999999">
        <ele>2034.2209090909091</ele>
      </trkpt>
      <trkpt lat="45.85329690000001" lon="6.7729094">
        <ele>2035.742727272727</ele>
      </trkpt>
      <trkpt lat="45.85322179999999" lon="6.772868899999998">
        <ele>2037.4445454545455</ele>
      </trkpt>
      <trkpt lat="45.85316979999999" lon="6.7728408">
        <ele>2039.2409090909093</ele>
      </trkpt>
      <trkpt lat="45.853150000000014" lon="6.77283">
        <ele>2040.9645454545455</ele>
      </trkpt>
      <trkpt lat="45.85311930000001" lon="6.7727953">
        <ele>2042.5</ele>
      </trkpt>
      <trkpt lat="45.8530476" lon="6.772713699999999">
        <ele>2044.049090909091</ele>
      </trkpt>
      <trkpt lat="45.8529623" lon="6.772616499999999">
        <ele>2045.4990909090907</ele>
      </trkpt>
      <trkpt lat="45.85289059999996" lon="6.772534799999999">
        <ele>2047.0545454545456</ele>
      </trkpt>
      <trkpt lat="45.85286000000001" lon="6.7725">
        <ele>2048.649090909091</ele>
      </trkpt>
      <trkpt lat="45.8528321" lon="6.772476599999999">
        <ele>2050.395454545455</ele>
      </trkpt>
      <trkpt lat="45.85276369999999" lon="6.7724192">
        <ele>2052.2245454545455</ele>
      </trkpt>
      <trkpt lat="45.85267499999999" lon="6.772345">
        <ele>2054.0245454545457</ele>
      </trkpt>
      <trkpt lat="45.852586299999984" lon="6.7722707">
        <ele>2055.93</ele>
      </trkpt>
      <trkpt lat="45.85251790000001" lon="6.7722134">
        <ele>2057.6236363636363</ele>
      </trkpt>
      <trkpt lat="45.85248999999997" lon="6.77219">
        <ele>2059.368181818182</ele>
      </trkpt>
      <trkpt lat="45.85246680000001" lon="6.772168499999999">
        <ele>2061.2000000000003</ele>
      </trkpt>
      <trkpt lat="45.85240829999999" lon="6.772114299999998">
        <ele>2062.9672727272728</ele>
      </trkpt>
      <trkpt lat="45.85232839999998" lon="6.7720403">
        <ele>2064.6945454545453</ele>
      </trkpt>
      <trkpt lat="45.85224149999999" lon="6.771959699999999">
        <ele>2066.5536363636365</ele>
      </trkpt>
      <trkpt lat="45.8521617" lon="6.7718858">
        <ele>2068.517272727273</ele>
      </trkpt>
      <trkpt lat="45.85210319999999" lon="6.771831500000001">
        <ele>2070.628181818182</ele>
      </trkpt>
      <trkpt lat="45.85208" lon="6.77181">
        <ele>2072.9190909090908</ele>
      </trkpt>
      <trkpt lat="45.85205680000002" lon="6.7717885">
        <ele>2075.2509090909093</ele>
      </trkpt>
      <trkpt lat="45.851998300000005" lon="6.7717342">
        <ele>2077.390909090909</ele>
      </trkpt>
      <trkpt lat="45.85191850000001" lon="6.7716602">
        <ele>2079.7045454545455</ele>
      </trkpt>
      <trkpt lat="45.8518316" lon="6.7715797">
        <ele>2082.014545454545</ele>
      </trkpt>
      <trkpt lat="45.85175179999998" lon="6.7715057000000005">
        <ele>2084.2845454545454</ele>
      </trkpt>
      <trkpt lat="45.85169319999999" lon="6.7714514">
        <ele>2086.559090909091</ele>
      </trkpt>
      <trkpt lat="45.85167000000001" lon="6.7714300000000005">
        <ele>2088.983636363636</ele>
      </trkpt>
      <trkpt lat="45.85158999999997" lon="6.7713951">
        <ele>2091.195454545454</ele>
      </trkpt>
      <trkpt lat="45.85150999999999" lon="6.771359999999999">
        <ele>2093.294545454545</ele>
      </trkpt>
      <trkpt lat="45.8514942" lon="6.7713404">
        <ele>2095.2554545454545</ele>
      </trkpt>
      <trkpt lat="45.851452699999996" lon="6.771288899999999">
        <ele>2097.027272727273</ele>
      </trkpt>
      <trkpt lat="45.851392900000015" lon="6.771214500000001">
        <ele>2098.685454545455</ele>
      </trkpt>
      <trkpt lat="45.851322100000004" lon="6.7711265">
        <ele>2100.225454545455</ele>
      </trkpt>
      <trkpt lat="45.85124769999998" lon="6.7710338">
        <ele>2101.6927272727276</ele>
      </trkpt>
      <trkpt lat="45.85117689999997" lon="6.770945800000001">
        <ele>2103.0727272727277</ele>
      </trkpt>
      <trkpt lat="45.85111720000001" lon="6.770871299999999">
        <ele>2104.586363636364</ele>
      </trkpt>
      <trkpt lat="45.85107579999998" lon="6.7708197">
        <ele>2106.037272727273</ele>
      </trkpt>
      <trkpt lat="45.85105999999999" lon="6.7707999999999995">
        <ele>2107.4172727272726</ele>
      </trkpt>
      <trkpt lat="45.851039300000004" lon="6.770749399999999">
        <ele>2108.950909090909</ele>
      </trkpt>
      <trkpt lat="45.85099489999999" lon="6.770640099999999">
        <ele>2110.469090909091</ele>
      </trkpt>
      <trkpt lat="45.850950600000004" lon="6.7705307">
        <ele>2112.013636363636</ele>
      </trkpt>
      <trkpt lat="45.85093000000001" lon="6.770479999999999">
        <ele>2113.5654545454545</ele>
      </trkpt>
      <trkpt lat="45.85089090000001" lon="6.770419699999999">
        <ele>2115.2500000000005</ele>
      </trkpt>
      <trkpt lat="45.8508193" lon="6.7703099">
        <ele>2117.0754545454547</ele>
      </trkpt>
      <trkpt lat="45.85077999999998" lon="6.77025">
        <ele>2118.7918181818186</ele>
      </trkpt>
      <trkpt lat="45.85071000000001" lon="6.7702048999999995">
        <ele>2120.2818181818184</ele>
      </trkpt>
      <trkpt lat="45.850639999999984" lon="6.77016">
        <ele>2121.3981818181824</ele>
      </trkpt>
      <trkpt lat="45.85057000000001" lon="6.77005">
        <ele>2122.2627272727273</ele>
      </trkpt>
      <trkpt lat="45.85049509999997" lon="6.769999800000001">
        <ele>2122.7690909090907</ele>
      </trkpt>
      <trkpt lat="45.85041999999998" lon="6.769950000000001">
        <ele>2122.979090909091</ele>
      </trkpt>
      <trkpt lat="45.850369999999984" lon="6.769950000000001">
        <ele>2122.8836363636365</ele>
      </trkpt>
      <trkpt lat="45.85030000000001" lon="6.77">
        <ele>2122.3827272727276</ele>
      </trkpt>
      <trkpt lat="45.85023999999998" lon="6.77005">
        <ele>2121.340909090909</ele>
      </trkpt>
      <trkpt lat="45.85019499999998" lon="6.7701501">
        <ele>2120.1254545454544</ele>
      </trkpt>
      <trkpt lat="45.85014999999998" lon="6.77025">
        <ele>2118.2772727272727</ele>
      </trkpt>
      <trkpt lat="45.85013" lon="6.770209999999999">
        <ele>2116.3009090909095</ele>
      </trkpt>
      <trkpt lat="45.85013" lon="6.7701">
        <ele>2114.2018181818185</ele>
      </trkpt>
      <trkpt lat="45.850080000000005" lon="6.77005">
        <ele>2111.9727272727278</ele>
      </trkpt>
      <trkpt lat="45.85004" lon="6.770180000000001">
        <ele>2109.696363636364</ele>
      </trkpt>
      <trkpt lat="45.84998000000002" lon="6.77005">
        <ele>2107.59</ele>
      </trkpt>
      <trkpt lat="45.8499894" lon="6.769995100000001">
        <ele>2105.3181818181815</ele>
      </trkpt>
      <trkpt lat="45.8500117" lon="6.7698665">
        <ele>2102.8763636363637</ele>
      </trkpt>
      <trkpt lat="45.85003819999999" lon="6.769713499999999">
        <ele>2100.4036363636365</ele>
      </trkpt>
      <trkpt lat="45.8500605" lon="6.769584899999999">
        <ele>2098.24</ele>
      </trkpt>
      <trkpt lat="45.850070000000024" lon="6.76953">
        <ele>2095.7436363636366</ele>
      </trkpt>
      <trkpt lat="45.85003000000002" lon="6.76951">
        <ele>2093.4599999999996</ele>
      </trkpt>
      <trkpt lat="45.84996500000001" lon="6.76957">
        <ele>2091.112727272727</ele>
      </trkpt>
      <trkpt lat="45.849899999999984" lon="6.76963">
        <ele>2088.8745454545456</ele>
      </trkpt>
      <trkpt lat="45.84985030000001" lon="6.769649000000001">
        <ele>2086.5563636363636</ele>
      </trkpt>
      <trkpt lat="45.8497596" lon="6.7696828">
        <ele>2084.163636363636</ele>
      </trkpt>
      <trkpt lat="45.84971000000002" lon="6.7697">
        <ele>2081.375454545455</ele>
      </trkpt>
      <trkpt lat="45.84970460000001" lon="6.769575500000001">
        <ele>2078.651818181818</ele>
      </trkpt>
      <trkpt lat="45.849699999999984" lon="6.76945">
        <ele>2076.2127272727275</ele>
      </trkpt>
      <trkpt lat="45.84964" lon="6.76936">
        <ele>2073.59</ele>
      </trkpt>
      <trkpt lat="45.849595499999985" lon="6.7693963">
        <ele>2070.867272727273</ele>
      </trkpt>
      <trkpt lat="45.8495145" lon="6.7694634">
        <ele>2068.137272727273</ele>
      </trkpt>
      <trkpt lat="45.84946999999999" lon="6.769499999999999">
        <ele>2065.619090909091</ele>
      </trkpt>
      <trkpt lat="45.84945999999997" lon="6.76944">
        <ele>2063.077272727273</ele>
      </trkpt>
      <trkpt lat="45.84942000000002" lon="6.76936">
        <ele>2060.430909090909</ele>
      </trkpt>
      <trkpt lat="45.84940000000002" lon="6.769210000000001">
        <ele>2057.6763636363635</ele>
      </trkpt>
      <trkpt lat="45.849339999999984" lon="6.769220000000001">
        <ele>2055.1663636363633</ele>
      </trkpt>
      <trkpt lat="45.849339999999984" lon="6.76917">
        <ele>2052.915454545454</ele>
      </trkpt>
      <trkpt lat="45.849309999999996" lon="6.769160000000001">
        <ele>2050.6309090909085</ele>
      </trkpt>
      <trkpt lat="45.849249999999984" lon="6.769180000000002">
        <ele>2047.8609090909088</ele>
      </trkpt>
      <trkpt lat="45.84924000000002" lon="6.769079999999999">
        <ele>2045.4172727272728</ele>
      </trkpt>
      <trkpt lat="45.84919" lon="6.769089999999999">
        <ele>2042.876363636364</ele>
      </trkpt>
      <trkpt lat="45.849140000000006" lon="6.769160000000001">
        <ele>2040.3463636363638</ele>
      </trkpt>
      <trkpt lat="45.849129999999995" lon="6.7691">
        <ele>2037.8463636363638</ele>
      </trkpt>
      <trkpt lat="45.849039999999995" lon="6.76912">
        <ele>2035.3572727272729</ele>
      </trkpt>
      <trkpt lat="45.84906999999998" lon="6.76901">
        <ele>2032.9781818181816</ele>
      </trkpt>
      <trkpt lat="45.849039999999995" lon="6.76896">
        <ele>2030.9963636363632</ele>
      </trkpt>
      <trkpt lat="45.848950000000016" lon="6.769030000000001">
        <ele>2028.821818181818</ele>
      </trkpt>
      <trkpt lat="45.84890999999999" lon="6.769180000000002">
        <ele>2026.6654545454546</ele>
      </trkpt>
      <trkpt lat="45.84888999999998" lon="6.769180000000002">
        <ele>2024.4918181818182</ele>
      </trkpt>
      <trkpt lat="45.8488798" lon="6.769079999999999">
        <ele>2022.8190909090908</ele>
      </trkpt>
      <trkpt lat="45.848870000000005" lon="6.768980000000001">
        <ele>2020.9736363636366</ele>
      </trkpt>
      <trkpt lat="45.84887499999995" lon="6.768889999999999">
        <ele>2019.078181818182</ele>
      </trkpt>
      <trkpt lat="45.848879999999994" lon="6.768799999999999">
        <ele>2017.3281818181815</ele>
      </trkpt>
      <trkpt lat="45.848859999999995" lon="6.768799999999999">
        <ele>2015.3663636363635</ele>
      </trkpt>
      <trkpt lat="45.84881000000003" lon="6.76886">
        <ele>2013.309090909091</ele>
      </trkpt>
      <trkpt lat="45.848780000000005" lon="6.76876">
        <ele>2010.9236363636367</ele>
      </trkpt>
      <trkpt lat="45.84877749999998" lon="6.7686893">
        <ele>2008.1809090909092</ele>
      </trkpt>
      <trkpt lat="45.84877290000001" lon="6.7685605">
        <ele>2005.697272727273</ele>
      </trkpt>
      <trkpt lat="45.848769999999995" lon="6.768489999999999">
        <ele>2003.2154545454548</ele>
      </trkpt>
      <trkpt lat="45.848730999999994" lon="6.768429800000001">
        <ele>2000.510909090909</ele>
      </trkpt>
      <trkpt lat="45.848659199999986" lon="6.7683202">
        <ele>1997.5027272727273</ele>
      </trkpt>
      <trkpt lat="45.84861999999999" lon="6.76826">
        <ele>1994.7081818181816</ele>
      </trkpt>
      <trkpt lat="45.84860000000001" lon="6.768089999999999">
        <ele>1991.829090909091</ele>
      </trkpt>
      <trkpt lat="45.84856869999997" lon="6.768021999999999">
        <ele>1989</ele>
      </trkpt>
      <trkpt lat="45.848511299999984" lon="6.767898000000001">
        <ele>1986.2018181818182</ele>
      </trkpt>
      <trkpt lat="45.848479999999995" lon="6.767830000000001">
        <ele>1983.3727272727272</ele>
      </trkpt>
      <trkpt lat="45.848479999999995" lon="6.76771">
        <ele>1980.3981818181817</ele>
      </trkpt>
      <trkpt lat="45.84843999999999" lon="6.7676">
        <ele>1977.6936363636364</ele>
      </trkpt>
      <trkpt lat="45.848400000000005" lon="6.76755">
        <ele>1974.7409090909096</ele>
      </trkpt>
      <trkpt lat="45.84836" lon="6.76755">
        <ele>1971.6309090909092</ele>
      </trkpt>
      <trkpt lat="45.848323300000004" lon="6.7676229999999995">
        <ele>1968.7227272727273</ele>
      </trkpt>
      <trkpt lat="45.84825640000001" lon="6.767756799999999">
        <ele>1965.9463636363637</ele>
      </trkpt>
      <trkpt lat="45.848220000000005" lon="6.767830000000001">
        <ele>1963.0081818181818</ele>
      </trkpt>
      <trkpt lat="45.84818999999999" lon="6.767945000000001">
        <ele>1960.3054545454545</ele>
      </trkpt>
      <trkpt lat="45.84816" lon="6.76806">
        <ele>1957.4518181818187</ele>
      </trkpt>
      <trkpt lat="45.84809000000003" lon="6.76818">
        <ele>1954.6781818181817</ele>
      </trkpt>
      <trkpt lat="45.848043" lon="6.7682011">
        <ele>1952.2163636363637</ele>
      </trkpt>
      <trkpt lat="45.84795710000001" lon="6.7682389999999995">
        <ele>1950.1336363636362</ele>
      </trkpt>
      <trkpt lat="45.847910000000006" lon="6.76826">
        <ele>1948.1236363636365</ele>
      </trkpt>
      <trkpt lat="45.847862899999996" lon="6.768301699999999">
        <ele>1946.055454545455</ele>
      </trkpt>
      <trkpt lat="45.84777709999999" lon="6.7683782">
        <ele>1944.0081818181818</ele>
      </trkpt>
      <trkpt lat="45.847730000000006" lon="6.76842">
        <ele>1941.8645454545454</ele>
      </trkpt>
      <trkpt lat="45.847640000000006" lon="6.768470000000001">
        <ele>1939.9109090909092</ele>
      </trkpt>
      <trkpt lat="45.84760999999996" lon="6.768459999999998">
        <ele>1937.898181818182</ele>
      </trkpt>
      <trkpt lat="45.84762300000001" lon="6.768378999999999">
        <ele>1935.8372727272726</ele>
      </trkpt>
      <trkpt lat="45.84764690000001" lon="6.768231">
        <ele>1933.7636363636361</ele>
      </trkpt>
      <trkpt lat="45.84765999999998" lon="6.76815">
        <ele>1931.5472727272731</ele>
      </trkpt>
      <trkpt lat="45.84766539999999" lon="6.768074199999999">
        <ele>1929.2918181818184</ele>
      </trkpt>
      <trkpt lat="45.84767500000002" lon="6.7679358">
        <ele>1926.7972727272727</ele>
      </trkpt>
      <trkpt lat="45.84767999999998" lon="6.767860000000001">
        <ele>1923.9581818181819</ele>
      </trkpt>
      <trkpt lat="45.84765529999998" lon="6.7677648999999995">
        <ele>1921.4681818181818</ele>
      </trkpt>
      <trkpt lat="45.84762999999999" lon="6.767670000000001">
        <ele>1919.0854545454547</ele>
      </trkpt>
      <trkpt lat="45.84760790000001" lon="6.7676067">
        <ele>1916.7090909090912</ele>
      </trkpt>
      <trkpt lat="45.847559999999966" lon="6.76747">
        <ele>1914.0463636363636</ele>
      </trkpt>
      <trkpt lat="45.847512199999976" lon="6.767333200000001">
        <ele>1911.3009090909088</ele>
      </trkpt>
      <trkpt lat="45.84748999999999" lon="6.76727">
        <ele>1908.6218181818183</ele>
      </trkpt>
      <trkpt lat="45.847469999999994" lon="6.767250000000001">
        <ele>1906.1436363636365</ele>
      </trkpt>
      <trkpt lat="45.847441499999995" lon="6.767285900000001">
        <ele>1903.7954545454545</ele>
      </trkpt>
      <trkpt lat="45.84737469999998" lon="6.7673698999999985">
        <ele>1901.260909090909</ele>
      </trkpt>
      <trkpt lat="45.847295299999985" lon="6.76747">
        <ele>1899.1100000000004</ele>
      </trkpt>
      <trkpt lat="45.84722849999999" lon="6.767554100000001">
        <ele>1897.1445454545458</ele>
      </trkpt>
      <trkpt lat="45.847199999999994" lon="6.767590000000001">
        <ele>1894.921818181818</ele>
      </trkpt>
      <trkpt lat="45.84715999999999" lon="6.76762">
        <ele>1892.433636363636</ele>
      </trkpt>
      <trkpt lat="45.84713999999999" lon="6.76757">
        <ele>1889.8581818181817</ele>
      </trkpt>
      <trkpt lat="45.847137399999994" lon="6.767499299999999">
        <ele>1887.4918181818184</ele>
      </trkpt>
      <trkpt lat="45.84713270000002" lon="6.7673706000000005">
        <ele>1885.2154545454543</ele>
      </trkpt>
      <trkpt lat="45.84713" lon="6.7673">
        <ele>1882.929090909091</ele>
      </trkpt>
      <trkpt lat="45.847095200000005" lon="6.7671949">
        <ele>1880.5036363636364</ele>
      </trkpt>
      <trkpt lat="45.84705999999998" lon="6.76709">
        <ele>1878.0400000000002</ele>
      </trkpt>
      <trkpt lat="45.847026099999994" lon="6.767019399999999">
        <ele>1875.5218181818184</ele>
      </trkpt>
      <trkpt lat="45.8469641" lon="6.766890399999999">
        <ele>1873.0700000000004</ele>
      </trkpt>
      <trkpt lat="45.84692999999999" lon="6.766820000000001">
        <ele>1870.5127272727275</ele>
      </trkpt>
      <trkpt lat="45.84688999999999" lon="6.766829999999999">
        <ele>1867.798181818182</ele>
      </trkpt>
      <trkpt lat="45.84688999999999" lon="6.76697">
        <ele>1865.3727272727278</ele>
      </trkpt>
      <trkpt lat="45.84682000000002" lon="6.767060000000001">
        <ele>1862.974545454546</ele>
      </trkpt>
      <trkpt lat="45.84677719999997" lon="6.767068299999999">
        <ele>1860.2863636363638</ele>
      </trkpt>
      <trkpt lat="45.84668490000002" lon="6.7670857">
        <ele>1857.6418181818183</ele>
      </trkpt>
      <trkpt lat="45.846592699999995" lon="6.7671028">
        <ele>1854.9972727272725</ele>
      </trkpt>
      <trkpt lat="45.84654999999999" lon="6.76711">
        <ele>1852.2609090909086</ele>
      </trkpt>
      <trkpt lat="45.8465237" lon="6.767034400000001">
        <ele>1849.461818181818</ele>
      </trkpt>
      <trkpt lat="45.8464764" lon="6.766895200000002">
        <ele>1846.7772727272727</ele>
      </trkpt>
      <trkpt lat="45.846450000000004" lon="6.766820000000001">
        <ele>1844.0754545454545</ele>
      </trkpt>
      <trkpt lat="45.8464161" lon="6.7668344">
        <ele>1841.6172727272724</ele>
      </trkpt>
      <trkpt lat="45.84633699999999" lon="6.7668694">
        <ele>1839.13</ele>
      </trkpt>
      <trkpt lat="45.846242800000006" lon="6.766911199999999">
        <ele>1836.4918181818184</ele>
      </trkpt>
      <trkpt lat="45.8461637" lon="6.7669459000000005">
        <ele>1833.998181818182</ele>
      </trkpt>
      <trkpt lat="45.84613000000002" lon="6.76696">
        <ele>1831.692727272727</ele>
      </trkpt>
      <trkpt lat="45.84612420000001" lon="6.7669118">
        <ele>1829.43</ele>
      </trkpt>
      <trkpt lat="45.84611189999997" lon="6.766798199999999">
        <ele>1827.0063636363632</ele>
      </trkpt>
      <trkpt lat="45.84609749999997" lon="6.7666626">
        <ele>1824.869090909091</ele>
      </trkpt>
      <trkpt lat="45.84608539999998" lon="6.7665486999999995">
        <ele>1822.6736363636364</ele>
      </trkpt>
      <trkpt lat="45.84607999999999" lon="6.766500000000001">
        <ele>1820.2836363636363</ele>
      </trkpt>
      <trkpt lat="45.84598999999999" lon="6.76655">
        <ele>1817.5245454545454</ele>
      </trkpt>
      <trkpt lat="45.845959999999955" lon="6.76646">
        <ele>1814.5554545454545</ele>
      </trkpt>
      <trkpt lat="45.845936300000005" lon="6.7664424">
        <ele>1811.6754545454546</ele>
      </trkpt>
      <trkpt lat="45.84587629999999" lon="6.7663981">
        <ele>1808.9481818181819</ele>
      </trkpt>
      <trkpt lat="45.845794500000025" lon="6.7663378000000005">
        <ele>1806.2245454545455</ele>
      </trkpt>
      <trkpt lat="45.8457055" lon="6.766272100000001">
        <ele>1803.4763636363634</ele>
      </trkpt>
      <trkpt lat="45.845623700000004" lon="6.766211799999999">
        <ele>1800.471818181818</ele>
      </trkpt>
      <trkpt lat="45.84556369999997" lon="6.7661675">
        <ele>1797.560909090909</ele>
      </trkpt>
      <trkpt lat="45.84553999999999" lon="6.76615">
        <ele>1794.3199999999997</ele>
      </trkpt>
      <trkpt lat="45.84550510000001" lon="6.7661152">
        <ele>1791.0581818181818</ele>
      </trkpt>
      <trkpt lat="45.84542999999999" lon="6.76604">
        <ele>1787.7418181818184</ele>
      </trkpt>
      <trkpt lat="45.84535489999998" lon="6.7659648">
        <ele>1784.5936363636363</ele>
      </trkpt>
      <trkpt lat="45.845320000000015" lon="6.765929999999999">
        <ele>1781.6054545454544</ele>
      </trkpt>
      <trkpt lat="45.845230000000015" lon="6.765879999999999">
        <ele>1778.6827272727276</ele>
      </trkpt>
      <trkpt lat="45.845219999999976" lon="6.765760000000001">
        <ele>1775.9345454545457</ele>
      </trkpt>
      <trkpt lat="45.845150000000004" lon="6.765749999999999">
        <ele>1773.073636363636</ele>
      </trkpt>
      <trkpt lat="45.84509999999999" lon="6.765680000000001">
        <ele>1770.0472727272727</ele>
      </trkpt>
      <trkpt lat="45.84509" lon="6.76561">
        <ele>1767.2563636363636</ele>
      </trkpt>
      <trkpt lat="45.845059999999954" lon="6.76561">
        <ele>1764.4754545454546</ele>
      </trkpt>
      <trkpt lat="45.845046399999994" lon="6.765571500000001">
        <ele>1761.8945454545456</ele>
      </trkpt>
      <trkpt lat="45.8450132" lon="6.765477199999999">
        <ele>1759.4445454545455</ele>
      </trkpt>
      <trkpt lat="45.844970100000005" lon="6.7653549">
        <ele>1756.9809090909089</ele>
      </trkpt>
      <trkpt lat="45.84492699999999" lon="6.7652326">
        <ele>1754.4527272727273</ele>
      </trkpt>
      <trkpt lat="45.84489369999999" lon="6.7651384">
        <ele>1751.9863636363634</ele>
      </trkpt>
      <trkpt lat="45.84487999999998" lon="6.7651">
        <ele>1749.530909090909</ele>
      </trkpt>
      <trkpt lat="45.844833100000024" lon="6.7650760000000005">
        <ele>1746.9236363636364</ele>
      </trkpt>
      <trkpt lat="45.844747199999986" lon="6.765033500000001">
        <ele>1744.4727272727273</ele>
      </trkpt>
      <trkpt lat="45.84470000000001" lon="6.76501">
        <ele>1742.1081818181817</ele>
      </trkpt>
      <trkpt lat="45.84464999999999" lon="6.764944899999999">
        <ele>1739.5627272727272</ele>
      </trkpt>
      <trkpt lat="45.84460000000002" lon="6.76488">
        <ele>1736.8081818181818</ele>
      </trkpt>
      <trkpt lat="45.84458069999997" lon="6.7648701">
        <ele>1733.7654545454543</ele>
      </trkpt>
      <trkpt lat="45.84453009999997" lon="6.7648443">
        <ele>1730.7127272727269</ele>
      </trkpt>
      <trkpt lat="45.84445700000001" lon="6.7648071">
        <ele>1727.8781818181817</ele>
      </trkpt>
      <trkpt lat="45.84437049999999" lon="6.7647631">
        <ele>1725.3463636363633</ele>
      </trkpt>
      <trkpt lat="45.844279499999985" lon="6.7647167">
        <ele>1722.454545454545</ele>
      </trkpt>
      <trkpt lat="45.84419299999999" lon="6.7646727">
        <ele>1719.5281818181816</ele>
      </trkpt>
      <trkpt lat="45.844120000000004" lon="6.764635600000001">
        <ele>1716.7081818181819</ele>
      </trkpt>
      <trkpt lat="45.8440693" lon="6.7646098">
        <ele>1713.7954545454545</ele>
      </trkpt>
      <trkpt lat="45.84405000000003" lon="6.764599999999999">
        <ele>1711.0863636363633</ele>
      </trkpt>
      <trkpt lat="45.84394" lon="6.76457">
        <ele>1708.6272727272726</ele>
      </trkpt>
      <trkpt lat="45.84394999999999" lon="6.7646999999999995">
        <ele>1706.1218181818183</ele>
      </trkpt>
      <trkpt lat="45.84390039999999" lon="6.7647034999999995">
        <ele>1703.6509090909094</ele>
      </trkpt>
      <trkpt lat="45.84380970000001" lon="6.764708299999999">
        <ele>1701.2418181818182</ele>
      </trkpt>
      <trkpt lat="45.84376" lon="6.764709999999999">
        <ele>1698.8518181818183</ele>
      </trkpt>
      <trkpt lat="45.8437235" lon="6.764662800000001">
        <ele>1696.0909090909095</ele>
      </trkpt>
      <trkpt lat="45.84364490000001" lon="6.764560100000001">
        <ele>1693.5818181818179</ele>
      </trkpt>
      <trkpt lat="45.84356639999999" lon="6.7644573999999995">
        <ele>1691.1609090909087</ele>
      </trkpt>
      <trkpt lat="45.84352999999999" lon="6.76441">
        <ele>1688.427272727273</ele>
      </trkpt>
      <trkpt lat="45.84347259999998" lon="6.7643785">
        <ele>1685.6563636363637</ele>
      </trkpt>
      <trkpt lat="45.84336749999999" lon="6.764321399999999">
        <ele>1683.010909090909</ele>
      </trkpt>
      <trkpt lat="45.84331000000001" lon="6.764290000000001">
        <ele>1680.2945454545452</ele>
      </trkpt>
      <trkpt lat="45.84325770000001" lon="6.764235300000001">
        <ele>1677.792727272727</ele>
      </trkpt>
      <trkpt lat="45.84316219999998" lon="6.7641348">
        <ele>1675.3336363636363</ele>
      </trkpt>
      <trkpt lat="45.84311" lon="6.76408">
        <ele>1672.6254545454547</ele>
      </trkpt>
      <trkpt lat="45.84309179999999" lon="6.764063899999999">
        <ele>1669.7890909090913</ele>
      </trkpt>
      <trkpt lat="45.8430439" lon="6.764021499999999">
        <ele>1667.1345454545453</ele>
      </trkpt>
      <trkpt lat="45.84297480000001" lon="6.763960300000001">
        <ele>1664.5163636363636</ele>
      </trkpt>
      <trkpt lat="45.84289299999999" lon="6.763887999999999">
        <ele>1661.9799999999996</ele>
      </trkpt>
      <trkpt lat="45.84280699999998" lon="6.763811899999999">
        <ele>1659.7563636363632</ele>
      </trkpt>
      <trkpt lat="45.842725200000004" lon="6.763739499999999">
        <ele>1657.5663636363636</ele>
      </trkpt>
      <trkpt lat="45.842656199999986" lon="6.7636784">
        <ele>1655.1818181818182</ele>
      </trkpt>
      <trkpt lat="45.8426083" lon="6.763636100000001">
        <ele>1652.7918181818184</ele>
      </trkpt>
      <trkpt lat="45.84259000000001" lon="6.76362">
        <ele>1650.4336363636367</ele>
      </trkpt>
      <trkpt lat="45.8425689" lon="6.7636063">
        <ele>1648.2245454545455</ele>
      </trkpt>
      <trkpt lat="45.84251449999998" lon="6.7635712">
        <ele>1646.2172727272728</ele>
      </trkpt>
      <trkpt lat="45.8424378" lon="6.7635217">
        <ele>1644.5300000000002</ele>
      </trkpt>
      <trkpt lat="45.84235" lon="6.763465">
        <ele>1642.9772727272727</ele>
      </trkpt>
      <trkpt lat="45.84226219999998" lon="6.7634084">
        <ele>1641.5245454545454</ele>
      </trkpt>
      <trkpt lat="45.8421855" lon="6.7633589">
        <ele>1639.8899999999996</ele>
      </trkpt>
      <trkpt lat="45.842131100000024" lon="6.763323699999999">
        <ele>1638.102727272727</ele>
      </trkpt>
      <trkpt lat="45.84211" lon="6.76331">
        <ele>1636.4</ele>
      </trkpt>
      <trkpt lat="45.84209350000002" lon="6.7632924999999995">
        <ele>1634.6981818181819</ele>
      </trkpt>
      <trkpt lat="45.84205020000003" lon="6.7632465">
        <ele>1633.1127272727274</ele>
      </trkpt>
      <trkpt lat="45.841987700000004" lon="6.7631801">
        <ele>1631.659090909091</ele>
      </trkpt>
      <trkpt lat="45.841913799999986" lon="6.763101499999999">
        <ele>1630.2981818181818</ele>
      </trkpt>
      <trkpt lat="45.8418361" lon="6.7630188">
        <ele>1629.0145454545454</ele>
      </trkpt>
      <trkpt lat="45.84176220000001" lon="6.7629401">
        <ele>1627.5436363636363</ele>
      </trkpt>
      <trkpt lat="45.84169980000001" lon="6.7628737">
        <ele>1626.0500000000002</ele>
      </trkpt>
      <trkpt lat="45.8416565" lon="6.762827599999999">
        <ele>1624.4654545454548</ele>
      </trkpt>
      <trkpt lat="45.84164" lon="6.762810000000001">
        <ele>1622.9972727272732</ele>
      </trkpt>
      <trkpt lat="45.84160600000001" lon="6.7627551">
        <ele>1621.6127272727274</ele>
      </trkpt>
      <trkpt lat="45.84154409999999" lon="6.762654800000002">
        <ele>1620.2609090909093</ele>
      </trkpt>
      <trkpt lat="45.84150999999999" lon="6.7626">
        <ele>1618.9381818181819</ele>
      </trkpt>
      <trkpt lat="45.84143" lon="6.76258">
        <ele>1617.55</ele>
      </trkpt>
      <trkpt lat="45.84139989999999" lon="6.7624951">
        <ele>1616.1609090909092</ele>
      </trkpt>
      <trkpt lat="45.84137" lon="6.762409999999999">
        <ele>1614.7181818181816</ele>
      </trkpt>
      <trkpt lat="45.8413415" lon="6.762370300000001">
        <ele>1613.2027272727273</ele>
      </trkpt>
      <trkpt lat="45.841279900000025" lon="6.762285100000001">
        <ele>1611.7336363636364</ele>
      </trkpt>
      <trkpt lat="45.841218399999995" lon="6.762199799999999">
        <ele>1610.2345454545452</ele>
      </trkpt>
      <trkpt lat="45.84119" lon="6.7621600000000015">
        <ele>1608.7381818181814</ele>
      </trkpt>
      <trkpt lat="45.8411897" lon="6.7620501">
        <ele>1607.2872727272727</ele>
      </trkpt>
      <trkpt lat="45.84119" lon="6.761939999999999">
        <ele>1605.8572727272729</ele>
      </trkpt>
      <trkpt lat="45.84117520000001" lon="6.761825000000001">
        <ele>1604.3581818181817</ele>
      </trkpt>
      <trkpt lat="45.84116" lon="6.76171">
        <ele>1602.9554545454544</ele>
      </trkpt>
      <trkpt lat="45.84112490000002" lon="6.761605000000001">
        <ele>1601.5763636363636</ele>
      </trkpt>
      <trkpt lat="45.84109000000001" lon="6.7615">
        <ele>1600.1545454545455</ele>
      </trkpt>
      <trkpt lat="45.84109000000001" lon="6.761405">
        <ele>1598.8172727272724</ele>
      </trkpt>
      <trkpt lat="45.84109000000001" lon="6.761310000000001">
        <ele>1597.5300000000002</ele>
      </trkpt>
      <trkpt lat="45.84107439999999" lon="6.761236700000001">
        <ele>1596.2654545454548</ele>
      </trkpt>
      <trkpt lat="45.84104580000002" lon="6.7611032">
        <ele>1594.8745454545453</ele>
      </trkpt>
      <trkpt lat="45.84102999999995" lon="6.76103">
        <ele>1593.5200000000002</ele>
      </trkpt>
      <trkpt lat="45.841021199999986" lon="6.7609979">
        <ele>1592.171818181818</ele>
      </trkpt>
      <trkpt lat="45.84099860000001" lon="6.7609151">
        <ele>1590.8300000000002</ele>
      </trkpt>
      <trkpt lat="45.84096659999999" lon="6.7607985">
        <ele>1589.62</ele>
      </trkpt>
      <trkpt lat="45.840930000000014" lon="6.7606649999999995">
        <ele>1588.3954545454546</ele>
      </trkpt>
      <trkpt lat="45.84089350000001" lon="6.7605314">
        <ele>1587.1745454545455</ele>
      </trkpt>
      <trkpt lat="45.84086150000001" lon="6.760414800000001">
        <ele>1586.0009090909093</ele>
      </trkpt>
      <trkpt lat="45.840838800000014" lon="6.760332">
        <ele>1584.8463636363638</ele>
      </trkpt>
      <trkpt lat="45.840829999999976" lon="6.760300000000001">
        <ele>1583.7890909090909</ele>
      </trkpt>
      <trkpt lat="45.84080399999997" lon="6.760234499999999">
        <ele>1582.8154545454547</ele>
      </trkpt>
      <trkpt lat="45.840756400000025" lon="6.760115200000001">
        <ele>1582.028181818182</ele>
      </trkpt>
      <trkpt lat="45.840729999999986" lon="6.76005">
        <ele>1581.3500000000001</ele>
      </trkpt>
      <trkpt lat="45.84067" lon="6.76004">
        <ele>1580.5581818181818</ele>
      </trkpt>
      <trkpt lat="45.840570000000014" lon="6.760069999999999">
        <ele>1579.7372727272727</ele>
      </trkpt>
      <trkpt lat="45.84049999999999" lon="6.760049900000001">
        <ele>1578.9009090909092</ele>
      </trkpt>
      <trkpt lat="45.84042999999999" lon="6.76003">
        <ele>1578.0663636363633</ele>
      </trkpt>
      <trkpt lat="45.8403751" lon="6.7600481">
        <ele>1577.3209090909093</ele>
      </trkpt>
      <trkpt lat="45.8402749" lon="6.7600817">
        <ele>1576.6681818181821</ele>
      </trkpt>
      <trkpt lat="45.84022" lon="6.760100000000001">
        <ele>1576.0418181818181</ele>
      </trkpt>
      <trkpt lat="45.840170300000025" lon="6.760102699999999">
        <ele>1575.3945454545456</ele>
      </trkpt>
      <trkpt lat="45.84007969999997" lon="6.7601073">
        <ele>1574.7672727272727</ele>
      </trkpt>
      <trkpt lat="45.84003000000001" lon="6.76011">
        <ele>1574.0436363636363</ele>
      </trkpt>
      <trkpt lat="45.83997249999998" lon="6.760128199999999">
        <ele>1573.2963636363636</ele>
      </trkpt>
      <trkpt lat="45.8398675" lon="6.760161599999999">
        <ele>1572.6872727272726</ele>
      </trkpt>
      <trkpt lat="45.83981000000001" lon="6.760179999999999">
        <ele>1572.0645454545454</ele>
      </trkpt>
      <trkpt lat="45.8397499" lon="6.760206299999999">
        <ele>1571.4363636363635</ele>
      </trkpt>
      <trkpt lat="45.8396401" lon="6.7602543">
        <ele>1570.8527272727274</ele>
      </trkpt>
      <trkpt lat="45.83958000000002" lon="6.76028">
        <ele>1570.290909090909</ele>
      </trkpt>
      <trkpt lat="45.83953029999999" lon="6.760251600000001">
        <ele>1569.7336363636364</ele>
      </trkpt>
      <trkpt lat="45.83943970000001" lon="6.7601987999999995">
        <ele>1569.2036363636362</ele>
      </trkpt>
      <trkpt lat="45.83938999999998" lon="6.76017">
        <ele>1568.6836363636364</ele>
      </trkpt>
      <trkpt lat="45.839325" lon="6.760179400000001">
        <ele>1568.1318181818183</ele>
      </trkpt>
      <trkpt lat="45.839259999999996" lon="6.7601900000000015">
        <ele>1567.7236363636364</ele>
      </trkpt>
      <trkpt lat="45.839159999999985" lon="6.76028">
        <ele>1567.3463636363633</ele>
      </trkpt>
      <trkpt lat="45.83913870000001" lon="6.760209799999999">
        <ele>1566.982727272727</ele>
      </trkpt>
      <trkpt lat="45.83910079999998" lon="6.760080799999999">
        <ele>1566.5145454545454</ele>
      </trkpt>
      <trkpt lat="45.83908" lon="6.760009999999999">
        <ele>1566.0654545454547</ele>
      </trkpt>
      <trkpt lat="45.839069999999985" lon="6.760009999999999">
        <ele>1565.5981818181817</ele>
      </trkpt>
      <trkpt lat="45.83904939999999" lon="6.759952999999999">
        <ele>1565.0027272727273</ele>
      </trkpt>
      <trkpt lat="45.839004899999985" lon="6.7598301">
        <ele>1564.060909090909</ele>
      </trkpt>
      <trkpt lat="45.83896049999997" lon="6.7597071">
        <ele>1562.9254545454546</ele>
      </trkpt>
      <trkpt lat="45.83894000000001" lon="6.759649999999999">
        <ele>1561.7836363636363</ele>
      </trkpt>
      <trkpt lat="45.83894000000001" lon="6.759520000000001">
        <ele>1560.6409090909094</ele>
      </trkpt>
      <trkpt lat="45.83891000000001" lon="6.75944">
        <ele>1559.7209090909091</ele>
      </trkpt>
      <trkpt lat="45.83885000000001" lon="6.75936">
        <ele>1558.8536363636367</ele>
      </trkpt>
      <trkpt lat="45.83885000000001" lon="6.75929">
        <ele>1558.2209090909091</ele>
      </trkpt>
      <trkpt lat="45.83889540000002" lon="6.7592251999999995">
        <ele>1557.9963636363636</ele>
      </trkpt>
      <trkpt lat="45.83894000000001" lon="6.759159999999999">
        <ele>1557.8181818181818</ele>
      </trkpt>
      <trkpt lat="45.83885000000001" lon="6.75905">
        <ele>1557.6772727272728</ele>
      </trkpt>
      <trkpt lat="45.8389" lon="6.75897">
        <ele>1557.6727272727271</ele>
      </trkpt>
      <trkpt lat="45.838889999999985" lon="6.758839999999999">
        <ele>1557.9863636363639</ele>
      </trkpt>
      <trkpt lat="45.83885000000001" lon="6.758689999999999">
        <ele>1558.4227272727273</ele>
      </trkpt>
      <trkpt lat="45.838852199999984" lon="6.7586484">
        <ele>1558.840909090909</ele>
      </trkpt>
      <trkpt lat="45.83885770000002" lon="6.7585467">
        <ele>1559.2400000000002</ele>
      </trkpt>
      <trkpt lat="45.83886489999999" lon="6.758415">
        <ele>1559.4836363636364</ele>
      </trkpt>
      <trkpt lat="45.83887210000002" lon="6.7582832">
        <ele>1559.8881818181815</ele>
      </trkpt>
      <trkpt lat="45.83887770000002" lon="6.7581815999999995">
        <ele>1560.2663636363636</ele>
      </trkpt>
      <trkpt lat="45.838880000000024" lon="6.75814">
        <ele>1560.56</ele>
      </trkpt>
      <trkpt lat="45.83889500000001" lon="6.75805">
        <ele>1560.9699999999998</ele>
      </trkpt>
      <trkpt lat="45.83891000000001" lon="6.75796">
        <ele>1561.4618181818184</ele>
      </trkpt>
      <trkpt lat="45.83891000000001" lon="6.75781">
        <ele>1562.098181818182</ele>
      </trkpt>
      <trkpt lat="45.838889999999985" lon="6.75775">
        <ele>1562.9054545454549</ele>
      </trkpt>
      <trkpt lat="45.838939799999984" lon="6.757649800000001">
        <ele>1563.89</ele>
      </trkpt>
      <trkpt lat="45.838989999999974" lon="6.75755">
        <ele>1564.93</ele>
      </trkpt>
      <trkpt lat="45.8390217" lon="6.757513499999999">
        <ele>1566.0881818181815</ele>
      </trkpt>
      <trkpt lat="45.83909000000001" lon="6.757435">
        <ele>1567.398181818182</ele>
      </trkpt>
      <trkpt lat="45.83915830000002" lon="6.7573565">
        <ele>1568.7518181818182</ele>
      </trkpt>
      <trkpt lat="45.83919" lon="6.75732">
        <ele>1570.1518181818183</ele>
      </trkpt>
      <trkpt lat="45.839179999999985" lon="6.7573">
        <ele>1571.5518181818181</ele>
      </trkpt>
      <trkpt lat="45.83913569999997" lon="6.757280999999999">
        <ele>1572.9236363636367</ele>
      </trkpt>
      <trkpt lat="45.83904" lon="6.7572401">
        <ele>1574.3000000000002</ele>
      </trkpt>
      <trkpt lat="45.838944300000016" lon="6.757199100000001">
        <ele>1575.7554545454548</ele>
      </trkpt>
      <trkpt lat="45.8389" lon="6.75718">
        <ele>1577.2972727272727</ele>
      </trkpt>
      <trkpt lat="45.83891000000001" lon="6.75712">
        <ele>1578.7109090909091</ele>
      </trkpt>
      <trkpt lat="45.838937499999986" lon="6.7570914">
        <ele>1580.43</ele>
      </trkpt>
      <trkpt lat="45.83900179999998" lon="6.7570247000000005">
        <ele>1582.3063636363638</ele>
      </trkpt>
      <trkpt lat="45.83907829999998" lon="6.756945300000001">
        <ele>1584.1445454545458</ele>
      </trkpt>
      <trkpt lat="45.8391425" lon="6.7568786">
        <ele>1585.9109090909092</ele>
      </trkpt>
      <trkpt lat="45.839169999999996" lon="6.75685">
        <ele>1587.6072727272729</ele>
      </trkpt>
      <trkpt lat="45.839159999999985" lon="6.756799999999999">
        <ele>1589.5090909090907</ele>
      </trkpt>
      <trkpt lat="45.83908" lon="6.75674">
        <ele>1591.4490909090907</ele>
      </trkpt>
      <trkpt lat="45.83899999999999" lon="6.75668">
        <ele>1593.4936363636368</ele>
      </trkpt>
      <trkpt lat="45.838989999999974" lon="6.75665">
        <ele>1595.4727272727278</ele>
      </trkpt>
      <trkpt lat="45.83901999999999" lon="6.756599999999999">
        <ele>1597.3418181818183</ele>
      </trkpt>
      <trkpt lat="45.83908990000002" lon="6.756534800000001">
        <ele>1599.2154545454548</ele>
      </trkpt>
      <trkpt lat="45.839159999999985" lon="6.756469999999999">
        <ele>1601.0509090909093</ele>
      </trkpt>
      <trkpt lat="45.83919800000001" lon="6.7564509">
        <ele>1602.89</ele>
      </trkpt>
      <trkpt lat="45.83928" lon="6.75641">
        <ele>1604.951818181818</ele>
      </trkpt>
      <trkpt lat="45.839361999999994" lon="6.756369099999999">
        <ele>1607.2618181818182</ele>
      </trkpt>
      <trkpt lat="45.83940000000002" lon="6.756350000000001">
        <ele>1609.5063636363636</ele>
      </trkpt>
      <trkpt lat="45.839475300000004" lon="6.7562704">
        <ele>1611.7590909090911</ele>
      </trkpt>
      <trkpt lat="45.83955" lon="6.756190000000001">
        <ele>1614.0172727272727</ele>
      </trkpt>
      <trkpt lat="45.839575300000014" lon="6.756065200000001">
        <ele>1616.1999999999998</ele>
      </trkpt>
      <trkpt lat="45.8396" lon="6.75594">
        <ele>1618.472727272727</ele>
      </trkpt>
      <trkpt lat="45.83958999999998" lon="6.75591">
        <ele>1620.684545454545</ele>
      </trkpt>
      <trkpt lat="45.8395325" lon="6.755904800000001">
        <ele>1623.052727272727</ele>
      </trkpt>
      <trkpt lat="45.839427499999985" lon="6.7558954">
        <ele>1625.190909090909</ele>
      </trkpt>
      <trkpt lat="45.83937" lon="6.755889999999999">
        <ele>1627.2200000000003</ele>
      </trkpt>
      <trkpt lat="45.83928499999997" lon="6.755835000000001">
        <ele>1629.0681818181818</ele>
      </trkpt>
      <trkpt lat="45.83920000000001" lon="6.755779999999999">
        <ele>1630.4463636363637</ele>
      </trkpt>
      <trkpt lat="45.839158800000014" lon="6.7557719">
        <ele>1631.3809090909092</ele>
      </trkpt>
      <trkpt lat="45.839069999999985" lon="6.755754699999999">
        <ele>1631.8718181818183</ele>
      </trkpt>
      <trkpt lat="45.83898120000001" lon="6.7557377">
        <ele>1632.3336363636365</ele>
      </trkpt>
      <trkpt lat="45.83894000000001" lon="6.75573">
        <ele>1632.7800000000002</ele>
      </trkpt>
      <trkpt lat="45.83888509999999" lon="6.7557428999999996">
        <ele>1633.2236363636366</ele>
      </trkpt>
      <trkpt lat="45.83878490000001" lon="6.755766899999999">
        <ele>1633.6309090909092</ele>
      </trkpt>
      <trkpt lat="45.83872999999996" lon="6.755779999999999">
        <ele>1634.169090909091</ele>
      </trkpt>
      <trkpt lat="45.83866000000002" lon="6.755780299999999">
        <ele>1634.7945454545456</ele>
      </trkpt>
      <trkpt lat="45.838589999999996" lon="6.755779999999999">
        <ele>1635.630909090909</ele>
      </trkpt>
      <trkpt lat="45.83857280000001" lon="6.7557736">
        <ele>1636.6036363636363</ele>
      </trkpt>
      <trkpt lat="45.83852669999998" lon="6.755756299999999">
        <ele>1637.9527272727275</ele>
      </trkpt>
      <trkpt lat="45.83845800000001" lon="6.7557305">
        <ele>1639.989090909091</ele>
      </trkpt>
      <trkpt lat="45.83837320000002" lon="6.755698700000001">
        <ele>1642.2590909090907</ele>
      </trkpt>
      <trkpt lat="45.83827880000002" lon="6.755663299999999">
        <ele>1644.69</ele>
      </trkpt>
      <trkpt lat="45.8381812" lon="6.755626699999999">
        <ele>1647.0381818181816</ele>
      </trkpt>
      <trkpt lat="45.83808679999997" lon="6.755591199999999">
        <ele>1649.2790909090907</ele>
      </trkpt>
      <trkpt lat="45.83800200000001" lon="6.755559399999999">
        <ele>1651.6999999999998</ele>
      </trkpt>
      <trkpt lat="45.83793330000001" lon="6.7555337">
        <ele>1654.2372727272727</ele>
      </trkpt>
      <trkpt lat="45.83788720000001" lon="6.7555164">
        <ele>1656.7645454545454</ele>
      </trkpt>
      <trkpt lat="45.837869999999995" lon="6.75551">
        <ele>1659.0645454545454</ele>
      </trkpt>
      <trkpt lat="45.837822600000024" lon="6.7555065999999995">
        <ele>1661.3636363636363</ele>
      </trkpt>
      <trkpt lat="45.83771999999999" lon="6.7554995999999985">
        <ele>1663.4309090909092</ele>
      </trkpt>
      <trkpt lat="45.837617400000006" lon="6.7554929">
        <ele>1665.3009090909093</ele>
      </trkpt>
      <trkpt lat="45.83757000000001" lon="6.75549">
        <ele>1667.4909090909093</ele>
      </trkpt>
      <trkpt lat="45.83750989999998" lon="6.755526400000001">
        <ele>1669.6636363636362</ele>
      </trkpt>
      <trkpt lat="45.837400099999996" lon="6.7555936">
        <ele>1672.0954545454542</ele>
      </trkpt>
      <trkpt lat="45.83733999999999" lon="6.755629999999999">
        <ele>1674.49</ele>
      </trkpt>
      <trkpt lat="45.8372957" lon="6.755625600000001">
        <ele>1677.0772727272727</ele>
      </trkpt>
      <trkpt lat="45.837199999999996" lon="6.755615400000001">
        <ele>1679.6845454545453</ele>
      </trkpt>
      <trkpt lat="45.83710429999999" lon="6.755605">
        <ele>1682.498181818182</ele>
      </trkpt>
      <trkpt lat="45.83706" lon="6.7556">
        <ele>1685.4554545454544</ele>
      </trkpt>
      <trkpt lat="45.837029299999976" lon="6.7555812">
        <ele>1688.4763636363639</ele>
      </trkpt>
      <trkpt lat="45.83695749999999" lon="6.7555368">
        <ele>1691.6527272727274</ele>
      </trkpt>
      <trkpt lat="45.836872200000016" lon="6.7554839">
        <ele>1695.0845454545454</ele>
      </trkpt>
      <trkpt lat="45.836800600000004" lon="6.755439299999999">
        <ele>1698.3718181818178</ele>
      </trkpt>
      <trkpt lat="45.83677" lon="6.755420000000001">
        <ele>1701.6763636363635</ele>
      </trkpt>
      <trkpt lat="45.83676000000001" lon="6.755299999999999">
        <ele>1704.9863636363634</ele>
      </trkpt>
      <trkpt lat="45.836680199999996" lon="6.7552695">
        <ele>1708.5345454545457</ele>
      </trkpt>
      <trkpt lat="45.83660000000002" lon="6.75524">
        <ele>1711.859090909091</ele>
      </trkpt>
      <trkpt lat="45.83650990000002" lon="6.7552353">
        <ele>1714.9418181818182</ele>
      </trkpt>
      <trkpt lat="45.83641999999999" lon="6.755229999999999">
        <ele>1717.9554545454548</ele>
      </trkpt>
      <trkpt lat="45.83636460000001" lon="6.755145599999999">
        <ele>1720.8154545454547</ele>
      </trkpt>
      <trkpt lat="45.83631000000001" lon="6.755059999999999">
        <ele>1723.3818181818183</ele>
      </trkpt>
      <trkpt lat="45.83631010000001" lon="6.7549449">
        <ele>1725.7845454545452</ele>
      </trkpt>
      <trkpt lat="45.83631000000001" lon="6.754829999999999">
        <ele>1727.8272727272722</ele>
      </trkpt>
      <trkpt lat="45.836199999999984" lon="6.75477">
        <ele>1729.5800000000002</ele>
      </trkpt>
      <trkpt lat="45.83617129999999" lon="6.7547243">
        <ele>1730.9972727272725</ele>
      </trkpt>
      <trkpt lat="45.836109700000016" lon="6.754625299999999">
        <ele>1731.9945454545452</ele>
      </trkpt>
      <trkpt lat="45.836048300000016" lon="6.7545262">
        <ele>1732.6827272727278</ele>
      </trkpt>
      <trkpt lat="45.836019999999984" lon="6.754479999999999">
        <ele>1733.2227272727273</ele>
      </trkpt>
      <trkpt lat="45.83602459999999" lon="6.754360100000001">
        <ele>1733.6663636363637</ele>
      </trkpt>
      <trkpt lat="45.83603" lon="6.754239999999999">
        <ele>1733.9063636363637</ele>
      </trkpt>
      <trkpt lat="45.836049800000005" lon="6.754119900000001">
        <ele>1734.1372727272726</ele>
      </trkpt>
      <trkpt lat="45.83607000000001" lon="6.754">
        <ele>1734.3045454545456</ele>
      </trkpt>
      <trkpt lat="45.83608129999999" lon="6.753966">
        <ele>1734.4372727272728</ele>
      </trkpt>
      <trkpt lat="45.83610989999999" lon="6.7538803000000005">
        <ele>1734.5827272727272</ele>
      </trkpt>
      <trkpt lat="45.83614879999999" lon="6.753763599999999">
        <ele>1734.7590909090907</ele>
      </trkpt>
      <trkpt lat="45.836191199999995" lon="6.7536365">
        <ele>1735.0427272727275</ele>
      </trkpt>
      <trkpt lat="45.836230199999996" lon="6.7535197">
        <ele>1735.5018181818182</ele>
      </trkpt>
      <trkpt lat="45.836258699999995" lon="6.753434000000001">
        <ele>1735.9481818181819</ele>
      </trkpt>
      <trkpt lat="45.836270000000006" lon="6.753400000000001">
        <ele>1736.3636363636363</ele>
      </trkpt>
      <trkpt lat="45.8362765" lon="6.7533398">
        <ele>1736.729090909091</ele>
      </trkpt>
      <trkpt lat="45.83629000000001" lon="6.753210000000001">
        <ele>1737.0754545454545</ele>
      </trkpt>
      <trkpt lat="45.83630360000002" lon="6.753080199999999">
        <ele>1737.4254545454546</ele>
      </trkpt>
      <trkpt lat="45.83631000000001" lon="6.75302">
        <ele>1737.7709090909093</ele>
      </trkpt>
      <trkpt lat="45.83634990000002" lon="6.752934899999999">
        <ele>1738.1427272727271</ele>
      </trkpt>
      <trkpt lat="45.83638999999997" lon="6.75285">
        <ele>1738.5154545454548</ele>
      </trkpt>
      <trkpt lat="45.836420199999985" lon="6.7527301">
        <ele>1738.8918181818183</ele>
      </trkpt>
      <trkpt lat="45.836450000000006" lon="6.75261">
        <ele>1739.2681818181818</ele>
      </trkpt>
      <trkpt lat="45.83644579999999" lon="6.7525195">
        <ele>1739.6899999999996</ele>
      </trkpt>
      <trkpt lat="45.83644000000002" lon="6.752430000000001">
        <ele>1740.1372727272721</ele>
      </trkpt>
      <trkpt lat="45.836406200000006" lon="6.7524191">
        <ele>1740.6181818181817</ele>
      </trkpt>
      <trkpt lat="45.8363272" lon="6.752394400000001">
        <ele>1741.0909090909095</ele>
      </trkpt>
      <trkpt lat="45.836232999999986" lon="6.7523651">
        <ele>1741.5090909090914</ele>
      </trkpt>
      <trkpt lat="45.836153899999985" lon="6.7523406">
        <ele>1741.8181818181822</ele>
      </trkpt>
      <trkpt lat="45.83612" lon="6.752329999999999">
        <ele>1742.030909090909</ele>
      </trkpt>
      <trkpt lat="45.83603999999996" lon="6.75226">
        <ele>1742.095454545455</ele>
      </trkpt>
      <trkpt lat="45.836000000000006" lon="6.75219">
        <ele>1742.0263636363636</ele>
      </trkpt>
      <trkpt lat="45.835950099999984" lon="6.7521248">
        <ele>1741.8890909090912</ele>
      </trkpt>
      <trkpt lat="45.835900000000024" lon="6.752060000000001">
        <ele>1741.6627272727274</ele>
      </trkpt>
      <trkpt lat="45.83585889999999" lon="6.7520299">
        <ele>1741.3190909090908</ele>
      </trkpt>
      <trkpt lat="45.83576999999999" lon="6.7519651">
        <ele>1740.9345454545453</ele>
      </trkpt>
      <trkpt lat="45.835681099999995" lon="6.751900199999999">
        <ele>1740.4399999999996</ele>
      </trkpt>
      <trkpt lat="45.83564000000001" lon="6.751869999999999">
        <ele>1739.885454545454</ele>
      </trkpt>
      <trkpt lat="45.83559980000001" lon="6.751785300000001">
        <ele>1739.3009090909088</ele>
      </trkpt>
      <trkpt lat="45.83556" lon="6.7517">
        <ele>1738.679090909091</ele>
      </trkpt>
      <trkpt lat="45.83556" lon="6.751689999999999">
        <ele>1738.0663636363636</ele>
      </trkpt>
      <trkpt lat="45.835514800000006" lon="6.7515901000000005">
        <ele>1737.4872727272727</ele>
      </trkpt>
      <trkpt lat="45.83546999999997" lon="6.75149">
        <ele>1736.8972727272726</ele>
      </trkpt>
      <trkpt lat="45.8354748" lon="6.75137">
        <ele>1736.2681818181818</ele>
      </trkpt>
      <trkpt lat="45.83547999999999" lon="6.751249999999999">
        <ele>1735.5981818181817</ele>
      </trkpt>
      <trkpt lat="45.835477000000004" lon="6.7512061999999995">
        <ele>1734.9372727272726</ele>
      </trkpt>
      <trkpt lat="45.83546960000001" lon="6.751099">
        <ele>1734.200909090909</ele>
      </trkpt>
      <trkpt lat="45.83546000000001" lon="6.75096">
        <ele>1733.5454545454545</ele>
      </trkpt>
      <trkpt lat="45.83545040000001" lon="6.750821">
        <ele>1732.8472727272726</ele>
      </trkpt>
      <trkpt lat="45.835443" lon="6.750713800000001">
        <ele>1732.1027272727274</ele>
      </trkpt>
      <trkpt lat="45.835440000000006" lon="6.75067">
        <ele>1731.3109090909093</ele>
      </trkpt>
      <trkpt lat="45.83546000000001" lon="6.750610000000001">
        <ele>1730.4272727272728</ele>
      </trkpt>
      <trkpt lat="45.8354747" lon="6.7505888999999994">
        <ele>1729.5354545454545</ele>
      </trkpt>
      <trkpt lat="45.83551340000001" lon="6.7505337">
        <ele>1728.6999999999998</ele>
      </trkpt>
      <trkpt lat="45.8355692" lon="6.750454000000001">
        <ele>1727.9236363636364</ele>
      </trkpt>
      <trkpt lat="45.83563530000001" lon="6.750359700000001">
        <ele>1727.1727272727273</ele>
      </trkpt>
      <trkpt lat="45.835704800000016" lon="6.7502605">
        <ele>1726.4845454545457</ele>
      </trkpt>
      <trkpt lat="45.83577089999999" lon="6.7501661">
        <ele>1725.7727272727273</ele>
      </trkpt>
      <trkpt lat="45.8358266" lon="6.750086399999999">
        <ele>1724.978181818182</ele>
      </trkpt>
      <trkpt lat="45.83586529999998" lon="6.750031100000001">
        <ele>1724.1872727272728</ele>
      </trkpt>
      <trkpt lat="45.83588000000002" lon="6.7500100000000005">
        <ele>1723.4254545454546</ele>
      </trkpt>
      <trkpt lat="45.83589059999999" lon="6.7499848">
        <ele>1722.7409090909093</ele>
      </trkpt>
      <trkpt lat="45.83591830000001" lon="6.7499185">
        <ele>1722.0763636363633</ele>
      </trkpt>
      <trkpt lat="45.83595819999999" lon="6.7498229">
        <ele>1721.4354545454546</ele>
      </trkpt>
      <trkpt lat="45.8360054" lon="6.7497096999999995">
        <ele>1720.820909090909</ele>
      </trkpt>
      <trkpt lat="45.83605499999997" lon="6.749590600000001">
        <ele>1720.1590909090905</ele>
      </trkpt>
      <trkpt lat="45.8361022" lon="6.7494774">
        <ele>1719.411818181818</ele>
      </trkpt>
      <trkpt lat="45.83614199999999" lon="6.749381700000001">
        <ele>1718.5481818181818</ele>
      </trkpt>
      <trkpt lat="45.83616949999998" lon="6.749315299999999">
        <ele>1717.7199999999998</ele>
      </trkpt>
      <trkpt lat="45.836180000000006" lon="6.749290000000001">
        <ele>1716.8400000000001</ele>
      </trkpt>
      <trkpt lat="45.836180500000026" lon="6.749209">
        <ele>1716.0118181818182</ele>
      </trkpt>
      <trkpt lat="45.836180399999975" lon="6.749061000000001">
        <ele>1715.2263636363634</ele>
      </trkpt>
      <trkpt lat="45.836180000000006" lon="6.74898">
        <ele>1714.421818181818</ele>
      </trkpt>
      <trkpt lat="45.83613040000001" lon="6.7488747">
        <ele>1713.6836363636367</ele>
      </trkpt>
      <trkpt lat="45.83608000000002" lon="6.74877">
        <ele>1712.95</ele>
      </trkpt>
      <trkpt lat="45.83604209999999" lon="6.748733499999999">
        <ele>1712.1981818181819</ele>
      </trkpt>
      <trkpt lat="45.83596" lon="6.748655">
        <ele>1711.4354545454544</ele>
      </trkpt>
      <trkpt lat="45.835877900000014" lon="6.7485765">
        <ele>1710.7818181818182</ele>
      </trkpt>
      <trkpt lat="45.83583999999999" lon="6.748539999999999">
        <ele>1710.2</ele>
      </trkpt>
      <trkpt lat="45.83581609999999" lon="6.7484941">
        <ele>1709.6554545454544</ele>
      </trkpt>
      <trkpt lat="45.83576500000002" lon="6.748395000000001">
        <ele>1709.222727272727</ele>
      </trkpt>
      <trkpt lat="45.8357139" lon="6.748295800000001">
        <ele>1708.7645454545454</ele>
      </trkpt>
      <trkpt lat="45.83569000000001" lon="6.74825">
        <ele>1708.278181818182</ele>
      </trkpt>
      <trkpt lat="45.83561520000001" lon="6.748209599999999">
        <ele>1707.732727272727</ele>
      </trkpt>
      <trkpt lat="45.835539999999995" lon="6.74817">
        <ele>1707.1509090909094</ele>
      </trkpt>
      <trkpt lat="45.83546999999997" lon="6.7481450999999995">
        <ele>1706.467272727273</ele>
      </trkpt>
      <trkpt lat="45.8354" lon="6.748120000000001">
        <ele>1705.709090909091</ele>
      </trkpt>
      <trkpt lat="45.835319899999995" lon="6.748055199999999">
        <ele>1704.9654545454548</ele>
      </trkpt>
      <trkpt lat="45.83523999999998" lon="6.747989999999999">
        <ele>1704.129090909091</ele>
      </trkpt>
      <trkpt lat="45.8352035" lon="6.7479474">
        <ele>1703.1527272727276</ele>
      </trkpt>
      <trkpt lat="45.83512489999999" lon="6.7478552">
        <ele>1701.9400000000003</ele>
      </trkpt>
      <trkpt lat="45.835046299999995" lon="6.747762900000001">
        <ele>1700.5463636363636</ele>
      </trkpt>
      <trkpt lat="45.83501000000001" lon="6.747720000000001">
        <ele>1699.161818181818</ele>
      </trkpt>
      <trkpt lat="45.83499080000002" lon="6.747680900000001">
        <ele>1697.570909090909</ele>
      </trkpt>
      <trkpt lat="45.834946300000006" lon="6.747589500000001">
        <ele>1695.969090909091</ele>
      </trkpt>
      <trkpt lat="45.8348934" lon="6.7474807000000006">
        <ele>1694.3927272727271</ele>
      </trkpt>
      <trkpt lat="45.834848999999984" lon="6.7473892">
        <ele>1692.8881818181815</ele>
      </trkpt>
      <trkpt lat="45.83483000000001" lon="6.74735">
        <ele>1691.4199999999998</ele>
      </trkpt>
      <trkpt lat="45.83479009999998" lon="6.7472299">
        <ele>1690.1081818181813</ele>
      </trkpt>
      <trkpt lat="45.83474999999998" lon="6.747110000000001">
        <ele>1688.9254545454546</ele>
      </trkpt>
      <trkpt lat="45.834708400000004" lon="6.7470522">
        <ele>1687.9700000000003</ele>
      </trkpt>
      <trkpt lat="45.83463199999999" lon="6.746947199999999">
        <ele>1687.3345454545454</ele>
      </trkpt>
      <trkpt lat="45.83458999999998" lon="6.7468900000000005">
        <ele>1686.7509090909089</ele>
      </trkpt>
      <trkpt lat="45.83456459999999" lon="6.7468746">
        <ele>1686.159090909091</ele>
      </trkpt>
      <trkpt lat="45.8345003" lon="6.746836000000001">
        <ele>1685.8781818181817</ele>
      </trkpt>
      <trkpt lat="45.8344127" lon="6.7467835">
        <ele>1685.7309090909089</ele>
      </trkpt>
      <trkpt lat="45.83431740000001" lon="6.7467263">
        <ele>1685.548181818182</ele>
      </trkpt>
      <trkpt lat="45.834229700000016" lon="6.7466737000000006">
        <ele>1685.4936363636364</ele>
      </trkpt>
      <trkpt lat="45.834165400000025" lon="6.746635199999998">
        <ele>1685.4136363636362</ele>
      </trkpt>
      <trkpt lat="45.834139999999984" lon="6.74662">
        <ele>1685.1318181818183</ele>
      </trkpt>
      <trkpt lat="45.83412450000001" lon="6.746612100000001">
        <ele>1684.6818181818178</ele>
      </trkpt>
      <trkpt lat="45.83408280000002" lon="6.746590899999999">
        <ele>1683.9863636363634</ele>
      </trkpt>
      <trkpt lat="45.8340208" lon="6.746559399999999">
        <ele>1683.049090909091</ele>
      </trkpt>
      <trkpt lat="45.83394429999999" lon="6.7465206">
        <ele>1682.038181818182</ele>
      </trkpt>
      <trkpt lat="45.83385909999999" lon="6.746477299999999">
        <ele>1681.0790909090908</ele>
      </trkpt>
      <trkpt lat="45.833770900000005" lon="6.7464326">
        <ele>1679.8636363636363</ele>
      </trkpt>
      <trkpt lat="45.833685700000004" lon="6.746389299999999">
        <ele>1678.638181818182</ele>
      </trkpt>
      <trkpt lat="45.83360920000002" lon="6.746350500000001">
        <ele>1677.2299999999998</ele>
      </trkpt>
      <trkpt lat="45.8335472" lon="6.746319">
        <ele>1675.7136363636362</ele>
      </trkpt>
      <trkpt lat="45.83350550000001" lon="6.7462979">
        <ele>1674.2936363636363</ele>
      </trkpt>
      <trkpt lat="45.83348999999998" lon="6.74629">
        <ele>1672.9454545454544</ele>
      </trkpt>
      <trkpt lat="45.83343510000002" lon="6.746274100000001">
        <ele>1671.7272727272727</ele>
      </trkpt>
      <trkpt lat="45.833334900000004" lon="6.7462455">
        <ele>1670.6972727272725</ele>
      </trkpt>
      <trkpt lat="45.833280000000016" lon="6.746229999999999">
        <ele>1669.890909090909</ele>
      </trkpt>
      <trkpt lat="45.83324199999999" lon="6.746229999999999">
        <ele>1669.3081818181818</ele>
      </trkpt>
      <trkpt lat="45.833152999999996" lon="6.746229999999999">
        <ele>1668.5481818181818</ele>
      </trkpt>
      <trkpt lat="45.833046999999986" lon="6.746230100000001">
        <ele>1667.8027272727275</ele>
      </trkpt>
      <trkpt lat="45.83295799999999" lon="6.746230100000001">
        <ele>1666.8536363636363</ele>
      </trkpt>
      <trkpt lat="45.832919999999994" lon="6.746229999999999">
        <ele>1666.1681818181817</ele>
      </trkpt>
      <trkpt lat="45.832885100000006" lon="6.7462153">
        <ele>1665.521818181818</ele>
      </trkpt>
      <trkpt lat="45.832803500000026" lon="6.746180699999999">
        <ele>1664.888181818182</ele>
      </trkpt>
      <trkpt lat="45.8327065" lon="6.7461392999999985">
        <ele>1664.0418181818184</ele>
      </trkpt>
      <trkpt lat="45.8326249" lon="6.7461047">
        <ele>1663.1745454545455</ele>
      </trkpt>
      <trkpt lat="45.83259000000001" lon="6.746089999999999">
        <ele>1662.2418181818184</ele>
      </trkpt>
      <trkpt lat="45.83256760000001" lon="6.7460882">
        <ele>1661.2209090909091</ele>
      </trkpt>
      <trkpt lat="45.83250970000001" lon="6.746083600000001">
        <ele>1660.1390909090908</ele>
      </trkpt>
      <trkpt lat="45.832428300000004" lon="6.746077200000001">
        <ele>1659.2163636363637</ele>
      </trkpt>
      <trkpt lat="45.83233499999999" lon="6.746069899999999">
        <ele>1658.4654545454543</ele>
      </trkpt>
      <trkpt lat="45.83224169999999" lon="6.7460626">
        <ele>1657.6745454545455</ele>
      </trkpt>
      <trkpt lat="45.83216030000001" lon="6.7460563">
        <ele>1656.7800000000002</ele>
      </trkpt>
      <trkpt lat="45.832102400000004" lon="6.7460518">
        <ele>1655.7972727272727</ele>
      </trkpt>
      <trkpt lat="45.832080000000005" lon="6.74605">
        <ele>1654.5681818181818</ele>
      </trkpt>
      <trkpt lat="45.832049100000006" lon="6.7460448">
        <ele>1653.570909090909</ele>
      </trkpt>
      <trkpt lat="45.831973199999986" lon="6.746031800000001">
        <ele>1652.5890909090913</ele>
      </trkpt>
      <trkpt lat="45.83187499999998" lon="6.7460151">
        <ele>1651.5963636363633</ele>
      </trkpt>
      <trkpt lat="45.831776700000006" lon="6.7459983">
        <ele>1650.3818181818185</ele>
      </trkpt>
      <trkpt lat="45.83170089999999" lon="6.745985299999999">
        <ele>1649.1145454545454</ele>
      </trkpt>
      <trkpt lat="45.83167000000004" lon="6.74598">
        <ele>1647.6218181818178</ele>
      </trkpt>
      <trkpt lat="45.831648900000005" lon="6.745975099999999">
        <ele>1646.1009090909088</ele>
      </trkpt>
      <trkpt lat="45.8315937" lon="6.745962200000001">
        <ele>1644.6581818181817</ele>
      </trkpt>
      <trkpt lat="45.83151399999998" lon="6.745943700000001">
        <ele>1643.3300000000002</ele>
      </trkpt>
      <trkpt lat="45.831419600000025" lon="6.745921699999999">
        <ele>1642.1045454545456</ele>
      </trkpt>
      <trkpt lat="45.83132040000002" lon="6.7458985">
        <ele>1640.9990909090911</ele>
      </trkpt>
      <trkpt lat="45.831226000000015" lon="6.7458765">
        <ele>1639.8727272727272</ele>
      </trkpt>
      <trkpt lat="45.83114629999999" lon="6.745857900000001">
        <ele>1638.6772727272728</ele>
      </trkpt>
      <trkpt lat="45.831091000000015" lon="6.745845000000001">
        <ele>1637.3763636363635</ele>
      </trkpt>
      <trkpt lat="45.831070000000004" lon="6.745840000000001">
        <ele>1636.2154545454548</ele>
      </trkpt>
      <trkpt lat="45.831025399999994" lon="6.745803800000001">
        <ele>1635.0890909090908</ele>
      </trkpt>
      <trkpt lat="45.83094440000001" lon="6.7457369">
        <ele>1634.0190909090911</ele>
      </trkpt>
      <trkpt lat="45.83089999999999" lon="6.7457">
        <ele>1632.8963636363637</ele>
      </trkpt>
      <trkpt lat="45.83084489999998" lon="6.7456252">
        <ele>1631.7236363636364</ele>
      </trkpt>
      <trkpt lat="45.83079000000002" lon="6.74555">
        <ele>1630.6045454545456</ele>
      </trkpt>
      <trkpt lat="45.830768799999994" lon="6.7455109">
        <ele>1629.290909090909</ele>
      </trkpt>
      <trkpt lat="45.830719399999985" lon="6.745419400000001">
        <ele>1627.9627272727275</ele>
      </trkpt>
      <trkpt lat="45.83066059999997" lon="6.745310599999999">
        <ele>1626.6027272727274</ele>
      </trkpt>
      <trkpt lat="45.83061119999999" lon="6.7452191">
        <ele>1625.2763636363636</ele>
      </trkpt>
      <trkpt lat="45.830589999999994" lon="6.7451799999999995">
        <ele>1624.0454545454545</ele>
      </trkpt>
      <trkpt lat="45.8305352" lon="6.7450947999999995">
        <ele>1622.9027272727274</ele>
      </trkpt>
      <trkpt lat="45.830480000000016" lon="6.74501">
        <ele>1621.5981818181817</ele>
      </trkpt>
      <trkpt lat="45.830461799999995" lon="6.744995200000001">
        <ele>1620.3063636363636</ele>
      </trkpt>
      <trkpt lat="45.83041390000001" lon="6.744956500000001">
        <ele>1619.0554545454545</ele>
      </trkpt>
      <trkpt lat="45.83034480000002" lon="6.7449007">
        <ele>1617.9718181818184</ele>
      </trkpt>
      <trkpt lat="45.830262999999995" lon="6.744834699999999">
        <ele>1616.8654545454547</ele>
      </trkpt>
      <trkpt lat="45.830176999999985" lon="6.7447653">
        <ele>1615.8354545454547</ele>
      </trkpt>
      <trkpt lat="45.83009520000002" lon="6.7446992">
        <ele>1614.7772727272727</ele>
      </trkpt>
      <trkpt lat="45.8300261" lon="6.744643499999999">
        <ele>1613.609090909091</ele>
      </trkpt>
      <trkpt lat="45.829978200000006" lon="6.7446048">
        <ele>1612.3918181818183</ele>
      </trkpt>
      <trkpt lat="45.82995999999999" lon="6.74459">
        <ele>1610.9854545454543</ele>
      </trkpt>
      <trkpt lat="45.82992039999998" lon="6.744547399999998">
        <ele>1609.2663636363636</ele>
      </trkpt>
      <trkpt lat="45.82983490000001" lon="6.7444551">
        <ele>1607.6463636363637</ele>
      </trkpt>
      <trkpt lat="45.82974949999999" lon="6.744362800000001">
        <ele>1606.0963636363638</ele>
      </trkpt>
      <trkpt lat="45.82971" lon="6.744320000000001">
        <ele>1604.3436363636365</ele>
      </trkpt>
      <trkpt lat="45.82966820000003" lon="6.744257400000001">
        <ele>1602.6763636363635</ele>
      </trkpt>
      <trkpt lat="45.82959180000002" lon="6.744142699999999">
        <ele>1600.9954545454545</ele>
      </trkpt>
      <trkpt lat="45.829549999999976" lon="6.74408">
        <ele>1599.1990909090912</ele>
      </trkpt>
      <trkpt lat="45.82950019999998" lon="6.744019699999999">
        <ele>1597.4645454545455</ele>
      </trkpt>
      <trkpt lat="45.829450000000016" lon="6.7439599999999995">
        <ele>1595.8254545454547</ele>
      </trkpt>
      <trkpt lat="45.829380000000015" lon="6.743949799999999">
        <ele>1594.0436363636366</ele>
      </trkpt>
      <trkpt lat="45.82930999999999" lon="6.743940000000001">
        <ele>1592.5036363636364</ele>
      </trkpt>
      <trkpt lat="45.82920999999998" lon="6.743879999999999">
        <ele>1591.196363636364</ele>
      </trkpt>
      <trkpt lat="45.82916000000001" lon="6.743829999999999">
        <ele>1589.8954545454546</ele>
      </trkpt>
      <trkpt lat="45.82915" lon="6.74377">
        <ele>1588.611818181818</ele>
      </trkpt>
      <trkpt lat="45.82917" lon="6.7437">
        <ele>1587.4954545454543</ele>
      </trkpt>
      <trkpt lat="45.82919870000002" lon="6.7436871">
        <ele>1586.3354545454545</ele>
      </trkpt>
      <trkpt lat="45.82926900000001" lon="6.7436557">
        <ele>1585.1163636363635</ele>
      </trkpt>
      <trkpt lat="45.829360000000015" lon="6.7436150999999995">
        <ele>1583.8963636363637</ele>
      </trkpt>
      <trkpt lat="45.829451100000014" lon="6.743574400000001">
        <ele>1582.7345454545457</ele>
      </trkpt>
      <trkpt lat="45.82952130000001" lon="6.743543000000001">
        <ele>1581.549090909091</ele>
      </trkpt>
      <trkpt lat="45.829549999999976" lon="6.74353">
        <ele>1580.4854545454546</ele>
      </trkpt>
      <trkpt lat="45.82948999999999" lon="6.74346">
        <ele>1579.278181818182</ele>
      </trkpt>
      <trkpt lat="45.829450000000016" lon="6.743310000000001">
        <ele>1578.0227272727273</ele>
      </trkpt>
      <trkpt lat="45.8294184" lon="6.7432656">
        <ele>1576.680909090909</ele>
      </trkpt>
      <trkpt lat="45.82935" lon="6.743170000000001">
        <ele>1575.328181818182</ele>
      </trkpt>
      <trkpt lat="45.829281600000016" lon="6.743074399999999">
        <ele>1574.2990909090906</ele>
      </trkpt>
      <trkpt lat="45.82925000000001" lon="6.743029999999999">
        <ele>1573.358181818182</ele>
      </trkpt>
      <trkpt lat="45.82922999999998" lon="6.742930000000001">
        <ele>1572.6290909090908</ele>
      </trkpt>
      <trkpt lat="45.82920999999998" lon="6.7428300000000005">
        <ele>1572.1281818181817</ele>
      </trkpt>
      <trkpt lat="45.82913999999998" lon="6.74278">
        <ele>1571.56</ele>
      </trkpt>
      <trkpt lat="45.829079999999976" lon="6.7429">
        <ele>1570.7018181818182</ele>
      </trkpt>
      <trkpt lat="45.82899" lon="6.742930000000001">
        <ele>1569.5172727272727</ele>
      </trkpt>
      <trkpt lat="45.82888" lon="6.743">
        <ele>1568.3454545454545</ele>
      </trkpt>
      <trkpt lat="45.82877999999999" lon="6.743009999999999">
        <ele>1567.2172727272728</ele>
      </trkpt>
      <trkpt lat="45.8287498" lon="6.742954800000001">
        <ele>1565.959090909091</ele>
      </trkpt>
      <trkpt lat="45.82868489999999" lon="6.742835099999999">
        <ele>1564.4609090909091</ele>
      </trkpt>
      <trkpt lat="45.82862010000001" lon="6.742715300000001">
        <ele>1562.5554545454545</ele>
      </trkpt>
      <trkpt lat="45.82859" lon="6.74266">
        <ele>1560.5790909090908</ele>
      </trkpt>
      <trkpt lat="45.828555300000005" lon="6.7426202">
        <ele>1558.4199999999998</ele>
      </trkpt>
      <trkpt lat="45.82848019999999" lon="6.742534600000001">
        <ele>1556.2554545454548</ele>
      </trkpt>
      <trkpt lat="45.828405000000004" lon="6.7424492">
        <ele>1554.2172727272728</ele>
      </trkpt>
      <trkpt lat="45.828370000000014" lon="6.74241">
        <ele>1552.4354545454546</ele>
      </trkpt>
      <trkpt lat="45.828330400000006" lon="6.7424065">
        <ele>1551.0727272727274</ele>
      </trkpt>
      <trkpt lat="45.828245100000004" lon="6.742399800000001">
        <ele>1549.8327272727272</ele>
      </trkpt>
      <trkpt lat="45.82815970000001" lon="6.7423932">
        <ele>1548.7145454545455</ele>
      </trkpt>
      <trkpt lat="45.82812000000002" lon="6.742389999999999">
        <ele>1547.8572727272729</ele>
      </trkpt>
      <trkpt lat="45.82805989999999" lon="6.742366700000002">
        <ele>1547.3772727272728</ele>
      </trkpt>
      <trkpt lat="45.82794999999999" lon="6.7423238">
        <ele>1547.030909090909</ele>
      </trkpt>
      <trkpt lat="45.827890000000004" lon="6.7423">
        <ele>1546.640909090909</ele>
      </trkpt>
      <trkpt lat="45.8278" lon="6.74218">
        <ele>1546.1954545454544</ele>
      </trkpt>
      <trkpt lat="45.82774479999999" lon="6.742080200000001">
        <ele>1545.7227272727273</ele>
      </trkpt>
      <trkpt lat="45.82769" lon="6.74198">
        <ele>1545.2418181818182</ele>
      </trkpt>
      <trkpt lat="45.827671" lon="6.7419152">
        <ele>1544.8609090909092</ele>
      </trkpt>
      <trkpt lat="45.82762999999999" lon="6.741774999999999">
        <ele>1544.4599999999998</ele>
      </trkpt>
      <trkpt lat="45.82758899999998" lon="6.7416348">
        <ele>1543.8463636363633</ele>
      </trkpt>
      <trkpt lat="45.82757000000001" lon="6.741570000000002">
        <ele>1543.019090909091</ele>
      </trkpt>
      <trkpt lat="45.827499999999986" lon="6.74145">
        <ele>1541.7354545454546</ele>
      </trkpt>
      <trkpt lat="45.827425" lon="6.741394999999999">
        <ele>1539.7036363636364</ele>
      </trkpt>
      <trkpt lat="45.82735" lon="6.74134">
        <ele>1537.7636363636366</ele>
      </trkpt>
      <trkpt lat="45.827289800000024" lon="6.741265200000001">
        <ele>1535.721818181818</ele>
      </trkpt>
      <trkpt lat="45.827229999999986" lon="6.7411900000000005">
        <ele>1533.6327272727272</ele>
      </trkpt>
      <trkpt lat="45.8272" lon="6.74108">
        <ele>1531.4636363636366</ele>
      </trkpt>
      <trkpt lat="45.82711" lon="6.74101">
        <ele>1529.2545454545455</ele>
      </trkpt>
      <trkpt lat="45.82706999999999" lon="6.741020000000001">
        <ele>1526.84</ele>
      </trkpt>
      <trkpt lat="45.827049300000006" lon="6.741034900000001">
        <ele>1524.2409090909089</ele>
      </trkpt>
      <trkpt lat="45.826996" lon="6.7410735">
        <ele>1521.9481818181819</ele>
      </trkpt>
      <trkpt lat="45.82692100000001" lon="6.741127799999999">
        <ele>1519.942727272727</ele>
      </trkpt>
      <trkpt lat="45.826835" lon="6.7411901">
        <ele>1518.3272727272727</ele>
      </trkpt>
      <trkpt lat="45.826749099999994" lon="6.741252299999999">
        <ele>1517.2072727272725</ele>
      </trkpt>
      <trkpt lat="45.826674000000004" lon="6.741306599999999">
        <ele>1515.6963636363637</ele>
      </trkpt>
      <trkpt lat="45.82662070000001" lon="6.741345100000001">
        <ele>1514.3609090909088</ele>
      </trkpt>
      <trkpt lat="45.82659999999999" lon="6.74136">
        <ele>1512.8</ele>
      </trkpt>
      <trkpt lat="45.8265604" lon="6.741374499999999">
        <ele>1511.0154545454543</ele>
      </trkpt>
      <trkpt lat="45.82647500000003" lon="6.741405299999999">
        <ele>1509.1336363636362</ele>
      </trkpt>
      <trkpt lat="45.82638969999998" lon="6.741435999999999">
        <ele>1507.3854545454544</ele>
      </trkpt>
      <trkpt lat="45.82634999999999" lon="6.74145">
        <ele>1505.7281818181816</ele>
      </trkpt>
      <trkpt lat="45.82629250000001" lon="6.7414424">
        <ele>1503.9663636363637</ele>
      </trkpt>
      <trkpt lat="45.8261875" lon="6.741427999999999">
        <ele>1502.0763636363636</ele>
      </trkpt>
      <trkpt lat="45.82613000000001" lon="6.741420000000001">
        <ele>1500.2218181818184</ele>
      </trkpt>
      <trkpt lat="45.8260599" lon="6.7414003">
        <ele>1498.5381818181816</ele>
      </trkpt>
      <trkpt lat="45.82599000000002" lon="6.741380000000001">
        <ele>1497.0918181818183</ele>
      </trkpt>
      <trkpt lat="45.82597390000001" lon="6.741368">
        <ele>1495.361818181818</ele>
      </trkpt>
      <trkpt lat="45.825931200000014" lon="6.741336000000001">
        <ele>1493.692727272727</ele>
      </trkpt>
      <trkpt lat="45.825868499999984" lon="6.741289000000001">
        <ele>1492.0481818181818</ele>
      </trkpt>
      <trkpt lat="45.825792599999986" lon="6.7412321">
        <ele>1490.2554545454548</ele>
      </trkpt>
      <trkpt lat="45.825709899999985" lon="6.7411701">
        <ele>1488.5536363636363</ele>
      </trkpt>
      <trkpt lat="45.8256273" lon="6.7411082">
        <ele>1486.89</ele>
      </trkpt>
      <trkpt lat="45.82555140000001" lon="6.741051199999999">
        <ele>1485.4145454545453</ele>
      </trkpt>
      <trkpt lat="45.82548869999998" lon="6.7410042">
        <ele>1483.960909090909</ele>
      </trkpt>
      <trkpt lat="45.825445999999985" lon="6.7409721">
        <ele>1482.38</ele>
      </trkpt>
      <trkpt lat="45.82542999999997" lon="6.740960000000001">
        <ele>1480.5663636363638</ele>
      </trkpt>
      <trkpt lat="45.825440000000036" lon="6.7408600000000005">
        <ele>1478.4490909090912</ele>
      </trkpt>
      <trkpt lat="45.82549069999996" lon="6.740805099999999">
        <ele>1476.378181818182</ele>
      </trkpt>
      <trkpt lat="45.82554" lon="6.740750000000002">
        <ele>1474.459090909091</ele>
      </trkpt>
      <trkpt lat="45.82547049999999" lon="6.740719099999999">
        <ele>1473.0218181818184</ele>
      </trkpt>
      <trkpt lat="45.8254" lon="6.74069">
        <ele>1471.7945454545456</ele>
      </trkpt>
      <trkpt lat="45.82529" lon="6.740719999999999">
        <ele>1470.4854545454546</ele>
      </trkpt>
      <trkpt lat="45.82524000000001" lon="6.740800000000001">
        <ele>1469.4054545454544</ele>
      </trkpt>
      <trkpt lat="45.82520999999999" lon="6.74092">
        <ele>1468.009090909091</ele>
      </trkpt>
      <trkpt lat="45.8252177" lon="6.7409985">
        <ele>1466.5627272727272</ele>
      </trkpt>
      <trkpt lat="45.825232" lon="6.7411416">
        <ele>1465.2709090909088</ele>
      </trkpt>
      <trkpt lat="45.82524000000001" lon="6.741219999999999">
        <ele>1464.2154545454543</ele>
      </trkpt>
      <trkpt lat="45.82524660000002" lon="6.741252499999999">
        <ele>1463.5636363636363</ele>
      </trkpt>
      <trkpt lat="45.82526360000001" lon="6.741336400000001">
        <ele>1463.0236363636361</ele>
      </trkpt>
      <trkpt lat="45.8252876" lon="6.7414546">
        <ele>1462.5572727272727</ele>
      </trkpt>
      <trkpt lat="45.825314999999975" lon="6.7415899999999995">
        <ele>1462.0290909090909</ele>
      </trkpt>
      <trkpt lat="45.82534249999999" lon="6.741725300000001">
        <ele>1461.4709090909091</ele>
      </trkpt>
      <trkpt lat="45.825366400000014" lon="6.7418436">
        <ele>1461.01</ele>
      </trkpt>
      <trkpt lat="45.82538339999998" lon="6.7419275">
        <ele>1460.4372727272728</ele>
      </trkpt>
      <trkpt lat="45.82539000000001" lon="6.74196">
        <ele>1460.0509090909093</ele>
      </trkpt>
      <trkpt lat="45.82539539999998" lon="6.742038399999999">
        <ele>1459.6963636363637</ele>
      </trkpt>
      <trkpt lat="45.825404999999996" lon="6.742181499999999">
        <ele>1459.398181818182</ele>
      </trkpt>
      <trkpt lat="45.82541000000002" lon="6.74226">
        <ele>1459.2945454545459</ele>
      </trkpt>
      <trkpt lat="45.8254048" lon="6.742302300000001">
        <ele>1459.257272727273</ele>
      </trkpt>
      <trkpt lat="45.8253919" lon="6.7424059">
        <ele>1459.1627272727276</ele>
      </trkpt>
      <trkpt lat="45.8253752" lon="6.7425401">
        <ele>1459.2163636363637</ele>
      </trkpt>
      <trkpt lat="45.82535850000001" lon="6.742674199999999">
        <ele>1458.909090909091</ele>
      </trkpt>
      <trkpt lat="45.8253454" lon="6.742777799999999">
        <ele>1458.6427272727274</ele>
      </trkpt>
      <trkpt lat="45.82534" lon="6.742819999999998">
        <ele>1458.0809090909092</ele>
      </trkpt>
      <trkpt lat="45.82532950000002" lon="6.742846700000001">
        <ele>1457.1409090909092</ele>
      </trkpt>
      <trkpt lat="45.825302" lon="6.742916700000001">
        <ele>1455.9781818181818</ele>
      </trkpt>
      <trkpt lat="45.82526209999999" lon="6.743017699999999">
        <ele>1454.6809090909092</ele>
      </trkpt>
      <trkpt lat="45.82521490000001" lon="6.7431372">
        <ele>1453.4063636363635</ele>
      </trkpt>
      <trkpt lat="45.82516530000001" lon="6.743263">
        <ele>1451.5936363636365</ele>
      </trkpt>
      <trkpt lat="45.825118100000005" lon="6.7433825">
        <ele>1449.4363636363635</ele>
      </trkpt>
      <trkpt lat="45.8250782" lon="6.7434834">
        <ele>1447.34</ele>
      </trkpt>
      <trkpt lat="45.82505059999998" lon="6.743553399999999">
        <ele>1444.9245454545453</ele>
      </trkpt>
      <trkpt lat="45.82504" lon="6.743580000000001">
        <ele>1442.700909090909</ele>
      </trkpt>
      <trkpt lat="45.82500099999998" lon="6.7436481">
        <ele>1440.3536363636365</ele>
      </trkpt>
      <trkpt lat="45.824929299999994" lon="6.743772300000001">
        <ele>1438.1527272727271</ele>
      </trkpt>
      <trkpt lat="45.824890000000025" lon="6.743839999999999">
        <ele>1436.197272727273</ele>
      </trkpt>
      <trkpt lat="45.824810000000014" lon="6.74387">
        <ele>1434.447272727273</ele>
      </trkpt>
      <trkpt lat="45.82477720000001" lon="6.7438564">
        <ele>1432.8018181818184</ele>
      </trkpt>
      <trkpt lat="45.82470059999999" lon="6.743824300000001">
        <ele>1430.9545454545457</ele>
      </trkpt>
      <trkpt lat="45.82460939999997" lon="6.743786100000002">
        <ele>1429.4954545454545</ele>
      </trkpt>
      <trkpt lat="45.824532799999986" lon="6.743753900000001">
        <ele>1428.348181818182</ele>
      </trkpt>
      <trkpt lat="45.82450000000001" lon="6.743740000000001">
        <ele>1426.9436363636364</ele>
      </trkpt>
      <trkpt lat="45.82442489999999" lon="6.7436752">
        <ele>1425.3918181818183</ele>
      </trkpt>
      <trkpt lat="45.82435" lon="6.743609999999999">
        <ele>1423.6472727272728</ele>
      </trkpt>
      <trkpt lat="45.82435" lon="6.743600000000001">
        <ele>1421.8163636363636</ele>
      </trkpt>
      <trkpt lat="45.824329999999996" lon="6.743589999999999">
        <ele>1419.9690909090912</ele>
      </trkpt>
      <trkpt lat="45.824289799999995" lon="6.743480099999999">
        <ele>1417.959090909091</ele>
      </trkpt>
      <trkpt lat="45.82425000000001" lon="6.74337">
        <ele>1415.9554545454548</ele>
      </trkpt>
      <trkpt lat="45.824240000000025" lon="6.743255">
        <ele>1413.8627272727274</ele>
      </trkpt>
      <trkpt lat="45.82423000000001" lon="6.74314">
        <ele>1411.769090909091</ele>
      </trkpt>
      <trkpt lat="45.82419519999999" lon="6.743039900000001">
        <ele>1409.4881818181818</ele>
      </trkpt>
      <trkpt lat="45.82416000000001" lon="6.742940000000001">
        <ele>1406.8663636363638</ele>
      </trkpt>
      <trkpt lat="45.82414810000001" lon="6.7429168">
        <ele>1404.459090909091</ele>
      </trkpt>
      <trkpt lat="45.824116699999976" lon="6.742856">
        <ele>1402.2681818181818</ele>
      </trkpt>
      <trkpt lat="45.824071599999975" lon="6.742768399999999">
        <ele>1400.2809090909093</ele>
      </trkpt>
      <trkpt lat="45.82401809999998" lon="6.7426646">
        <ele>1398.4481818181819</ele>
      </trkpt>
      <trkpt lat="45.82396180000002" lon="6.742555499999999">
        <ele>1396.7581818181823</ele>
      </trkpt>
      <trkpt lat="45.8239084" lon="6.742451700000001">
        <ele>1395.038181818182</ele>
      </trkpt>
      <trkpt lat="45.823863200000005" lon="6.742364">
        <ele>1393.1272727272726</ele>
      </trkpt>
      <trkpt lat="45.823831900000016" lon="6.7423032">
        <ele>1391.3245454545452</ele>
      </trkpt>
      <trkpt lat="45.82382000000001" lon="6.742279999999999">
        <ele>1389.8309090909088</ele>
      </trkpt>
      <trkpt lat="45.823800900000016" lon="6.742215200000001">
        <ele>1388.3545454545454</ele>
      </trkpt>
      <trkpt lat="45.823759900000006" lon="6.7420751">
        <ele>1387.1263636363635</ele>
      </trkpt>
      <trkpt lat="45.823718999999976" lon="6.741934800000001">
        <ele>1385.8336363636363</ele>
      </trkpt>
      <trkpt lat="45.8237" lon="6.741869999999999">
        <ele>1384.659090909091</ele>
      </trkpt>
      <trkpt lat="45.82368420000001" lon="6.74183">
        <ele>1383.4145454545453</ele>
      </trkpt>
      <trkpt lat="45.8236453" lon="6.741732">
        <ele>1382.181818181818</ele>
      </trkpt>
      <trkpt lat="45.823594899999996" lon="6.741605">
        <ele>1380.8545454545454</ele>
      </trkpt>
      <trkpt lat="45.823544600000005" lon="6.741478">
        <ele>1379.5663636363633</ele>
      </trkpt>
      <trkpt lat="45.8235058" lon="6.741380000000001">
        <ele>1378.0354545454545</ele>
      </trkpt>
      <trkpt lat="45.82349000000001" lon="6.74134">
        <ele>1376.2363636363636</ele>
      </trkpt>
      <trkpt lat="45.8234832" lon="6.7413038">
        <ele>1374.1254545454544</ele>
      </trkpt>
      <trkpt lat="45.82346599999999" lon="6.7412124">
        <ele>1372.0636363636365</ele>
      </trkpt>
      <trkpt lat="45.82344269999998" lon="6.7410878">
        <ele>1370.06</ele>
      </trkpt>
      <trkpt lat="45.82341730000002" lon="6.740952199999999">
        <ele>1368.1181818181822</ele>
      </trkpt>
      <trkpt lat="45.82339400000001" lon="6.7408276">
        <ele>1366.0390909090909</ele>
      </trkpt>
      <trkpt lat="45.8233769" lon="6.7407362">
        <ele>1363.8463636363638</ele>
      </trkpt>
      <trkpt lat="45.82337000000002" lon="6.7407">
        <ele>1361.5236363636368</ele>
      </trkpt>
      <trkpt lat="45.823356200000006" lon="6.7406658">
        <ele>1359.1554545454546</ele>
      </trkpt>
      <trkpt lat="45.823321299999996" lon="6.740579300000001">
        <ele>1356.9536363636364</ele>
      </trkpt>
      <trkpt lat="45.82327359999998" lon="6.740461599999999">
        <ele>1355.1409090909092</ele>
      </trkpt>
      <trkpt lat="45.823221600000004" lon="6.7403333">
        <ele>1353.51</ele>
      </trkpt>
      <trkpt lat="45.82317389999998" lon="6.7402156">
        <ele>1351.9427272727273</ele>
      </trkpt>
      <trkpt lat="45.8231389" lon="6.7401292">
        <ele>1350.3400000000001</ele>
      </trkpt>
      <trkpt lat="45.82312500000002" lon="6.740095000000001">
        <ele>1348.5372727272727</ele>
      </trkpt>
      <trkpt lat="45.823111100000006" lon="6.7400608">
        <ele>1346.739090909091</ele>
      </trkpt>
      <trkpt lat="45.82307610000002" lon="6.7399744">
        <ele>1345.0127272727273</ele>
      </trkpt>
      <trkpt lat="45.823028300000004" lon="6.739856699999999">
        <ele>1343.4290909090907</ele>
      </trkpt>
      <trkpt lat="45.82297630000001" lon="6.739728500000001">
        <ele>1341.7963636363636</ele>
      </trkpt>
      <trkpt lat="45.82292860000001" lon="6.7396107">
        <ele>1340.2463636363636</ele>
      </trkpt>
      <trkpt lat="45.8228937" lon="6.739524300000002">
        <ele>1338.7709090909093</ele>
      </trkpt>
      <trkpt lat="45.82287999999999" lon="6.739489999999999">
        <ele>1337.2545454545455</ele>
      </trkpt>
      <trkpt lat="45.8229005" lon="6.739421999999999">
        <ele>1335.7809090909093</ele>
      </trkpt>
      <trkpt lat="45.82293909999999" lon="6.7392981">
        <ele>1334.2918181818184</ele>
      </trkpt>
      <trkpt lat="45.82296" lon="6.739230000000001">
        <ele>1332.7700000000002</ele>
      </trkpt>
      <trkpt lat="45.82295880000002" lon="6.739197000000001">
        <ele>1331.432727272727</ele>
      </trkpt>
      <trkpt lat="45.82295540000002" lon="6.739112">
        <ele>1330.120909090909</ele>
      </trkpt>
      <trkpt lat="45.82295060000002" lon="6.738992199999999">
        <ele>1328.852727272727</ele>
      </trkpt>
      <trkpt lat="45.82294510000001" lon="6.738855000000001">
        <ele>1327.6672727272726</ele>
      </trkpt>
      <trkpt lat="45.82293959999998" lon="6.7387178">
        <ele>1326.6172727272726</ele>
      </trkpt>
      <trkpt lat="45.82293479999998" lon="6.738597999999998">
        <ele>1325.7018181818182</ele>
      </trkpt>
      <trkpt lat="45.8229314" lon="6.738512999999999">
        <ele>1324.4954545454545</ele>
      </trkpt>
      <trkpt lat="45.822929999999985" lon="6.738479999999999">
        <ele>1323.3127272727272</ele>
      </trkpt>
      <trkpt lat="45.822925500000004" lon="6.7384438">
        <ele>1321.9263636363637</ele>
      </trkpt>
      <trkpt lat="45.822914" lon="6.7383523">
        <ele>1320.697272727273</ele>
      </trkpt>
      <trkpt lat="45.82289839999997" lon="6.7382278">
        <ele>1319.5454545454545</ele>
      </trkpt>
      <trkpt lat="45.82288140000001" lon="6.7380922">
        <ele>1318.1945454545457</ele>
      </trkpt>
      <trkpt lat="45.82286579999999" lon="6.737967600000001">
        <ele>1316.6054545454547</ele>
      </trkpt>
      <trkpt lat="45.822854399999976" lon="6.737876199999999">
        <ele>1314.6136363636363</ele>
      </trkpt>
      <trkpt lat="45.822850000000024" lon="6.737840000000001">
        <ele>1312.3381818181817</ele>
      </trkpt>
      <trkpt lat="45.82285260000002" lon="6.737808299999999">
        <ele>1309.998181818182</ele>
      </trkpt>
      <trkpt lat="45.8228593" lon="6.737726699999999">
        <ele>1307.5609090909093</ele>
      </trkpt>
      <trkpt lat="45.822868899999996" lon="6.737611700000001">
        <ele>1305.298181818182</ele>
      </trkpt>
      <trkpt lat="45.82287989999999" lon="6.737480000000001">
        <ele>1303.0318181818184</ele>
      </trkpt>
      <trkpt lat="45.82289090000001" lon="6.7373483">
        <ele>1300.8772727272726</ele>
      </trkpt>
      <trkpt lat="45.8229005" lon="6.7372333">
        <ele>1298.5018181818182</ele>
      </trkpt>
      <trkpt lat="45.822907399999984" lon="6.737151699999999">
        <ele>1295.980909090909</ele>
      </trkpt>
      <trkpt lat="45.82291000000001" lon="6.737119999999999">
        <ele>1293.59</ele>
      </trkpt>
      <trkpt lat="45.82291219999998" lon="6.737070299999999">
        <ele>1291.2427272727273</ele>
      </trkpt>
      <trkpt lat="45.82291709999998" lon="6.7369542">
        <ele>1289.2681818181818</ele>
      </trkpt>
      <trkpt lat="45.822923" lon="6.736815899999999">
        <ele>1287.3045454545454</ele>
      </trkpt>
      <trkpt lat="45.8229279" lon="6.7366997">
        <ele>1285.3036363636363</ele>
      </trkpt>
      <trkpt lat="45.822929999999985" lon="6.736650000000001">
        <ele>1283.1163636363638</ele>
      </trkpt>
      <trkpt lat="45.82291000000001" lon="6.73653">
        <ele>1280.9763636363637</ele>
      </trkpt>
      <trkpt lat="45.82286999999997" lon="6.736420000000001">
        <ele>1278.7418181818182</ele>
      </trkpt>
      <trkpt lat="45.82287999999999" lon="6.73632">
        <ele>1276.6663636363637</ele>
      </trkpt>
      <trkpt lat="45.822919999999996" lon="6.736220000000001">
        <ele>1274.719090909091</ele>
      </trkpt>
      <trkpt lat="45.82296" lon="6.73612">
        <ele>1272.9554545454546</ele>
      </trkpt>
      <trkpt lat="45.8229728" lon="6.7360646">
        <ele>1271.1636363636362</ele>
      </trkpt>
      <trkpt lat="45.8230002" lon="6.7359451">
        <ele>1269.5800000000002</ele>
      </trkpt>
      <trkpt lat="45.8230275" lon="6.735825500000001">
        <ele>1267.9818181818182</ele>
      </trkpt>
      <trkpt lat="45.823039999999956" lon="6.735769999999999">
        <ele>1266.528181818182</ele>
      </trkpt>
      <trkpt lat="45.82304010000001" lon="6.735688999999999">
        <ele>1265.2427272727275</ele>
      </trkpt>
      <trkpt lat="45.823039999999956" lon="6.735541">
        <ele>1264.1363636363637</ele>
      </trkpt>
      <trkpt lat="45.823039999999956" lon="6.73546">
        <ele>1263.0836363636363</ele>
      </trkpt>
      <trkpt lat="45.8230452" lon="6.735379">
        <ele>1262.1309090909092</ele>
      </trkpt>
      <trkpt lat="45.8230547" lon="6.735230999999999">
        <ele>1261.219090909091</ele>
      </trkpt>
      <trkpt lat="45.82306000000001" lon="6.735149999999999">
        <ele>1260.48</ele>
      </trkpt>
      <trkpt lat="45.82308000000002" lon="6.73505">
        <ele>1259.8318181818183</ele>
      </trkpt>
      <trkpt lat="45.823050400000014" lon="6.734964700000001">
        <ele>1259.1163636363638</ele>
      </trkpt>
      <trkpt lat="45.823019999999985" lon="6.7348799999999995">
        <ele>1258.2818181818182</ele>
      </trkpt>
      <trkpt lat="45.82294510000001" lon="6.734819800000001">
        <ele>1257.4372727272728</ele>
      </trkpt>
      <trkpt lat="45.82286999999997" lon="6.734759999999999">
        <ele>1256.6145454545456</ele>
      </trkpt>
      <trkpt lat="45.822839999999985" lon="6.73471">
        <ele>1255.6999999999998</ele>
      </trkpt>
      <trkpt lat="45.82283000000002" lon="6.734550000000001">
        <ele>1254.8018181818181</ele>
      </trkpt>
      <trkpt lat="45.822859999999984" lon="6.734430000000001">
        <ele>1253.91</ele>
      </trkpt>
      <trkpt lat="45.82283000000002" lon="6.73435">
        <ele>1252.8627272727272</ele>
      </trkpt>
      <trkpt lat="45.82281489999999" lon="6.73424">
        <ele>1251.6227272727274</ele>
      </trkpt>
      <trkpt lat="45.8228" lon="6.7341299999999995">
        <ele>1250.1127272727274</ele>
      </trkpt>
      <trkpt lat="45.822797400000034" lon="6.734102500000001">
        <ele>1248.4172727272728</ele>
      </trkpt>
      <trkpt lat="45.8227906" lon="6.734029300000001">
        <ele>1246.7372727272727</ele>
      </trkpt>
      <trkpt lat="45.822780499999986" lon="6.733921900000001">
        <ele>1245.0872727272729</ele>
      </trkpt>
      <trkpt lat="45.822768399999994" lon="6.733791600000001">
        <ele>1243.43</ele>
      </trkpt>
      <trkpt lat="45.82275509999997" lon="6.73365">
        <ele>1241.879090909091</ele>
      </trkpt>
      <trkpt lat="45.822741899999976" lon="6.7335083000000004">
        <ele>1240.42</ele>
      </trkpt>
      <trkpt lat="45.82272970000001" lon="6.7333781">
        <ele>1238.9054545454546</ele>
      </trkpt>
      <trkpt lat="45.8227196" lon="6.733270599999999">
        <ele>1237.3500000000001</ele>
      </trkpt>
      <trkpt lat="45.82271270000002" lon="6.733197499999999">
        <ele>1235.8481818181817</ele>
      </trkpt>
      <trkpt lat="45.82271" lon="6.73317">
        <ele>1234.3936363636362</ele>
      </trkpt>
      <trkpt lat="45.822589999999984" lon="6.73315">
        <ele>1233.021818181818</ele>
      </trkpt>
      <trkpt lat="45.82256000000002" lon="6.733050000000001">
        <ele>1231.7645454545452</ele>
      </trkpt>
      <trkpt lat="45.82255210000001" lon="6.732981999999999">
        <ele>1230.5781818181815</ele>
      </trkpt>
      <trkpt lat="45.82253500000002" lon="6.732835000000001">
        <ele>1229.4718181818182</ele>
      </trkpt>
      <trkpt lat="45.82251790000001" lon="6.732687999999999">
        <ele>1228.340909090909</ele>
      </trkpt>
      <trkpt lat="45.82251" lon="6.732619999999999">
        <ele>1227.0481818181818</ele>
      </trkpt>
      <trkpt lat="45.822506100000005" lon="6.732590199999999">
        <ele>1225.7109090909091</ele>
      </trkpt>
      <trkpt lat="45.822495999999994" lon="6.7325119">
        <ele>1224.3854545454546</ele>
      </trkpt>
      <trkpt lat="45.82248140000001" lon="6.732399">
        <ele>1223.048181818182</ele>
      </trkpt>
      <trkpt lat="45.8224641" lon="6.7322653">
        <ele>1221.8136363636365</ele>
      </trkpt>
      <trkpt lat="45.822445899999956" lon="6.7321247">
        <ele>1220.6763636363637</ele>
      </trkpt>
      <trkpt lat="45.82242859999997" lon="6.731991">
        <ele>1219.5709090909088</ele>
      </trkpt>
      <trkpt lat="45.822414" lon="6.731878100000001">
        <ele>1218.323636363636</ele>
      </trkpt>
      <trkpt lat="45.82240389999999" lon="6.731799799999999">
        <ele>1217.1163636363638</ele>
      </trkpt>
      <trkpt lat="45.82240000000002" lon="6.731769999999999">
        <ele>1215.950909090909</ele>
      </trkpt>
      <trkpt lat="45.822380000000024" lon="6.7317100000000005">
        <ele>1214.8581818181817</ele>
      </trkpt>
      <trkpt lat="45.82233559999998" lon="6.7316602">
        <ele>1213.8063636363636</ele>
      </trkpt>
      <trkpt lat="45.82225449999999" lon="6.7315696">
        <ele>1212.7627272727275</ele>
      </trkpt>
      <trkpt lat="45.822209999999984" lon="6.731520000000001">
        <ele>1211.7554545454548</ele>
      </trkpt>
      <trkpt lat="45.822154999999995" lon="6.731475099999999">
        <ele>1210.6636363636364</ele>
      </trkpt>
      <trkpt lat="45.822100000000006" lon="6.731429999999998">
        <ele>1209.498181818182</ele>
      </trkpt>
      <trkpt lat="45.82204989999999" lon="6.7313452">
        <ele>1208.328181818182</ele>
      </trkpt>
      <trkpt lat="45.821999999999996" lon="6.73126">
        <ele>1207.0363636363638</ele>
      </trkpt>
      <trkpt lat="45.821968599999984" lon="6.731189500000001">
        <ele>1205.7490909090911</ele>
      </trkpt>
      <trkpt lat="45.82191129999999" lon="6.731060600000001">
        <ele>1204.457272727273</ele>
      </trkpt>
      <trkpt lat="45.82188" lon="6.730989999999999">
        <ele>1203.1136363636363</ele>
      </trkpt>
      <trkpt lat="45.82186089999998" lon="6.730937700000001">
        <ele>1201.7363636363634</ele>
      </trkpt>
      <trkpt lat="45.821819899999994" lon="6.7308251">
        <ele>1200.390909090909</ele>
      </trkpt>
      <trkpt lat="45.821778999999985" lon="6.7307123">
        <ele>1199.1027272727272</ele>
      </trkpt>
      <trkpt lat="45.82175999999999" lon="6.730659999999999">
        <ele>1197.8181818181818</ele>
      </trkpt>
      <trkpt lat="45.82175" lon="6.7305600000000005">
        <ele>1196.6454545454544</ele>
      </trkpt>
      <trkpt lat="45.82177969999999" lon="6.7304798">
        <ele>1195.441818181818</ele>
      </trkpt>
      <trkpt lat="45.821810000000006" lon="6.7304">
        <ele>1194.2518181818182</ele>
      </trkpt>
      <trkpt lat="45.82187519999998" lon="6.7303052">
        <ele>1193.1936363636362</ele>
      </trkpt>
      <trkpt lat="45.821939999999984" lon="6.7302100000000005">
        <ele>1192.2009090909091</ele>
      </trkpt>
      <trkpt lat="45.82193509999999" lon="6.730129000000001">
        <ele>1191.1536363636365</ele>
      </trkpt>
      <trkpt lat="45.8219253" lon="6.7299811">
        <ele>1190.1372727272726</ele>
      </trkpt>
      <trkpt lat="45.821920000000006" lon="6.729900000000001">
        <ele>1189.0981818181817</ele>
      </trkpt>
      <trkpt lat="45.82192470000001" lon="6.7298382000000005">
        <ele>1188.11</ele>
      </trkpt>
      <trkpt lat="45.82193499999999" lon="6.729704999999999">
        <ele>1187.1654545454546</ele>
      </trkpt>
      <trkpt lat="45.8219453" lon="6.7295718">
        <ele>1186.2436363636361</ele>
      </trkpt>
      <trkpt lat="45.82195000000002" lon="6.729510000000001">
        <ele>1185.3490909090908</ele>
      </trkpt>
      <trkpt lat="45.821939999999984" lon="6.72938">
        <ele>1184.5727272727272</ele>
      </trkpt>
      <trkpt lat="45.821839999999995" lon="6.729369999999999">
        <ele>1183.8645454545456</ele>
      </trkpt>
      <trkpt lat="45.821775000000024" lon="6.729370099999999">
        <ele>1183.188181818182</ele>
      </trkpt>
      <trkpt lat="45.821709999999996" lon="6.729369999999999">
        <ele>1182.5563636363636</ele>
      </trkpt>
      <trkpt lat="45.821630000000006" lon="6.729320000000001">
        <ele>1181.921818181818</ele>
      </trkpt>
      <trkpt lat="45.82159999999999" lon="6.72927">
        <ele>1181.2172727272728</ele>
      </trkpt>
      <trkpt lat="45.821549999999995" lon="6.729320000000001">
        <ele>1180.46</ele>
      </trkpt>
      <trkpt lat="45.82154090000002" lon="6.729285000000001">
        <ele>1179.6163636363635</ele>
      </trkpt>
      <trkpt lat="45.821518" lon="6.7291964">
        <ele>1178.7981818181818</ele>
      </trkpt>
      <trkpt lat="45.8214868" lon="6.729075800000001">
        <ele>1177.899090909091</ele>
      </trkpt>
      <trkpt lat="45.8214529" lon="6.7289444000000005">
        <ele>1176.8718181818183</ele>
      </trkpt>
      <trkpt lat="45.8214218" lon="6.7288236999999995">
        <ele>1175.8236363636365</ele>
      </trkpt>
      <trkpt lat="45.821398999999985" lon="6.728735100000001">
        <ele>1174.6627272727274</ele>
      </trkpt>
      <trkpt lat="45.82139" lon="6.7287">
        <ele>1173.5354545454547</ele>
      </trkpt>
      <trkpt lat="45.82137430000001" lon="6.7286112">
        <ele>1172.4263636363637</ele>
      </trkpt>
      <trkpt lat="45.82134559999999" lon="6.728448800000001">
        <ele>1171.3254545454547</ele>
      </trkpt>
      <trkpt lat="45.82132999999999" lon="6.728360000000001">
        <ele>1170.24</ele>
      </trkpt>
      <trkpt lat="45.82132" lon="6.728259999999999">
        <ele>1169.1736363636364</ele>
      </trkpt>
      <trkpt lat="45.821313400000015" lon="6.728227899999999">
        <ele>1168.0745454545454</ele>
      </trkpt>
      <trkpt lat="45.8212963" lon="6.7281451">
        <ele>1166.8836363636362</ele>
      </trkpt>
      <trkpt lat="45.82127230000001" lon="6.728028499999999">
        <ele>1165.750909090909</ele>
      </trkpt>
      <trkpt lat="45.82124479999999" lon="6.727895000000001">
        <ele>1164.7972727272727</ele>
      </trkpt>
      <trkpt lat="45.821217399999995" lon="6.727761499999999">
        <ele>1163.8718181818183</ele>
      </trkpt>
      <trkpt lat="45.8211934" lon="6.7276449000000005">
        <ele>1162.9799999999998</ele>
      </trkpt>
      <trkpt lat="45.82117650000001" lon="6.727562099999999">
        <ele>1162.0836363636363</ele>
      </trkpt>
      <trkpt lat="45.821169999999995" lon="6.72753">
        <ele>1161.2463636363636</ele>
      </trkpt>
      <trkpt lat="45.82122449999999" lon="6.7274648">
        <ele>1160.708</ele>
      </trkpt>
      <trkpt lat="45.821279999999994" lon="6.727399999999999">
        <ele>1160.2155555555555</ele>
      </trkpt>
      <trkpt lat="45.821279999999994" lon="6.72729">
        <ele>1159.8075</ele>
      </trkpt>
      <trkpt lat="45.8212147" lon="6.7273289">
        <ele>1159.53</ele>
      </trkpt>
      <trkpt lat="45.82114999999999" lon="6.72737">
        <ele>1159.3283333333331</ele>
      </trkpt>
    </trkseg>
  </trk>
</gpx>
